{
"type": "FeatureCollection",
"name": "ObamaCenter-2",
"crs": { "type": "name", "properties": { "name": "urn:ogc:def:crs:OGC:1.3:CRS84" } },
"features": [
{ "type": "Feature", "properties": { "row": 1, "col": 1, "mostly_overlap": false, "overlap_ratio": 0.1919, "Type": "Land" }, "geometry": { "type": "Polygon", "coordinates": [ [ [ -87.586465634654814, 41.781515036128845 ], [ -87.586302567555393, 41.781515036128845 ], [ -87.586302567555393, 41.781786814627893 ], [ -87.586465634654814, 41.781786814627893 ], [ -87.586465634654814, 41.781515036128845 ] ] ] } },
{ "type": "Feature", "properties": { "row": 1, "col": 2, "mostly_overlap": true, "overlap_ratio": 0.9996, "Type": "Land" }, "geometry": { "type": "Polygon", "coordinates": [ [ [ -87.586302567555393, 41.781515036128845 ], [ -87.586139500455957, 41.781515036128845 ], [ -87.586139500455957, 41.781786814627893 ], [ -87.586302567555393, 41.781786814627893 ], [ -87.586302567555393, 41.781515036128845 ] ] ] } },
{ "type": "Feature", "properties": { "row": 1, "col": 3, "mostly_overlap": true, "overlap_ratio": 0.999, "Type": "Land" }, "geometry": { "type": "Polygon", "coordinates": [ [ [ -87.586139500455957, 41.781515036128845 ], [ -87.585976433356535, 41.781515036128845 ], [ -87.585976433356535, 41.781786814627893 ], [ -87.586139500455957, 41.781786814627893 ], [ -87.586139500455957, 41.781515036128845 ] ] ] } },
{ "type": "Feature", "properties": { "row": 1, "col": 4, "mostly_overlap": true, "overlap_ratio": 0.9984, "Type": "Land" }, "geometry": { "type": "Polygon", "coordinates": [ [ [ -87.585976433356535, 41.781515036128845 ], [ -87.585813366257099, 41.781515036128845 ], [ -87.585813366257099, 41.781786814627893 ], [ -87.585976433356535, 41.781786814627893 ], [ -87.585976433356535, 41.781515036128845 ] ] ] } },
{ "type": "Feature", "properties": { "row": 1, "col": 5, "mostly_overlap": true, "overlap_ratio": 0.9978, "Type": "Land" }, "geometry": { "type": "Polygon", "coordinates": [ [ [ -87.585813366257099, 41.781515036128845 ], [ -87.585650299157678, 41.781515036128845 ], [ -87.585650299157678, 41.781786814627893 ], [ -87.585813366257099, 41.781786814627893 ], [ -87.585813366257099, 41.781515036128845 ] ] ] } },
{ "type": "Feature", "properties": { "row": 1, "col": 6, "mostly_overlap": true, "overlap_ratio": 0.9972, "Type": "Land" }, "geometry": { "type": "Polygon", "coordinates": [ [ [ -87.585650299157678, 41.781515036128845 ], [ -87.585487232058242, 41.781515036128845 ], [ -87.585487232058242, 41.781786814627893 ], [ -87.585650299157678, 41.781786814627893 ], [ -87.585650299157678, 41.781515036128845 ] ] ] } },
{ "type": "Feature", "properties": { "row": 1, "col": 7, "mostly_overlap": true, "overlap_ratio": 0.9967, "Type": "Land" }, "geometry": { "type": "Polygon", "coordinates": [ [ [ -87.585487232058242, 41.781515036128845 ], [ -87.58532416495882, 41.781515036128845 ], [ -87.58532416495882, 41.781786814627893 ], [ -87.585487232058242, 41.781786814627893 ], [ -87.585487232058242, 41.781515036128845 ] ] ] } },
{ "type": "Feature", "properties": { "row": 1, "col": 8, "mostly_overlap": true, "overlap_ratio": 0.9961, "Type": "Land" }, "geometry": { "type": "Polygon", "coordinates": [ [ [ -87.58532416495882, 41.781515036128845 ], [ -87.585161097859384, 41.781515036128845 ], [ -87.585161097859384, 41.781786814627893 ], [ -87.58532416495882, 41.781786814627893 ], [ -87.58532416495882, 41.781515036128845 ] ] ] } },
{ "type": "Feature", "properties": { "row": 1, "col": 9, "mostly_overlap": true, "overlap_ratio": 0.9955, "Type": "Land" }, "geometry": { "type": "Polygon", "coordinates": [ [ [ -87.585161097859384, 41.781515036128845 ], [ -87.584998030759962, 41.781515036128845 ], [ -87.584998030759962, 41.781786814627893 ], [ -87.585161097859384, 41.781786814627893 ], [ -87.585161097859384, 41.781515036128845 ] ] ] } },
{ "type": "Feature", "properties": { "row": 1, "col": 10, "mostly_overlap": true, "overlap_ratio": 0.9949, "Type": "Land" }, "geometry": { "type": "Polygon", "coordinates": [ [ [ -87.584998030759962, 41.781515036128845 ], [ -87.584834963660526, 41.781515036128845 ], [ -87.584834963660526, 41.781786814627893 ], [ -87.584998030759962, 41.781786814627893 ], [ -87.584998030759962, 41.781515036128845 ] ] ] } },
{ "type": "Feature", "properties": { "row": 1, "col": 11, "mostly_overlap": true, "overlap_ratio": 0.9943, "Type": "Land" }, "geometry": { "type": "Polygon", "coordinates": [ [ [ -87.584834963660526, 41.781515036128845 ], [ -87.584671896561105, 41.781515036128845 ], [ -87.584671896561105, 41.781786814627893 ], [ -87.584834963660526, 41.781786814627893 ], [ -87.584834963660526, 41.781515036128845 ] ] ] } },
{ "type": "Feature", "properties": { "row": 1, "col": 12, "mostly_overlap": true, "overlap_ratio": 0.9937, "Type": "Land" }, "geometry": { "type": "Polygon", "coordinates": [ [ [ -87.584671896561105, 41.781515036128845 ], [ -87.584508829461669, 41.781515036128845 ], [ -87.584508829461669, 41.781786814627893 ], [ -87.584671896561105, 41.781786814627893 ], [ -87.584671896561105, 41.781515036128845 ] ] ] } },
{ "type": "Feature", "properties": { "row": 1, "col": 13, "mostly_overlap": true, "overlap_ratio": 0.9931, "Type": "Land" }, "geometry": { "type": "Polygon", "coordinates": [ [ [ -87.584508829461669, 41.781515036128845 ], [ -87.584345762362247, 41.781515036128845 ], [ -87.584345762362247, 41.781786814627893 ], [ -87.584508829461669, 41.781786814627893 ], [ -87.584508829461669, 41.781515036128845 ] ] ] } },
{ "type": "Feature", "properties": { "row": 1, "col": 14, "mostly_overlap": true, "overlap_ratio": 0.9925, "Type": "Land" }, "geometry": { "type": "Polygon", "coordinates": [ [ [ -87.584345762362247, 41.781515036128845 ], [ -87.584182695262811, 41.781515036128845 ], [ -87.584182695262811, 41.781786814627893 ], [ -87.584345762362247, 41.781786814627893 ], [ -87.584345762362247, 41.781515036128845 ] ] ] } },
{ "type": "Feature", "properties": { "row": 1, "col": 15, "mostly_overlap": true, "overlap_ratio": 0.9919, "Type": "Land" }, "geometry": { "type": "Polygon", "coordinates": [ [ [ -87.584182695262811, 41.781515036128845 ], [ -87.584019628163389, 41.781515036128845 ], [ -87.584019628163389, 41.781786814627893 ], [ -87.584182695262811, 41.781786814627893 ], [ -87.584182695262811, 41.781515036128845 ] ] ] } },
{ "type": "Feature", "properties": { "row": 1, "col": 16, "mostly_overlap": true, "overlap_ratio": 0.9913, "Type": "Land" }, "geometry": { "type": "Polygon", "coordinates": [ [ [ -87.584019628163389, 41.781515036128845 ], [ -87.583856561063953, 41.781515036128845 ], [ -87.583856561063953, 41.781786814627893 ], [ -87.584019628163389, 41.781786814627893 ], [ -87.584019628163389, 41.781515036128845 ] ] ] } },
{ "type": "Feature", "properties": { "row": 1, "col": 17, "mostly_overlap": true, "overlap_ratio": 0.9908, "Type": "Land" }, "geometry": { "type": "Polygon", "coordinates": [ [ [ -87.583856561063953, 41.781515036128845 ], [ -87.583693493964532, 41.781515036128845 ], [ -87.583693493964532, 41.781786814627893 ], [ -87.583856561063953, 41.781786814627893 ], [ -87.583856561063953, 41.781515036128845 ] ] ] } },
{ "type": "Feature", "properties": { "row": 1, "col": 18, "mostly_overlap": true, "overlap_ratio": 0.9547, "Type": "Land" }, "geometry": { "type": "Polygon", "coordinates": [ [ [ -87.583693493964532, 41.781515036128845 ], [ -87.583530426865096, 41.781515036128845 ], [ -87.583530426865096, 41.781786814627893 ], [ -87.583693493964532, 41.781786814627893 ], [ -87.583693493964532, 41.781515036128845 ] ] ] } },
{ "type": "Feature", "properties": { "row": 1, "col": 19, "mostly_overlap": true, "overlap_ratio": 0.5249, "Type": "Land" }, "geometry": { "type": "Polygon", "coordinates": [ [ [ -87.583530426865096, 41.781515036128845 ], [ -87.583367359765674, 41.781515036128845 ], [ -87.583367359765674, 41.781786814627893 ], [ -87.583530426865096, 41.781786814627893 ], [ -87.583530426865096, 41.781515036128845 ] ] ] } },
{ "type": "Feature", "properties": { "row": 1, "col": 20, "mostly_overlap": true, "overlap_ratio": 0.512, "Type": "Land" }, "geometry": { "type": "Polygon", "coordinates": [ [ [ -87.583367359765674, 41.781515036128845 ], [ -87.583204292666238, 41.781515036128845 ], [ -87.583204292666238, 41.781786814627893 ], [ -87.583367359765674, 41.781786814627893 ], [ -87.583367359765674, 41.781515036128845 ] ] ] } },
{ "type": "Feature", "properties": { "row": 1, "col": 21, "mostly_overlap": true, "overlap_ratio": 0.6201, "Type": "Land" }, "geometry": { "type": "Polygon", "coordinates": [ [ [ -87.583204292666238, 41.781515036128845 ], [ -87.583041225566816, 41.781515036128845 ], [ -87.583041225566816, 41.781786814627893 ], [ -87.583204292666238, 41.781786814627893 ], [ -87.583204292666238, 41.781515036128845 ] ] ] } },
{ "type": "Feature", "properties": { "row": 1, "col": 22, "mostly_overlap": true, "overlap_ratio": 0.6448, "Type": "Land" }, "geometry": { "type": "Polygon", "coordinates": [ [ [ -87.583041225566816, 41.781515036128845 ], [ -87.582878158467381, 41.781515036128845 ], [ -87.582878158467381, 41.781786814627893 ], [ -87.583041225566816, 41.781786814627893 ], [ -87.583041225566816, 41.781515036128845 ] ] ] } },
{ "type": "Feature", "properties": { "row": 1, "col": 23, "mostly_overlap": true, "overlap_ratio": 0.7344, "Type": "Land" }, "geometry": { "type": "Polygon", "coordinates": [ [ [ -87.582878158467381, 41.781515036128845 ], [ -87.582715091367959, 41.781515036128845 ], [ -87.582715091367959, 41.781786814627893 ], [ -87.582878158467381, 41.781786814627893 ], [ -87.582878158467381, 41.781515036128845 ] ] ] } },
{ "type": "Feature", "properties": { "row": 1, "col": 24, "mostly_overlap": true, "overlap_ratio": 0.9049, "Type": "Land" }, "geometry": { "type": "Polygon", "coordinates": [ [ [ -87.582715091367959, 41.781515036128845 ], [ -87.582552024268523, 41.781515036128845 ], [ -87.582552024268523, 41.781786814627893 ], [ -87.582715091367959, 41.781786814627893 ], [ -87.582715091367959, 41.781515036128845 ] ] ] } },
{ "type": "Feature", "properties": { "row": 1, "col": 25, "mostly_overlap": true, "overlap_ratio": 0.9806, "Type": "Land" }, "geometry": { "type": "Polygon", "coordinates": [ [ [ -87.582552024268523, 41.781515036128845 ], [ -87.582388957169101, 41.781515036128845 ], [ -87.582388957169101, 41.781786814627893 ], [ -87.582552024268523, 41.781786814627893 ], [ -87.582552024268523, 41.781515036128845 ] ] ] } },
{ "type": "Feature", "properties": { "row": 2, "col": 1, "mostly_overlap": false, "overlap_ratio": 0.2343, "Type": "Land" }, "geometry": { "type": "Polygon", "coordinates": [ [ [ -87.586465634654814, 41.781786814627893 ], [ -87.586302567555393, 41.781786814627893 ], [ -87.586302567555393, 41.782058593126941 ], [ -87.586465634654814, 41.782058593126941 ], [ -87.586465634654814, 41.781786814627893 ] ] ] } },
{ "type": "Feature", "properties": { "row": 2, "col": 2, "mostly_overlap": true, "overlap_ratio": 1.0, "Type": "Land" }, "geometry": { "type": "Polygon", "coordinates": [ [ [ -87.586302567555393, 41.781786814627893 ], [ -87.586139500455957, 41.781786814627893 ], [ -87.586139500455957, 41.782058593126941 ], [ -87.586302567555393, 41.782058593126941 ], [ -87.586302567555393, 41.781786814627893 ] ] ] } },
{ "type": "Feature", "properties": { "row": 2, "col": 3, "mostly_overlap": true, "overlap_ratio": 1.0, "Type": "Land" }, "geometry": { "type": "Polygon", "coordinates": [ [ [ -87.586139500455957, 41.781786814627893 ], [ -87.585976433356535, 41.781786814627893 ], [ -87.585976433356535, 41.782058593126941 ], [ -87.586139500455957, 41.782058593126941 ], [ -87.586139500455957, 41.781786814627893 ] ] ] } },
{ "type": "Feature", "properties": { "row": 2, "col": 4, "mostly_overlap": true, "overlap_ratio": 1.0, "Type": "Land" }, "geometry": { "type": "Polygon", "coordinates": [ [ [ -87.585976433356535, 41.781786814627893 ], [ -87.585813366257099, 41.781786814627893 ], [ -87.585813366257099, 41.782058593126941 ], [ -87.585976433356535, 41.782058593126941 ], [ -87.585976433356535, 41.781786814627893 ] ] ] } },
{ "type": "Feature", "properties": { "row": 2, "col": 5, "mostly_overlap": true, "overlap_ratio": 1.0, "Type": "Land" }, "geometry": { "type": "Polygon", "coordinates": [ [ [ -87.585813366257099, 41.781786814627893 ], [ -87.585650299157678, 41.781786814627893 ], [ -87.585650299157678, 41.782058593126941 ], [ -87.585813366257099, 41.782058593126941 ], [ -87.585813366257099, 41.781786814627893 ] ] ] } },
{ "type": "Feature", "properties": { "row": 2, "col": 6, "mostly_overlap": true, "overlap_ratio": 1.0, "Type": "Land" }, "geometry": { "type": "Polygon", "coordinates": [ [ [ -87.585650299157678, 41.781786814627893 ], [ -87.585487232058242, 41.781786814627893 ], [ -87.585487232058242, 41.782058593126941 ], [ -87.585650299157678, 41.782058593126941 ], [ -87.585650299157678, 41.781786814627893 ] ] ] } },
{ "type": "Feature", "properties": { "row": 2, "col": 7, "mostly_overlap": true, "overlap_ratio": 1.0, "Type": "Land" }, "geometry": { "type": "Polygon", "coordinates": [ [ [ -87.585487232058242, 41.781786814627893 ], [ -87.58532416495882, 41.781786814627893 ], [ -87.58532416495882, 41.782058593126941 ], [ -87.585487232058242, 41.782058593126941 ], [ -87.585487232058242, 41.781786814627893 ] ] ] } },
{ "type": "Feature", "properties": { "row": 2, "col": 8, "mostly_overlap": true, "overlap_ratio": 1.0, "Type": "Land" }, "geometry": { "type": "Polygon", "coordinates": [ [ [ -87.58532416495882, 41.781786814627893 ], [ -87.585161097859384, 41.781786814627893 ], [ -87.585161097859384, 41.782058593126941 ], [ -87.58532416495882, 41.782058593126941 ], [ -87.58532416495882, 41.781786814627893 ] ] ] } },
{ "type": "Feature", "properties": { "row": 2, "col": 9, "mostly_overlap": true, "overlap_ratio": 1.0, "Type": "Land" }, "geometry": { "type": "Polygon", "coordinates": [ [ [ -87.585161097859384, 41.781786814627893 ], [ -87.584998030759962, 41.781786814627893 ], [ -87.584998030759962, 41.782058593126941 ], [ -87.585161097859384, 41.782058593126941 ], [ -87.585161097859384, 41.781786814627893 ] ] ] } },
{ "type": "Feature", "properties": { "row": 2, "col": 10, "mostly_overlap": true, "overlap_ratio": 1.0, "Type": "Land" }, "geometry": { "type": "Polygon", "coordinates": [ [ [ -87.584998030759962, 41.781786814627893 ], [ -87.584834963660526, 41.781786814627893 ], [ -87.584834963660526, 41.782058593126941 ], [ -87.584998030759962, 41.782058593126941 ], [ -87.584998030759962, 41.781786814627893 ] ] ] } },
{ "type": "Feature", "properties": { "row": 2, "col": 11, "mostly_overlap": true, "overlap_ratio": 1.0, "Type": "Land" }, "geometry": { "type": "Polygon", "coordinates": [ [ [ -87.584834963660526, 41.781786814627893 ], [ -87.584671896561105, 41.781786814627893 ], [ -87.584671896561105, 41.782058593126941 ], [ -87.584834963660526, 41.782058593126941 ], [ -87.584834963660526, 41.781786814627893 ] ] ] } },
{ "type": "Feature", "properties": { "row": 2, "col": 12, "mostly_overlap": true, "overlap_ratio": 1.0, "Type": "Land" }, "geometry": { "type": "Polygon", "coordinates": [ [ [ -87.584671896561105, 41.781786814627893 ], [ -87.584508829461669, 41.781786814627893 ], [ -87.584508829461669, 41.782058593126941 ], [ -87.584671896561105, 41.782058593126941 ], [ -87.584671896561105, 41.781786814627893 ] ] ] } },
{ "type": "Feature", "properties": { "row": 2, "col": 13, "mostly_overlap": true, "overlap_ratio": 1.0, "Type": "Land" }, "geometry": { "type": "Polygon", "coordinates": [ [ [ -87.584508829461669, 41.781786814627893 ], [ -87.584345762362247, 41.781786814627893 ], [ -87.584345762362247, 41.782058593126941 ], [ -87.584508829461669, 41.782058593126941 ], [ -87.584508829461669, 41.781786814627893 ] ] ] } },
{ "type": "Feature", "properties": { "row": 2, "col": 14, "mostly_overlap": true, "overlap_ratio": 1.0, "Type": "Land" }, "geometry": { "type": "Polygon", "coordinates": [ [ [ -87.584345762362247, 41.781786814627893 ], [ -87.584182695262811, 41.781786814627893 ], [ -87.584182695262811, 41.782058593126941 ], [ -87.584345762362247, 41.782058593126941 ], [ -87.584345762362247, 41.781786814627893 ] ] ] } },
{ "type": "Feature", "properties": { "row": 2, "col": 15, "mostly_overlap": true, "overlap_ratio": 1.0, "Type": "Land" }, "geometry": { "type": "Polygon", "coordinates": [ [ [ -87.584182695262811, 41.781786814627893 ], [ -87.584019628163389, 41.781786814627893 ], [ -87.584019628163389, 41.782058593126941 ], [ -87.584182695262811, 41.782058593126941 ], [ -87.584182695262811, 41.781786814627893 ] ] ] } },
{ "type": "Feature", "properties": { "row": 2, "col": 16, "mostly_overlap": true, "overlap_ratio": 1.0, "Type": "Land" }, "geometry": { "type": "Polygon", "coordinates": [ [ [ -87.584019628163389, 41.781786814627893 ], [ -87.583856561063953, 41.781786814627893 ], [ -87.583856561063953, 41.782058593126941 ], [ -87.584019628163389, 41.782058593126941 ], [ -87.584019628163389, 41.781786814627893 ] ] ] } },
{ "type": "Feature", "properties": { "row": 2, "col": 17, "mostly_overlap": true, "overlap_ratio": 0.7399, "Type": "Land" }, "geometry": { "type": "Polygon", "coordinates": [ [ [ -87.583856561063953, 41.781786814627893 ], [ -87.583693493964532, 41.781786814627893 ], [ -87.583693493964532, 41.782058593126941 ], [ -87.583856561063953, 41.782058593126941 ], [ -87.583856561063953, 41.781786814627893 ] ] ] } },
{ "type": "Feature", "properties": { "row": 2, "col": 18, "mostly_overlap": false, "overlap_ratio": 0.1713, "Type": "Water" }, "geometry": { "type": "Polygon", "coordinates": [ [ [ -87.583693493964532, 41.781786814627893 ], [ -87.583530426865096, 41.781786814627893 ], [ -87.583530426865096, 41.782058593126941 ], [ -87.583693493964532, 41.782058593126941 ], [ -87.583693493964532, 41.781786814627893 ] ] ] } },
{ "type": "Feature", "properties": { "row": 2, "col": 19, "mostly_overlap": false, "overlap_ratio": 0.0, "Type": "Water" }, "geometry": { "type": "Polygon", "coordinates": [ [ [ -87.583530426865096, 41.781786814627893 ], [ -87.583367359765674, 41.781786814627893 ], [ -87.583367359765674, 41.782058593126941 ], [ -87.583530426865096, 41.782058593126941 ], [ -87.583530426865096, 41.781786814627893 ] ] ] } },
{ "type": "Feature", "properties": { "row": 2, "col": 20, "mostly_overlap": false, "overlap_ratio": 0.0, "Type": "Water" }, "geometry": { "type": "Polygon", "coordinates": [ [ [ -87.583367359765674, 41.781786814627893 ], [ -87.583204292666238, 41.781786814627893 ], [ -87.583204292666238, 41.782058593126941 ], [ -87.583367359765674, 41.782058593126941 ], [ -87.583367359765674, 41.781786814627893 ] ] ] } },
{ "type": "Feature", "properties": { "row": 2, "col": 21, "mostly_overlap": false, "overlap_ratio": 0.0626, "Type": "Water" }, "geometry": { "type": "Polygon", "coordinates": [ [ [ -87.583204292666238, 41.781786814627893 ], [ -87.583041225566816, 41.781786814627893 ], [ -87.583041225566816, 41.782058593126941 ], [ -87.583204292666238, 41.782058593126941 ], [ -87.583204292666238, 41.781786814627893 ] ] ] } },
{ "type": "Feature", "properties": { "row": 2, "col": 22, "mostly_overlap": false, "overlap_ratio": 0.1971, "Type": "Water" }, "geometry": { "type": "Polygon", "coordinates": [ [ [ -87.583041225566816, 41.781786814627893 ], [ -87.582878158467381, 41.781786814627893 ], [ -87.582878158467381, 41.782058593126941 ], [ -87.583041225566816, 41.782058593126941 ], [ -87.583041225566816, 41.781786814627893 ] ] ] } },
{ "type": "Feature", "properties": { "row": 2, "col": 23, "mostly_overlap": false, "overlap_ratio": 0.0737, "Type": "Water" }, "geometry": { "type": "Polygon", "coordinates": [ [ [ -87.582878158467381, 41.781786814627893 ], [ -87.582715091367959, 41.781786814627893 ], [ -87.582715091367959, 41.782058593126941 ], [ -87.582878158467381, 41.782058593126941 ], [ -87.582878158467381, 41.781786814627893 ] ] ] } },
{ "type": "Feature", "properties": { "row": 2, "col": 24, "mostly_overlap": false, "overlap_ratio": 0.0, "Type": "Water" }, "geometry": { "type": "Polygon", "coordinates": [ [ [ -87.582715091367959, 41.781786814627893 ], [ -87.582552024268523, 41.781786814627893 ], [ -87.582552024268523, 41.782058593126941 ], [ -87.582715091367959, 41.782058593126941 ], [ -87.582715091367959, 41.781786814627893 ] ] ] } },
{ "type": "Feature", "properties": { "row": 2, "col": 25, "mostly_overlap": false, "overlap_ratio": 0.0182, "Type": "Water" }, "geometry": { "type": "Polygon", "coordinates": [ [ [ -87.582552024268523, 41.781786814627893 ], [ -87.582388957169101, 41.781786814627893 ], [ -87.582388957169101, 41.782058593126941 ], [ -87.582552024268523, 41.782058593126941 ], [ -87.582552024268523, 41.781786814627893 ] ] ] } },
{ "type": "Feature", "properties": { "row": 3, "col": 1, "mostly_overlap": false, "overlap_ratio": 0.2767, "Type": "Land" }, "geometry": { "type": "Polygon", "coordinates": [ [ [ -87.586465634654814, 41.782058593126941 ], [ -87.586302567555393, 41.782058593126941 ], [ -87.586302567555393, 41.782330371625989 ], [ -87.586465634654814, 41.782330371625989 ], [ -87.586465634654814, 41.782058593126941 ] ] ] } },
{ "type": "Feature", "properties": { "row": 3, "col": 2, "mostly_overlap": true, "overlap_ratio": 1.0, "Type": "Land" }, "geometry": { "type": "Polygon", "coordinates": [ [ [ -87.586302567555393, 41.782058593126941 ], [ -87.586139500455957, 41.782058593126941 ], [ -87.586139500455957, 41.782330371625989 ], [ -87.586302567555393, 41.782330371625989 ], [ -87.586302567555393, 41.782058593126941 ] ] ] } },
{ "type": "Feature", "properties": { "row": 3, "col": 3, "mostly_overlap": true, "overlap_ratio": 1.0, "Type": "Land" }, "geometry": { "type": "Polygon", "coordinates": [ [ [ -87.586139500455957, 41.782058593126941 ], [ -87.585976433356535, 41.782058593126941 ], [ -87.585976433356535, 41.782330371625989 ], [ -87.586139500455957, 41.782330371625989 ], [ -87.586139500455957, 41.782058593126941 ] ] ] } },
{ "type": "Feature", "properties": { "row": 3, "col": 4, "mostly_overlap": true, "overlap_ratio": 1.0, "Type": "Land" }, "geometry": { "type": "Polygon", "coordinates": [ [ [ -87.585976433356535, 41.782058593126941 ], [ -87.585813366257099, 41.782058593126941 ], [ -87.585813366257099, 41.782330371625989 ], [ -87.585976433356535, 41.782330371625989 ], [ -87.585976433356535, 41.782058593126941 ] ] ] } },
{ "type": "Feature", "properties": { "row": 3, "col": 5, "mostly_overlap": true, "overlap_ratio": 1.0, "Type": "Land" }, "geometry": { "type": "Polygon", "coordinates": [ [ [ -87.585813366257099, 41.782058593126941 ], [ -87.585650299157678, 41.782058593126941 ], [ -87.585650299157678, 41.782330371625989 ], [ -87.585813366257099, 41.782330371625989 ], [ -87.585813366257099, 41.782058593126941 ] ] ] } },
{ "type": "Feature", "properties": { "row": 3, "col": 6, "mostly_overlap": true, "overlap_ratio": 1.0, "Type": "Land" }, "geometry": { "type": "Polygon", "coordinates": [ [ [ -87.585650299157678, 41.782058593126941 ], [ -87.585487232058242, 41.782058593126941 ], [ -87.585487232058242, 41.782330371625989 ], [ -87.585650299157678, 41.782330371625989 ], [ -87.585650299157678, 41.782058593126941 ] ] ] } },
{ "type": "Feature", "properties": { "row": 3, "col": 7, "mostly_overlap": true, "overlap_ratio": 1.0, "Type": "Land" }, "geometry": { "type": "Polygon", "coordinates": [ [ [ -87.585487232058242, 41.782058593126941 ], [ -87.58532416495882, 41.782058593126941 ], [ -87.58532416495882, 41.782330371625989 ], [ -87.585487232058242, 41.782330371625989 ], [ -87.585487232058242, 41.782058593126941 ] ] ] } },
{ "type": "Feature", "properties": { "row": 3, "col": 8, "mostly_overlap": true, "overlap_ratio": 1.0, "Type": "Land" }, "geometry": { "type": "Polygon", "coordinates": [ [ [ -87.58532416495882, 41.782058593126941 ], [ -87.585161097859384, 41.782058593126941 ], [ -87.585161097859384, 41.782330371625989 ], [ -87.58532416495882, 41.782330371625989 ], [ -87.58532416495882, 41.782058593126941 ] ] ] } },
{ "type": "Feature", "properties": { "row": 3, "col": 9, "mostly_overlap": true, "overlap_ratio": 1.0, "Type": "Land" }, "geometry": { "type": "Polygon", "coordinates": [ [ [ -87.585161097859384, 41.782058593126941 ], [ -87.584998030759962, 41.782058593126941 ], [ -87.584998030759962, 41.782330371625989 ], [ -87.585161097859384, 41.782330371625989 ], [ -87.585161097859384, 41.782058593126941 ] ] ] } },
{ "type": "Feature", "properties": { "row": 3, "col": 10, "mostly_overlap": true, "overlap_ratio": 1.0, "Type": "Land" }, "geometry": { "type": "Polygon", "coordinates": [ [ [ -87.584998030759962, 41.782058593126941 ], [ -87.584834963660526, 41.782058593126941 ], [ -87.584834963660526, 41.782330371625989 ], [ -87.584998030759962, 41.782330371625989 ], [ -87.584998030759962, 41.782058593126941 ] ] ] } },
{ "type": "Feature", "properties": { "row": 3, "col": 11, "mostly_overlap": true, "overlap_ratio": 1.0, "Type": "Land" }, "geometry": { "type": "Polygon", "coordinates": [ [ [ -87.584834963660526, 41.782058593126941 ], [ -87.584671896561105, 41.782058593126941 ], [ -87.584671896561105, 41.782330371625989 ], [ -87.584834963660526, 41.782330371625989 ], [ -87.584834963660526, 41.782058593126941 ] ] ] } },
{ "type": "Feature", "properties": { "row": 3, "col": 12, "mostly_overlap": true, "overlap_ratio": 1.0, "Type": "Land" }, "geometry": { "type": "Polygon", "coordinates": [ [ [ -87.584671896561105, 41.782058593126941 ], [ -87.584508829461669, 41.782058593126941 ], [ -87.584508829461669, 41.782330371625989 ], [ -87.584671896561105, 41.782330371625989 ], [ -87.584671896561105, 41.782058593126941 ] ] ] } },
{ "type": "Feature", "properties": { "row": 3, "col": 13, "mostly_overlap": true, "overlap_ratio": 1.0, "Type": "Land" }, "geometry": { "type": "Polygon", "coordinates": [ [ [ -87.584508829461669, 41.782058593126941 ], [ -87.584345762362247, 41.782058593126941 ], [ -87.584345762362247, 41.782330371625989 ], [ -87.584508829461669, 41.782330371625989 ], [ -87.584508829461669, 41.782058593126941 ] ] ] } },
{ "type": "Feature", "properties": { "row": 3, "col": 14, "mostly_overlap": true, "overlap_ratio": 1.0, "Type": "Land" }, "geometry": { "type": "Polygon", "coordinates": [ [ [ -87.584345762362247, 41.782058593126941 ], [ -87.584182695262811, 41.782058593126941 ], [ -87.584182695262811, 41.782330371625989 ], [ -87.584345762362247, 41.782330371625989 ], [ -87.584345762362247, 41.782058593126941 ] ] ] } },
{ "type": "Feature", "properties": { "row": 3, "col": 15, "mostly_overlap": true, "overlap_ratio": 1.0, "Type": "Land" }, "geometry": { "type": "Polygon", "coordinates": [ [ [ -87.584182695262811, 41.782058593126941 ], [ -87.584019628163389, 41.782058593126941 ], [ -87.584019628163389, 41.782330371625989 ], [ -87.584182695262811, 41.782330371625989 ], [ -87.584182695262811, 41.782058593126941 ] ] ] } },
{ "type": "Feature", "properties": { "row": 3, "col": 16, "mostly_overlap": true, "overlap_ratio": 0.9417, "Type": "Land" }, "geometry": { "type": "Polygon", "coordinates": [ [ [ -87.584019628163389, 41.782058593126941 ], [ -87.583856561063953, 41.782058593126941 ], [ -87.583856561063953, 41.782330371625989 ], [ -87.584019628163389, 41.782330371625989 ], [ -87.584019628163389, 41.782058593126941 ] ] ] } },
{ "type": "Feature", "properties": { "row": 3, "col": 17, "mostly_overlap": false, "overlap_ratio": 0.134, "Type": "Water" }, "geometry": { "type": "Polygon", "coordinates": [ [ [ -87.583856561063953, 41.782058593126941 ], [ -87.583693493964532, 41.782058593126941 ], [ -87.583693493964532, 41.782330371625989 ], [ -87.583856561063953, 41.782330371625989 ], [ -87.583856561063953, 41.782058593126941 ] ] ] } },
{ "type": "Feature", "properties": { "row": 3, "col": 18, "mostly_overlap": false, "overlap_ratio": 0.0, "Type": "Water" }, "geometry": { "type": "Polygon", "coordinates": [ [ [ -87.583693493964532, 41.782058593126941 ], [ -87.583530426865096, 41.782058593126941 ], [ -87.583530426865096, 41.782330371625989 ], [ -87.583693493964532, 41.782330371625989 ], [ -87.583693493964532, 41.782058593126941 ] ] ] } },
{ "type": "Feature", "properties": { "row": 3, "col": 19, "mostly_overlap": false, "overlap_ratio": 0.0, "Type": "Water" }, "geometry": { "type": "Polygon", "coordinates": [ [ [ -87.583530426865096, 41.782058593126941 ], [ -87.583367359765674, 41.782058593126941 ], [ -87.583367359765674, 41.782330371625989 ], [ -87.583530426865096, 41.782330371625989 ], [ -87.583530426865096, 41.782058593126941 ] ] ] } },
{ "type": "Feature", "properties": { "row": 3, "col": 20, "mostly_overlap": false, "overlap_ratio": 0.2736, "Type": "Water" }, "geometry": { "type": "Polygon", "coordinates": [ [ [ -87.583367359765674, 41.782058593126941 ], [ -87.583204292666238, 41.782058593126941 ], [ -87.583204292666238, 41.782330371625989 ], [ -87.583367359765674, 41.782330371625989 ], [ -87.583367359765674, 41.782058593126941 ] ] ] } },
{ "type": "Feature", "properties": { "row": 3, "col": 21, "mostly_overlap": true, "overlap_ratio": 0.9732, "Type": "Land" }, "geometry": { "type": "Polygon", "coordinates": [ [ [ -87.583204292666238, 41.782058593126941 ], [ -87.583041225566816, 41.782058593126941 ], [ -87.583041225566816, 41.782330371625989 ], [ -87.583204292666238, 41.782330371625989 ], [ -87.583204292666238, 41.782058593126941 ] ] ] } },
{ "type": "Feature", "properties": { "row": 3, "col": 22, "mostly_overlap": true, "overlap_ratio": 1.0, "Type": "Land" }, "geometry": { "type": "Polygon", "coordinates": [ [ [ -87.583041225566816, 41.782058593126941 ], [ -87.582878158467381, 41.782058593126941 ], [ -87.582878158467381, 41.782330371625989 ], [ -87.583041225566816, 41.782330371625989 ], [ -87.583041225566816, 41.782058593126941 ] ] ] } },
{ "type": "Feature", "properties": { "row": 3, "col": 23, "mostly_overlap": true, "overlap_ratio": 0.9953, "Type": "Land" }, "geometry": { "type": "Polygon", "coordinates": [ [ [ -87.582878158467381, 41.782058593126941 ], [ -87.582715091367959, 41.782058593126941 ], [ -87.582715091367959, 41.782330371625989 ], [ -87.582878158467381, 41.782330371625989 ], [ -87.582878158467381, 41.782058593126941 ] ] ] } },
{ "type": "Feature", "properties": { "row": 3, "col": 24, "mostly_overlap": true, "overlap_ratio": 0.8166, "Type": "Land" }, "geometry": { "type": "Polygon", "coordinates": [ [ [ -87.582715091367959, 41.782058593126941 ], [ -87.582552024268523, 41.782058593126941 ], [ -87.582552024268523, 41.782330371625989 ], [ -87.582715091367959, 41.782330371625989 ], [ -87.582715091367959, 41.782058593126941 ] ] ] } },
{ "type": "Feature", "properties": { "row": 3, "col": 25, "mostly_overlap": true, "overlap_ratio": 0.798, "Type": "Land" }, "geometry": { "type": "Polygon", "coordinates": [ [ [ -87.582552024268523, 41.782058593126941 ], [ -87.582388957169101, 41.782058593126941 ], [ -87.582388957169101, 41.782330371625989 ], [ -87.582552024268523, 41.782330371625989 ], [ -87.582552024268523, 41.782058593126941 ] ] ] } },
{ "type": "Feature", "properties": { "row": 4, "col": 1, "mostly_overlap": false, "overlap_ratio": 0.3191, "Type": "Land" }, "geometry": { "type": "Polygon", "coordinates": [ [ [ -87.586465634654814, 41.782330371625989 ], [ -87.586302567555393, 41.782330371625989 ], [ -87.586302567555393, 41.782602150125037 ], [ -87.586465634654814, 41.782602150125037 ], [ -87.586465634654814, 41.782330371625989 ] ] ] } },
{ "type": "Feature", "properties": { "row": 4, "col": 2, "mostly_overlap": true, "overlap_ratio": 1.0, "Type": "Land" }, "geometry": { "type": "Polygon", "coordinates": [ [ [ -87.586302567555393, 41.782330371625989 ], [ -87.586139500455957, 41.782330371625989 ], [ -87.586139500455957, 41.782602150125037 ], [ -87.586302567555393, 41.782602150125037 ], [ -87.586302567555393, 41.782330371625989 ] ] ] } },
{ "type": "Feature", "properties": { "row": 4, "col": 3, "mostly_overlap": true, "overlap_ratio": 1.0, "Type": "Land" }, "geometry": { "type": "Polygon", "coordinates": [ [ [ -87.586139500455957, 41.782330371625989 ], [ -87.585976433356535, 41.782330371625989 ], [ -87.585976433356535, 41.782602150125037 ], [ -87.586139500455957, 41.782602150125037 ], [ -87.586139500455957, 41.782330371625989 ] ] ] } },
{ "type": "Feature", "properties": { "row": 4, "col": 4, "mostly_overlap": true, "overlap_ratio": 1.0, "Type": "Land" }, "geometry": { "type": "Polygon", "coordinates": [ [ [ -87.585976433356535, 41.782330371625989 ], [ -87.585813366257099, 41.782330371625989 ], [ -87.585813366257099, 41.782602150125037 ], [ -87.585976433356535, 41.782602150125037 ], [ -87.585976433356535, 41.782330371625989 ] ] ] } },
{ "type": "Feature", "properties": { "row": 4, "col": 5, "mostly_overlap": true, "overlap_ratio": 1.0, "Type": "Land" }, "geometry": { "type": "Polygon", "coordinates": [ [ [ -87.585813366257099, 41.782330371625989 ], [ -87.585650299157678, 41.782330371625989 ], [ -87.585650299157678, 41.782602150125037 ], [ -87.585813366257099, 41.782602150125037 ], [ -87.585813366257099, 41.782330371625989 ] ] ] } },
{ "type": "Feature", "properties": { "row": 4, "col": 6, "mostly_overlap": true, "overlap_ratio": 1.0, "Type": "Land" }, "geometry": { "type": "Polygon", "coordinates": [ [ [ -87.585650299157678, 41.782330371625989 ], [ -87.585487232058242, 41.782330371625989 ], [ -87.585487232058242, 41.782602150125037 ], [ -87.585650299157678, 41.782602150125037 ], [ -87.585650299157678, 41.782330371625989 ] ] ] } },
{ "type": "Feature", "properties": { "row": 4, "col": 7, "mostly_overlap": true, "overlap_ratio": 1.0, "Type": "Land" }, "geometry": { "type": "Polygon", "coordinates": [ [ [ -87.585487232058242, 41.782330371625989 ], [ -87.58532416495882, 41.782330371625989 ], [ -87.58532416495882, 41.782602150125037 ], [ -87.585487232058242, 41.782602150125037 ], [ -87.585487232058242, 41.782330371625989 ] ] ] } },
{ "type": "Feature", "properties": { "row": 4, "col": 8, "mostly_overlap": true, "overlap_ratio": 1.0, "Type": "Land" }, "geometry": { "type": "Polygon", "coordinates": [ [ [ -87.58532416495882, 41.782330371625989 ], [ -87.585161097859384, 41.782330371625989 ], [ -87.585161097859384, 41.782602150125037 ], [ -87.58532416495882, 41.782602150125037 ], [ -87.58532416495882, 41.782330371625989 ] ] ] } },
{ "type": "Feature", "properties": { "row": 4, "col": 9, "mostly_overlap": true, "overlap_ratio": 1.0, "Type": "Land" }, "geometry": { "type": "Polygon", "coordinates": [ [ [ -87.585161097859384, 41.782330371625989 ], [ -87.584998030759962, 41.782330371625989 ], [ -87.584998030759962, 41.782602150125037 ], [ -87.585161097859384, 41.782602150125037 ], [ -87.585161097859384, 41.782330371625989 ] ] ] } },
{ "type": "Feature", "properties": { "row": 4, "col": 10, "mostly_overlap": true, "overlap_ratio": 1.0, "Type": "Land" }, "geometry": { "type": "Polygon", "coordinates": [ [ [ -87.584998030759962, 41.782330371625989 ], [ -87.584834963660526, 41.782330371625989 ], [ -87.584834963660526, 41.782602150125037 ], [ -87.584998030759962, 41.782602150125037 ], [ -87.584998030759962, 41.782330371625989 ] ] ] } },
{ "type": "Feature", "properties": { "row": 4, "col": 11, "mostly_overlap": true, "overlap_ratio": 1.0, "Type": "Land" }, "geometry": { "type": "Polygon", "coordinates": [ [ [ -87.584834963660526, 41.782330371625989 ], [ -87.584671896561105, 41.782330371625989 ], [ -87.584671896561105, 41.782602150125037 ], [ -87.584834963660526, 41.782602150125037 ], [ -87.584834963660526, 41.782330371625989 ] ] ] } },
{ "type": "Feature", "properties": { "row": 4, "col": 12, "mostly_overlap": true, "overlap_ratio": 1.0, "Type": "Land" }, "geometry": { "type": "Polygon", "coordinates": [ [ [ -87.584671896561105, 41.782330371625989 ], [ -87.584508829461669, 41.782330371625989 ], [ -87.584508829461669, 41.782602150125037 ], [ -87.584671896561105, 41.782602150125037 ], [ -87.584671896561105, 41.782330371625989 ] ] ] } },
{ "type": "Feature", "properties": { "row": 4, "col": 13, "mostly_overlap": true, "overlap_ratio": 1.0, "Type": "Land" }, "geometry": { "type": "Polygon", "coordinates": [ [ [ -87.584508829461669, 41.782330371625989 ], [ -87.584345762362247, 41.782330371625989 ], [ -87.584345762362247, 41.782602150125037 ], [ -87.584508829461669, 41.782602150125037 ], [ -87.584508829461669, 41.782330371625989 ] ] ] } },
{ "type": "Feature", "properties": { "row": 4, "col": 14, "mostly_overlap": true, "overlap_ratio": 1.0, "Type": "Land" }, "geometry": { "type": "Polygon", "coordinates": [ [ [ -87.584345762362247, 41.782330371625989 ], [ -87.584182695262811, 41.782330371625989 ], [ -87.584182695262811, 41.782602150125037 ], [ -87.584345762362247, 41.782602150125037 ], [ -87.584345762362247, 41.782330371625989 ] ] ] } },
{ "type": "Feature", "properties": { "row": 4, "col": 15, "mostly_overlap": true, "overlap_ratio": 0.9406, "Type": "Land" }, "geometry": { "type": "Polygon", "coordinates": [ [ [ -87.584182695262811, 41.782330371625989 ], [ -87.584019628163389, 41.782330371625989 ], [ -87.584019628163389, 41.782602150125037 ], [ -87.584182695262811, 41.782602150125037 ], [ -87.584182695262811, 41.782330371625989 ] ] ] } },
{ "type": "Feature", "properties": { "row": 4, "col": 16, "mostly_overlap": false, "overlap_ratio": 0.2046, "Type": "Water" }, "geometry": { "type": "Polygon", "coordinates": [ [ [ -87.584019628163389, 41.782330371625989 ], [ -87.583856561063953, 41.782330371625989 ], [ -87.583856561063953, 41.782602150125037 ], [ -87.584019628163389, 41.782602150125037 ], [ -87.584019628163389, 41.782330371625989 ] ] ] } },
{ "type": "Feature", "properties": { "row": 4, "col": 17, "mostly_overlap": false, "overlap_ratio": 0.0, "Type": "Water" }, "geometry": { "type": "Polygon", "coordinates": [ [ [ -87.583856561063953, 41.782330371625989 ], [ -87.583693493964532, 41.782330371625989 ], [ -87.583693493964532, 41.782602150125037 ], [ -87.583856561063953, 41.782602150125037 ], [ -87.583856561063953, 41.782330371625989 ] ] ] } },
{ "type": "Feature", "properties": { "row": 4, "col": 18, "mostly_overlap": false, "overlap_ratio": 0.0, "Type": "Water" }, "geometry": { "type": "Polygon", "coordinates": [ [ [ -87.583693493964532, 41.782330371625989 ], [ -87.583530426865096, 41.782330371625989 ], [ -87.583530426865096, 41.782602150125037 ], [ -87.583693493964532, 41.782602150125037 ], [ -87.583693493964532, 41.782330371625989 ] ] ] } },
{ "type": "Feature", "properties": { "row": 4, "col": 19, "mostly_overlap": false, "overlap_ratio": 0.0105, "Type": "Water" }, "geometry": { "type": "Polygon", "coordinates": [ [ [ -87.583530426865096, 41.782330371625989 ], [ -87.583367359765674, 41.782330371625989 ], [ -87.583367359765674, 41.782602150125037 ], [ -87.583530426865096, 41.782602150125037 ], [ -87.583530426865096, 41.782330371625989 ] ] ] } },
{ "type": "Feature", "properties": { "row": 4, "col": 20, "mostly_overlap": true, "overlap_ratio": 0.7414, "Type": "Land" }, "geometry": { "type": "Polygon", "coordinates": [ [ [ -87.583367359765674, 41.782330371625989 ], [ -87.583204292666238, 41.782330371625989 ], [ -87.583204292666238, 41.782602150125037 ], [ -87.583367359765674, 41.782602150125037 ], [ -87.583367359765674, 41.782330371625989 ] ] ] } },
{ "type": "Feature", "properties": { "row": 4, "col": 21, "mostly_overlap": true, "overlap_ratio": 1.0, "Type": "Land" }, "geometry": { "type": "Polygon", "coordinates": [ [ [ -87.583204292666238, 41.782330371625989 ], [ -87.583041225566816, 41.782330371625989 ], [ -87.583041225566816, 41.782602150125037 ], [ -87.583204292666238, 41.782602150125037 ], [ -87.583204292666238, 41.782330371625989 ] ] ] } },
{ "type": "Feature", "properties": { "row": 4, "col": 22, "mostly_overlap": true, "overlap_ratio": 1.0, "Type": "Land" }, "geometry": { "type": "Polygon", "coordinates": [ [ [ -87.583041225566816, 41.782330371625989 ], [ -87.582878158467381, 41.782330371625989 ], [ -87.582878158467381, 41.782602150125037 ], [ -87.583041225566816, 41.782602150125037 ], [ -87.583041225566816, 41.782330371625989 ] ] ] } },
{ "type": "Feature", "properties": { "row": 4, "col": 23, "mostly_overlap": true, "overlap_ratio": 1.0, "Type": "Land" }, "geometry": { "type": "Polygon", "coordinates": [ [ [ -87.582878158467381, 41.782330371625989 ], [ -87.582715091367959, 41.782330371625989 ], [ -87.582715091367959, 41.782602150125037 ], [ -87.582878158467381, 41.782602150125037 ], [ -87.582878158467381, 41.782330371625989 ] ] ] } },
{ "type": "Feature", "properties": { "row": 4, "col": 24, "mostly_overlap": true, "overlap_ratio": 1.0, "Type": "Land" }, "geometry": { "type": "Polygon", "coordinates": [ [ [ -87.582715091367959, 41.782330371625989 ], [ -87.582552024268523, 41.782330371625989 ], [ -87.582552024268523, 41.782602150125037 ], [ -87.582715091367959, 41.782602150125037 ], [ -87.582715091367959, 41.782330371625989 ] ] ] } },
{ "type": "Feature", "properties": { "row": 4, "col": 25, "mostly_overlap": true, "overlap_ratio": 0.9965, "Type": "Land" }, "geometry": { "type": "Polygon", "coordinates": [ [ [ -87.582552024268523, 41.782330371625989 ], [ -87.582388957169101, 41.782330371625989 ], [ -87.582388957169101, 41.782602150125037 ], [ -87.582552024268523, 41.782602150125037 ], [ -87.582552024268523, 41.782330371625989 ] ] ] } },
{ "type": "Feature", "properties": { "row": 5, "col": 1, "mostly_overlap": false, "overlap_ratio": 0.3615, "Type": "Land" }, "geometry": { "type": "Polygon", "coordinates": [ [ [ -87.586465634654814, 41.782602150125037 ], [ -87.586302567555393, 41.782602150125037 ], [ -87.586302567555393, 41.782873928624085 ], [ -87.586465634654814, 41.782873928624085 ], [ -87.586465634654814, 41.782602150125037 ] ] ] } },
{ "type": "Feature", "properties": { "row": 5, "col": 2, "mostly_overlap": true, "overlap_ratio": 1.0, "Type": "Land" }, "geometry": { "type": "Polygon", "coordinates": [ [ [ -87.586302567555393, 41.782602150125037 ], [ -87.586139500455957, 41.782602150125037 ], [ -87.586139500455957, 41.782873928624085 ], [ -87.586302567555393, 41.782873928624085 ], [ -87.586302567555393, 41.782602150125037 ] ] ] } },
{ "type": "Feature", "properties": { "row": 5, "col": 3, "mostly_overlap": true, "overlap_ratio": 1.0, "Type": "Land" }, "geometry": { "type": "Polygon", "coordinates": [ [ [ -87.586139500455957, 41.782602150125037 ], [ -87.585976433356535, 41.782602150125037 ], [ -87.585976433356535, 41.782873928624085 ], [ -87.586139500455957, 41.782873928624085 ], [ -87.586139500455957, 41.782602150125037 ] ] ] } },
{ "type": "Feature", "properties": { "row": 5, "col": 4, "mostly_overlap": true, "overlap_ratio": 1.0, "Type": "Land" }, "geometry": { "type": "Polygon", "coordinates": [ [ [ -87.585976433356535, 41.782602150125037 ], [ -87.585813366257099, 41.782602150125037 ], [ -87.585813366257099, 41.782873928624085 ], [ -87.585976433356535, 41.782873928624085 ], [ -87.585976433356535, 41.782602150125037 ] ] ] } },
{ "type": "Feature", "properties": { "row": 5, "col": 5, "mostly_overlap": true, "overlap_ratio": 1.0, "Type": "Land" }, "geometry": { "type": "Polygon", "coordinates": [ [ [ -87.585813366257099, 41.782602150125037 ], [ -87.585650299157678, 41.782602150125037 ], [ -87.585650299157678, 41.782873928624085 ], [ -87.585813366257099, 41.782873928624085 ], [ -87.585813366257099, 41.782602150125037 ] ] ] } },
{ "type": "Feature", "properties": { "row": 5, "col": 6, "mostly_overlap": true, "overlap_ratio": 1.0, "Type": "Land" }, "geometry": { "type": "Polygon", "coordinates": [ [ [ -87.585650299157678, 41.782602150125037 ], [ -87.585487232058242, 41.782602150125037 ], [ -87.585487232058242, 41.782873928624085 ], [ -87.585650299157678, 41.782873928624085 ], [ -87.585650299157678, 41.782602150125037 ] ] ] } },
{ "type": "Feature", "properties": { "row": 5, "col": 7, "mostly_overlap": true, "overlap_ratio": 1.0, "Type": "Land" }, "geometry": { "type": "Polygon", "coordinates": [ [ [ -87.585487232058242, 41.782602150125037 ], [ -87.58532416495882, 41.782602150125037 ], [ -87.58532416495882, 41.782873928624085 ], [ -87.585487232058242, 41.782873928624085 ], [ -87.585487232058242, 41.782602150125037 ] ] ] } },
{ "type": "Feature", "properties": { "row": 5, "col": 8, "mostly_overlap": true, "overlap_ratio": 1.0, "Type": "Land" }, "geometry": { "type": "Polygon", "coordinates": [ [ [ -87.58532416495882, 41.782602150125037 ], [ -87.585161097859384, 41.782602150125037 ], [ -87.585161097859384, 41.782873928624085 ], [ -87.58532416495882, 41.782873928624085 ], [ -87.58532416495882, 41.782602150125037 ] ] ] } },
{ "type": "Feature", "properties": { "row": 5, "col": 9, "mostly_overlap": true, "overlap_ratio": 1.0, "Type": "Land" }, "geometry": { "type": "Polygon", "coordinates": [ [ [ -87.585161097859384, 41.782602150125037 ], [ -87.584998030759962, 41.782602150125037 ], [ -87.584998030759962, 41.782873928624085 ], [ -87.585161097859384, 41.782873928624085 ], [ -87.585161097859384, 41.782602150125037 ] ] ] } },
{ "type": "Feature", "properties": { "row": 5, "col": 10, "mostly_overlap": true, "overlap_ratio": 1.0, "Type": "Land" }, "geometry": { "type": "Polygon", "coordinates": [ [ [ -87.584998030759962, 41.782602150125037 ], [ -87.584834963660526, 41.782602150125037 ], [ -87.584834963660526, 41.782873928624085 ], [ -87.584998030759962, 41.782873928624085 ], [ -87.584998030759962, 41.782602150125037 ] ] ] } },
{ "type": "Feature", "properties": { "row": 5, "col": 11, "mostly_overlap": true, "overlap_ratio": 1.0, "Type": "Land" }, "geometry": { "type": "Polygon", "coordinates": [ [ [ -87.584834963660526, 41.782602150125037 ], [ -87.584671896561105, 41.782602150125037 ], [ -87.584671896561105, 41.782873928624085 ], [ -87.584834963660526, 41.782873928624085 ], [ -87.584834963660526, 41.782602150125037 ] ] ] } },
{ "type": "Feature", "properties": { "row": 5, "col": 12, "mostly_overlap": true, "overlap_ratio": 1.0, "Type": "Land" }, "geometry": { "type": "Polygon", "coordinates": [ [ [ -87.584671896561105, 41.782602150125037 ], [ -87.584508829461669, 41.782602150125037 ], [ -87.584508829461669, 41.782873928624085 ], [ -87.584671896561105, 41.782873928624085 ], [ -87.584671896561105, 41.782602150125037 ] ] ] } },
{ "type": "Feature", "properties": { "row": 5, "col": 13, "mostly_overlap": true, "overlap_ratio": 1.0, "Type": "Land" }, "geometry": { "type": "Polygon", "coordinates": [ [ [ -87.584508829461669, 41.782602150125037 ], [ -87.584345762362247, 41.782602150125037 ], [ -87.584345762362247, 41.782873928624085 ], [ -87.584508829461669, 41.782873928624085 ], [ -87.584508829461669, 41.782602150125037 ] ] ] } },
{ "type": "Feature", "properties": { "row": 5, "col": 14, "mostly_overlap": true, "overlap_ratio": 1.0, "Type": "Land" }, "geometry": { "type": "Polygon", "coordinates": [ [ [ -87.584345762362247, 41.782602150125037 ], [ -87.584182695262811, 41.782602150125037 ], [ -87.584182695262811, 41.782873928624085 ], [ -87.584345762362247, 41.782873928624085 ], [ -87.584345762362247, 41.782602150125037 ] ] ] } },
{ "type": "Feature", "properties": { "row": 5, "col": 15, "mostly_overlap": true, "overlap_ratio": 0.5706, "Type": "Land" }, "geometry": { "type": "Polygon", "coordinates": [ [ [ -87.584182695262811, 41.782602150125037 ], [ -87.584019628163389, 41.782602150125037 ], [ -87.584019628163389, 41.782873928624085 ], [ -87.584182695262811, 41.782873928624085 ], [ -87.584182695262811, 41.782602150125037 ] ] ] } },
{ "type": "Feature", "properties": { "row": 5, "col": 16, "mostly_overlap": false, "overlap_ratio": 0.0, "Type": "Water" }, "geometry": { "type": "Polygon", "coordinates": [ [ [ -87.584019628163389, 41.782602150125037 ], [ -87.583856561063953, 41.782602150125037 ], [ -87.583856561063953, 41.782873928624085 ], [ -87.584019628163389, 41.782873928624085 ], [ -87.584019628163389, 41.782602150125037 ] ] ] } },
{ "type": "Feature", "properties": { "row": 5, "col": 17, "mostly_overlap": false, "overlap_ratio": 0.0, "Type": "Water" }, "geometry": { "type": "Polygon", "coordinates": [ [ [ -87.583856561063953, 41.782602150125037 ], [ -87.583693493964532, 41.782602150125037 ], [ -87.583693493964532, 41.782873928624085 ], [ -87.583856561063953, 41.782873928624085 ], [ -87.583856561063953, 41.782602150125037 ] ] ] } },
{ "type": "Feature", "properties": { "row": 5, "col": 18, "mostly_overlap": false, "overlap_ratio": 0.0, "Type": "Water" }, "geometry": { "type": "Polygon", "coordinates": [ [ [ -87.583693493964532, 41.782602150125037 ], [ -87.583530426865096, 41.782602150125037 ], [ -87.583530426865096, 41.782873928624085 ], [ -87.583693493964532, 41.782873928624085 ], [ -87.583693493964532, 41.782602150125037 ] ] ] } },
{ "type": "Feature", "properties": { "row": 5, "col": 19, "mostly_overlap": true, "overlap_ratio": 0.6178, "Type": "Land" }, "geometry": { "type": "Polygon", "coordinates": [ [ [ -87.583530426865096, 41.782602150125037 ], [ -87.583367359765674, 41.782602150125037 ], [ -87.583367359765674, 41.782873928624085 ], [ -87.583530426865096, 41.782873928624085 ], [ -87.583530426865096, 41.782602150125037 ] ] ] } },
{ "type": "Feature", "properties": { "row": 5, "col": 20, "mostly_overlap": true, "overlap_ratio": 1.0, "Type": "Land" }, "geometry": { "type": "Polygon", "coordinates": [ [ [ -87.583367359765674, 41.782602150125037 ], [ -87.583204292666238, 41.782602150125037 ], [ -87.583204292666238, 41.782873928624085 ], [ -87.583367359765674, 41.782873928624085 ], [ -87.583367359765674, 41.782602150125037 ] ] ] } },
{ "type": "Feature", "properties": { "row": 5, "col": 21, "mostly_overlap": true, "overlap_ratio": 1.0, "Type": "Land" }, "geometry": { "type": "Polygon", "coordinates": [ [ [ -87.583204292666238, 41.782602150125037 ], [ -87.583041225566816, 41.782602150125037 ], [ -87.583041225566816, 41.782873928624085 ], [ -87.583204292666238, 41.782873928624085 ], [ -87.583204292666238, 41.782602150125037 ] ] ] } },
{ "type": "Feature", "properties": { "row": 5, "col": 22, "mostly_overlap": true, "overlap_ratio": 1.0, "Type": "Land" }, "geometry": { "type": "Polygon", "coordinates": [ [ [ -87.583041225566816, 41.782602150125037 ], [ -87.582878158467381, 41.782602150125037 ], [ -87.582878158467381, 41.782873928624085 ], [ -87.583041225566816, 41.782873928624085 ], [ -87.583041225566816, 41.782602150125037 ] ] ] } },
{ "type": "Feature", "properties": { "row": 5, "col": 23, "mostly_overlap": true, "overlap_ratio": 1.0, "Type": "Land" }, "geometry": { "type": "Polygon", "coordinates": [ [ [ -87.582878158467381, 41.782602150125037 ], [ -87.582715091367959, 41.782602150125037 ], [ -87.582715091367959, 41.782873928624085 ], [ -87.582878158467381, 41.782873928624085 ], [ -87.582878158467381, 41.782602150125037 ] ] ] } },
{ "type": "Feature", "properties": { "row": 5, "col": 24, "mostly_overlap": true, "overlap_ratio": 1.0, "Type": "Land" }, "geometry": { "type": "Polygon", "coordinates": [ [ [ -87.582715091367959, 41.782602150125037 ], [ -87.582552024268523, 41.782602150125037 ], [ -87.582552024268523, 41.782873928624085 ], [ -87.582715091367959, 41.782873928624085 ], [ -87.582715091367959, 41.782602150125037 ] ] ] } },
{ "type": "Feature", "properties": { "row": 5, "col": 25, "mostly_overlap": true, "overlap_ratio": 0.9955, "Type": "Land" }, "geometry": { "type": "Polygon", "coordinates": [ [ [ -87.582552024268523, 41.782602150125037 ], [ -87.582388957169101, 41.782602150125037 ], [ -87.582388957169101, 41.782873928624085 ], [ -87.582552024268523, 41.782873928624085 ], [ -87.582552024268523, 41.782602150125037 ] ] ] } },
{ "type": "Feature", "properties": { "row": 6, "col": 1, "mostly_overlap": false, "overlap_ratio": 0.4039, "Type": "Land" }, "geometry": { "type": "Polygon", "coordinates": [ [ [ -87.586465634654814, 41.782873928624085 ], [ -87.586302567555393, 41.782873928624085 ], [ -87.586302567555393, 41.783145707123133 ], [ -87.586465634654814, 41.783145707123133 ], [ -87.586465634654814, 41.782873928624085 ] ] ] } },
{ "type": "Feature", "properties": { "row": 6, "col": 2, "mostly_overlap": true, "overlap_ratio": 1.0, "Type": "Land" }, "geometry": { "type": "Polygon", "coordinates": [ [ [ -87.586302567555393, 41.782873928624085 ], [ -87.586139500455957, 41.782873928624085 ], [ -87.586139500455957, 41.783145707123133 ], [ -87.586302567555393, 41.783145707123133 ], [ -87.586302567555393, 41.782873928624085 ] ] ] } },
{ "type": "Feature", "properties": { "row": 6, "col": 3, "mostly_overlap": true, "overlap_ratio": 1.0, "Type": "Building" }, "geometry": { "type": "Polygon", "coordinates": [ [ [ -87.586139500455957, 41.782873928624085 ], [ -87.585976433356535, 41.782873928624085 ], [ -87.585976433356535, 41.783145707123133 ], [ -87.586139500455957, 41.783145707123133 ], [ -87.586139500455957, 41.782873928624085 ] ] ] } },
{ "type": "Feature", "properties": { "row": 6, "col": 4, "mostly_overlap": true, "overlap_ratio": 1.0, "Type": "Building" }, "geometry": { "type": "Polygon", "coordinates": [ [ [ -87.585976433356535, 41.782873928624085 ], [ -87.585813366257099, 41.782873928624085 ], [ -87.585813366257099, 41.783145707123133 ], [ -87.585976433356535, 41.783145707123133 ], [ -87.585976433356535, 41.782873928624085 ] ] ] } },
{ "type": "Feature", "properties": { "row": 6, "col": 5, "mostly_overlap": true, "overlap_ratio": 1.0, "Type": "Building" }, "geometry": { "type": "Polygon", "coordinates": [ [ [ -87.585813366257099, 41.782873928624085 ], [ -87.585650299157678, 41.782873928624085 ], [ -87.585650299157678, 41.783145707123133 ], [ -87.585813366257099, 41.783145707123133 ], [ -87.585813366257099, 41.782873928624085 ] ] ] } },
{ "type": "Feature", "properties": { "row": 6, "col": 6, "mostly_overlap": true, "overlap_ratio": 1.0, "Type": "Building" }, "geometry": { "type": "Polygon", "coordinates": [ [ [ -87.585650299157678, 41.782873928624085 ], [ -87.585487232058242, 41.782873928624085 ], [ -87.585487232058242, 41.783145707123133 ], [ -87.585650299157678, 41.783145707123133 ], [ -87.585650299157678, 41.782873928624085 ] ] ] } },
{ "type": "Feature", "properties": { "row": 6, "col": 7, "mostly_overlap": true, "overlap_ratio": 1.0, "Type": "Building" }, "geometry": { "type": "Polygon", "coordinates": [ [ [ -87.585487232058242, 41.782873928624085 ], [ -87.58532416495882, 41.782873928624085 ], [ -87.58532416495882, 41.783145707123133 ], [ -87.585487232058242, 41.783145707123133 ], [ -87.585487232058242, 41.782873928624085 ] ] ] } },
{ "type": "Feature", "properties": { "row": 6, "col": 8, "mostly_overlap": true, "overlap_ratio": 1.0, "Type": "Land" }, "geometry": { "type": "Polygon", "coordinates": [ [ [ -87.58532416495882, 41.782873928624085 ], [ -87.585161097859384, 41.782873928624085 ], [ -87.585161097859384, 41.783145707123133 ], [ -87.58532416495882, 41.783145707123133 ], [ -87.58532416495882, 41.782873928624085 ] ] ] } },
{ "type": "Feature", "properties": { "row": 6, "col": 9, "mostly_overlap": true, "overlap_ratio": 1.0, "Type": "Land" }, "geometry": { "type": "Polygon", "coordinates": [ [ [ -87.585161097859384, 41.782873928624085 ], [ -87.584998030759962, 41.782873928624085 ], [ -87.584998030759962, 41.783145707123133 ], [ -87.585161097859384, 41.783145707123133 ], [ -87.585161097859384, 41.782873928624085 ] ] ] } },
{ "type": "Feature", "properties": { "row": 6, "col": 10, "mostly_overlap": true, "overlap_ratio": 1.0, "Type": "Land" }, "geometry": { "type": "Polygon", "coordinates": [ [ [ -87.584998030759962, 41.782873928624085 ], [ -87.584834963660526, 41.782873928624085 ], [ -87.584834963660526, 41.783145707123133 ], [ -87.584998030759962, 41.783145707123133 ], [ -87.584998030759962, 41.782873928624085 ] ] ] } },
{ "type": "Feature", "properties": { "row": 6, "col": 11, "mostly_overlap": true, "overlap_ratio": 1.0, "Type": "Land" }, "geometry": { "type": "Polygon", "coordinates": [ [ [ -87.584834963660526, 41.782873928624085 ], [ -87.584671896561105, 41.782873928624085 ], [ -87.584671896561105, 41.783145707123133 ], [ -87.584834963660526, 41.783145707123133 ], [ -87.584834963660526, 41.782873928624085 ] ] ] } },
{ "type": "Feature", "properties": { "row": 6, "col": 12, "mostly_overlap": true, "overlap_ratio": 1.0, "Type": "Land" }, "geometry": { "type": "Polygon", "coordinates": [ [ [ -87.584671896561105, 41.782873928624085 ], [ -87.584508829461669, 41.782873928624085 ], [ -87.584508829461669, 41.783145707123133 ], [ -87.584671896561105, 41.783145707123133 ], [ -87.584671896561105, 41.782873928624085 ] ] ] } },
{ "type": "Feature", "properties": { "row": 6, "col": 13, "mostly_overlap": true, "overlap_ratio": 1.0, "Type": "Land" }, "geometry": { "type": "Polygon", "coordinates": [ [ [ -87.584508829461669, 41.782873928624085 ], [ -87.584345762362247, 41.782873928624085 ], [ -87.584345762362247, 41.783145707123133 ], [ -87.584508829461669, 41.783145707123133 ], [ -87.584508829461669, 41.782873928624085 ] ] ] } },
{ "type": "Feature", "properties": { "row": 6, "col": 14, "mostly_overlap": true, "overlap_ratio": 0.9459, "Type": "Land" }, "geometry": { "type": "Polygon", "coordinates": [ [ [ -87.584345762362247, 41.782873928624085 ], [ -87.584182695262811, 41.782873928624085 ], [ -87.584182695262811, 41.783145707123133 ], [ -87.584345762362247, 41.783145707123133 ], [ -87.584345762362247, 41.782873928624085 ] ] ] } },
{ "type": "Feature", "properties": { "row": 6, "col": 15, "mostly_overlap": false, "overlap_ratio": 0.025, "Type": "Water" }, "geometry": { "type": "Polygon", "coordinates": [ [ [ -87.584182695262811, 41.782873928624085 ], [ -87.584019628163389, 41.782873928624085 ], [ -87.584019628163389, 41.783145707123133 ], [ -87.584182695262811, 41.783145707123133 ], [ -87.584182695262811, 41.782873928624085 ] ] ] } },
{ "type": "Feature", "properties": { "row": 6, "col": 16, "mostly_overlap": false, "overlap_ratio": 0.0, "Type": "Water" }, "geometry": { "type": "Polygon", "coordinates": [ [ [ -87.584019628163389, 41.782873928624085 ], [ -87.583856561063953, 41.782873928624085 ], [ -87.583856561063953, 41.783145707123133 ], [ -87.584019628163389, 41.783145707123133 ], [ -87.584019628163389, 41.782873928624085 ] ] ] } },
{ "type": "Feature", "properties": { "row": 6, "col": 17, "mostly_overlap": false, "overlap_ratio": 0.0, "Type": "Water" }, "geometry": { "type": "Polygon", "coordinates": [ [ [ -87.583856561063953, 41.782873928624085 ], [ -87.583693493964532, 41.782873928624085 ], [ -87.583693493964532, 41.783145707123133 ], [ -87.583856561063953, 41.783145707123133 ], [ -87.583856561063953, 41.782873928624085 ] ] ] } },
{ "type": "Feature", "properties": { "row": 6, "col": 18, "mostly_overlap": false, "overlap_ratio": 0.0, "Type": "Water" }, "geometry": { "type": "Polygon", "coordinates": [ [ [ -87.583693493964532, 41.782873928624085 ], [ -87.583530426865096, 41.782873928624085 ], [ -87.583530426865096, 41.783145707123133 ], [ -87.583693493964532, 41.783145707123133 ], [ -87.583693493964532, 41.782873928624085 ] ] ] } },
{ "type": "Feature", "properties": { "row": 6, "col": 19, "mostly_overlap": false, "overlap_ratio": 0.3098, "Type": "Water" }, "geometry": { "type": "Polygon", "coordinates": [ [ [ -87.583530426865096, 41.782873928624085 ], [ -87.583367359765674, 41.782873928624085 ], [ -87.583367359765674, 41.783145707123133 ], [ -87.583530426865096, 41.783145707123133 ], [ -87.583530426865096, 41.782873928624085 ] ] ] } },
{ "type": "Feature", "properties": { "row": 6, "col": 20, "mostly_overlap": true, "overlap_ratio": 0.8674, "Type": "Land" }, "geometry": { "type": "Polygon", "coordinates": [ [ [ -87.583367359765674, 41.782873928624085 ], [ -87.583204292666238, 41.782873928624085 ], [ -87.583204292666238, 41.783145707123133 ], [ -87.583367359765674, 41.783145707123133 ], [ -87.583367359765674, 41.782873928624085 ] ] ] } },
{ "type": "Feature", "properties": { "row": 6, "col": 21, "mostly_overlap": true, "overlap_ratio": 1.0, "Type": "Land" }, "geometry": { "type": "Polygon", "coordinates": [ [ [ -87.583204292666238, 41.782873928624085 ], [ -87.583041225566816, 41.782873928624085 ], [ -87.583041225566816, 41.783145707123133 ], [ -87.583204292666238, 41.783145707123133 ], [ -87.583204292666238, 41.782873928624085 ] ] ] } },
{ "type": "Feature", "properties": { "row": 6, "col": 22, "mostly_overlap": true, "overlap_ratio": 1.0, "Type": "Land" }, "geometry": { "type": "Polygon", "coordinates": [ [ [ -87.583041225566816, 41.782873928624085 ], [ -87.582878158467381, 41.782873928624085 ], [ -87.582878158467381, 41.783145707123133 ], [ -87.583041225566816, 41.783145707123133 ], [ -87.583041225566816, 41.782873928624085 ] ] ] } },
{ "type": "Feature", "properties": { "row": 6, "col": 23, "mostly_overlap": true, "overlap_ratio": 1.0, "Type": "Land" }, "geometry": { "type": "Polygon", "coordinates": [ [ [ -87.582878158467381, 41.782873928624085 ], [ -87.582715091367959, 41.782873928624085 ], [ -87.582715091367959, 41.783145707123133 ], [ -87.582878158467381, 41.783145707123133 ], [ -87.582878158467381, 41.782873928624085 ] ] ] } },
{ "type": "Feature", "properties": { "row": 6, "col": 24, "mostly_overlap": true, "overlap_ratio": 1.0, "Type": "Land" }, "geometry": { "type": "Polygon", "coordinates": [ [ [ -87.582715091367959, 41.782873928624085 ], [ -87.582552024268523, 41.782873928624085 ], [ -87.582552024268523, 41.783145707123133 ], [ -87.582715091367959, 41.783145707123133 ], [ -87.582715091367959, 41.782873928624085 ] ] ] } },
{ "type": "Feature", "properties": { "row": 6, "col": 25, "mostly_overlap": true, "overlap_ratio": 0.9945, "Type": "Land" }, "geometry": { "type": "Polygon", "coordinates": [ [ [ -87.582552024268523, 41.782873928624085 ], [ -87.582388957169101, 41.782873928624085 ], [ -87.582388957169101, 41.783145707123133 ], [ -87.582552024268523, 41.783145707123133 ], [ -87.582552024268523, 41.782873928624085 ] ] ] } },
{ "type": "Feature", "properties": { "row": 7, "col": 1, "mostly_overlap": false, "overlap_ratio": 0.4464, "Type": "Land" }, "geometry": { "type": "Polygon", "coordinates": [ [ [ -87.586465634654814, 41.783145707123133 ], [ -87.586302567555393, 41.783145707123133 ], [ -87.586302567555393, 41.783417485622181 ], [ -87.586465634654814, 41.783417485622181 ], [ -87.586465634654814, 41.783145707123133 ] ] ] } },
{ "type": "Feature", "properties": { "row": 7, "col": 2, "mostly_overlap": true, "overlap_ratio": 1.0, "Type": "Land" }, "geometry": { "type": "Polygon", "coordinates": [ [ [ -87.586302567555393, 41.783145707123133 ], [ -87.586139500455957, 41.783145707123133 ], [ -87.586139500455957, 41.783417485622181 ], [ -87.586302567555393, 41.783417485622181 ], [ -87.586302567555393, 41.783145707123133 ] ] ] } },
{ "type": "Feature", "properties": { "row": 7, "col": 3, "mostly_overlap": true, "overlap_ratio": 1.0, "Type": "Land" }, "geometry": { "type": "Polygon", "coordinates": [ [ [ -87.586139500455957, 41.783145707123133 ], [ -87.585976433356535, 41.783145707123133 ], [ -87.585976433356535, 41.783417485622181 ], [ -87.586139500455957, 41.783417485622181 ], [ -87.586139500455957, 41.783145707123133 ] ] ] } },
{ "type": "Feature", "properties": { "row": 7, "col": 4, "mostly_overlap": true, "overlap_ratio": 1.0, "Type": "Land" }, "geometry": { "type": "Polygon", "coordinates": [ [ [ -87.585976433356535, 41.783145707123133 ], [ -87.585813366257099, 41.783145707123133 ], [ -87.585813366257099, 41.783417485622181 ], [ -87.585976433356535, 41.783417485622181 ], [ -87.585976433356535, 41.783145707123133 ] ] ] } },
{ "type": "Feature", "properties": { "row": 7, "col": 5, "mostly_overlap": true, "overlap_ratio": 1.0, "Type": "Land" }, "geometry": { "type": "Polygon", "coordinates": [ [ [ -87.585813366257099, 41.783145707123133 ], [ -87.585650299157678, 41.783145707123133 ], [ -87.585650299157678, 41.783417485622181 ], [ -87.585813366257099, 41.783417485622181 ], [ -87.585813366257099, 41.783145707123133 ] ] ] } },
{ "type": "Feature", "properties": { "row": 7, "col": 6, "mostly_overlap": true, "overlap_ratio": 1.0, "Type": "Land" }, "geometry": { "type": "Polygon", "coordinates": [ [ [ -87.585650299157678, 41.783145707123133 ], [ -87.585487232058242, 41.783145707123133 ], [ -87.585487232058242, 41.783417485622181 ], [ -87.585650299157678, 41.783417485622181 ], [ -87.585650299157678, 41.783145707123133 ] ] ] } },
{ "type": "Feature", "properties": { "row": 7, "col": 7, "mostly_overlap": true, "overlap_ratio": 1.0, "Type": "Land" }, "geometry": { "type": "Polygon", "coordinates": [ [ [ -87.585487232058242, 41.783145707123133 ], [ -87.58532416495882, 41.783145707123133 ], [ -87.58532416495882, 41.783417485622181 ], [ -87.585487232058242, 41.783417485622181 ], [ -87.585487232058242, 41.783145707123133 ] ] ] } },
{ "type": "Feature", "properties": { "row": 7, "col": 8, "mostly_overlap": true, "overlap_ratio": 1.0, "Type": "Land" }, "geometry": { "type": "Polygon", "coordinates": [ [ [ -87.58532416495882, 41.783145707123133 ], [ -87.585161097859384, 41.783145707123133 ], [ -87.585161097859384, 41.783417485622181 ], [ -87.58532416495882, 41.783417485622181 ], [ -87.58532416495882, 41.783145707123133 ] ] ] } },
{ "type": "Feature", "properties": { "row": 7, "col": 9, "mostly_overlap": true, "overlap_ratio": 1.0, "Type": "Land" }, "geometry": { "type": "Polygon", "coordinates": [ [ [ -87.585161097859384, 41.783145707123133 ], [ -87.584998030759962, 41.783145707123133 ], [ -87.584998030759962, 41.783417485622181 ], [ -87.585161097859384, 41.783417485622181 ], [ -87.585161097859384, 41.783145707123133 ] ] ] } },
{ "type": "Feature", "properties": { "row": 7, "col": 10, "mostly_overlap": true, "overlap_ratio": 1.0, "Type": "Land" }, "geometry": { "type": "Polygon", "coordinates": [ [ [ -87.584998030759962, 41.783145707123133 ], [ -87.584834963660526, 41.783145707123133 ], [ -87.584834963660526, 41.783417485622181 ], [ -87.584998030759962, 41.783417485622181 ], [ -87.584998030759962, 41.783145707123133 ] ] ] } },
{ "type": "Feature", "properties": { "row": 7, "col": 11, "mostly_overlap": true, "overlap_ratio": 1.0, "Type": "Land" }, "geometry": { "type": "Polygon", "coordinates": [ [ [ -87.584834963660526, 41.783145707123133 ], [ -87.584671896561105, 41.783145707123133 ], [ -87.584671896561105, 41.783417485622181 ], [ -87.584834963660526, 41.783417485622181 ], [ -87.584834963660526, 41.783145707123133 ] ] ] } },
{ "type": "Feature", "properties": { "row": 7, "col": 12, "mostly_overlap": true, "overlap_ratio": 1.0, "Type": "Land" }, "geometry": { "type": "Polygon", "coordinates": [ [ [ -87.584671896561105, 41.783145707123133 ], [ -87.584508829461669, 41.783145707123133 ], [ -87.584508829461669, 41.783417485622181 ], [ -87.584671896561105, 41.783417485622181 ], [ -87.584671896561105, 41.783145707123133 ] ] ] } },
{ "type": "Feature", "properties": { "row": 7, "col": 13, "mostly_overlap": true, "overlap_ratio": 1.0, "Type": "Land" }, "geometry": { "type": "Polygon", "coordinates": [ [ [ -87.584508829461669, 41.783145707123133 ], [ -87.584345762362247, 41.783145707123133 ], [ -87.584345762362247, 41.783417485622181 ], [ -87.584508829461669, 41.783417485622181 ], [ -87.584508829461669, 41.783145707123133 ] ] ] } },
{ "type": "Feature", "properties": { "row": 7, "col": 14, "mostly_overlap": true, "overlap_ratio": 0.9446, "Type": "Land" }, "geometry": { "type": "Polygon", "coordinates": [ [ [ -87.584345762362247, 41.783145707123133 ], [ -87.584182695262811, 41.783145707123133 ], [ -87.584182695262811, 41.783417485622181 ], [ -87.584345762362247, 41.783417485622181 ], [ -87.584345762362247, 41.783145707123133 ] ] ] } },
{ "type": "Feature", "properties": { "row": 7, "col": 15, "mostly_overlap": false, "overlap_ratio": 0.0151, "Type": "Water" }, "geometry": { "type": "Polygon", "coordinates": [ [ [ -87.584182695262811, 41.783145707123133 ], [ -87.584019628163389, 41.783145707123133 ], [ -87.584019628163389, 41.783417485622181 ], [ -87.584182695262811, 41.783417485622181 ], [ -87.584182695262811, 41.783145707123133 ] ] ] } },
{ "type": "Feature", "properties": { "row": 7, "col": 16, "mostly_overlap": false, "overlap_ratio": 0.0, "Type": "Water" }, "geometry": { "type": "Polygon", "coordinates": [ [ [ -87.584019628163389, 41.783145707123133 ], [ -87.583856561063953, 41.783145707123133 ], [ -87.583856561063953, 41.783417485622181 ], [ -87.584019628163389, 41.783417485622181 ], [ -87.584019628163389, 41.783145707123133 ] ] ] } },
{ "type": "Feature", "properties": { "row": 7, "col": 17, "mostly_overlap": false, "overlap_ratio": 0.0, "Type": "Water" }, "geometry": { "type": "Polygon", "coordinates": [ [ [ -87.583856561063953, 41.783145707123133 ], [ -87.583693493964532, 41.783145707123133 ], [ -87.583693493964532, 41.783417485622181 ], [ -87.583856561063953, 41.783417485622181 ], [ -87.583856561063953, 41.783145707123133 ] ] ] } },
{ "type": "Feature", "properties": { "row": 7, "col": 18, "mostly_overlap": false, "overlap_ratio": 0.0, "Type": "Water" }, "geometry": { "type": "Polygon", "coordinates": [ [ [ -87.583693493964532, 41.783145707123133 ], [ -87.583530426865096, 41.783145707123133 ], [ -87.583530426865096, 41.783417485622181 ], [ -87.583693493964532, 41.783417485622181 ], [ -87.583693493964532, 41.783145707123133 ] ] ] } },
{ "type": "Feature", "properties": { "row": 7, "col": 19, "mostly_overlap": false, "overlap_ratio": 0.0, "Type": "Water" }, "geometry": { "type": "Polygon", "coordinates": [ [ [ -87.583530426865096, 41.783145707123133 ], [ -87.583367359765674, 41.783145707123133 ], [ -87.583367359765674, 41.783417485622181 ], [ -87.583530426865096, 41.783417485622181 ], [ -87.583530426865096, 41.783145707123133 ] ] ] } },
{ "type": "Feature", "properties": { "row": 7, "col": 20, "mostly_overlap": false, "overlap_ratio": 0.0073, "Type": "Water" }, "geometry": { "type": "Polygon", "coordinates": [ [ [ -87.583367359765674, 41.783145707123133 ], [ -87.583204292666238, 41.783145707123133 ], [ -87.583204292666238, 41.783417485622181 ], [ -87.583367359765674, 41.783417485622181 ], [ -87.583367359765674, 41.783145707123133 ] ] ] } },
{ "type": "Feature", "properties": { "row": 7, "col": 21, "mostly_overlap": true, "overlap_ratio": 0.8476, "Type": "Land" }, "geometry": { "type": "Polygon", "coordinates": [ [ [ -87.583204292666238, 41.783145707123133 ], [ -87.583041225566816, 41.783145707123133 ], [ -87.583041225566816, 41.783417485622181 ], [ -87.583204292666238, 41.783417485622181 ], [ -87.583204292666238, 41.783145707123133 ] ] ] } },
{ "type": "Feature", "properties": { "row": 7, "col": 22, "mostly_overlap": true, "overlap_ratio": 1.0, "Type": "Land" }, "geometry": { "type": "Polygon", "coordinates": [ [ [ -87.583041225566816, 41.783145707123133 ], [ -87.582878158467381, 41.783145707123133 ], [ -87.582878158467381, 41.783417485622181 ], [ -87.583041225566816, 41.783417485622181 ], [ -87.583041225566816, 41.783145707123133 ] ] ] } },
{ "type": "Feature", "properties": { "row": 7, "col": 23, "mostly_overlap": true, "overlap_ratio": 1.0, "Type": "Land" }, "geometry": { "type": "Polygon", "coordinates": [ [ [ -87.582878158467381, 41.783145707123133 ], [ -87.582715091367959, 41.783145707123133 ], [ -87.582715091367959, 41.783417485622181 ], [ -87.582878158467381, 41.783417485622181 ], [ -87.582878158467381, 41.783145707123133 ] ] ] } },
{ "type": "Feature", "properties": { "row": 7, "col": 24, "mostly_overlap": true, "overlap_ratio": 1.0, "Type": "Land" }, "geometry": { "type": "Polygon", "coordinates": [ [ [ -87.582715091367959, 41.783145707123133 ], [ -87.582552024268523, 41.783145707123133 ], [ -87.582552024268523, 41.783417485622181 ], [ -87.582715091367959, 41.783417485622181 ], [ -87.582715091367959, 41.783145707123133 ] ] ] } },
{ "type": "Feature", "properties": { "row": 7, "col": 25, "mostly_overlap": true, "overlap_ratio": 0.9935, "Type": "Land" }, "geometry": { "type": "Polygon", "coordinates": [ [ [ -87.582552024268523, 41.783145707123133 ], [ -87.582388957169101, 41.783145707123133 ], [ -87.582388957169101, 41.783417485622181 ], [ -87.582552024268523, 41.783417485622181 ], [ -87.582552024268523, 41.783145707123133 ] ] ] } },
{ "type": "Feature", "properties": { "row": 8, "col": 1, "mostly_overlap": false, "overlap_ratio": 0.4888, "Type": "Land" }, "geometry": { "type": "Polygon", "coordinates": [ [ [ -87.586465634654814, 41.783417485622181 ], [ -87.586302567555393, 41.783417485622181 ], [ -87.586302567555393, 41.783689264121222 ], [ -87.586465634654814, 41.783689264121222 ], [ -87.586465634654814, 41.783417485622181 ] ] ] } },
{ "type": "Feature", "properties": { "row": 8, "col": 2, "mostly_overlap": true, "overlap_ratio": 1.0, "Type": "Land" }, "geometry": { "type": "Polygon", "coordinates": [ [ [ -87.586302567555393, 41.783417485622181 ], [ -87.586139500455957, 41.783417485622181 ], [ -87.586139500455957, 41.783689264121222 ], [ -87.586302567555393, 41.783689264121222 ], [ -87.586302567555393, 41.783417485622181 ] ] ] } },
{ "type": "Feature", "properties": { "row": 8, "col": 3, "mostly_overlap": true, "overlap_ratio": 1.0, "Type": "Land" }, "geometry": { "type": "Polygon", "coordinates": [ [ [ -87.586139500455957, 41.783417485622181 ], [ -87.585976433356535, 41.783417485622181 ], [ -87.585976433356535, 41.783689264121222 ], [ -87.586139500455957, 41.783689264121222 ], [ -87.586139500455957, 41.783417485622181 ] ] ] } },
{ "type": "Feature", "properties": { "row": 8, "col": 4, "mostly_overlap": true, "overlap_ratio": 1.0, "Type": "Land" }, "geometry": { "type": "Polygon", "coordinates": [ [ [ -87.585976433356535, 41.783417485622181 ], [ -87.585813366257099, 41.783417485622181 ], [ -87.585813366257099, 41.783689264121222 ], [ -87.585976433356535, 41.783689264121222 ], [ -87.585976433356535, 41.783417485622181 ] ] ] } },
{ "type": "Feature", "properties": { "row": 8, "col": 5, "mostly_overlap": true, "overlap_ratio": 1.0, "Type": "Land" }, "geometry": { "type": "Polygon", "coordinates": [ [ [ -87.585813366257099, 41.783417485622181 ], [ -87.585650299157678, 41.783417485622181 ], [ -87.585650299157678, 41.783689264121222 ], [ -87.585813366257099, 41.783689264121222 ], [ -87.585813366257099, 41.783417485622181 ] ] ] } },
{ "type": "Feature", "properties": { "row": 8, "col": 6, "mostly_overlap": true, "overlap_ratio": 1.0, "Type": "Land" }, "geometry": { "type": "Polygon", "coordinates": [ [ [ -87.585650299157678, 41.783417485622181 ], [ -87.585487232058242, 41.783417485622181 ], [ -87.585487232058242, 41.783689264121222 ], [ -87.585650299157678, 41.783689264121222 ], [ -87.585650299157678, 41.783417485622181 ] ] ] } },
{ "type": "Feature", "properties": { "row": 8, "col": 7, "mostly_overlap": true, "overlap_ratio": 1.0, "Type": "Land" }, "geometry": { "type": "Polygon", "coordinates": [ [ [ -87.585487232058242, 41.783417485622181 ], [ -87.58532416495882, 41.783417485622181 ], [ -87.58532416495882, 41.783689264121222 ], [ -87.585487232058242, 41.783689264121222 ], [ -87.585487232058242, 41.783417485622181 ] ] ] } },
{ "type": "Feature", "properties": { "row": 8, "col": 8, "mostly_overlap": true, "overlap_ratio": 1.0, "Type": "Land" }, "geometry": { "type": "Polygon", "coordinates": [ [ [ -87.58532416495882, 41.783417485622181 ], [ -87.585161097859384, 41.783417485622181 ], [ -87.585161097859384, 41.783689264121222 ], [ -87.58532416495882, 41.783689264121222 ], [ -87.58532416495882, 41.783417485622181 ] ] ] } },
{ "type": "Feature", "properties": { "row": 8, "col": 9, "mostly_overlap": true, "overlap_ratio": 1.0, "Type": "Land" }, "geometry": { "type": "Polygon", "coordinates": [ [ [ -87.585161097859384, 41.783417485622181 ], [ -87.584998030759962, 41.783417485622181 ], [ -87.584998030759962, 41.783689264121222 ], [ -87.585161097859384, 41.783689264121222 ], [ -87.585161097859384, 41.783417485622181 ] ] ] } },
{ "type": "Feature", "properties": { "row": 8, "col": 10, "mostly_overlap": true, "overlap_ratio": 1.0, "Type": "Land" }, "geometry": { "type": "Polygon", "coordinates": [ [ [ -87.584998030759962, 41.783417485622181 ], [ -87.584834963660526, 41.783417485622181 ], [ -87.584834963660526, 41.783689264121222 ], [ -87.584998030759962, 41.783689264121222 ], [ -87.584998030759962, 41.783417485622181 ] ] ] } },
{ "type": "Feature", "properties": { "row": 8, "col": 11, "mostly_overlap": true, "overlap_ratio": 1.0, "Type": "Land" }, "geometry": { "type": "Polygon", "coordinates": [ [ [ -87.584834963660526, 41.783417485622181 ], [ -87.584671896561105, 41.783417485622181 ], [ -87.584671896561105, 41.783689264121222 ], [ -87.584834963660526, 41.783689264121222 ], [ -87.584834963660526, 41.783417485622181 ] ] ] } },
{ "type": "Feature", "properties": { "row": 8, "col": 12, "mostly_overlap": true, "overlap_ratio": 1.0, "Type": "Land" }, "geometry": { "type": "Polygon", "coordinates": [ [ [ -87.584671896561105, 41.783417485622181 ], [ -87.584508829461669, 41.783417485622181 ], [ -87.584508829461669, 41.783689264121222 ], [ -87.584671896561105, 41.783689264121222 ], [ -87.584671896561105, 41.783417485622181 ] ] ] } },
{ "type": "Feature", "properties": { "row": 8, "col": 13, "mostly_overlap": true, "overlap_ratio": 1.0, "Type": "Land" }, "geometry": { "type": "Polygon", "coordinates": [ [ [ -87.584508829461669, 41.783417485622181 ], [ -87.584345762362247, 41.783417485622181 ], [ -87.584345762362247, 41.783689264121222 ], [ -87.584508829461669, 41.783689264121222 ], [ -87.584508829461669, 41.783417485622181 ] ] ] } },
{ "type": "Feature", "properties": { "row": 8, "col": 14, "mostly_overlap": true, "overlap_ratio": 1.0, "Type": "Land" }, "geometry": { "type": "Polygon", "coordinates": [ [ [ -87.584345762362247, 41.783417485622181 ], [ -87.584182695262811, 41.783417485622181 ], [ -87.584182695262811, 41.783689264121222 ], [ -87.584345762362247, 41.783689264121222 ], [ -87.584345762362247, 41.783417485622181 ] ] ] } },
{ "type": "Feature", "properties": { "row": 8, "col": 15, "mostly_overlap": false, "overlap_ratio": 0.1081, "Type": "Water" }, "geometry": { "type": "Polygon", "coordinates": [ [ [ -87.584182695262811, 41.783417485622181 ], [ -87.584019628163389, 41.783417485622181 ], [ -87.584019628163389, 41.783689264121222 ], [ -87.584182695262811, 41.783689264121222 ], [ -87.584182695262811, 41.783417485622181 ] ] ] } },
{ "type": "Feature", "properties": { "row": 8, "col": 16, "mostly_overlap": false, "overlap_ratio": 0.0, "Type": "Water" }, "geometry": { "type": "Polygon", "coordinates": [ [ [ -87.584019628163389, 41.783417485622181 ], [ -87.583856561063953, 41.783417485622181 ], [ -87.583856561063953, 41.783689264121222 ], [ -87.584019628163389, 41.783689264121222 ], [ -87.584019628163389, 41.783417485622181 ] ] ] } },
{ "type": "Feature", "properties": { "row": 8, "col": 17, "mostly_overlap": false, "overlap_ratio": 0.0, "Type": "Water" }, "geometry": { "type": "Polygon", "coordinates": [ [ [ -87.583856561063953, 41.783417485622181 ], [ -87.583693493964532, 41.783417485622181 ], [ -87.583693493964532, 41.783689264121222 ], [ -87.583856561063953, 41.783689264121222 ], [ -87.583856561063953, 41.783417485622181 ] ] ] } },
{ "type": "Feature", "properties": { "row": 8, "col": 18, "mostly_overlap": false, "overlap_ratio": 0.0, "Type": "Water" }, "geometry": { "type": "Polygon", "coordinates": [ [ [ -87.583693493964532, 41.783417485622181 ], [ -87.583530426865096, 41.783417485622181 ], [ -87.583530426865096, 41.783689264121222 ], [ -87.583693493964532, 41.783689264121222 ], [ -87.583693493964532, 41.783417485622181 ] ] ] } },
{ "type": "Feature", "properties": { "row": 8, "col": 19, "mostly_overlap": false, "overlap_ratio": 0.0, "Type": "Water" }, "geometry": { "type": "Polygon", "coordinates": [ [ [ -87.583530426865096, 41.783417485622181 ], [ -87.583367359765674, 41.783417485622181 ], [ -87.583367359765674, 41.783689264121222 ], [ -87.583530426865096, 41.783689264121222 ], [ -87.583530426865096, 41.783417485622181 ] ] ] } },
{ "type": "Feature", "properties": { "row": 8, "col": 20, "mostly_overlap": false, "overlap_ratio": 0.0215, "Type": "Water" }, "geometry": { "type": "Polygon", "coordinates": [ [ [ -87.583367359765674, 41.783417485622181 ], [ -87.583204292666238, 41.783417485622181 ], [ -87.583204292666238, 41.783689264121222 ], [ -87.583367359765674, 41.783689264121222 ], [ -87.583367359765674, 41.783417485622181 ] ] ] } },
{ "type": "Feature", "properties": { "row": 8, "col": 21, "mostly_overlap": true, "overlap_ratio": 0.7961, "Type": "Land" }, "geometry": { "type": "Polygon", "coordinates": [ [ [ -87.583204292666238, 41.783417485622181 ], [ -87.583041225566816, 41.783417485622181 ], [ -87.583041225566816, 41.783689264121222 ], [ -87.583204292666238, 41.783689264121222 ], [ -87.583204292666238, 41.783417485622181 ] ] ] } },
{ "type": "Feature", "properties": { "row": 8, "col": 22, "mostly_overlap": true, "overlap_ratio": 1.0, "Type": "Land" }, "geometry": { "type": "Polygon", "coordinates": [ [ [ -87.583041225566816, 41.783417485622181 ], [ -87.582878158467381, 41.783417485622181 ], [ -87.582878158467381, 41.783689264121222 ], [ -87.583041225566816, 41.783689264121222 ], [ -87.583041225566816, 41.783417485622181 ] ] ] } },
{ "type": "Feature", "properties": { "row": 8, "col": 23, "mostly_overlap": true, "overlap_ratio": 1.0, "Type": "Land" }, "geometry": { "type": "Polygon", "coordinates": [ [ [ -87.582878158467381, 41.783417485622181 ], [ -87.582715091367959, 41.783417485622181 ], [ -87.582715091367959, 41.783689264121222 ], [ -87.582878158467381, 41.783689264121222 ], [ -87.582878158467381, 41.783417485622181 ] ] ] } },
{ "type": "Feature", "properties": { "row": 8, "col": 24, "mostly_overlap": true, "overlap_ratio": 1.0, "Type": "Land" }, "geometry": { "type": "Polygon", "coordinates": [ [ [ -87.582715091367959, 41.783417485622181 ], [ -87.582552024268523, 41.783417485622181 ], [ -87.582552024268523, 41.783689264121222 ], [ -87.582715091367959, 41.783689264121222 ], [ -87.582715091367959, 41.783417485622181 ] ] ] } },
{ "type": "Feature", "properties": { "row": 8, "col": 25, "mostly_overlap": true, "overlap_ratio": 0.9925, "Type": "Land" }, "geometry": { "type": "Polygon", "coordinates": [ [ [ -87.582552024268523, 41.783417485622181 ], [ -87.582388957169101, 41.783417485622181 ], [ -87.582388957169101, 41.783689264121222 ], [ -87.582552024268523, 41.783689264121222 ], [ -87.582552024268523, 41.783417485622181 ] ] ] } },
{ "type": "Feature", "properties": { "row": 9, "col": 1, "mostly_overlap": true, "overlap_ratio": 0.5312, "Type": "Land" }, "geometry": { "type": "Polygon", "coordinates": [ [ [ -87.586465634654814, 41.783689264121222 ], [ -87.586302567555393, 41.783689264121222 ], [ -87.586302567555393, 41.78396104262027 ], [ -87.586465634654814, 41.78396104262027 ], [ -87.586465634654814, 41.783689264121222 ] ] ] } },
{ "type": "Feature", "properties": { "row": 9, "col": 2, "mostly_overlap": true, "overlap_ratio": 1.0, "Type": "Land" }, "geometry": { "type": "Polygon", "coordinates": [ [ [ -87.586302567555393, 41.783689264121222 ], [ -87.586139500455957, 41.783689264121222 ], [ -87.586139500455957, 41.78396104262027 ], [ -87.586302567555393, 41.78396104262027 ], [ -87.586302567555393, 41.783689264121222 ] ] ] } },
{ "type": "Feature", "properties": { "row": 9, "col": 3, "mostly_overlap": true, "overlap_ratio": 1.0, "Type": "Land" }, "geometry": { "type": "Polygon", "coordinates": [ [ [ -87.586139500455957, 41.783689264121222 ], [ -87.585976433356535, 41.783689264121222 ], [ -87.585976433356535, 41.78396104262027 ], [ -87.586139500455957, 41.78396104262027 ], [ -87.586139500455957, 41.783689264121222 ] ] ] } },
{ "type": "Feature", "properties": { "row": 9, "col": 4, "mostly_overlap": true, "overlap_ratio": 1.0, "Type": "Land" }, "geometry": { "type": "Polygon", "coordinates": [ [ [ -87.585976433356535, 41.783689264121222 ], [ -87.585813366257099, 41.783689264121222 ], [ -87.585813366257099, 41.78396104262027 ], [ -87.585976433356535, 41.78396104262027 ], [ -87.585976433356535, 41.783689264121222 ] ] ] } },
{ "type": "Feature", "properties": { "row": 9, "col": 5, "mostly_overlap": true, "overlap_ratio": 1.0, "Type": "Building" }, "geometry": { "type": "Polygon", "coordinates": [ [ [ -87.585813366257099, 41.783689264121222 ], [ -87.585650299157678, 41.783689264121222 ], [ -87.585650299157678, 41.78396104262027 ], [ -87.585813366257099, 41.78396104262027 ], [ -87.585813366257099, 41.783689264121222 ] ] ] } },
{ "type": "Feature", "properties": { "row": 9, "col": 6, "mostly_overlap": true, "overlap_ratio": 1.0, "Type": "Building" }, "geometry": { "type": "Polygon", "coordinates": [ [ [ -87.585650299157678, 41.783689264121222 ], [ -87.585487232058242, 41.783689264121222 ], [ -87.585487232058242, 41.78396104262027 ], [ -87.585650299157678, 41.78396104262027 ], [ -87.585650299157678, 41.783689264121222 ] ] ] } },
{ "type": "Feature", "properties": { "row": 9, "col": 7, "mostly_overlap": true, "overlap_ratio": 1.0, "Type": "Building" }, "geometry": { "type": "Polygon", "coordinates": [ [ [ -87.585487232058242, 41.783689264121222 ], [ -87.58532416495882, 41.783689264121222 ], [ -87.58532416495882, 41.78396104262027 ], [ -87.585487232058242, 41.78396104262027 ], [ -87.585487232058242, 41.783689264121222 ] ] ] } },
{ "type": "Feature", "properties": { "row": 9, "col": 8, "mostly_overlap": true, "overlap_ratio": 1.0, "Type": "Building" }, "geometry": { "type": "Polygon", "coordinates": [ [ [ -87.58532416495882, 41.783689264121222 ], [ -87.585161097859384, 41.783689264121222 ], [ -87.585161097859384, 41.78396104262027 ], [ -87.58532416495882, 41.78396104262027 ], [ -87.58532416495882, 41.783689264121222 ] ] ] } },
{ "type": "Feature", "properties": { "row": 9, "col": 9, "mostly_overlap": true, "overlap_ratio": 1.0, "Type": "Land" }, "geometry": { "type": "Polygon", "coordinates": [ [ [ -87.585161097859384, 41.783689264121222 ], [ -87.584998030759962, 41.783689264121222 ], [ -87.584998030759962, 41.78396104262027 ], [ -87.585161097859384, 41.78396104262027 ], [ -87.585161097859384, 41.783689264121222 ] ] ] } },
{ "type": "Feature", "properties": { "row": 9, "col": 10, "mostly_overlap": true, "overlap_ratio": 1.0, "Type": "Land" }, "geometry": { "type": "Polygon", "coordinates": [ [ [ -87.584998030759962, 41.783689264121222 ], [ -87.584834963660526, 41.783689264121222 ], [ -87.584834963660526, 41.78396104262027 ], [ -87.584998030759962, 41.78396104262027 ], [ -87.584998030759962, 41.783689264121222 ] ] ] } },
{ "type": "Feature", "properties": { "row": 9, "col": 11, "mostly_overlap": true, "overlap_ratio": 1.0, "Type": "Land" }, "geometry": { "type": "Polygon", "coordinates": [ [ [ -87.584834963660526, 41.783689264121222 ], [ -87.584671896561105, 41.783689264121222 ], [ -87.584671896561105, 41.78396104262027 ], [ -87.584834963660526, 41.78396104262027 ], [ -87.584834963660526, 41.783689264121222 ] ] ] } },
{ "type": "Feature", "properties": { "row": 9, "col": 12, "mostly_overlap": true, "overlap_ratio": 1.0, "Type": "Land" }, "geometry": { "type": "Polygon", "coordinates": [ [ [ -87.584671896561105, 41.783689264121222 ], [ -87.584508829461669, 41.783689264121222 ], [ -87.584508829461669, 41.78396104262027 ], [ -87.584671896561105, 41.78396104262027 ], [ -87.584671896561105, 41.783689264121222 ] ] ] } },
{ "type": "Feature", "properties": { "row": 9, "col": 13, "mostly_overlap": true, "overlap_ratio": 1.0, "Type": "Land" }, "geometry": { "type": "Polygon", "coordinates": [ [ [ -87.584508829461669, 41.783689264121222 ], [ -87.584345762362247, 41.783689264121222 ], [ -87.584345762362247, 41.78396104262027 ], [ -87.584508829461669, 41.78396104262027 ], [ -87.584508829461669, 41.783689264121222 ] ] ] } },
{ "type": "Feature", "properties": { "row": 9, "col": 14, "mostly_overlap": true, "overlap_ratio": 1.0, "Type": "Land" }, "geometry": { "type": "Polygon", "coordinates": [ [ [ -87.584345762362247, 41.783689264121222 ], [ -87.584182695262811, 41.783689264121222 ], [ -87.584182695262811, 41.78396104262027 ], [ -87.584345762362247, 41.78396104262027 ], [ -87.584345762362247, 41.783689264121222 ] ] ] } },
{ "type": "Feature", "properties": { "row": 9, "col": 15, "mostly_overlap": false, "overlap_ratio": 0.1797, "Type": "Water" }, "geometry": { "type": "Polygon", "coordinates": [ [ [ -87.584182695262811, 41.783689264121222 ], [ -87.584019628163389, 41.783689264121222 ], [ -87.584019628163389, 41.78396104262027 ], [ -87.584182695262811, 41.78396104262027 ], [ -87.584182695262811, 41.783689264121222 ] ] ] } },
{ "type": "Feature", "properties": { "row": 9, "col": 16, "mostly_overlap": false, "overlap_ratio": 0.0, "Type": "Water" }, "geometry": { "type": "Polygon", "coordinates": [ [ [ -87.584019628163389, 41.783689264121222 ], [ -87.583856561063953, 41.783689264121222 ], [ -87.583856561063953, 41.78396104262027 ], [ -87.584019628163389, 41.78396104262027 ], [ -87.584019628163389, 41.783689264121222 ] ] ] } },
{ "type": "Feature", "properties": { "row": 9, "col": 17, "mostly_overlap": false, "overlap_ratio": 0.0, "Type": "Water" }, "geometry": { "type": "Polygon", "coordinates": [ [ [ -87.583856561063953, 41.783689264121222 ], [ -87.583693493964532, 41.783689264121222 ], [ -87.583693493964532, 41.78396104262027 ], [ -87.583856561063953, 41.78396104262027 ], [ -87.583856561063953, 41.783689264121222 ] ] ] } },
{ "type": "Feature", "properties": { "row": 9, "col": 18, "mostly_overlap": false, "overlap_ratio": 0.0, "Type": "Water" }, "geometry": { "type": "Polygon", "coordinates": [ [ [ -87.583693493964532, 41.783689264121222 ], [ -87.583530426865096, 41.783689264121222 ], [ -87.583530426865096, 41.78396104262027 ], [ -87.583693493964532, 41.78396104262027 ], [ -87.583693493964532, 41.783689264121222 ] ] ] } },
{ "type": "Feature", "properties": { "row": 9, "col": 19, "mostly_overlap": false, "overlap_ratio": 0.0, "Type": "Water" }, "geometry": { "type": "Polygon", "coordinates": [ [ [ -87.583530426865096, 41.783689264121222 ], [ -87.583367359765674, 41.783689264121222 ], [ -87.583367359765674, 41.78396104262027 ], [ -87.583530426865096, 41.78396104262027 ], [ -87.583530426865096, 41.783689264121222 ] ] ] } },
{ "type": "Feature", "properties": { "row": 9, "col": 20, "mostly_overlap": false, "overlap_ratio": 0.185, "Type": "Water" }, "geometry": { "type": "Polygon", "coordinates": [ [ [ -87.583367359765674, 41.783689264121222 ], [ -87.583204292666238, 41.783689264121222 ], [ -87.583204292666238, 41.78396104262027 ], [ -87.583367359765674, 41.78396104262027 ], [ -87.583367359765674, 41.783689264121222 ] ] ] } },
{ "type": "Feature", "properties": { "row": 9, "col": 21, "mostly_overlap": true, "overlap_ratio": 0.911, "Type": "Land" }, "geometry": { "type": "Polygon", "coordinates": [ [ [ -87.583204292666238, 41.783689264121222 ], [ -87.583041225566816, 41.783689264121222 ], [ -87.583041225566816, 41.78396104262027 ], [ -87.583204292666238, 41.78396104262027 ], [ -87.583204292666238, 41.783689264121222 ] ] ] } },
{ "type": "Feature", "properties": { "row": 9, "col": 22, "mostly_overlap": true, "overlap_ratio": 1.0, "Type": "Land" }, "geometry": { "type": "Polygon", "coordinates": [ [ [ -87.583041225566816, 41.783689264121222 ], [ -87.582878158467381, 41.783689264121222 ], [ -87.582878158467381, 41.78396104262027 ], [ -87.583041225566816, 41.78396104262027 ], [ -87.583041225566816, 41.783689264121222 ] ] ] } },
{ "type": "Feature", "properties": { "row": 9, "col": 23, "mostly_overlap": true, "overlap_ratio": 1.0, "Type": "Land" }, "geometry": { "type": "Polygon", "coordinates": [ [ [ -87.582878158467381, 41.783689264121222 ], [ -87.582715091367959, 41.783689264121222 ], [ -87.582715091367959, 41.78396104262027 ], [ -87.582878158467381, 41.78396104262027 ], [ -87.582878158467381, 41.783689264121222 ] ] ] } },
{ "type": "Feature", "properties": { "row": 9, "col": 24, "mostly_overlap": true, "overlap_ratio": 1.0, "Type": "Land" }, "geometry": { "type": "Polygon", "coordinates": [ [ [ -87.582715091367959, 41.783689264121222 ], [ -87.582552024268523, 41.783689264121222 ], [ -87.582552024268523, 41.78396104262027 ], [ -87.582715091367959, 41.78396104262027 ], [ -87.582715091367959, 41.783689264121222 ] ] ] } },
{ "type": "Feature", "properties": { "row": 9, "col": 25, "mostly_overlap": true, "overlap_ratio": 0.9915, "Type": "Land" }, "geometry": { "type": "Polygon", "coordinates": [ [ [ -87.582552024268523, 41.783689264121222 ], [ -87.582388957169101, 41.783689264121222 ], [ -87.582388957169101, 41.78396104262027 ], [ -87.582552024268523, 41.78396104262027 ], [ -87.582552024268523, 41.783689264121222 ] ] ] } },
{ "type": "Feature", "properties": { "row": 10, "col": 1, "mostly_overlap": true, "overlap_ratio": 0.5736, "Type": "Land" }, "geometry": { "type": "Polygon", "coordinates": [ [ [ -87.586465634654814, 41.78396104262027 ], [ -87.586302567555393, 41.78396104262027 ], [ -87.586302567555393, 41.784232821119318 ], [ -87.586465634654814, 41.784232821119318 ], [ -87.586465634654814, 41.78396104262027 ] ] ] } },
{ "type": "Feature", "properties": { "row": 10, "col": 2, "mostly_overlap": true, "overlap_ratio": 1.0, "Type": "Land" }, "geometry": { "type": "Polygon", "coordinates": [ [ [ -87.586302567555393, 41.78396104262027 ], [ -87.586139500455957, 41.78396104262027 ], [ -87.586139500455957, 41.784232821119318 ], [ -87.586302567555393, 41.784232821119318 ], [ -87.586302567555393, 41.78396104262027 ] ] ] } },
{ "type": "Feature", "properties": { "row": 10, "col": 3, "mostly_overlap": true, "overlap_ratio": 1.0, "Type": "Land" }, "geometry": { "type": "Polygon", "coordinates": [ [ [ -87.586139500455957, 41.78396104262027 ], [ -87.585976433356535, 41.78396104262027 ], [ -87.585976433356535, 41.784232821119318 ], [ -87.586139500455957, 41.784232821119318 ], [ -87.586139500455957, 41.78396104262027 ] ] ] } },
{ "type": "Feature", "properties": { "row": 10, "col": 4, "mostly_overlap": true, "overlap_ratio": 1.0, "Type": "Land" }, "geometry": { "type": "Polygon", "coordinates": [ [ [ -87.585976433356535, 41.78396104262027 ], [ -87.585813366257099, 41.78396104262027 ], [ -87.585813366257099, 41.784232821119318 ], [ -87.585976433356535, 41.784232821119318 ], [ -87.585976433356535, 41.78396104262027 ] ] ] } },
{ "type": "Feature", "properties": { "row": 10, "col": 5, "mostly_overlap": true, "overlap_ratio": 1.0, "Type": "Building" }, "geometry": { "type": "Polygon", "coordinates": [ [ [ -87.585813366257099, 41.78396104262027 ], [ -87.585650299157678, 41.78396104262027 ], [ -87.585650299157678, 41.784232821119318 ], [ -87.585813366257099, 41.784232821119318 ], [ -87.585813366257099, 41.78396104262027 ] ] ] } },
{ "type": "Feature", "properties": { "row": 10, "col": 6, "mostly_overlap": true, "overlap_ratio": 1.0, "Type": "Building" }, "geometry": { "type": "Polygon", "coordinates": [ [ [ -87.585650299157678, 41.78396104262027 ], [ -87.585487232058242, 41.78396104262027 ], [ -87.585487232058242, 41.784232821119318 ], [ -87.585650299157678, 41.784232821119318 ], [ -87.585650299157678, 41.78396104262027 ] ] ] } },
{ "type": "Feature", "properties": { "row": 10, "col": 7, "mostly_overlap": true, "overlap_ratio": 1.0, "Type": "Building" }, "geometry": { "type": "Polygon", "coordinates": [ [ [ -87.585487232058242, 41.78396104262027 ], [ -87.58532416495882, 41.78396104262027 ], [ -87.58532416495882, 41.784232821119318 ], [ -87.585487232058242, 41.784232821119318 ], [ -87.585487232058242, 41.78396104262027 ] ] ] } },
{ "type": "Feature", "properties": { "row": 10, "col": 8, "mostly_overlap": true, "overlap_ratio": 1.0, "Type": "Building" }, "geometry": { "type": "Polygon", "coordinates": [ [ [ -87.58532416495882, 41.78396104262027 ], [ -87.585161097859384, 41.78396104262027 ], [ -87.585161097859384, 41.784232821119318 ], [ -87.58532416495882, 41.784232821119318 ], [ -87.58532416495882, 41.78396104262027 ] ] ] } },
{ "type": "Feature", "properties": { "row": 10, "col": 9, "mostly_overlap": true, "overlap_ratio": 1.0, "Type": "Land" }, "geometry": { "type": "Polygon", "coordinates": [ [ [ -87.585161097859384, 41.78396104262027 ], [ -87.584998030759962, 41.78396104262027 ], [ -87.584998030759962, 41.784232821119318 ], [ -87.585161097859384, 41.784232821119318 ], [ -87.585161097859384, 41.78396104262027 ] ] ] } },
{ "type": "Feature", "properties": { "row": 10, "col": 10, "mostly_overlap": true, "overlap_ratio": 1.0, "Type": "Land" }, "geometry": { "type": "Polygon", "coordinates": [ [ [ -87.584998030759962, 41.78396104262027 ], [ -87.584834963660526, 41.78396104262027 ], [ -87.584834963660526, 41.784232821119318 ], [ -87.584998030759962, 41.784232821119318 ], [ -87.584998030759962, 41.78396104262027 ] ] ] } },
{ "type": "Feature", "properties": { "row": 10, "col": 11, "mostly_overlap": true, "overlap_ratio": 1.0, "Type": "Land" }, "geometry": { "type": "Polygon", "coordinates": [ [ [ -87.584834963660526, 41.78396104262027 ], [ -87.584671896561105, 41.78396104262027 ], [ -87.584671896561105, 41.784232821119318 ], [ -87.584834963660526, 41.784232821119318 ], [ -87.584834963660526, 41.78396104262027 ] ] ] } },
{ "type": "Feature", "properties": { "row": 10, "col": 12, "mostly_overlap": true, "overlap_ratio": 1.0, "Type": "Land" }, "geometry": { "type": "Polygon", "coordinates": [ [ [ -87.584671896561105, 41.78396104262027 ], [ -87.584508829461669, 41.78396104262027 ], [ -87.584508829461669, 41.784232821119318 ], [ -87.584671896561105, 41.784232821119318 ], [ -87.584671896561105, 41.78396104262027 ] ] ] } },
{ "type": "Feature", "properties": { "row": 10, "col": 13, "mostly_overlap": true, "overlap_ratio": 1.0, "Type": "Land" }, "geometry": { "type": "Polygon", "coordinates": [ [ [ -87.584508829461669, 41.78396104262027 ], [ -87.584345762362247, 41.78396104262027 ], [ -87.584345762362247, 41.784232821119318 ], [ -87.584508829461669, 41.784232821119318 ], [ -87.584508829461669, 41.78396104262027 ] ] ] } },
{ "type": "Feature", "properties": { "row": 10, "col": 14, "mostly_overlap": true, "overlap_ratio": 1.0, "Type": "Land" }, "geometry": { "type": "Polygon", "coordinates": [ [ [ -87.584345762362247, 41.78396104262027 ], [ -87.584182695262811, 41.78396104262027 ], [ -87.584182695262811, 41.784232821119318 ], [ -87.584345762362247, 41.784232821119318 ], [ -87.584345762362247, 41.78396104262027 ] ] ] } },
{ "type": "Feature", "properties": { "row": 10, "col": 15, "mostly_overlap": false, "overlap_ratio": 0.2009, "Type": "Water" }, "geometry": { "type": "Polygon", "coordinates": [ [ [ -87.584182695262811, 41.78396104262027 ], [ -87.584019628163389, 41.78396104262027 ], [ -87.584019628163389, 41.784232821119318 ], [ -87.584182695262811, 41.784232821119318 ], [ -87.584182695262811, 41.78396104262027 ] ] ] } },
{ "type": "Feature", "properties": { "row": 10, "col": 16, "mostly_overlap": false, "overlap_ratio": 0.0, "Type": "Water" }, "geometry": { "type": "Polygon", "coordinates": [ [ [ -87.584019628163389, 41.78396104262027 ], [ -87.583856561063953, 41.78396104262027 ], [ -87.583856561063953, 41.784232821119318 ], [ -87.584019628163389, 41.784232821119318 ], [ -87.584019628163389, 41.78396104262027 ] ] ] } },
{ "type": "Feature", "properties": { "row": 10, "col": 17, "mostly_overlap": false, "overlap_ratio": 0.0, "Type": "Water" }, "geometry": { "type": "Polygon", "coordinates": [ [ [ -87.583856561063953, 41.78396104262027 ], [ -87.583693493964532, 41.78396104262027 ], [ -87.583693493964532, 41.784232821119318 ], [ -87.583856561063953, 41.784232821119318 ], [ -87.583856561063953, 41.78396104262027 ] ] ] } },
{ "type": "Feature", "properties": { "row": 10, "col": 18, "mostly_overlap": false, "overlap_ratio": 0.0, "Type": "Water" }, "geometry": { "type": "Polygon", "coordinates": [ [ [ -87.583693493964532, 41.78396104262027 ], [ -87.583530426865096, 41.78396104262027 ], [ -87.583530426865096, 41.784232821119318 ], [ -87.583693493964532, 41.784232821119318 ], [ -87.583693493964532, 41.78396104262027 ] ] ] } },
{ "type": "Feature", "properties": { "row": 10, "col": 19, "mostly_overlap": false, "overlap_ratio": 0.0, "Type": "Water" }, "geometry": { "type": "Polygon", "coordinates": [ [ [ -87.583530426865096, 41.78396104262027 ], [ -87.583367359765674, 41.78396104262027 ], [ -87.583367359765674, 41.784232821119318 ], [ -87.583530426865096, 41.784232821119318 ], [ -87.583530426865096, 41.78396104262027 ] ] ] } },
{ "type": "Feature", "properties": { "row": 10, "col": 20, "mostly_overlap": false, "overlap_ratio": 0.1657, "Type": "Water" }, "geometry": { "type": "Polygon", "coordinates": [ [ [ -87.583367359765674, 41.78396104262027 ], [ -87.583204292666238, 41.78396104262027 ], [ -87.583204292666238, 41.784232821119318 ], [ -87.583367359765674, 41.784232821119318 ], [ -87.583367359765674, 41.78396104262027 ] ] ] } },
{ "type": "Feature", "properties": { "row": 10, "col": 21, "mostly_overlap": true, "overlap_ratio": 0.994, "Type": "Land" }, "geometry": { "type": "Polygon", "coordinates": [ [ [ -87.583204292666238, 41.78396104262027 ], [ -87.583041225566816, 41.78396104262027 ], [ -87.583041225566816, 41.784232821119318 ], [ -87.583204292666238, 41.784232821119318 ], [ -87.583204292666238, 41.78396104262027 ] ] ] } },
{ "type": "Feature", "properties": { "row": 10, "col": 22, "mostly_overlap": true, "overlap_ratio": 1.0, "Type": "Land" }, "geometry": { "type": "Polygon", "coordinates": [ [ [ -87.583041225566816, 41.78396104262027 ], [ -87.582878158467381, 41.78396104262027 ], [ -87.582878158467381, 41.784232821119318 ], [ -87.583041225566816, 41.784232821119318 ], [ -87.583041225566816, 41.78396104262027 ] ] ] } },
{ "type": "Feature", "properties": { "row": 10, "col": 23, "mostly_overlap": true, "overlap_ratio": 1.0, "Type": "Land" }, "geometry": { "type": "Polygon", "coordinates": [ [ [ -87.582878158467381, 41.78396104262027 ], [ -87.582715091367959, 41.78396104262027 ], [ -87.582715091367959, 41.784232821119318 ], [ -87.582878158467381, 41.784232821119318 ], [ -87.582878158467381, 41.78396104262027 ] ] ] } },
{ "type": "Feature", "properties": { "row": 10, "col": 24, "mostly_overlap": true, "overlap_ratio": 1.0, "Type": "Land" }, "geometry": { "type": "Polygon", "coordinates": [ [ [ -87.582715091367959, 41.78396104262027 ], [ -87.582552024268523, 41.78396104262027 ], [ -87.582552024268523, 41.784232821119318 ], [ -87.582715091367959, 41.784232821119318 ], [ -87.582715091367959, 41.78396104262027 ] ] ] } },
{ "type": "Feature", "properties": { "row": 10, "col": 25, "mostly_overlap": true, "overlap_ratio": 0.9905, "Type": "Land" }, "geometry": { "type": "Polygon", "coordinates": [ [ [ -87.582552024268523, 41.78396104262027 ], [ -87.582388957169101, 41.78396104262027 ], [ -87.582388957169101, 41.784232821119318 ], [ -87.582552024268523, 41.784232821119318 ], [ -87.582552024268523, 41.78396104262027 ] ] ] } },
{ "type": "Feature", "properties": { "row": 11, "col": 1, "mostly_overlap": true, "overlap_ratio": 0.616, "Type": "Land" }, "geometry": { "type": "Polygon", "coordinates": [ [ [ -87.586465634654814, 41.784232821119318 ], [ -87.586302567555393, 41.784232821119318 ], [ -87.586302567555393, 41.784504599618366 ], [ -87.586465634654814, 41.784504599618366 ], [ -87.586465634654814, 41.784232821119318 ] ] ] } },
{ "type": "Feature", "properties": { "row": 11, "col": 2, "mostly_overlap": true, "overlap_ratio": 1.0, "Type": "Land" }, "geometry": { "type": "Polygon", "coordinates": [ [ [ -87.586302567555393, 41.784232821119318 ], [ -87.586139500455957, 41.784232821119318 ], [ -87.586139500455957, 41.784504599618366 ], [ -87.586302567555393, 41.784504599618366 ], [ -87.586302567555393, 41.784232821119318 ] ] ] } },
{ "type": "Feature", "properties": { "row": 11, "col": 3, "mostly_overlap": true, "overlap_ratio": 1.0, "Type": "Building" }, "geometry": { "type": "Polygon", "coordinates": [ [ [ -87.586139500455957, 41.784232821119318 ], [ -87.585976433356535, 41.784232821119318 ], [ -87.585976433356535, 41.784504599618366 ], [ -87.586139500455957, 41.784504599618366 ], [ -87.586139500455957, 41.784232821119318 ] ] ] } },
{ "type": "Feature", "properties": { "row": 11, "col": 4, "mostly_overlap": true, "overlap_ratio": 1.0, "Type": "Building" }, "geometry": { "type": "Polygon", "coordinates": [ [ [ -87.585976433356535, 41.784232821119318 ], [ -87.585813366257099, 41.784232821119318 ], [ -87.585813366257099, 41.784504599618366 ], [ -87.585976433356535, 41.784504599618366 ], [ -87.585976433356535, 41.784232821119318 ] ] ] } },
{ "type": "Feature", "properties": { "row": 11, "col": 5, "mostly_overlap": true, "overlap_ratio": 1.0, "Type": "Building" }, "geometry": { "type": "Polygon", "coordinates": [ [ [ -87.585813366257099, 41.784232821119318 ], [ -87.585650299157678, 41.784232821119318 ], [ -87.585650299157678, 41.784504599618366 ], [ -87.585813366257099, 41.784504599618366 ], [ -87.585813366257099, 41.784232821119318 ] ] ] } },
{ "type": "Feature", "properties": { "row": 11, "col": 6, "mostly_overlap": true, "overlap_ratio": 1.0, "Type": "Building" }, "geometry": { "type": "Polygon", "coordinates": [ [ [ -87.585650299157678, 41.784232821119318 ], [ -87.585487232058242, 41.784232821119318 ], [ -87.585487232058242, 41.784504599618366 ], [ -87.585650299157678, 41.784504599618366 ], [ -87.585650299157678, 41.784232821119318 ] ] ] } },
{ "type": "Feature", "properties": { "row": 11, "col": 7, "mostly_overlap": true, "overlap_ratio": 1.0, "Type": "Building" }, "geometry": { "type": "Polygon", "coordinates": [ [ [ -87.585487232058242, 41.784232821119318 ], [ -87.58532416495882, 41.784232821119318 ], [ -87.58532416495882, 41.784504599618366 ], [ -87.585487232058242, 41.784504599618366 ], [ -87.585487232058242, 41.784232821119318 ] ] ] } },
{ "type": "Feature", "properties": { "row": 11, "col": 8, "mostly_overlap": true, "overlap_ratio": 1.0, "Type": "Building" }, "geometry": { "type": "Polygon", "coordinates": [ [ [ -87.58532416495882, 41.784232821119318 ], [ -87.585161097859384, 41.784232821119318 ], [ -87.585161097859384, 41.784504599618366 ], [ -87.58532416495882, 41.784504599618366 ], [ -87.58532416495882, 41.784232821119318 ] ] ] } },
{ "type": "Feature", "properties": { "row": 11, "col": 9, "mostly_overlap": true, "overlap_ratio": 1.0, "Type": "Land" }, "geometry": { "type": "Polygon", "coordinates": [ [ [ -87.585161097859384, 41.784232821119318 ], [ -87.584998030759962, 41.784232821119318 ], [ -87.584998030759962, 41.784504599618366 ], [ -87.585161097859384, 41.784504599618366 ], [ -87.585161097859384, 41.784232821119318 ] ] ] } },
{ "type": "Feature", "properties": { "row": 11, "col": 10, "mostly_overlap": true, "overlap_ratio": 1.0, "Type": "Land" }, "geometry": { "type": "Polygon", "coordinates": [ [ [ -87.584998030759962, 41.784232821119318 ], [ -87.584834963660526, 41.784232821119318 ], [ -87.584834963660526, 41.784504599618366 ], [ -87.584998030759962, 41.784504599618366 ], [ -87.584998030759962, 41.784232821119318 ] ] ] } },
{ "type": "Feature", "properties": { "row": 11, "col": 11, "mostly_overlap": true, "overlap_ratio": 1.0, "Type": "Land" }, "geometry": { "type": "Polygon", "coordinates": [ [ [ -87.584834963660526, 41.784232821119318 ], [ -87.584671896561105, 41.784232821119318 ], [ -87.584671896561105, 41.784504599618366 ], [ -87.584834963660526, 41.784504599618366 ], [ -87.584834963660526, 41.784232821119318 ] ] ] } },
{ "type": "Feature", "properties": { "row": 11, "col": 12, "mostly_overlap": true, "overlap_ratio": 1.0, "Type": "Land" }, "geometry": { "type": "Polygon", "coordinates": [ [ [ -87.584671896561105, 41.784232821119318 ], [ -87.584508829461669, 41.784232821119318 ], [ -87.584508829461669, 41.784504599618366 ], [ -87.584671896561105, 41.784504599618366 ], [ -87.584671896561105, 41.784232821119318 ] ] ] } },
{ "type": "Feature", "properties": { "row": 11, "col": 13, "mostly_overlap": true, "overlap_ratio": 1.0, "Type": "Land" }, "geometry": { "type": "Polygon", "coordinates": [ [ [ -87.584508829461669, 41.784232821119318 ], [ -87.584345762362247, 41.784232821119318 ], [ -87.584345762362247, 41.784504599618366 ], [ -87.584508829461669, 41.784504599618366 ], [ -87.584508829461669, 41.784232821119318 ] ] ] } },
{ "type": "Feature", "properties": { "row": 11, "col": 14, "mostly_overlap": true, "overlap_ratio": 1.0, "Type": "Land" }, "geometry": { "type": "Polygon", "coordinates": [ [ [ -87.584345762362247, 41.784232821119318 ], [ -87.584182695262811, 41.784232821119318 ], [ -87.584182695262811, 41.784504599618366 ], [ -87.584345762362247, 41.784504599618366 ], [ -87.584345762362247, 41.784232821119318 ] ] ] } },
{ "type": "Feature", "properties": { "row": 11, "col": 15, "mostly_overlap": false, "overlap_ratio": 0.2376, "Type": "Water" }, "geometry": { "type": "Polygon", "coordinates": [ [ [ -87.584182695262811, 41.784232821119318 ], [ -87.584019628163389, 41.784232821119318 ], [ -87.584019628163389, 41.784504599618366 ], [ -87.584182695262811, 41.784504599618366 ], [ -87.584182695262811, 41.784232821119318 ] ] ] } },
{ "type": "Feature", "properties": { "row": 11, "col": 16, "mostly_overlap": false, "overlap_ratio": 0.1273, "Type": "Water" }, "geometry": { "type": "Polygon", "coordinates": [ [ [ -87.584019628163389, 41.784232821119318 ], [ -87.583856561063953, 41.784232821119318 ], [ -87.583856561063953, 41.784504599618366 ], [ -87.584019628163389, 41.784504599618366 ], [ -87.584019628163389, 41.784232821119318 ] ] ] } },
{ "type": "Feature", "properties": { "row": 11, "col": 17, "mostly_overlap": false, "overlap_ratio": 0.466, "Type": "Land" }, "geometry": { "type": "Polygon", "coordinates": [ [ [ -87.583856561063953, 41.784232821119318 ], [ -87.583693493964532, 41.784232821119318 ], [ -87.583693493964532, 41.784504599618366 ], [ -87.583856561063953, 41.784504599618366 ], [ -87.583856561063953, 41.784232821119318 ] ] ] } },
{ "type": "Feature", "properties": { "row": 11, "col": 18, "mostly_overlap": false, "overlap_ratio": 0.0, "Type": "Water" }, "geometry": { "type": "Polygon", "coordinates": [ [ [ -87.583693493964532, 41.784232821119318 ], [ -87.583530426865096, 41.784232821119318 ], [ -87.583530426865096, 41.784504599618366 ], [ -87.583693493964532, 41.784504599618366 ], [ -87.583693493964532, 41.784232821119318 ] ] ] } },
{ "type": "Feature", "properties": { "row": 11, "col": 19, "mostly_overlap": false, "overlap_ratio": 0.0, "Type": "Water" }, "geometry": { "type": "Polygon", "coordinates": [ [ [ -87.583530426865096, 41.784232821119318 ], [ -87.583367359765674, 41.784232821119318 ], [ -87.583367359765674, 41.784504599618366 ], [ -87.583530426865096, 41.784504599618366 ], [ -87.583530426865096, 41.784232821119318 ] ] ] } },
{ "type": "Feature", "properties": { "row": 11, "col": 20, "mostly_overlap": false, "overlap_ratio": 0.0, "Type": "Water" }, "geometry": { "type": "Polygon", "coordinates": [ [ [ -87.583367359765674, 41.784232821119318 ], [ -87.583204292666238, 41.784232821119318 ], [ -87.583204292666238, 41.784504599618366 ], [ -87.583367359765674, 41.784504599618366 ], [ -87.583367359765674, 41.784232821119318 ] ] ] } },
{ "type": "Feature", "properties": { "row": 11, "col": 21, "mostly_overlap": true, "overlap_ratio": 0.8597, "Type": "Land" }, "geometry": { "type": "Polygon", "coordinates": [ [ [ -87.583204292666238, 41.784232821119318 ], [ -87.583041225566816, 41.784232821119318 ], [ -87.583041225566816, 41.784504599618366 ], [ -87.583204292666238, 41.784504599618366 ], [ -87.583204292666238, 41.784232821119318 ] ] ] } },
{ "type": "Feature", "properties": { "row": 11, "col": 22, "mostly_overlap": true, "overlap_ratio": 1.0, "Type": "Land" }, "geometry": { "type": "Polygon", "coordinates": [ [ [ -87.583041225566816, 41.784232821119318 ], [ -87.582878158467381, 41.784232821119318 ], [ -87.582878158467381, 41.784504599618366 ], [ -87.583041225566816, 41.784504599618366 ], [ -87.583041225566816, 41.784232821119318 ] ] ] } },
{ "type": "Feature", "properties": { "row": 11, "col": 23, "mostly_overlap": true, "overlap_ratio": 1.0, "Type": "Land" }, "geometry": { "type": "Polygon", "coordinates": [ [ [ -87.582878158467381, 41.784232821119318 ], [ -87.582715091367959, 41.784232821119318 ], [ -87.582715091367959, 41.784504599618366 ], [ -87.582878158467381, 41.784504599618366 ], [ -87.582878158467381, 41.784232821119318 ] ] ] } },
{ "type": "Feature", "properties": { "row": 11, "col": 24, "mostly_overlap": true, "overlap_ratio": 1.0, "Type": "Land" }, "geometry": { "type": "Polygon", "coordinates": [ [ [ -87.582715091367959, 41.784232821119318 ], [ -87.582552024268523, 41.784232821119318 ], [ -87.582552024268523, 41.784504599618366 ], [ -87.582715091367959, 41.784504599618366 ], [ -87.582715091367959, 41.784232821119318 ] ] ] } },
{ "type": "Feature", "properties": { "row": 11, "col": 25, "mostly_overlap": true, "overlap_ratio": 0.9895, "Type": "Land" }, "geometry": { "type": "Polygon", "coordinates": [ [ [ -87.582552024268523, 41.784232821119318 ], [ -87.582388957169101, 41.784232821119318 ], [ -87.582388957169101, 41.784504599618366 ], [ -87.582552024268523, 41.784504599618366 ], [ -87.582552024268523, 41.784232821119318 ] ] ] } },
{ "type": "Feature", "properties": { "row": 12, "col": 1, "mostly_overlap": true, "overlap_ratio": 0.6584, "Type": "Land" }, "geometry": { "type": "Polygon", "coordinates": [ [ [ -87.586465634654814, 41.784504599618366 ], [ -87.586302567555393, 41.784504599618366 ], [ -87.586302567555393, 41.784776378117414 ], [ -87.586465634654814, 41.784776378117414 ], [ -87.586465634654814, 41.784504599618366 ] ] ] } },
{ "type": "Feature", "properties": { "row": 12, "col": 2, "mostly_overlap": true, "overlap_ratio": 1.0, "Type": "Building" }, "geometry": { "type": "Polygon", "coordinates": [ [ [ -87.586302567555393, 41.784504599618366 ], [ -87.586139500455957, 41.784504599618366 ], [ -87.586139500455957, 41.784776378117414 ], [ -87.586302567555393, 41.784776378117414 ], [ -87.586302567555393, 41.784504599618366 ] ] ] } },
{ "type": "Feature", "properties": { "row": 12, "col": 3, "mostly_overlap": true, "overlap_ratio": 1.0, "Type": "Building" }, "geometry": { "type": "Polygon", "coordinates": [ [ [ -87.586139500455957, 41.784504599618366 ], [ -87.585976433356535, 41.784504599618366 ], [ -87.585976433356535, 41.784776378117414 ], [ -87.586139500455957, 41.784776378117414 ], [ -87.586139500455957, 41.784504599618366 ] ] ] } },
{ "type": "Feature", "properties": { "row": 12, "col": 4, "mostly_overlap": true, "overlap_ratio": 1.0, "Type": "Building" }, "geometry": { "type": "Polygon", "coordinates": [ [ [ -87.585976433356535, 41.784504599618366 ], [ -87.585813366257099, 41.784504599618366 ], [ -87.585813366257099, 41.784776378117414 ], [ -87.585976433356535, 41.784776378117414 ], [ -87.585976433356535, 41.784504599618366 ] ] ] } },
{ "type": "Feature", "properties": { "row": 12, "col": 5, "mostly_overlap": true, "overlap_ratio": 1.0, "Type": "Building" }, "geometry": { "type": "Polygon", "coordinates": [ [ [ -87.585813366257099, 41.784504599618366 ], [ -87.585650299157678, 41.784504599618366 ], [ -87.585650299157678, 41.784776378117414 ], [ -87.585813366257099, 41.784776378117414 ], [ -87.585813366257099, 41.784504599618366 ] ] ] } },
{ "type": "Feature", "properties": { "row": 12, "col": 6, "mostly_overlap": true, "overlap_ratio": 1.0, "Type": "Building" }, "geometry": { "type": "Polygon", "coordinates": [ [ [ -87.585650299157678, 41.784504599618366 ], [ -87.585487232058242, 41.784504599618366 ], [ -87.585487232058242, 41.784776378117414 ], [ -87.585650299157678, 41.784776378117414 ], [ -87.585650299157678, 41.784504599618366 ] ] ] } },
{ "type": "Feature", "properties": { "row": 12, "col": 7, "mostly_overlap": true, "overlap_ratio": 1.0, "Type": "Building" }, "geometry": { "type": "Polygon", "coordinates": [ [ [ -87.585487232058242, 41.784504599618366 ], [ -87.58532416495882, 41.784504599618366 ], [ -87.58532416495882, 41.784776378117414 ], [ -87.585487232058242, 41.784776378117414 ], [ -87.585487232058242, 41.784504599618366 ] ] ] } },
{ "type": "Feature", "properties": { "row": 12, "col": 8, "mostly_overlap": true, "overlap_ratio": 1.0, "Type": "Building" }, "geometry": { "type": "Polygon", "coordinates": [ [ [ -87.58532416495882, 41.784504599618366 ], [ -87.585161097859384, 41.784504599618366 ], [ -87.585161097859384, 41.784776378117414 ], [ -87.58532416495882, 41.784776378117414 ], [ -87.58532416495882, 41.784504599618366 ] ] ] } },
{ "type": "Feature", "properties": { "row": 12, "col": 9, "mostly_overlap": true, "overlap_ratio": 1.0, "Type": "Land" }, "geometry": { "type": "Polygon", "coordinates": [ [ [ -87.585161097859384, 41.784504599618366 ], [ -87.584998030759962, 41.784504599618366 ], [ -87.584998030759962, 41.784776378117414 ], [ -87.585161097859384, 41.784776378117414 ], [ -87.585161097859384, 41.784504599618366 ] ] ] } },
{ "type": "Feature", "properties": { "row": 12, "col": 10, "mostly_overlap": true, "overlap_ratio": 1.0, "Type": "Land" }, "geometry": { "type": "Polygon", "coordinates": [ [ [ -87.584998030759962, 41.784504599618366 ], [ -87.584834963660526, 41.784504599618366 ], [ -87.584834963660526, 41.784776378117414 ], [ -87.584998030759962, 41.784776378117414 ], [ -87.584998030759962, 41.784504599618366 ] ] ] } },
{ "type": "Feature", "properties": { "row": 12, "col": 11, "mostly_overlap": true, "overlap_ratio": 1.0, "Type": "Land" }, "geometry": { "type": "Polygon", "coordinates": [ [ [ -87.584834963660526, 41.784504599618366 ], [ -87.584671896561105, 41.784504599618366 ], [ -87.584671896561105, 41.784776378117414 ], [ -87.584834963660526, 41.784776378117414 ], [ -87.584834963660526, 41.784504599618366 ] ] ] } },
{ "type": "Feature", "properties": { "row": 12, "col": 12, "mostly_overlap": true, "overlap_ratio": 1.0, "Type": "Land" }, "geometry": { "type": "Polygon", "coordinates": [ [ [ -87.584671896561105, 41.784504599618366 ], [ -87.584508829461669, 41.784504599618366 ], [ -87.584508829461669, 41.784776378117414 ], [ -87.584671896561105, 41.784776378117414 ], [ -87.584671896561105, 41.784504599618366 ] ] ] } },
{ "type": "Feature", "properties": { "row": 12, "col": 13, "mostly_overlap": true, "overlap_ratio": 1.0, "Type": "Land" }, "geometry": { "type": "Polygon", "coordinates": [ [ [ -87.584508829461669, 41.784504599618366 ], [ -87.584345762362247, 41.784504599618366 ], [ -87.584345762362247, 41.784776378117414 ], [ -87.584508829461669, 41.784776378117414 ], [ -87.584508829461669, 41.784504599618366 ] ] ] } },
{ "type": "Feature", "properties": { "row": 12, "col": 14, "mostly_overlap": true, "overlap_ratio": 0.8362, "Type": "Land" }, "geometry": { "type": "Polygon", "coordinates": [ [ [ -87.584345762362247, 41.784504599618366 ], [ -87.584182695262811, 41.784504599618366 ], [ -87.584182695262811, 41.784776378117414 ], [ -87.584345762362247, 41.784776378117414 ], [ -87.584345762362247, 41.784504599618366 ] ] ] } },
{ "type": "Feature", "properties": { "row": 12, "col": 15, "mostly_overlap": false, "overlap_ratio": 0.158, "Type": "Water" }, "geometry": { "type": "Polygon", "coordinates": [ [ [ -87.584182695262811, 41.784504599618366 ], [ -87.584019628163389, 41.784504599618366 ], [ -87.584019628163389, 41.784776378117414 ], [ -87.584182695262811, 41.784776378117414 ], [ -87.584182695262811, 41.784504599618366 ] ] ] } },
{ "type": "Feature", "properties": { "row": 12, "col": 16, "mostly_overlap": false, "overlap_ratio": 0.0019, "Type": "Water" }, "geometry": { "type": "Polygon", "coordinates": [ [ [ -87.584019628163389, 41.784504599618366 ], [ -87.583856561063953, 41.784504599618366 ], [ -87.583856561063953, 41.784776378117414 ], [ -87.584019628163389, 41.784776378117414 ], [ -87.584019628163389, 41.784504599618366 ] ] ] } },
{ "type": "Feature", "properties": { "row": 12, "col": 17, "mostly_overlap": true, "overlap_ratio": 0.7061, "Type": "Water" }, "geometry": { "type": "Polygon", "coordinates": [ [ [ -87.583856561063953, 41.784504599618366 ], [ -87.583693493964532, 41.784504599618366 ], [ -87.583693493964532, 41.784776378117414 ], [ -87.583856561063953, 41.784776378117414 ], [ -87.583856561063953, 41.784504599618366 ] ] ] } },
{ "type": "Feature", "properties": { "row": 12, "col": 18, "mostly_overlap": false, "overlap_ratio": 0.0335, "Type": "Land" }, "geometry": { "type": "Polygon", "coordinates": [ [ [ -87.583693493964532, 41.784504599618366 ], [ -87.583530426865096, 41.784504599618366 ], [ -87.583530426865096, 41.784776378117414 ], [ -87.583693493964532, 41.784776378117414 ], [ -87.583693493964532, 41.784504599618366 ] ] ] } },
{ "type": "Feature", "properties": { "row": 12, "col": 19, "mostly_overlap": false, "overlap_ratio": 0.0, "Type": "Water" }, "geometry": { "type": "Polygon", "coordinates": [ [ [ -87.583530426865096, 41.784504599618366 ], [ -87.583367359765674, 41.784504599618366 ], [ -87.583367359765674, 41.784776378117414 ], [ -87.583530426865096, 41.784776378117414 ], [ -87.583530426865096, 41.784504599618366 ] ] ] } },
{ "type": "Feature", "properties": { "row": 12, "col": 20, "mostly_overlap": false, "overlap_ratio": 0.0, "Type": "Water" }, "geometry": { "type": "Polygon", "coordinates": [ [ [ -87.583367359765674, 41.784504599618366 ], [ -87.583204292666238, 41.784504599618366 ], [ -87.583204292666238, 41.784776378117414 ], [ -87.583367359765674, 41.784776378117414 ], [ -87.583367359765674, 41.784504599618366 ] ] ] } },
{ "type": "Feature", "properties": { "row": 12, "col": 21, "mostly_overlap": true, "overlap_ratio": 0.5737, "Type": "Land" }, "geometry": { "type": "Polygon", "coordinates": [ [ [ -87.583204292666238, 41.784504599618366 ], [ -87.583041225566816, 41.784504599618366 ], [ -87.583041225566816, 41.784776378117414 ], [ -87.583204292666238, 41.784776378117414 ], [ -87.583204292666238, 41.784504599618366 ] ] ] } },
{ "type": "Feature", "properties": { "row": 12, "col": 22, "mostly_overlap": true, "overlap_ratio": 1.0, "Type": "Land" }, "geometry": { "type": "Polygon", "coordinates": [ [ [ -87.583041225566816, 41.784504599618366 ], [ -87.582878158467381, 41.784504599618366 ], [ -87.582878158467381, 41.784776378117414 ], [ -87.583041225566816, 41.784776378117414 ], [ -87.583041225566816, 41.784504599618366 ] ] ] } },
{ "type": "Feature", "properties": { "row": 12, "col": 23, "mostly_overlap": true, "overlap_ratio": 1.0, "Type": "Land" }, "geometry": { "type": "Polygon", "coordinates": [ [ [ -87.582878158467381, 41.784504599618366 ], [ -87.582715091367959, 41.784504599618366 ], [ -87.582715091367959, 41.784776378117414 ], [ -87.582878158467381, 41.784776378117414 ], [ -87.582878158467381, 41.784504599618366 ] ] ] } },
{ "type": "Feature", "properties": { "row": 12, "col": 24, "mostly_overlap": true, "overlap_ratio": 1.0, "Type": "Land" }, "geometry": { "type": "Polygon", "coordinates": [ [ [ -87.582715091367959, 41.784504599618366 ], [ -87.582552024268523, 41.784504599618366 ], [ -87.582552024268523, 41.784776378117414 ], [ -87.582715091367959, 41.784776378117414 ], [ -87.582715091367959, 41.784504599618366 ] ] ] } },
{ "type": "Feature", "properties": { "row": 12, "col": 25, "mostly_overlap": true, "overlap_ratio": 0.9885, "Type": "Land" }, "geometry": { "type": "Polygon", "coordinates": [ [ [ -87.582552024268523, 41.784504599618366 ], [ -87.582388957169101, 41.784504599618366 ], [ -87.582388957169101, 41.784776378117414 ], [ -87.582552024268523, 41.784776378117414 ], [ -87.582552024268523, 41.784504599618366 ] ] ] } },
{ "type": "Feature", "properties": { "row": 13, "col": 1, "mostly_overlap": true, "overlap_ratio": 0.7008, "Type": "Land" }, "geometry": { "type": "Polygon", "coordinates": [ [ [ -87.586465634654814, 41.784776378117414 ], [ -87.586302567555393, 41.784776378117414 ], [ -87.586302567555393, 41.785048156616462 ], [ -87.586465634654814, 41.785048156616462 ], [ -87.586465634654814, 41.784776378117414 ] ] ] } },
{ "type": "Feature", "properties": { "row": 13, "col": 2, "mostly_overlap": true, "overlap_ratio": 1.0, "Type": "Land" }, "geometry": { "type": "Polygon", "coordinates": [ [ [ -87.586302567555393, 41.784776378117414 ], [ -87.586139500455957, 41.784776378117414 ], [ -87.586139500455957, 41.785048156616462 ], [ -87.586302567555393, 41.785048156616462 ], [ -87.586302567555393, 41.784776378117414 ] ] ] } },
{ "type": "Feature", "properties": { "row": 13, "col": 3, "mostly_overlap": true, "overlap_ratio": 1.0, "Type": "Building" }, "geometry": { "type": "Polygon", "coordinates": [ [ [ -87.586139500455957, 41.784776378117414 ], [ -87.585976433356535, 41.784776378117414 ], [ -87.585976433356535, 41.785048156616462 ], [ -87.586139500455957, 41.785048156616462 ], [ -87.586139500455957, 41.784776378117414 ] ] ] } },
{ "type": "Feature", "properties": { "row": 13, "col": 4, "mostly_overlap": true, "overlap_ratio": 1.0, "Type": "Building" }, "geometry": { "type": "Polygon", "coordinates": [ [ [ -87.585976433356535, 41.784776378117414 ], [ -87.585813366257099, 41.784776378117414 ], [ -87.585813366257099, 41.785048156616462 ], [ -87.585976433356535, 41.785048156616462 ], [ -87.585976433356535, 41.784776378117414 ] ] ] } },
{ "type": "Feature", "properties": { "row": 13, "col": 5, "mostly_overlap": true, "overlap_ratio": 1.0, "Type": "Building" }, "geometry": { "type": "Polygon", "coordinates": [ [ [ -87.585813366257099, 41.784776378117414 ], [ -87.585650299157678, 41.784776378117414 ], [ -87.585650299157678, 41.785048156616462 ], [ -87.585813366257099, 41.785048156616462 ], [ -87.585813366257099, 41.784776378117414 ] ] ] } },
{ "type": "Feature", "properties": { "row": 13, "col": 6, "mostly_overlap": true, "overlap_ratio": 1.0, "Type": "Building" }, "geometry": { "type": "Polygon", "coordinates": [ [ [ -87.585650299157678, 41.784776378117414 ], [ -87.585487232058242, 41.784776378117414 ], [ -87.585487232058242, 41.785048156616462 ], [ -87.585650299157678, 41.785048156616462 ], [ -87.585650299157678, 41.784776378117414 ] ] ] } },
{ "type": "Feature", "properties": { "row": 13, "col": 7, "mostly_overlap": true, "overlap_ratio": 1.0, "Type": "Building" }, "geometry": { "type": "Polygon", "coordinates": [ [ [ -87.585487232058242, 41.784776378117414 ], [ -87.58532416495882, 41.784776378117414 ], [ -87.58532416495882, 41.785048156616462 ], [ -87.585487232058242, 41.785048156616462 ], [ -87.585487232058242, 41.784776378117414 ] ] ] } },
{ "type": "Feature", "properties": { "row": 13, "col": 8, "mostly_overlap": true, "overlap_ratio": 1.0, "Type": "Building" }, "geometry": { "type": "Polygon", "coordinates": [ [ [ -87.58532416495882, 41.784776378117414 ], [ -87.585161097859384, 41.784776378117414 ], [ -87.585161097859384, 41.785048156616462 ], [ -87.58532416495882, 41.785048156616462 ], [ -87.58532416495882, 41.784776378117414 ] ] ] } },
{ "type": "Feature", "properties": { "row": 13, "col": 9, "mostly_overlap": true, "overlap_ratio": 1.0, "Type": "Land" }, "geometry": { "type": "Polygon", "coordinates": [ [ [ -87.585161097859384, 41.784776378117414 ], [ -87.584998030759962, 41.784776378117414 ], [ -87.584998030759962, 41.785048156616462 ], [ -87.585161097859384, 41.785048156616462 ], [ -87.585161097859384, 41.784776378117414 ] ] ] } },
{ "type": "Feature", "properties": { "row": 13, "col": 10, "mostly_overlap": true, "overlap_ratio": 1.0, "Type": "Land" }, "geometry": { "type": "Polygon", "coordinates": [ [ [ -87.584998030759962, 41.784776378117414 ], [ -87.584834963660526, 41.784776378117414 ], [ -87.584834963660526, 41.785048156616462 ], [ -87.584998030759962, 41.785048156616462 ], [ -87.584998030759962, 41.784776378117414 ] ] ] } },
{ "type": "Feature", "properties": { "row": 13, "col": 11, "mostly_overlap": true, "overlap_ratio": 1.0, "Type": "Land" }, "geometry": { "type": "Polygon", "coordinates": [ [ [ -87.584834963660526, 41.784776378117414 ], [ -87.584671896561105, 41.784776378117414 ], [ -87.584671896561105, 41.785048156616462 ], [ -87.584834963660526, 41.785048156616462 ], [ -87.584834963660526, 41.784776378117414 ] ] ] } },
{ "type": "Feature", "properties": { "row": 13, "col": 12, "mostly_overlap": true, "overlap_ratio": 1.0, "Type": "Land" }, "geometry": { "type": "Polygon", "coordinates": [ [ [ -87.584671896561105, 41.784776378117414 ], [ -87.584508829461669, 41.784776378117414 ], [ -87.584508829461669, 41.785048156616462 ], [ -87.584671896561105, 41.785048156616462 ], [ -87.584671896561105, 41.784776378117414 ] ] ] } },
{ "type": "Feature", "properties": { "row": 13, "col": 13, "mostly_overlap": true, "overlap_ratio": 1.0, "Type": "Land" }, "geometry": { "type": "Polygon", "coordinates": [ [ [ -87.584508829461669, 41.784776378117414 ], [ -87.584345762362247, 41.784776378117414 ], [ -87.584345762362247, 41.785048156616462 ], [ -87.584508829461669, 41.785048156616462 ], [ -87.584508829461669, 41.784776378117414 ] ] ] } },
{ "type": "Feature", "properties": { "row": 13, "col": 14, "mostly_overlap": false, "overlap_ratio": 0.4736, "Type": "Water" }, "geometry": { "type": "Polygon", "coordinates": [ [ [ -87.584345762362247, 41.784776378117414 ], [ -87.584182695262811, 41.784776378117414 ], [ -87.584182695262811, 41.785048156616462 ], [ -87.584345762362247, 41.785048156616462 ], [ -87.584345762362247, 41.784776378117414 ] ] ] } },
{ "type": "Feature", "properties": { "row": 13, "col": 15, "mostly_overlap": false, "overlap_ratio": 0.0, "Type": "Water" }, "geometry": { "type": "Polygon", "coordinates": [ [ [ -87.584182695262811, 41.784776378117414 ], [ -87.584019628163389, 41.784776378117414 ], [ -87.584019628163389, 41.785048156616462 ], [ -87.584182695262811, 41.785048156616462 ], [ -87.584182695262811, 41.784776378117414 ] ] ] } },
{ "type": "Feature", "properties": { "row": 13, "col": 16, "mostly_overlap": false, "overlap_ratio": 0.0, "Type": "Water" }, "geometry": { "type": "Polygon", "coordinates": [ [ [ -87.584019628163389, 41.784776378117414 ], [ -87.583856561063953, 41.784776378117414 ], [ -87.583856561063953, 41.785048156616462 ], [ -87.584019628163389, 41.785048156616462 ], [ -87.584019628163389, 41.784776378117414 ] ] ] } },
{ "type": "Feature", "properties": { "row": 13, "col": 17, "mostly_overlap": false, "overlap_ratio": 0.148, "Type": "Water" }, "geometry": { "type": "Polygon", "coordinates": [ [ [ -87.583856561063953, 41.784776378117414 ], [ -87.583693493964532, 41.784776378117414 ], [ -87.583693493964532, 41.785048156616462 ], [ -87.583856561063953, 41.785048156616462 ], [ -87.583856561063953, 41.784776378117414 ] ] ] } },
{ "type": "Feature", "properties": { "row": 13, "col": 18, "mostly_overlap": false, "overlap_ratio": 0.0429, "Type": "Water" }, "geometry": { "type": "Polygon", "coordinates": [ [ [ -87.583693493964532, 41.784776378117414 ], [ -87.583530426865096, 41.784776378117414 ], [ -87.583530426865096, 41.785048156616462 ], [ -87.583693493964532, 41.785048156616462 ], [ -87.583693493964532, 41.784776378117414 ] ] ] } },
{ "type": "Feature", "properties": { "row": 13, "col": 19, "mostly_overlap": false, "overlap_ratio": 0.0, "Type": "Water" }, "geometry": { "type": "Polygon", "coordinates": [ [ [ -87.583530426865096, 41.784776378117414 ], [ -87.583367359765674, 41.784776378117414 ], [ -87.583367359765674, 41.785048156616462 ], [ -87.583530426865096, 41.785048156616462 ], [ -87.583530426865096, 41.784776378117414 ] ] ] } },
{ "type": "Feature", "properties": { "row": 13, "col": 20, "mostly_overlap": false, "overlap_ratio": 0.1693, "Type": "Water" }, "geometry": { "type": "Polygon", "coordinates": [ [ [ -87.583367359765674, 41.784776378117414 ], [ -87.583204292666238, 41.784776378117414 ], [ -87.583204292666238, 41.785048156616462 ], [ -87.583367359765674, 41.785048156616462 ], [ -87.583367359765674, 41.784776378117414 ] ] ] } },
{ "type": "Feature", "properties": { "row": 13, "col": 21, "mostly_overlap": true, "overlap_ratio": 0.8086, "Type": "Land" }, "geometry": { "type": "Polygon", "coordinates": [ [ [ -87.583204292666238, 41.784776378117414 ], [ -87.583041225566816, 41.784776378117414 ], [ -87.583041225566816, 41.785048156616462 ], [ -87.583204292666238, 41.785048156616462 ], [ -87.583204292666238, 41.784776378117414 ] ] ] } },
{ "type": "Feature", "properties": { "row": 13, "col": 22, "mostly_overlap": true, "overlap_ratio": 1.0, "Type": "Land" }, "geometry": { "type": "Polygon", "coordinates": [ [ [ -87.583041225566816, 41.784776378117414 ], [ -87.582878158467381, 41.784776378117414 ], [ -87.582878158467381, 41.785048156616462 ], [ -87.583041225566816, 41.785048156616462 ], [ -87.583041225566816, 41.784776378117414 ] ] ] } },
{ "type": "Feature", "properties": { "row": 13, "col": 23, "mostly_overlap": true, "overlap_ratio": 1.0, "Type": "Land" }, "geometry": { "type": "Polygon", "coordinates": [ [ [ -87.582878158467381, 41.784776378117414 ], [ -87.582715091367959, 41.784776378117414 ], [ -87.582715091367959, 41.785048156616462 ], [ -87.582878158467381, 41.785048156616462 ], [ -87.582878158467381, 41.784776378117414 ] ] ] } },
{ "type": "Feature", "properties": { "row": 13, "col": 24, "mostly_overlap": true, "overlap_ratio": 1.0, "Type": "Land" }, "geometry": { "type": "Polygon", "coordinates": [ [ [ -87.582715091367959, 41.784776378117414 ], [ -87.582552024268523, 41.784776378117414 ], [ -87.582552024268523, 41.785048156616462 ], [ -87.582715091367959, 41.785048156616462 ], [ -87.582715091367959, 41.784776378117414 ] ] ] } },
{ "type": "Feature", "properties": { "row": 13, "col": 25, "mostly_overlap": true, "overlap_ratio": 0.9876, "Type": "Land" }, "geometry": { "type": "Polygon", "coordinates": [ [ [ -87.582552024268523, 41.784776378117414 ], [ -87.582388957169101, 41.784776378117414 ], [ -87.582388957169101, 41.785048156616462 ], [ -87.582552024268523, 41.785048156616462 ], [ -87.582552024268523, 41.784776378117414 ] ] ] } },
{ "type": "Feature", "properties": { "row": 14, "col": 1, "mostly_overlap": true, "overlap_ratio": 0.7432, "Type": "Land" }, "geometry": { "type": "Polygon", "coordinates": [ [ [ -87.586465634654814, 41.785048156616462 ], [ -87.586302567555393, 41.785048156616462 ], [ -87.586302567555393, 41.78531993511551 ], [ -87.586465634654814, 41.78531993511551 ], [ -87.586465634654814, 41.785048156616462 ] ] ] } },
{ "type": "Feature", "properties": { "row": 14, "col": 2, "mostly_overlap": true, "overlap_ratio": 1.0, "Type": "Land" }, "geometry": { "type": "Polygon", "coordinates": [ [ [ -87.586302567555393, 41.785048156616462 ], [ -87.586139500455957, 41.785048156616462 ], [ -87.586139500455957, 41.78531993511551 ], [ -87.586302567555393, 41.78531993511551 ], [ -87.586302567555393, 41.785048156616462 ] ] ] } },
{ "type": "Feature", "properties": { "row": 14, "col": 3, "mostly_overlap": true, "overlap_ratio": 1.0, "Type": "Building" }, "geometry": { "type": "Polygon", "coordinates": [ [ [ -87.586139500455957, 41.785048156616462 ], [ -87.585976433356535, 41.785048156616462 ], [ -87.585976433356535, 41.78531993511551 ], [ -87.586139500455957, 41.78531993511551 ], [ -87.586139500455957, 41.785048156616462 ] ] ] } },
{ "type": "Feature", "properties": { "row": 14, "col": 4, "mostly_overlap": true, "overlap_ratio": 1.0, "Type": "Building" }, "geometry": { "type": "Polygon", "coordinates": [ [ [ -87.585976433356535, 41.785048156616462 ], [ -87.585813366257099, 41.785048156616462 ], [ -87.585813366257099, 41.78531993511551 ], [ -87.585976433356535, 41.78531993511551 ], [ -87.585976433356535, 41.785048156616462 ] ] ] } },
{ "type": "Feature", "properties": { "row": 14, "col": 5, "mostly_overlap": true, "overlap_ratio": 1.0, "Type": "Building" }, "geometry": { "type": "Polygon", "coordinates": [ [ [ -87.585813366257099, 41.785048156616462 ], [ -87.585650299157678, 41.785048156616462 ], [ -87.585650299157678, 41.78531993511551 ], [ -87.585813366257099, 41.78531993511551 ], [ -87.585813366257099, 41.785048156616462 ] ] ] } },
{ "type": "Feature", "properties": { "row": 14, "col": 6, "mostly_overlap": true, "overlap_ratio": 1.0, "Type": "Building" }, "geometry": { "type": "Polygon", "coordinates": [ [ [ -87.585650299157678, 41.785048156616462 ], [ -87.585487232058242, 41.785048156616462 ], [ -87.585487232058242, 41.78531993511551 ], [ -87.585650299157678, 41.78531993511551 ], [ -87.585650299157678, 41.785048156616462 ] ] ] } },
{ "type": "Feature", "properties": { "row": 14, "col": 7, "mostly_overlap": true, "overlap_ratio": 1.0, "Type": "Building" }, "geometry": { "type": "Polygon", "coordinates": [ [ [ -87.585487232058242, 41.785048156616462 ], [ -87.58532416495882, 41.785048156616462 ], [ -87.58532416495882, 41.78531993511551 ], [ -87.585487232058242, 41.78531993511551 ], [ -87.585487232058242, 41.785048156616462 ] ] ] } },
{ "type": "Feature", "properties": { "row": 14, "col": 8, "mostly_overlap": true, "overlap_ratio": 1.0, "Type": "Land" }, "geometry": { "type": "Polygon", "coordinates": [ [ [ -87.58532416495882, 41.785048156616462 ], [ -87.585161097859384, 41.785048156616462 ], [ -87.585161097859384, 41.78531993511551 ], [ -87.58532416495882, 41.78531993511551 ], [ -87.58532416495882, 41.785048156616462 ] ] ] } },
{ "type": "Feature", "properties": { "row": 14, "col": 9, "mostly_overlap": true, "overlap_ratio": 1.0, "Type": "Land" }, "geometry": { "type": "Polygon", "coordinates": [ [ [ -87.585161097859384, 41.785048156616462 ], [ -87.584998030759962, 41.785048156616462 ], [ -87.584998030759962, 41.78531993511551 ], [ -87.585161097859384, 41.78531993511551 ], [ -87.585161097859384, 41.785048156616462 ] ] ] } },
{ "type": "Feature", "properties": { "row": 14, "col": 10, "mostly_overlap": true, "overlap_ratio": 1.0, "Type": "Land" }, "geometry": { "type": "Polygon", "coordinates": [ [ [ -87.584998030759962, 41.785048156616462 ], [ -87.584834963660526, 41.785048156616462 ], [ -87.584834963660526, 41.78531993511551 ], [ -87.584998030759962, 41.78531993511551 ], [ -87.584998030759962, 41.785048156616462 ] ] ] } },
{ "type": "Feature", "properties": { "row": 14, "col": 11, "mostly_overlap": true, "overlap_ratio": 1.0, "Type": "Land" }, "geometry": { "type": "Polygon", "coordinates": [ [ [ -87.584834963660526, 41.785048156616462 ], [ -87.584671896561105, 41.785048156616462 ], [ -87.584671896561105, 41.78531993511551 ], [ -87.584834963660526, 41.78531993511551 ], [ -87.584834963660526, 41.785048156616462 ] ] ] } },
{ "type": "Feature", "properties": { "row": 14, "col": 12, "mostly_overlap": true, "overlap_ratio": 1.0, "Type": "Land" }, "geometry": { "type": "Polygon", "coordinates": [ [ [ -87.584671896561105, 41.785048156616462 ], [ -87.584508829461669, 41.785048156616462 ], [ -87.584508829461669, 41.78531993511551 ], [ -87.584671896561105, 41.78531993511551 ], [ -87.584671896561105, 41.785048156616462 ] ] ] } },
{ "type": "Feature", "properties": { "row": 14, "col": 13, "mostly_overlap": true, "overlap_ratio": 0.7757, "Type": "Land" }, "geometry": { "type": "Polygon", "coordinates": [ [ [ -87.584508829461669, 41.785048156616462 ], [ -87.584345762362247, 41.785048156616462 ], [ -87.584345762362247, 41.78531993511551 ], [ -87.584508829461669, 41.78531993511551 ], [ -87.584508829461669, 41.785048156616462 ] ] ] } },
{ "type": "Feature", "properties": { "row": 14, "col": 14, "mostly_overlap": false, "overlap_ratio": 0.1408, "Type": "Water" }, "geometry": { "type": "Polygon", "coordinates": [ [ [ -87.584345762362247, 41.785048156616462 ], [ -87.584182695262811, 41.785048156616462 ], [ -87.584182695262811, 41.78531993511551 ], [ -87.584345762362247, 41.78531993511551 ], [ -87.584345762362247, 41.785048156616462 ] ] ] } },
{ "type": "Feature", "properties": { "row": 14, "col": 15, "mostly_overlap": false, "overlap_ratio": 0.0, "Type": "Water" }, "geometry": { "type": "Polygon", "coordinates": [ [ [ -87.584182695262811, 41.785048156616462 ], [ -87.584019628163389, 41.785048156616462 ], [ -87.584019628163389, 41.78531993511551 ], [ -87.584182695262811, 41.78531993511551 ], [ -87.584182695262811, 41.785048156616462 ] ] ] } },
{ "type": "Feature", "properties": { "row": 14, "col": 16, "mostly_overlap": false, "overlap_ratio": 0.0, "Type": "Water" }, "geometry": { "type": "Polygon", "coordinates": [ [ [ -87.584019628163389, 41.785048156616462 ], [ -87.583856561063953, 41.785048156616462 ], [ -87.583856561063953, 41.78531993511551 ], [ -87.584019628163389, 41.78531993511551 ], [ -87.584019628163389, 41.785048156616462 ] ] ] } },
{ "type": "Feature", "properties": { "row": 14, "col": 17, "mostly_overlap": false, "overlap_ratio": 0.0, "Type": "Water" }, "geometry": { "type": "Polygon", "coordinates": [ [ [ -87.583856561063953, 41.785048156616462 ], [ -87.583693493964532, 41.785048156616462 ], [ -87.583693493964532, 41.78531993511551 ], [ -87.583856561063953, 41.78531993511551 ], [ -87.583856561063953, 41.785048156616462 ] ] ] } },
{ "type": "Feature", "properties": { "row": 14, "col": 18, "mostly_overlap": false, "overlap_ratio": 0.0, "Type": "Water" }, "geometry": { "type": "Polygon", "coordinates": [ [ [ -87.583693493964532, 41.785048156616462 ], [ -87.583530426865096, 41.785048156616462 ], [ -87.583530426865096, 41.78531993511551 ], [ -87.583693493964532, 41.78531993511551 ], [ -87.583693493964532, 41.785048156616462 ] ] ] } },
{ "type": "Feature", "properties": { "row": 14, "col": 19, "mostly_overlap": false, "overlap_ratio": 0.001, "Type": "Water" }, "geometry": { "type": "Polygon", "coordinates": [ [ [ -87.583530426865096, 41.785048156616462 ], [ -87.583367359765674, 41.785048156616462 ], [ -87.583367359765674, 41.78531993511551 ], [ -87.583530426865096, 41.78531993511551 ], [ -87.583530426865096, 41.785048156616462 ] ] ] } },
{ "type": "Feature", "properties": { "row": 14, "col": 20, "mostly_overlap": true, "overlap_ratio": 0.872, "Type": "Land" }, "geometry": { "type": "Polygon", "coordinates": [ [ [ -87.583367359765674, 41.785048156616462 ], [ -87.583204292666238, 41.785048156616462 ], [ -87.583204292666238, 41.78531993511551 ], [ -87.583367359765674, 41.78531993511551 ], [ -87.583367359765674, 41.785048156616462 ] ] ] } },
{ "type": "Feature", "properties": { "row": 14, "col": 21, "mostly_overlap": true, "overlap_ratio": 1.0, "Type": "Land" }, "geometry": { "type": "Polygon", "coordinates": [ [ [ -87.583204292666238, 41.785048156616462 ], [ -87.583041225566816, 41.785048156616462 ], [ -87.583041225566816, 41.78531993511551 ], [ -87.583204292666238, 41.78531993511551 ], [ -87.583204292666238, 41.785048156616462 ] ] ] } },
{ "type": "Feature", "properties": { "row": 14, "col": 22, "mostly_overlap": true, "overlap_ratio": 1.0, "Type": "Land" }, "geometry": { "type": "Polygon", "coordinates": [ [ [ -87.583041225566816, 41.785048156616462 ], [ -87.582878158467381, 41.785048156616462 ], [ -87.582878158467381, 41.78531993511551 ], [ -87.583041225566816, 41.78531993511551 ], [ -87.583041225566816, 41.785048156616462 ] ] ] } },
{ "type": "Feature", "properties": { "row": 14, "col": 23, "mostly_overlap": true, "overlap_ratio": 1.0, "Type": "Land" }, "geometry": { "type": "Polygon", "coordinates": [ [ [ -87.582878158467381, 41.785048156616462 ], [ -87.582715091367959, 41.785048156616462 ], [ -87.582715091367959, 41.78531993511551 ], [ -87.582878158467381, 41.78531993511551 ], [ -87.582878158467381, 41.785048156616462 ] ] ] } },
{ "type": "Feature", "properties": { "row": 14, "col": 24, "mostly_overlap": true, "overlap_ratio": 1.0, "Type": "Land" }, "geometry": { "type": "Polygon", "coordinates": [ [ [ -87.582715091367959, 41.785048156616462 ], [ -87.582552024268523, 41.785048156616462 ], [ -87.582552024268523, 41.78531993511551 ], [ -87.582715091367959, 41.78531993511551 ], [ -87.582715091367959, 41.785048156616462 ] ] ] } },
{ "type": "Feature", "properties": { "row": 14, "col": 25, "mostly_overlap": true, "overlap_ratio": 0.9866, "Type": "Land" }, "geometry": { "type": "Polygon", "coordinates": [ [ [ -87.582552024268523, 41.785048156616462 ], [ -87.582388957169101, 41.785048156616462 ], [ -87.582388957169101, 41.78531993511551 ], [ -87.582552024268523, 41.78531993511551 ], [ -87.582552024268523, 41.785048156616462 ] ] ] } },
{ "type": "Feature", "properties": { "row": 15, "col": 1, "mostly_overlap": true, "overlap_ratio": 0.7856, "Type": "Land" }, "geometry": { "type": "Polygon", "coordinates": [ [ [ -87.586465634654814, 41.78531993511551 ], [ -87.586302567555393, 41.78531993511551 ], [ -87.586302567555393, 41.785591713614558 ], [ -87.586465634654814, 41.785591713614558 ], [ -87.586465634654814, 41.78531993511551 ] ] ] } },
{ "type": "Feature", "properties": { "row": 15, "col": 2, "mostly_overlap": true, "overlap_ratio": 1.0, "Type": "Land" }, "geometry": { "type": "Polygon", "coordinates": [ [ [ -87.586302567555393, 41.78531993511551 ], [ -87.586139500455957, 41.78531993511551 ], [ -87.586139500455957, 41.785591713614558 ], [ -87.586302567555393, 41.785591713614558 ], [ -87.586302567555393, 41.78531993511551 ] ] ] } },
{ "type": "Feature", "properties": { "row": 15, "col": 3, "mostly_overlap": true, "overlap_ratio": 1.0, "Type": "Land" }, "geometry": { "type": "Polygon", "coordinates": [ [ [ -87.586139500455957, 41.78531993511551 ], [ -87.585976433356535, 41.78531993511551 ], [ -87.585976433356535, 41.785591713614558 ], [ -87.586139500455957, 41.785591713614558 ], [ -87.586139500455957, 41.78531993511551 ] ] ] } },
{ "type": "Feature", "properties": { "row": 15, "col": 4, "mostly_overlap": true, "overlap_ratio": 1.0, "Type": "Land" }, "geometry": { "type": "Polygon", "coordinates": [ [ [ -87.585976433356535, 41.78531993511551 ], [ -87.585813366257099, 41.78531993511551 ], [ -87.585813366257099, 41.785591713614558 ], [ -87.585976433356535, 41.785591713614558 ], [ -87.585976433356535, 41.78531993511551 ] ] ] } },
{ "type": "Feature", "properties": { "row": 15, "col": 5, "mostly_overlap": true, "overlap_ratio": 1.0, "Type": "Building" }, "geometry": { "type": "Polygon", "coordinates": [ [ [ -87.585813366257099, 41.78531993511551 ], [ -87.585650299157678, 41.78531993511551 ], [ -87.585650299157678, 41.785591713614558 ], [ -87.585813366257099, 41.785591713614558 ], [ -87.585813366257099, 41.78531993511551 ] ] ] } },
{ "type": "Feature", "properties": { "row": 15, "col": 6, "mostly_overlap": true, "overlap_ratio": 1.0, "Type": "Building" }, "geometry": { "type": "Polygon", "coordinates": [ [ [ -87.585650299157678, 41.78531993511551 ], [ -87.585487232058242, 41.78531993511551 ], [ -87.585487232058242, 41.785591713614558 ], [ -87.585650299157678, 41.785591713614558 ], [ -87.585650299157678, 41.78531993511551 ] ] ] } },
{ "type": "Feature", "properties": { "row": 15, "col": 7, "mostly_overlap": true, "overlap_ratio": 1.0, "Type": "Building" }, "geometry": { "type": "Polygon", "coordinates": [ [ [ -87.585487232058242, 41.78531993511551 ], [ -87.58532416495882, 41.78531993511551 ], [ -87.58532416495882, 41.785591713614558 ], [ -87.585487232058242, 41.785591713614558 ], [ -87.585487232058242, 41.78531993511551 ] ] ] } },
{ "type": "Feature", "properties": { "row": 15, "col": 8, "mostly_overlap": true, "overlap_ratio": 1.0, "Type": "Land" }, "geometry": { "type": "Polygon", "coordinates": [ [ [ -87.58532416495882, 41.78531993511551 ], [ -87.585161097859384, 41.78531993511551 ], [ -87.585161097859384, 41.785591713614558 ], [ -87.58532416495882, 41.785591713614558 ], [ -87.58532416495882, 41.78531993511551 ] ] ] } },
{ "type": "Feature", "properties": { "row": 15, "col": 9, "mostly_overlap": true, "overlap_ratio": 1.0, "Type": "Land" }, "geometry": { "type": "Polygon", "coordinates": [ [ [ -87.585161097859384, 41.78531993511551 ], [ -87.584998030759962, 41.78531993511551 ], [ -87.584998030759962, 41.785591713614558 ], [ -87.585161097859384, 41.785591713614558 ], [ -87.585161097859384, 41.78531993511551 ] ] ] } },
{ "type": "Feature", "properties": { "row": 15, "col": 10, "mostly_overlap": true, "overlap_ratio": 1.0, "Type": "Land" }, "geometry": { "type": "Polygon", "coordinates": [ [ [ -87.584998030759962, 41.78531993511551 ], [ -87.584834963660526, 41.78531993511551 ], [ -87.584834963660526, 41.785591713614558 ], [ -87.584998030759962, 41.785591713614558 ], [ -87.584998030759962, 41.78531993511551 ] ] ] } },
{ "type": "Feature", "properties": { "row": 15, "col": 11, "mostly_overlap": true, "overlap_ratio": 1.0, "Type": "Land" }, "geometry": { "type": "Polygon", "coordinates": [ [ [ -87.584834963660526, 41.78531993511551 ], [ -87.584671896561105, 41.78531993511551 ], [ -87.584671896561105, 41.785591713614558 ], [ -87.584834963660526, 41.785591713614558 ], [ -87.584834963660526, 41.78531993511551 ] ] ] } },
{ "type": "Feature", "properties": { "row": 15, "col": 12, "mostly_overlap": true, "overlap_ratio": 0.9829, "Type": "Land" }, "geometry": { "type": "Polygon", "coordinates": [ [ [ -87.584671896561105, 41.78531993511551 ], [ -87.584508829461669, 41.78531993511551 ], [ -87.584508829461669, 41.785591713614558 ], [ -87.584671896561105, 41.785591713614558 ], [ -87.584671896561105, 41.78531993511551 ] ] ] } },
{ "type": "Feature", "properties": { "row": 15, "col": 13, "mostly_overlap": false, "overlap_ratio": 0.164, "Type": "Water" }, "geometry": { "type": "Polygon", "coordinates": [ [ [ -87.584508829461669, 41.78531993511551 ], [ -87.584345762362247, 41.78531993511551 ], [ -87.584345762362247, 41.785591713614558 ], [ -87.584508829461669, 41.785591713614558 ], [ -87.584508829461669, 41.78531993511551 ] ] ] } },
{ "type": "Feature", "properties": { "row": 15, "col": 14, "mostly_overlap": false, "overlap_ratio": 0.0, "Type": "Water" }, "geometry": { "type": "Polygon", "coordinates": [ [ [ -87.584345762362247, 41.78531993511551 ], [ -87.584182695262811, 41.78531993511551 ], [ -87.584182695262811, 41.785591713614558 ], [ -87.584345762362247, 41.785591713614558 ], [ -87.584345762362247, 41.78531993511551 ] ] ] } },
{ "type": "Feature", "properties": { "row": 15, "col": 15, "mostly_overlap": false, "overlap_ratio": 0.0732, "Type": "Water" }, "geometry": { "type": "Polygon", "coordinates": [ [ [ -87.584182695262811, 41.78531993511551 ], [ -87.584019628163389, 41.78531993511551 ], [ -87.584019628163389, 41.785591713614558 ], [ -87.584182695262811, 41.785591713614558 ], [ -87.584182695262811, 41.78531993511551 ] ] ] } },
{ "type": "Feature", "properties": { "row": 15, "col": 16, "mostly_overlap": false, "overlap_ratio": 0.0, "Type": "Water" }, "geometry": { "type": "Polygon", "coordinates": [ [ [ -87.584019628163389, 41.78531993511551 ], [ -87.583856561063953, 41.78531993511551 ], [ -87.583856561063953, 41.785591713614558 ], [ -87.584019628163389, 41.785591713614558 ], [ -87.584019628163389, 41.78531993511551 ] ] ] } },
{ "type": "Feature", "properties": { "row": 15, "col": 17, "mostly_overlap": false, "overlap_ratio": 0.0, "Type": "Water" }, "geometry": { "type": "Polygon", "coordinates": [ [ [ -87.583856561063953, 41.78531993511551 ], [ -87.583693493964532, 41.78531993511551 ], [ -87.583693493964532, 41.785591713614558 ], [ -87.583856561063953, 41.785591713614558 ], [ -87.583856561063953, 41.78531993511551 ] ] ] } },
{ "type": "Feature", "properties": { "row": 15, "col": 18, "mostly_overlap": false, "overlap_ratio": 0.0, "Type": "Water" }, "geometry": { "type": "Polygon", "coordinates": [ [ [ -87.583693493964532, 41.78531993511551 ], [ -87.583530426865096, 41.78531993511551 ], [ -87.583530426865096, 41.785591713614558 ], [ -87.583693493964532, 41.785591713614558 ], [ -87.583693493964532, 41.78531993511551 ] ] ] } },
{ "type": "Feature", "properties": { "row": 15, "col": 19, "mostly_overlap": false, "overlap_ratio": 0.2716, "Type": "Water" }, "geometry": { "type": "Polygon", "coordinates": [ [ [ -87.583530426865096, 41.78531993511551 ], [ -87.583367359765674, 41.78531993511551 ], [ -87.583367359765674, 41.785591713614558 ], [ -87.583530426865096, 41.785591713614558 ], [ -87.583530426865096, 41.78531993511551 ] ] ] } },
{ "type": "Feature", "properties": { "row": 15, "col": 20, "mostly_overlap": true, "overlap_ratio": 0.952, "Type": "Land" }, "geometry": { "type": "Polygon", "coordinates": [ [ [ -87.583367359765674, 41.78531993511551 ], [ -87.583204292666238, 41.78531993511551 ], [ -87.583204292666238, 41.785591713614558 ], [ -87.583367359765674, 41.785591713614558 ], [ -87.583367359765674, 41.78531993511551 ] ] ] } },
{ "type": "Feature", "properties": { "row": 15, "col": 21, "mostly_overlap": true, "overlap_ratio": 1.0, "Type": "Land" }, "geometry": { "type": "Polygon", "coordinates": [ [ [ -87.583204292666238, 41.78531993511551 ], [ -87.583041225566816, 41.78531993511551 ], [ -87.583041225566816, 41.785591713614558 ], [ -87.583204292666238, 41.785591713614558 ], [ -87.583204292666238, 41.78531993511551 ] ] ] } },
{ "type": "Feature", "properties": { "row": 15, "col": 22, "mostly_overlap": true, "overlap_ratio": 1.0, "Type": "Land" }, "geometry": { "type": "Polygon", "coordinates": [ [ [ -87.583041225566816, 41.78531993511551 ], [ -87.582878158467381, 41.78531993511551 ], [ -87.582878158467381, 41.785591713614558 ], [ -87.583041225566816, 41.785591713614558 ], [ -87.583041225566816, 41.78531993511551 ] ] ] } },
{ "type": "Feature", "properties": { "row": 15, "col": 23, "mostly_overlap": true, "overlap_ratio": 1.0, "Type": "Land" }, "geometry": { "type": "Polygon", "coordinates": [ [ [ -87.582878158467381, 41.78531993511551 ], [ -87.582715091367959, 41.78531993511551 ], [ -87.582715091367959, 41.785591713614558 ], [ -87.582878158467381, 41.785591713614558 ], [ -87.582878158467381, 41.78531993511551 ] ] ] } },
{ "type": "Feature", "properties": { "row": 15, "col": 24, "mostly_overlap": true, "overlap_ratio": 1.0, "Type": "Land" }, "geometry": { "type": "Polygon", "coordinates": [ [ [ -87.582715091367959, 41.78531993511551 ], [ -87.582552024268523, 41.78531993511551 ], [ -87.582552024268523, 41.785591713614558 ], [ -87.582715091367959, 41.785591713614558 ], [ -87.582715091367959, 41.78531993511551 ] ] ] } },
{ "type": "Feature", "properties": { "row": 15, "col": 25, "mostly_overlap": true, "overlap_ratio": 0.9856, "Type": "Land" }, "geometry": { "type": "Polygon", "coordinates": [ [ [ -87.582552024268523, 41.78531993511551 ], [ -87.582388957169101, 41.78531993511551 ], [ -87.582388957169101, 41.785591713614558 ], [ -87.582552024268523, 41.785591713614558 ], [ -87.582552024268523, 41.78531993511551 ] ] ] } },
{ "type": "Feature", "properties": { "row": 16, "col": 1, "mostly_overlap": true, "overlap_ratio": 0.828, "Type": "Land" }, "geometry": { "type": "Polygon", "coordinates": [ [ [ -87.586465634654814, 41.785591713614558 ], [ -87.586302567555393, 41.785591713614558 ], [ -87.586302567555393, 41.785863492113606 ], [ -87.586465634654814, 41.785863492113606 ], [ -87.586465634654814, 41.785591713614558 ] ] ] } },
{ "type": "Feature", "properties": { "row": 16, "col": 2, "mostly_overlap": true, "overlap_ratio": 1.0, "Type": "Land" }, "geometry": { "type": "Polygon", "coordinates": [ [ [ -87.586302567555393, 41.785591713614558 ], [ -87.586139500455957, 41.785591713614558 ], [ -87.586139500455957, 41.785863492113606 ], [ -87.586302567555393, 41.785863492113606 ], [ -87.586302567555393, 41.785591713614558 ] ] ] } },
{ "type": "Feature", "properties": { "row": 16, "col": 3, "mostly_overlap": true, "overlap_ratio": 1.0, "Type": "Land" }, "geometry": { "type": "Polygon", "coordinates": [ [ [ -87.586139500455957, 41.785591713614558 ], [ -87.585976433356535, 41.785591713614558 ], [ -87.585976433356535, 41.785863492113606 ], [ -87.586139500455957, 41.785863492113606 ], [ -87.586139500455957, 41.785591713614558 ] ] ] } },
{ "type": "Feature", "properties": { "row": 16, "col": 4, "mostly_overlap": true, "overlap_ratio": 1.0, "Type": "Land" }, "geometry": { "type": "Polygon", "coordinates": [ [ [ -87.585976433356535, 41.785591713614558 ], [ -87.585813366257099, 41.785591713614558 ], [ -87.585813366257099, 41.785863492113606 ], [ -87.585976433356535, 41.785863492113606 ], [ -87.585976433356535, 41.785591713614558 ] ] ] } },
{ "type": "Feature", "properties": { "row": 16, "col": 5, "mostly_overlap": true, "overlap_ratio": 1.0, "Type": "Building" }, "geometry": { "type": "Polygon", "coordinates": [ [ [ -87.585813366257099, 41.785591713614558 ], [ -87.585650299157678, 41.785591713614558 ], [ -87.585650299157678, 41.785863492113606 ], [ -87.585813366257099, 41.785863492113606 ], [ -87.585813366257099, 41.785591713614558 ] ] ] } },
{ "type": "Feature", "properties": { "row": 16, "col": 6, "mostly_overlap": true, "overlap_ratio": 1.0, "Type": "Building" }, "geometry": { "type": "Polygon", "coordinates": [ [ [ -87.585650299157678, 41.785591713614558 ], [ -87.585487232058242, 41.785591713614558 ], [ -87.585487232058242, 41.785863492113606 ], [ -87.585650299157678, 41.785863492113606 ], [ -87.585650299157678, 41.785591713614558 ] ] ] } },
{ "type": "Feature", "properties": { "row": 16, "col": 7, "mostly_overlap": true, "overlap_ratio": 1.0, "Type": "Building" }, "geometry": { "type": "Polygon", "coordinates": [ [ [ -87.585487232058242, 41.785591713614558 ], [ -87.58532416495882, 41.785591713614558 ], [ -87.58532416495882, 41.785863492113606 ], [ -87.585487232058242, 41.785863492113606 ], [ -87.585487232058242, 41.785591713614558 ] ] ] } },
{ "type": "Feature", "properties": { "row": 16, "col": 8, "mostly_overlap": true, "overlap_ratio": 1.0, "Type": "Land" }, "geometry": { "type": "Polygon", "coordinates": [ [ [ -87.58532416495882, 41.785591713614558 ], [ -87.585161097859384, 41.785591713614558 ], [ -87.585161097859384, 41.785863492113606 ], [ -87.58532416495882, 41.785863492113606 ], [ -87.58532416495882, 41.785591713614558 ] ] ] } },
{ "type": "Feature", "properties": { "row": 16, "col": 9, "mostly_overlap": true, "overlap_ratio": 1.0, "Type": "Land" }, "geometry": { "type": "Polygon", "coordinates": [ [ [ -87.585161097859384, 41.785591713614558 ], [ -87.584998030759962, 41.785591713614558 ], [ -87.584998030759962, 41.785863492113606 ], [ -87.585161097859384, 41.785863492113606 ], [ -87.585161097859384, 41.785591713614558 ] ] ] } },
{ "type": "Feature", "properties": { "row": 16, "col": 10, "mostly_overlap": true, "overlap_ratio": 1.0, "Type": "Land" }, "geometry": { "type": "Polygon", "coordinates": [ [ [ -87.584998030759962, 41.785591713614558 ], [ -87.584834963660526, 41.785591713614558 ], [ -87.584834963660526, 41.785863492113606 ], [ -87.584998030759962, 41.785863492113606 ], [ -87.584998030759962, 41.785591713614558 ] ] ] } },
{ "type": "Feature", "properties": { "row": 16, "col": 11, "mostly_overlap": true, "overlap_ratio": 1.0, "Type": "Land" }, "geometry": { "type": "Polygon", "coordinates": [ [ [ -87.584834963660526, 41.785591713614558 ], [ -87.584671896561105, 41.785591713614558 ], [ -87.584671896561105, 41.785863492113606 ], [ -87.584834963660526, 41.785863492113606 ], [ -87.584834963660526, 41.785591713614558 ] ] ] } },
{ "type": "Feature", "properties": { "row": 16, "col": 12, "mostly_overlap": true, "overlap_ratio": 0.9338, "Type": "Land" }, "geometry": { "type": "Polygon", "coordinates": [ [ [ -87.584671896561105, 41.785591713614558 ], [ -87.584508829461669, 41.785591713614558 ], [ -87.584508829461669, 41.785863492113606 ], [ -87.584671896561105, 41.785863492113606 ], [ -87.584671896561105, 41.785591713614558 ] ] ] } },
{ "type": "Feature", "properties": { "row": 16, "col": 13, "mostly_overlap": false, "overlap_ratio": 0.0361, "Type": "Water" }, "geometry": { "type": "Polygon", "coordinates": [ [ [ -87.584508829461669, 41.785591713614558 ], [ -87.584345762362247, 41.785591713614558 ], [ -87.584345762362247, 41.785863492113606 ], [ -87.584508829461669, 41.785863492113606 ], [ -87.584508829461669, 41.785591713614558 ] ] ] } },
{ "type": "Feature", "properties": { "row": 16, "col": 14, "mostly_overlap": false, "overlap_ratio": 0.0, "Type": "Water" }, "geometry": { "type": "Polygon", "coordinates": [ [ [ -87.584345762362247, 41.785591713614558 ], [ -87.584182695262811, 41.785591713614558 ], [ -87.584182695262811, 41.785863492113606 ], [ -87.584345762362247, 41.785863492113606 ], [ -87.584345762362247, 41.785591713614558 ] ] ] } },
{ "type": "Feature", "properties": { "row": 16, "col": 15, "mostly_overlap": false, "overlap_ratio": 0.4358, "Type": "Land" }, "geometry": { "type": "Polygon", "coordinates": [ [ [ -87.584182695262811, 41.785591713614558 ], [ -87.584019628163389, 41.785591713614558 ], [ -87.584019628163389, 41.785863492113606 ], [ -87.584182695262811, 41.785863492113606 ], [ -87.584182695262811, 41.785591713614558 ] ] ] } },
{ "type": "Feature", "properties": { "row": 16, "col": 16, "mostly_overlap": false, "overlap_ratio": 0.0834, "Type": "Water" }, "geometry": { "type": "Polygon", "coordinates": [ [ [ -87.584019628163389, 41.785591713614558 ], [ -87.583856561063953, 41.785591713614558 ], [ -87.583856561063953, 41.785863492113606 ], [ -87.584019628163389, 41.785863492113606 ], [ -87.584019628163389, 41.785591713614558 ] ] ] } },
{ "type": "Feature", "properties": { "row": 16, "col": 17, "mostly_overlap": false, "overlap_ratio": 0.0, "Type": "Water" }, "geometry": { "type": "Polygon", "coordinates": [ [ [ -87.583856561063953, 41.785591713614558 ], [ -87.583693493964532, 41.785591713614558 ], [ -87.583693493964532, 41.785863492113606 ], [ -87.583856561063953, 41.785863492113606 ], [ -87.583856561063953, 41.785591713614558 ] ] ] } },
{ "type": "Feature", "properties": { "row": 16, "col": 18, "mostly_overlap": false, "overlap_ratio": 0.0, "Type": "Water" }, "geometry": { "type": "Polygon", "coordinates": [ [ [ -87.583693493964532, 41.785591713614558 ], [ -87.583530426865096, 41.785591713614558 ], [ -87.583530426865096, 41.785863492113606 ], [ -87.583693493964532, 41.785863492113606 ], [ -87.583693493964532, 41.785591713614558 ] ] ] } },
{ "type": "Feature", "properties": { "row": 16, "col": 19, "mostly_overlap": true, "overlap_ratio": 0.5499, "Type": "Land" }, "geometry": { "type": "Polygon", "coordinates": [ [ [ -87.583530426865096, 41.785591713614558 ], [ -87.583367359765674, 41.785591713614558 ], [ -87.583367359765674, 41.785863492113606 ], [ -87.583530426865096, 41.785863492113606 ], [ -87.583530426865096, 41.785591713614558 ] ] ] } },
{ "type": "Feature", "properties": { "row": 16, "col": 20, "mostly_overlap": true, "overlap_ratio": 1.0, "Type": "Land" }, "geometry": { "type": "Polygon", "coordinates": [ [ [ -87.583367359765674, 41.785591713614558 ], [ -87.583204292666238, 41.785591713614558 ], [ -87.583204292666238, 41.785863492113606 ], [ -87.583367359765674, 41.785863492113606 ], [ -87.583367359765674, 41.785591713614558 ] ] ] } },
{ "type": "Feature", "properties": { "row": 16, "col": 21, "mostly_overlap": true, "overlap_ratio": 1.0, "Type": "Land" }, "geometry": { "type": "Polygon", "coordinates": [ [ [ -87.583204292666238, 41.785591713614558 ], [ -87.583041225566816, 41.785591713614558 ], [ -87.583041225566816, 41.785863492113606 ], [ -87.583204292666238, 41.785863492113606 ], [ -87.583204292666238, 41.785591713614558 ] ] ] } },
{ "type": "Feature", "properties": { "row": 16, "col": 22, "mostly_overlap": true, "overlap_ratio": 1.0, "Type": "Land" }, "geometry": { "type": "Polygon", "coordinates": [ [ [ -87.583041225566816, 41.785591713614558 ], [ -87.582878158467381, 41.785591713614558 ], [ -87.582878158467381, 41.785863492113606 ], [ -87.583041225566816, 41.785863492113606 ], [ -87.583041225566816, 41.785591713614558 ] ] ] } },
{ "type": "Feature", "properties": { "row": 16, "col": 23, "mostly_overlap": true, "overlap_ratio": 1.0, "Type": "Land" }, "geometry": { "type": "Polygon", "coordinates": [ [ [ -87.582878158467381, 41.785591713614558 ], [ -87.582715091367959, 41.785591713614558 ], [ -87.582715091367959, 41.785863492113606 ], [ -87.582878158467381, 41.785863492113606 ], [ -87.582878158467381, 41.785591713614558 ] ] ] } },
{ "type": "Feature", "properties": { "row": 16, "col": 24, "mostly_overlap": true, "overlap_ratio": 1.0, "Type": "Land" }, "geometry": { "type": "Polygon", "coordinates": [ [ [ -87.582715091367959, 41.785591713614558 ], [ -87.582552024268523, 41.785591713614558 ], [ -87.582552024268523, 41.785863492113606 ], [ -87.582715091367959, 41.785863492113606 ], [ -87.582715091367959, 41.785591713614558 ] ] ] } },
{ "type": "Feature", "properties": { "row": 16, "col": 25, "mostly_overlap": true, "overlap_ratio": 0.9845, "Type": "Land" }, "geometry": { "type": "Polygon", "coordinates": [ [ [ -87.582552024268523, 41.785591713614558 ], [ -87.582388957169101, 41.785591713614558 ], [ -87.582388957169101, 41.785863492113606 ], [ -87.582552024268523, 41.785863492113606 ], [ -87.582552024268523, 41.785591713614558 ] ] ] } },
{ "type": "Feature", "properties": { "row": 17, "col": 1, "mostly_overlap": true, "overlap_ratio": 0.8627, "Type": "Land" }, "geometry": { "type": "Polygon", "coordinates": [ [ [ -87.586465634654814, 41.785863492113606 ], [ -87.586302567555393, 41.785863492113606 ], [ -87.586302567555393, 41.786135270612654 ], [ -87.586465634654814, 41.786135270612654 ], [ -87.586465634654814, 41.785863492113606 ] ] ] } },
{ "type": "Feature", "properties": { "row": 17, "col": 2, "mostly_overlap": true, "overlap_ratio": 1.0, "Type": "Land" }, "geometry": { "type": "Polygon", "coordinates": [ [ [ -87.586302567555393, 41.785863492113606 ], [ -87.586139500455957, 41.785863492113606 ], [ -87.586139500455957, 41.786135270612654 ], [ -87.586302567555393, 41.786135270612654 ], [ -87.586302567555393, 41.785863492113606 ] ] ] } },
{ "type": "Feature", "properties": { "row": 17, "col": 3, "mostly_overlap": true, "overlap_ratio": 1.0, "Type": "Land" }, "geometry": { "type": "Polygon", "coordinates": [ [ [ -87.586139500455957, 41.785863492113606 ], [ -87.585976433356535, 41.785863492113606 ], [ -87.585976433356535, 41.786135270612654 ], [ -87.586139500455957, 41.786135270612654 ], [ -87.586139500455957, 41.785863492113606 ] ] ] } },
{ "type": "Feature", "properties": { "row": 17, "col": 4, "mostly_overlap": true, "overlap_ratio": 1.0, "Type": "Land" }, "geometry": { "type": "Polygon", "coordinates": [ [ [ -87.585976433356535, 41.785863492113606 ], [ -87.585813366257099, 41.785863492113606 ], [ -87.585813366257099, 41.786135270612654 ], [ -87.585976433356535, 41.786135270612654 ], [ -87.585976433356535, 41.785863492113606 ] ] ] } },
{ "type": "Feature", "properties": { "row": 17, "col": 5, "mostly_overlap": true, "overlap_ratio": 1.0, "Type": "Land" }, "geometry": { "type": "Polygon", "coordinates": [ [ [ -87.585813366257099, 41.785863492113606 ], [ -87.585650299157678, 41.785863492113606 ], [ -87.585650299157678, 41.786135270612654 ], [ -87.585813366257099, 41.786135270612654 ], [ -87.585813366257099, 41.785863492113606 ] ] ] } },
{ "type": "Feature", "properties": { "row": 17, "col": 6, "mostly_overlap": true, "overlap_ratio": 1.0, "Type": "Land" }, "geometry": { "type": "Polygon", "coordinates": [ [ [ -87.585650299157678, 41.785863492113606 ], [ -87.585487232058242, 41.785863492113606 ], [ -87.585487232058242, 41.786135270612654 ], [ -87.585650299157678, 41.786135270612654 ], [ -87.585650299157678, 41.785863492113606 ] ] ] } },
{ "type": "Feature", "properties": { "row": 17, "col": 7, "mostly_overlap": true, "overlap_ratio": 1.0, "Type": "Land" }, "geometry": { "type": "Polygon", "coordinates": [ [ [ -87.585487232058242, 41.785863492113606 ], [ -87.58532416495882, 41.785863492113606 ], [ -87.58532416495882, 41.786135270612654 ], [ -87.585487232058242, 41.786135270612654 ], [ -87.585487232058242, 41.785863492113606 ] ] ] } },
{ "type": "Feature", "properties": { "row": 17, "col": 8, "mostly_overlap": true, "overlap_ratio": 1.0, "Type": "Land" }, "geometry": { "type": "Polygon", "coordinates": [ [ [ -87.58532416495882, 41.785863492113606 ], [ -87.585161097859384, 41.785863492113606 ], [ -87.585161097859384, 41.786135270612654 ], [ -87.58532416495882, 41.786135270612654 ], [ -87.58532416495882, 41.785863492113606 ] ] ] } },
{ "type": "Feature", "properties": { "row": 17, "col": 9, "mostly_overlap": true, "overlap_ratio": 1.0, "Type": "Land" }, "geometry": { "type": "Polygon", "coordinates": [ [ [ -87.585161097859384, 41.785863492113606 ], [ -87.584998030759962, 41.785863492113606 ], [ -87.584998030759962, 41.786135270612654 ], [ -87.585161097859384, 41.786135270612654 ], [ -87.585161097859384, 41.785863492113606 ] ] ] } },
{ "type": "Feature", "properties": { "row": 17, "col": 10, "mostly_overlap": true, "overlap_ratio": 1.0, "Type": "Land" }, "geometry": { "type": "Polygon", "coordinates": [ [ [ -87.584998030759962, 41.785863492113606 ], [ -87.584834963660526, 41.785863492113606 ], [ -87.584834963660526, 41.786135270612654 ], [ -87.584998030759962, 41.786135270612654 ], [ -87.584998030759962, 41.785863492113606 ] ] ] } },
{ "type": "Feature", "properties": { "row": 17, "col": 11, "mostly_overlap": true, "overlap_ratio": 1.0, "Type": "Land" }, "geometry": { "type": "Polygon", "coordinates": [ [ [ -87.584834963660526, 41.785863492113606 ], [ -87.584671896561105, 41.785863492113606 ], [ -87.584671896561105, 41.786135270612654 ], [ -87.584834963660526, 41.786135270612654 ], [ -87.584834963660526, 41.785863492113606 ] ] ] } },
{ "type": "Feature", "properties": { "row": 17, "col": 12, "mostly_overlap": true, "overlap_ratio": 0.8106, "Type": "Land" }, "geometry": { "type": "Polygon", "coordinates": [ [ [ -87.584671896561105, 41.785863492113606 ], [ -87.584508829461669, 41.785863492113606 ], [ -87.584508829461669, 41.786135270612654 ], [ -87.584671896561105, 41.786135270612654 ], [ -87.584671896561105, 41.785863492113606 ] ] ] } },
{ "type": "Feature", "properties": { "row": 17, "col": 13, "mostly_overlap": false, "overlap_ratio": 0.0118, "Type": "Water" }, "geometry": { "type": "Polygon", "coordinates": [ [ [ -87.584508829461669, 41.785863492113606 ], [ -87.584345762362247, 41.785863492113606 ], [ -87.584345762362247, 41.786135270612654 ], [ -87.584508829461669, 41.786135270612654 ], [ -87.584508829461669, 41.785863492113606 ] ] ] } },
{ "type": "Feature", "properties": { "row": 17, "col": 14, "mostly_overlap": false, "overlap_ratio": 0.0676, "Type": "Water" }, "geometry": { "type": "Polygon", "coordinates": [ [ [ -87.584345762362247, 41.785863492113606 ], [ -87.584182695262811, 41.785863492113606 ], [ -87.584182695262811, 41.786135270612654 ], [ -87.584345762362247, 41.786135270612654 ], [ -87.584345762362247, 41.785863492113606 ] ] ] } },
{ "type": "Feature", "properties": { "row": 17, "col": 15, "mostly_overlap": true, "overlap_ratio": 0.8605, "Type": "Land" }, "geometry": { "type": "Polygon", "coordinates": [ [ [ -87.584182695262811, 41.785863492113606 ], [ -87.584019628163389, 41.785863492113606 ], [ -87.584019628163389, 41.786135270612654 ], [ -87.584182695262811, 41.786135270612654 ], [ -87.584182695262811, 41.785863492113606 ] ] ] } },
{ "type": "Feature", "properties": { "row": 17, "col": 16, "mostly_overlap": false, "overlap_ratio": 0.0685, "Type": "Water" }, "geometry": { "type": "Polygon", "coordinates": [ [ [ -87.584019628163389, 41.785863492113606 ], [ -87.583856561063953, 41.785863492113606 ], [ -87.583856561063953, 41.786135270612654 ], [ -87.584019628163389, 41.786135270612654 ], [ -87.584019628163389, 41.785863492113606 ] ] ] } },
{ "type": "Feature", "properties": { "row": 17, "col": 17, "mostly_overlap": false, "overlap_ratio": 0.0, "Type": "Water" }, "geometry": { "type": "Polygon", "coordinates": [ [ [ -87.583856561063953, 41.785863492113606 ], [ -87.583693493964532, 41.785863492113606 ], [ -87.583693493964532, 41.786135270612654 ], [ -87.583856561063953, 41.786135270612654 ], [ -87.583856561063953, 41.785863492113606 ] ] ] } },
{ "type": "Feature", "properties": { "row": 17, "col": 18, "mostly_overlap": false, "overlap_ratio": 0.0, "Type": "Water" }, "geometry": { "type": "Polygon", "coordinates": [ [ [ -87.583693493964532, 41.785863492113606 ], [ -87.583530426865096, 41.785863492113606 ], [ -87.583530426865096, 41.786135270612654 ], [ -87.583693493964532, 41.786135270612654 ], [ -87.583693493964532, 41.785863492113606 ] ] ] } },
{ "type": "Feature", "properties": { "row": 17, "col": 19, "mostly_overlap": true, "overlap_ratio": 0.5243, "Type": "Land" }, "geometry": { "type": "Polygon", "coordinates": [ [ [ -87.583530426865096, 41.785863492113606 ], [ -87.583367359765674, 41.785863492113606 ], [ -87.583367359765674, 41.786135270612654 ], [ -87.583530426865096, 41.786135270612654 ], [ -87.583530426865096, 41.785863492113606 ] ] ] } },
{ "type": "Feature", "properties": { "row": 17, "col": 20, "mostly_overlap": true, "overlap_ratio": 1.0, "Type": "Land" }, "geometry": { "type": "Polygon", "coordinates": [ [ [ -87.583367359765674, 41.785863492113606 ], [ -87.583204292666238, 41.785863492113606 ], [ -87.583204292666238, 41.786135270612654 ], [ -87.583367359765674, 41.786135270612654 ], [ -87.583367359765674, 41.785863492113606 ] ] ] } },
{ "type": "Feature", "properties": { "row": 17, "col": 21, "mostly_overlap": true, "overlap_ratio": 1.0, "Type": "Land" }, "geometry": { "type": "Polygon", "coordinates": [ [ [ -87.583204292666238, 41.785863492113606 ], [ -87.583041225566816, 41.785863492113606 ], [ -87.583041225566816, 41.786135270612654 ], [ -87.583204292666238, 41.786135270612654 ], [ -87.583204292666238, 41.785863492113606 ] ] ] } },
{ "type": "Feature", "properties": { "row": 17, "col": 22, "mostly_overlap": true, "overlap_ratio": 1.0, "Type": "Land" }, "geometry": { "type": "Polygon", "coordinates": [ [ [ -87.583041225566816, 41.785863492113606 ], [ -87.582878158467381, 41.785863492113606 ], [ -87.582878158467381, 41.786135270612654 ], [ -87.583041225566816, 41.786135270612654 ], [ -87.583041225566816, 41.785863492113606 ] ] ] } },
{ "type": "Feature", "properties": { "row": 17, "col": 23, "mostly_overlap": true, "overlap_ratio": 1.0, "Type": "Land" }, "geometry": { "type": "Polygon", "coordinates": [ [ [ -87.582878158467381, 41.785863492113606 ], [ -87.582715091367959, 41.785863492113606 ], [ -87.582715091367959, 41.786135270612654 ], [ -87.582878158467381, 41.786135270612654 ], [ -87.582878158467381, 41.785863492113606 ] ] ] } },
{ "type": "Feature", "properties": { "row": 17, "col": 24, "mostly_overlap": true, "overlap_ratio": 1.0, "Type": "Land" }, "geometry": { "type": "Polygon", "coordinates": [ [ [ -87.582715091367959, 41.785863492113606 ], [ -87.582552024268523, 41.785863492113606 ], [ -87.582552024268523, 41.786135270612654 ], [ -87.582715091367959, 41.786135270612654 ], [ -87.582715091367959, 41.785863492113606 ] ] ] } },
{ "type": "Feature", "properties": { "row": 17, "col": 25, "mostly_overlap": true, "overlap_ratio": 0.8079, "Type": "Land" }, "geometry": { "type": "Polygon", "coordinates": [ [ [ -87.582552024268523, 41.785863492113606 ], [ -87.582388957169101, 41.785863492113606 ], [ -87.582388957169101, 41.786135270612654 ], [ -87.582552024268523, 41.786135270612654 ], [ -87.582552024268523, 41.785863492113606 ] ] ] } },
{ "type": "Feature", "properties": { "row": 18, "col": 1, "mostly_overlap": true, "overlap_ratio": 0.8902, "Type": "Land" }, "geometry": { "type": "Polygon", "coordinates": [ [ [ -87.586465634654814, 41.786135270612654 ], [ -87.586302567555393, 41.786135270612654 ], [ -87.586302567555393, 41.786407049111702 ], [ -87.586465634654814, 41.786407049111702 ], [ -87.586465634654814, 41.786135270612654 ] ] ] } },
{ "type": "Feature", "properties": { "row": 18, "col": 2, "mostly_overlap": true, "overlap_ratio": 1.0, "Type": "Land" }, "geometry": { "type": "Polygon", "coordinates": [ [ [ -87.586302567555393, 41.786135270612654 ], [ -87.586139500455957, 41.786135270612654 ], [ -87.586139500455957, 41.786407049111702 ], [ -87.586302567555393, 41.786407049111702 ], [ -87.586302567555393, 41.786135270612654 ] ] ] } },
{ "type": "Feature", "properties": { "row": 18, "col": 3, "mostly_overlap": true, "overlap_ratio": 1.0, "Type": "Building" }, "geometry": { "type": "Polygon", "coordinates": [ [ [ -87.586139500455957, 41.786135270612654 ], [ -87.585976433356535, 41.786135270612654 ], [ -87.585976433356535, 41.786407049111702 ], [ -87.586139500455957, 41.786407049111702 ], [ -87.586139500455957, 41.786135270612654 ] ] ] } },
{ "type": "Feature", "properties": { "row": 18, "col": 4, "mostly_overlap": true, "overlap_ratio": 1.0, "Type": "Building" }, "geometry": { "type": "Polygon", "coordinates": [ [ [ -87.585976433356535, 41.786135270612654 ], [ -87.585813366257099, 41.786135270612654 ], [ -87.585813366257099, 41.786407049111702 ], [ -87.585976433356535, 41.786407049111702 ], [ -87.585976433356535, 41.786135270612654 ] ] ] } },
{ "type": "Feature", "properties": { "row": 18, "col": 5, "mostly_overlap": true, "overlap_ratio": 1.0, "Type": "Building" }, "geometry": { "type": "Polygon", "coordinates": [ [ [ -87.585813366257099, 41.786135270612654 ], [ -87.585650299157678, 41.786135270612654 ], [ -87.585650299157678, 41.786407049111702 ], [ -87.585813366257099, 41.786407049111702 ], [ -87.585813366257099, 41.786135270612654 ] ] ] } },
{ "type": "Feature", "properties": { "row": 18, "col": 6, "mostly_overlap": true, "overlap_ratio": 1.0, "Type": "Building" }, "geometry": { "type": "Polygon", "coordinates": [ [ [ -87.585650299157678, 41.786135270612654 ], [ -87.585487232058242, 41.786135270612654 ], [ -87.585487232058242, 41.786407049111702 ], [ -87.585650299157678, 41.786407049111702 ], [ -87.585650299157678, 41.786135270612654 ] ] ] } },
{ "type": "Feature", "properties": { "row": 18, "col": 7, "mostly_overlap": true, "overlap_ratio": 1.0, "Type": "Building" }, "geometry": { "type": "Polygon", "coordinates": [ [ [ -87.585487232058242, 41.786135270612654 ], [ -87.58532416495882, 41.786135270612654 ], [ -87.58532416495882, 41.786407049111702 ], [ -87.585487232058242, 41.786407049111702 ], [ -87.585487232058242, 41.786135270612654 ] ] ] } },
{ "type": "Feature", "properties": { "row": 18, "col": 8, "mostly_overlap": true, "overlap_ratio": 1.0, "Type": "Land" }, "geometry": { "type": "Polygon", "coordinates": [ [ [ -87.58532416495882, 41.786135270612654 ], [ -87.585161097859384, 41.786135270612654 ], [ -87.585161097859384, 41.786407049111702 ], [ -87.58532416495882, 41.786407049111702 ], [ -87.58532416495882, 41.786135270612654 ] ] ] } },
{ "type": "Feature", "properties": { "row": 18, "col": 9, "mostly_overlap": true, "overlap_ratio": 1.0, "Type": "Land" }, "geometry": { "type": "Polygon", "coordinates": [ [ [ -87.585161097859384, 41.786135270612654 ], [ -87.584998030759962, 41.786135270612654 ], [ -87.584998030759962, 41.786407049111702 ], [ -87.585161097859384, 41.786407049111702 ], [ -87.585161097859384, 41.786135270612654 ] ] ] } },
{ "type": "Feature", "properties": { "row": 18, "col": 10, "mostly_overlap": true, "overlap_ratio": 1.0, "Type": "Land" }, "geometry": { "type": "Polygon", "coordinates": [ [ [ -87.584998030759962, 41.786135270612654 ], [ -87.584834963660526, 41.786135270612654 ], [ -87.584834963660526, 41.786407049111702 ], [ -87.584998030759962, 41.786407049111702 ], [ -87.584998030759962, 41.786135270612654 ] ] ] } },
{ "type": "Feature", "properties": { "row": 18, "col": 11, "mostly_overlap": true, "overlap_ratio": 1.0, "Type": "Land" }, "geometry": { "type": "Polygon", "coordinates": [ [ [ -87.584834963660526, 41.786135270612654 ], [ -87.584671896561105, 41.786135270612654 ], [ -87.584671896561105, 41.786407049111702 ], [ -87.584834963660526, 41.786407049111702 ], [ -87.584834963660526, 41.786135270612654 ] ] ] } },
{ "type": "Feature", "properties": { "row": 18, "col": 12, "mostly_overlap": false, "overlap_ratio": 0.3844, "Type": "Water" }, "geometry": { "type": "Polygon", "coordinates": [ [ [ -87.584671896561105, 41.786135270612654 ], [ -87.584508829461669, 41.786135270612654 ], [ -87.584508829461669, 41.786407049111702 ], [ -87.584671896561105, 41.786407049111702 ], [ -87.584671896561105, 41.786135270612654 ] ] ] } },
{ "type": "Feature", "properties": { "row": 18, "col": 13, "mostly_overlap": false, "overlap_ratio": 0.0, "Type": "Water" }, "geometry": { "type": "Polygon", "coordinates": [ [ [ -87.584508829461669, 41.786135270612654 ], [ -87.584345762362247, 41.786135270612654 ], [ -87.584345762362247, 41.786407049111702 ], [ -87.584508829461669, 41.786407049111702 ], [ -87.584508829461669, 41.786135270612654 ] ] ] } },
{ "type": "Feature", "properties": { "row": 18, "col": 14, "mostly_overlap": false, "overlap_ratio": 0.019, "Type": "Water" }, "geometry": { "type": "Polygon", "coordinates": [ [ [ -87.584345762362247, 41.786135270612654 ], [ -87.584182695262811, 41.786135270612654 ], [ -87.584182695262811, 41.786407049111702 ], [ -87.584345762362247, 41.786407049111702 ], [ -87.584345762362247, 41.786135270612654 ] ] ] } },
{ "type": "Feature", "properties": { "row": 18, "col": 15, "mostly_overlap": false, "overlap_ratio": 0.4137, "Type": "Water" }, "geometry": { "type": "Polygon", "coordinates": [ [ [ -87.584182695262811, 41.786135270612654 ], [ -87.584019628163389, 41.786135270612654 ], [ -87.584019628163389, 41.786407049111702 ], [ -87.584182695262811, 41.786407049111702 ], [ -87.584182695262811, 41.786135270612654 ] ] ] } },
{ "type": "Feature", "properties": { "row": 18, "col": 16, "mostly_overlap": false, "overlap_ratio": 0.0462, "Type": "Water" }, "geometry": { "type": "Polygon", "coordinates": [ [ [ -87.584019628163389, 41.786135270612654 ], [ -87.583856561063953, 41.786135270612654 ], [ -87.583856561063953, 41.786407049111702 ], [ -87.584019628163389, 41.786407049111702 ], [ -87.584019628163389, 41.786135270612654 ] ] ] } },
{ "type": "Feature", "properties": { "row": 18, "col": 17, "mostly_overlap": false, "overlap_ratio": 0.0, "Type": "Water" }, "geometry": { "type": "Polygon", "coordinates": [ [ [ -87.583856561063953, 41.786135270612654 ], [ -87.583693493964532, 41.786135270612654 ], [ -87.583693493964532, 41.786407049111702 ], [ -87.583856561063953, 41.786407049111702 ], [ -87.583856561063953, 41.786135270612654 ] ] ] } },
{ "type": "Feature", "properties": { "row": 18, "col": 18, "mostly_overlap": false, "overlap_ratio": 0.0, "Type": "Water" }, "geometry": { "type": "Polygon", "coordinates": [ [ [ -87.583693493964532, 41.786135270612654 ], [ -87.583530426865096, 41.786135270612654 ], [ -87.583530426865096, 41.786407049111702 ], [ -87.583693493964532, 41.786407049111702 ], [ -87.583693493964532, 41.786135270612654 ] ] ] } },
{ "type": "Feature", "properties": { "row": 18, "col": 19, "mostly_overlap": true, "overlap_ratio": 0.694, "Type": "Land" }, "geometry": { "type": "Polygon", "coordinates": [ [ [ -87.583530426865096, 41.786135270612654 ], [ -87.583367359765674, 41.786135270612654 ], [ -87.583367359765674, 41.786407049111702 ], [ -87.583530426865096, 41.786407049111702 ], [ -87.583530426865096, 41.786135270612654 ] ] ] } },
{ "type": "Feature", "properties": { "row": 18, "col": 20, "mostly_overlap": true, "overlap_ratio": 1.0, "Type": "Land" }, "geometry": { "type": "Polygon", "coordinates": [ [ [ -87.583367359765674, 41.786135270612654 ], [ -87.583204292666238, 41.786135270612654 ], [ -87.583204292666238, 41.786407049111702 ], [ -87.583367359765674, 41.786407049111702 ], [ -87.583367359765674, 41.786135270612654 ] ] ] } },
{ "type": "Feature", "properties": { "row": 18, "col": 21, "mostly_overlap": true, "overlap_ratio": 1.0, "Type": "Land" }, "geometry": { "type": "Polygon", "coordinates": [ [ [ -87.583204292666238, 41.786135270612654 ], [ -87.583041225566816, 41.786135270612654 ], [ -87.583041225566816, 41.786407049111702 ], [ -87.583204292666238, 41.786407049111702 ], [ -87.583204292666238, 41.786135270612654 ] ] ] } },
{ "type": "Feature", "properties": { "row": 18, "col": 22, "mostly_overlap": true, "overlap_ratio": 1.0, "Type": "Land" }, "geometry": { "type": "Polygon", "coordinates": [ [ [ -87.583041225566816, 41.786135270612654 ], [ -87.582878158467381, 41.786135270612654 ], [ -87.582878158467381, 41.786407049111702 ], [ -87.583041225566816, 41.786407049111702 ], [ -87.583041225566816, 41.786135270612654 ] ] ] } },
{ "type": "Feature", "properties": { "row": 18, "col": 23, "mostly_overlap": true, "overlap_ratio": 1.0, "Type": "Land" }, "geometry": { "type": "Polygon", "coordinates": [ [ [ -87.582878158467381, 41.786135270612654 ], [ -87.582715091367959, 41.786135270612654 ], [ -87.582715091367959, 41.786407049111702 ], [ -87.582878158467381, 41.786407049111702 ], [ -87.582878158467381, 41.786135270612654 ] ] ] } },
{ "type": "Feature", "properties": { "row": 18, "col": 24, "mostly_overlap": true, "overlap_ratio": 1.0, "Type": "Land" }, "geometry": { "type": "Polygon", "coordinates": [ [ [ -87.582715091367959, 41.786135270612654 ], [ -87.582552024268523, 41.786135270612654 ], [ -87.582552024268523, 41.786407049111702 ], [ -87.582715091367959, 41.786407049111702 ], [ -87.582715091367959, 41.786135270612654 ] ] ] } },
{ "type": "Feature", "properties": { "row": 18, "col": 25, "mostly_overlap": true, "overlap_ratio": 0.9539, "Type": "Land" }, "geometry": { "type": "Polygon", "coordinates": [ [ [ -87.582552024268523, 41.786135270612654 ], [ -87.582388957169101, 41.786135270612654 ], [ -87.582388957169101, 41.786407049111702 ], [ -87.582552024268523, 41.786407049111702 ], [ -87.582552024268523, 41.786135270612654 ] ] ] } },
{ "type": "Feature", "properties": { "row": 19, "col": 1, "mostly_overlap": true, "overlap_ratio": 0.9176, "Type": "Land" }, "geometry": { "type": "Polygon", "coordinates": [ [ [ -87.586465634654814, 41.786407049111702 ], [ -87.586302567555393, 41.786407049111702 ], [ -87.586302567555393, 41.78667882761075 ], [ -87.586465634654814, 41.78667882761075 ], [ -87.586465634654814, 41.786407049111702 ] ] ] } },
{ "type": "Feature", "properties": { "row": 19, "col": 2, "mostly_overlap": true, "overlap_ratio": 1.0, "Type": "Land" }, "geometry": { "type": "Polygon", "coordinates": [ [ [ -87.586302567555393, 41.786407049111702 ], [ -87.586139500455957, 41.786407049111702 ], [ -87.586139500455957, 41.78667882761075 ], [ -87.586302567555393, 41.78667882761075 ], [ -87.586302567555393, 41.786407049111702 ] ] ] } },
{ "type": "Feature", "properties": { "row": 19, "col": 3, "mostly_overlap": true, "overlap_ratio": 1.0, "Type": "Land" }, "geometry": { "type": "Polygon", "coordinates": [ [ [ -87.586139500455957, 41.786407049111702 ], [ -87.585976433356535, 41.786407049111702 ], [ -87.585976433356535, 41.78667882761075 ], [ -87.586139500455957, 41.78667882761075 ], [ -87.586139500455957, 41.786407049111702 ] ] ] } },
{ "type": "Feature", "properties": { "row": 19, "col": 4, "mostly_overlap": true, "overlap_ratio": 1.0, "Type": "Land" }, "geometry": { "type": "Polygon", "coordinates": [ [ [ -87.585976433356535, 41.786407049111702 ], [ -87.585813366257099, 41.786407049111702 ], [ -87.585813366257099, 41.78667882761075 ], [ -87.585976433356535, 41.78667882761075 ], [ -87.585976433356535, 41.786407049111702 ] ] ] } },
{ "type": "Feature", "properties": { "row": 19, "col": 5, "mostly_overlap": true, "overlap_ratio": 1.0, "Type": "Building" }, "geometry": { "type": "Polygon", "coordinates": [ [ [ -87.585813366257099, 41.786407049111702 ], [ -87.585650299157678, 41.786407049111702 ], [ -87.585650299157678, 41.78667882761075 ], [ -87.585813366257099, 41.78667882761075 ], [ -87.585813366257099, 41.786407049111702 ] ] ] } },
{ "type": "Feature", "properties": { "row": 19, "col": 6, "mostly_overlap": true, "overlap_ratio": 1.0, "Type": "Building" }, "geometry": { "type": "Polygon", "coordinates": [ [ [ -87.585650299157678, 41.786407049111702 ], [ -87.585487232058242, 41.786407049111702 ], [ -87.585487232058242, 41.78667882761075 ], [ -87.585650299157678, 41.78667882761075 ], [ -87.585650299157678, 41.786407049111702 ] ] ] } },
{ "type": "Feature", "properties": { "row": 19, "col": 7, "mostly_overlap": true, "overlap_ratio": 1.0, "Type": "Land" }, "geometry": { "type": "Polygon", "coordinates": [ [ [ -87.585487232058242, 41.786407049111702 ], [ -87.58532416495882, 41.786407049111702 ], [ -87.58532416495882, 41.78667882761075 ], [ -87.585487232058242, 41.78667882761075 ], [ -87.585487232058242, 41.786407049111702 ] ] ] } },
{ "type": "Feature", "properties": { "row": 19, "col": 8, "mostly_overlap": true, "overlap_ratio": 1.0, "Type": "Land" }, "geometry": { "type": "Polygon", "coordinates": [ [ [ -87.58532416495882, 41.786407049111702 ], [ -87.585161097859384, 41.786407049111702 ], [ -87.585161097859384, 41.78667882761075 ], [ -87.58532416495882, 41.78667882761075 ], [ -87.58532416495882, 41.786407049111702 ] ] ] } },
{ "type": "Feature", "properties": { "row": 19, "col": 9, "mostly_overlap": true, "overlap_ratio": 1.0, "Type": "Land" }, "geometry": { "type": "Polygon", "coordinates": [ [ [ -87.585161097859384, 41.786407049111702 ], [ -87.584998030759962, 41.786407049111702 ], [ -87.584998030759962, 41.78667882761075 ], [ -87.585161097859384, 41.78667882761075 ], [ -87.585161097859384, 41.786407049111702 ] ] ] } },
{ "type": "Feature", "properties": { "row": 19, "col": 10, "mostly_overlap": true, "overlap_ratio": 1.0, "Type": "Land" }, "geometry": { "type": "Polygon", "coordinates": [ [ [ -87.584998030759962, 41.786407049111702 ], [ -87.584834963660526, 41.786407049111702 ], [ -87.584834963660526, 41.78667882761075 ], [ -87.584998030759962, 41.78667882761075 ], [ -87.584998030759962, 41.786407049111702 ] ] ] } },
{ "type": "Feature", "properties": { "row": 19, "col": 11, "mostly_overlap": true, "overlap_ratio": 1.0, "Type": "Land" }, "geometry": { "type": "Polygon", "coordinates": [ [ [ -87.584834963660526, 41.786407049111702 ], [ -87.584671896561105, 41.786407049111702 ], [ -87.584671896561105, 41.78667882761075 ], [ -87.584834963660526, 41.78667882761075 ], [ -87.584834963660526, 41.786407049111702 ] ] ] } },
{ "type": "Feature", "properties": { "row": 19, "col": 12, "mostly_overlap": false, "overlap_ratio": 0.3966, "Type": "Water" }, "geometry": { "type": "Polygon", "coordinates": [ [ [ -87.584671896561105, 41.786407049111702 ], [ -87.584508829461669, 41.786407049111702 ], [ -87.584508829461669, 41.78667882761075 ], [ -87.584671896561105, 41.78667882761075 ], [ -87.584671896561105, 41.786407049111702 ] ] ] } },
{ "type": "Feature", "properties": { "row": 19, "col": 13, "mostly_overlap": false, "overlap_ratio": 0.0, "Type": "Water" }, "geometry": { "type": "Polygon", "coordinates": [ [ [ -87.584508829461669, 41.786407049111702 ], [ -87.584345762362247, 41.786407049111702 ], [ -87.584345762362247, 41.78667882761075 ], [ -87.584508829461669, 41.78667882761075 ], [ -87.584508829461669, 41.786407049111702 ] ] ] } },
{ "type": "Feature", "properties": { "row": 19, "col": 14, "mostly_overlap": false, "overlap_ratio": 0.0, "Type": "Water" }, "geometry": { "type": "Polygon", "coordinates": [ [ [ -87.584345762362247, 41.786407049111702 ], [ -87.584182695262811, 41.786407049111702 ], [ -87.584182695262811, 41.78667882761075 ], [ -87.584345762362247, 41.78667882761075 ], [ -87.584345762362247, 41.786407049111702 ] ] ] } },
{ "type": "Feature", "properties": { "row": 19, "col": 15, "mostly_overlap": false, "overlap_ratio": 0.0, "Type": "Water" }, "geometry": { "type": "Polygon", "coordinates": [ [ [ -87.584182695262811, 41.786407049111702 ], [ -87.584019628163389, 41.786407049111702 ], [ -87.584019628163389, 41.78667882761075 ], [ -87.584182695262811, 41.78667882761075 ], [ -87.584182695262811, 41.786407049111702 ] ] ] } },
{ "type": "Feature", "properties": { "row": 19, "col": 16, "mostly_overlap": false, "overlap_ratio": 0.0, "Type": "Water" }, "geometry": { "type": "Polygon", "coordinates": [ [ [ -87.584019628163389, 41.786407049111702 ], [ -87.583856561063953, 41.786407049111702 ], [ -87.583856561063953, 41.78667882761075 ], [ -87.584019628163389, 41.78667882761075 ], [ -87.584019628163389, 41.786407049111702 ] ] ] } },
{ "type": "Feature", "properties": { "row": 19, "col": 17, "mostly_overlap": false, "overlap_ratio": 0.0, "Type": "Water" }, "geometry": { "type": "Polygon", "coordinates": [ [ [ -87.583856561063953, 41.786407049111702 ], [ -87.583693493964532, 41.786407049111702 ], [ -87.583693493964532, 41.78667882761075 ], [ -87.583856561063953, 41.78667882761075 ], [ -87.583856561063953, 41.786407049111702 ] ] ] } },
{ "type": "Feature", "properties": { "row": 19, "col": 18, "mostly_overlap": false, "overlap_ratio": 0.0434, "Type": "Water" }, "geometry": { "type": "Polygon", "coordinates": [ [ [ -87.583693493964532, 41.786407049111702 ], [ -87.583530426865096, 41.786407049111702 ], [ -87.583530426865096, 41.78667882761075 ], [ -87.583693493964532, 41.78667882761075 ], [ -87.583693493964532, 41.786407049111702 ] ] ] } },
{ "type": "Feature", "properties": { "row": 19, "col": 19, "mostly_overlap": true, "overlap_ratio": 0.9291, "Type": "Land" }, "geometry": { "type": "Polygon", "coordinates": [ [ [ -87.583530426865096, 41.786407049111702 ], [ -87.583367359765674, 41.786407049111702 ], [ -87.583367359765674, 41.78667882761075 ], [ -87.583530426865096, 41.78667882761075 ], [ -87.583530426865096, 41.786407049111702 ] ] ] } },
{ "type": "Feature", "properties": { "row": 19, "col": 20, "mostly_overlap": true, "overlap_ratio": 1.0, "Type": "Land" }, "geometry": { "type": "Polygon", "coordinates": [ [ [ -87.583367359765674, 41.786407049111702 ], [ -87.583204292666238, 41.786407049111702 ], [ -87.583204292666238, 41.78667882761075 ], [ -87.583367359765674, 41.78667882761075 ], [ -87.583367359765674, 41.786407049111702 ] ] ] } },
{ "type": "Feature", "properties": { "row": 19, "col": 21, "mostly_overlap": true, "overlap_ratio": 1.0, "Type": "Land" }, "geometry": { "type": "Polygon", "coordinates": [ [ [ -87.583204292666238, 41.786407049111702 ], [ -87.583041225566816, 41.786407049111702 ], [ -87.583041225566816, 41.78667882761075 ], [ -87.583204292666238, 41.78667882761075 ], [ -87.583204292666238, 41.786407049111702 ] ] ] } },
{ "type": "Feature", "properties": { "row": 19, "col": 22, "mostly_overlap": true, "overlap_ratio": 1.0, "Type": "Land" }, "geometry": { "type": "Polygon", "coordinates": [ [ [ -87.583041225566816, 41.786407049111702 ], [ -87.582878158467381, 41.786407049111702 ], [ -87.582878158467381, 41.78667882761075 ], [ -87.583041225566816, 41.78667882761075 ], [ -87.583041225566816, 41.786407049111702 ] ] ] } },
{ "type": "Feature", "properties": { "row": 19, "col": 23, "mostly_overlap": true, "overlap_ratio": 1.0, "Type": "Land" }, "geometry": { "type": "Polygon", "coordinates": [ [ [ -87.582878158467381, 41.786407049111702 ], [ -87.582715091367959, 41.786407049111702 ], [ -87.582715091367959, 41.78667882761075 ], [ -87.582878158467381, 41.78667882761075 ], [ -87.582878158467381, 41.786407049111702 ] ] ] } },
{ "type": "Feature", "properties": { "row": 19, "col": 24, "mostly_overlap": true, "overlap_ratio": 0.8471, "Type": "Land" }, "geometry": { "type": "Polygon", "coordinates": [ [ [ -87.582715091367959, 41.786407049111702 ], [ -87.582552024268523, 41.786407049111702 ], [ -87.582552024268523, 41.78667882761075 ], [ -87.582715091367959, 41.78667882761075 ], [ -87.582715091367959, 41.786407049111702 ] ] ] } },
{ "type": "Feature", "properties": { "row": 19, "col": 25, "mostly_overlap": false, "overlap_ratio": 0.4015, "Type": "Water" }, "geometry": { "type": "Polygon", "coordinates": [ [ [ -87.582552024268523, 41.786407049111702 ], [ -87.582388957169101, 41.786407049111702 ], [ -87.582388957169101, 41.78667882761075 ], [ -87.582552024268523, 41.78667882761075 ], [ -87.582552024268523, 41.786407049111702 ] ] ] } },
{ "type": "Feature", "properties": { "row": 20, "col": 1, "mostly_overlap": true, "overlap_ratio": 0.9451, "Type": "Land" }, "geometry": { "type": "Polygon", "coordinates": [ [ [ -87.586465634654814, 41.78667882761075 ], [ -87.586302567555393, 41.78667882761075 ], [ -87.586302567555393, 41.786950606109798 ], [ -87.586465634654814, 41.786950606109798 ], [ -87.586465634654814, 41.78667882761075 ] ] ] } },
{ "type": "Feature", "properties": { "row": 20, "col": 2, "mostly_overlap": true, "overlap_ratio": 1.0, "Type": "Land" }, "geometry": { "type": "Polygon", "coordinates": [ [ [ -87.586302567555393, 41.78667882761075 ], [ -87.586139500455957, 41.78667882761075 ], [ -87.586139500455957, 41.786950606109798 ], [ -87.586302567555393, 41.786950606109798 ], [ -87.586302567555393, 41.78667882761075 ] ] ] } },
{ "type": "Feature", "properties": { "row": 20, "col": 3, "mostly_overlap": true, "overlap_ratio": 1.0, "Type": "Land" }, "geometry": { "type": "Polygon", "coordinates": [ [ [ -87.586139500455957, 41.78667882761075 ], [ -87.585976433356535, 41.78667882761075 ], [ -87.585976433356535, 41.786950606109798 ], [ -87.586139500455957, 41.786950606109798 ], [ -87.586139500455957, 41.78667882761075 ] ] ] } },
{ "type": "Feature", "properties": { "row": 20, "col": 4, "mostly_overlap": true, "overlap_ratio": 1.0, "Type": "Land" }, "geometry": { "type": "Polygon", "coordinates": [ [ [ -87.585976433356535, 41.78667882761075 ], [ -87.585813366257099, 41.78667882761075 ], [ -87.585813366257099, 41.786950606109798 ], [ -87.585976433356535, 41.786950606109798 ], [ -87.585976433356535, 41.78667882761075 ] ] ] } },
{ "type": "Feature", "properties": { "row": 20, "col": 5, "mostly_overlap": true, "overlap_ratio": 1.0, "Type": "Land" }, "geometry": { "type": "Polygon", "coordinates": [ [ [ -87.585813366257099, 41.78667882761075 ], [ -87.585650299157678, 41.78667882761075 ], [ -87.585650299157678, 41.786950606109798 ], [ -87.585813366257099, 41.786950606109798 ], [ -87.585813366257099, 41.78667882761075 ] ] ] } },
{ "type": "Feature", "properties": { "row": 20, "col": 6, "mostly_overlap": true, "overlap_ratio": 1.0, "Type": "Land" }, "geometry": { "type": "Polygon", "coordinates": [ [ [ -87.585650299157678, 41.78667882761075 ], [ -87.585487232058242, 41.78667882761075 ], [ -87.585487232058242, 41.786950606109798 ], [ -87.585650299157678, 41.786950606109798 ], [ -87.585650299157678, 41.78667882761075 ] ] ] } },
{ "type": "Feature", "properties": { "row": 20, "col": 7, "mostly_overlap": true, "overlap_ratio": 1.0, "Type": "Land" }, "geometry": { "type": "Polygon", "coordinates": [ [ [ -87.585487232058242, 41.78667882761075 ], [ -87.58532416495882, 41.78667882761075 ], [ -87.58532416495882, 41.786950606109798 ], [ -87.585487232058242, 41.786950606109798 ], [ -87.585487232058242, 41.78667882761075 ] ] ] } },
{ "type": "Feature", "properties": { "row": 20, "col": 8, "mostly_overlap": true, "overlap_ratio": 1.0, "Type": "Land" }, "geometry": { "type": "Polygon", "coordinates": [ [ [ -87.58532416495882, 41.78667882761075 ], [ -87.585161097859384, 41.78667882761075 ], [ -87.585161097859384, 41.786950606109798 ], [ -87.58532416495882, 41.786950606109798 ], [ -87.58532416495882, 41.78667882761075 ] ] ] } },
{ "type": "Feature", "properties": { "row": 20, "col": 9, "mostly_overlap": true, "overlap_ratio": 1.0, "Type": "Land" }, "geometry": { "type": "Polygon", "coordinates": [ [ [ -87.585161097859384, 41.78667882761075 ], [ -87.584998030759962, 41.78667882761075 ], [ -87.584998030759962, 41.786950606109798 ], [ -87.585161097859384, 41.786950606109798 ], [ -87.585161097859384, 41.78667882761075 ] ] ] } },
{ "type": "Feature", "properties": { "row": 20, "col": 10, "mostly_overlap": true, "overlap_ratio": 1.0, "Type": "Land" }, "geometry": { "type": "Polygon", "coordinates": [ [ [ -87.584998030759962, 41.78667882761075 ], [ -87.584834963660526, 41.78667882761075 ], [ -87.584834963660526, 41.786950606109798 ], [ -87.584998030759962, 41.786950606109798 ], [ -87.584998030759962, 41.78667882761075 ] ] ] } },
{ "type": "Feature", "properties": { "row": 20, "col": 11, "mostly_overlap": true, "overlap_ratio": 1.0, "Type": "Land" }, "geometry": { "type": "Polygon", "coordinates": [ [ [ -87.584834963660526, 41.78667882761075 ], [ -87.584671896561105, 41.78667882761075 ], [ -87.584671896561105, 41.786950606109798 ], [ -87.584834963660526, 41.786950606109798 ], [ -87.584834963660526, 41.78667882761075 ] ] ] } },
{ "type": "Feature", "properties": { "row": 20, "col": 12, "mostly_overlap": false, "overlap_ratio": 0.1405, "Type": "Water" }, "geometry": { "type": "Polygon", "coordinates": [ [ [ -87.584671896561105, 41.78667882761075 ], [ -87.584508829461669, 41.78667882761075 ], [ -87.584508829461669, 41.786950606109798 ], [ -87.584671896561105, 41.786950606109798 ], [ -87.584671896561105, 41.78667882761075 ] ] ] } },
{ "type": "Feature", "properties": { "row": 20, "col": 13, "mostly_overlap": false, "overlap_ratio": 0.0, "Type": "Water" }, "geometry": { "type": "Polygon", "coordinates": [ [ [ -87.584508829461669, 41.78667882761075 ], [ -87.584345762362247, 41.78667882761075 ], [ -87.584345762362247, 41.786950606109798 ], [ -87.584508829461669, 41.786950606109798 ], [ -87.584508829461669, 41.78667882761075 ] ] ] } },
{ "type": "Feature", "properties": { "row": 20, "col": 14, "mostly_overlap": false, "overlap_ratio": 0.0, "Type": "Water" }, "geometry": { "type": "Polygon", "coordinates": [ [ [ -87.584345762362247, 41.78667882761075 ], [ -87.584182695262811, 41.78667882761075 ], [ -87.584182695262811, 41.786950606109798 ], [ -87.584345762362247, 41.786950606109798 ], [ -87.584345762362247, 41.78667882761075 ] ] ] } },
{ "type": "Feature", "properties": { "row": 20, "col": 15, "mostly_overlap": false, "overlap_ratio": 0.0, "Type": "Water" }, "geometry": { "type": "Polygon", "coordinates": [ [ [ -87.584182695262811, 41.78667882761075 ], [ -87.584019628163389, 41.78667882761075 ], [ -87.584019628163389, 41.786950606109798 ], [ -87.584182695262811, 41.786950606109798 ], [ -87.584182695262811, 41.78667882761075 ] ] ] } },
{ "type": "Feature", "properties": { "row": 20, "col": 16, "mostly_overlap": false, "overlap_ratio": 0.0, "Type": "Water" }, "geometry": { "type": "Polygon", "coordinates": [ [ [ -87.584019628163389, 41.78667882761075 ], [ -87.583856561063953, 41.78667882761075 ], [ -87.583856561063953, 41.786950606109798 ], [ -87.584019628163389, 41.786950606109798 ], [ -87.584019628163389, 41.78667882761075 ] ] ] } },
{ "type": "Feature", "properties": { "row": 20, "col": 17, "mostly_overlap": false, "overlap_ratio": 0.0, "Type": "Water" }, "geometry": { "type": "Polygon", "coordinates": [ [ [ -87.583856561063953, 41.78667882761075 ], [ -87.583693493964532, 41.78667882761075 ], [ -87.583693493964532, 41.786950606109798 ], [ -87.583856561063953, 41.786950606109798 ], [ -87.583856561063953, 41.78667882761075 ] ] ] } },
{ "type": "Feature", "properties": { "row": 20, "col": 18, "mostly_overlap": false, "overlap_ratio": 0.0, "Type": "Water" }, "geometry": { "type": "Polygon", "coordinates": [ [ [ -87.583693493964532, 41.78667882761075 ], [ -87.583530426865096, 41.78667882761075 ], [ -87.583530426865096, 41.786950606109798 ], [ -87.583693493964532, 41.786950606109798 ], [ -87.583693493964532, 41.78667882761075 ] ] ] } },
{ "type": "Feature", "properties": { "row": 20, "col": 19, "mostly_overlap": true, "overlap_ratio": 0.7508, "Type": "Water" }, "geometry": { "type": "Polygon", "coordinates": [ [ [ -87.583530426865096, 41.78667882761075 ], [ -87.583367359765674, 41.78667882761075 ], [ -87.583367359765674, 41.786950606109798 ], [ -87.583530426865096, 41.786950606109798 ], [ -87.583530426865096, 41.78667882761075 ] ] ] } },
{ "type": "Feature", "properties": { "row": 20, "col": 20, "mostly_overlap": true, "overlap_ratio": 1.0, "Type": "Water" }, "geometry": { "type": "Polygon", "coordinates": [ [ [ -87.583367359765674, 41.78667882761075 ], [ -87.583204292666238, 41.78667882761075 ], [ -87.583204292666238, 41.786950606109798 ], [ -87.583367359765674, 41.786950606109798 ], [ -87.583367359765674, 41.78667882761075 ] ] ] } },
{ "type": "Feature", "properties": { "row": 20, "col": 21, "mostly_overlap": true, "overlap_ratio": 1.0, "Type": "Land" }, "geometry": { "type": "Polygon", "coordinates": [ [ [ -87.583204292666238, 41.78667882761075 ], [ -87.583041225566816, 41.78667882761075 ], [ -87.583041225566816, 41.786950606109798 ], [ -87.583204292666238, 41.786950606109798 ], [ -87.583204292666238, 41.78667882761075 ] ] ] } },
{ "type": "Feature", "properties": { "row": 20, "col": 22, "mostly_overlap": true, "overlap_ratio": 1.0, "Type": "Land" }, "geometry": { "type": "Polygon", "coordinates": [ [ [ -87.583041225566816, 41.78667882761075 ], [ -87.582878158467381, 41.78667882761075 ], [ -87.582878158467381, 41.786950606109798 ], [ -87.583041225566816, 41.786950606109798 ], [ -87.583041225566816, 41.78667882761075 ] ] ] } },
{ "type": "Feature", "properties": { "row": 20, "col": 23, "mostly_overlap": true, "overlap_ratio": 0.6324, "Type": "Land" }, "geometry": { "type": "Polygon", "coordinates": [ [ [ -87.582878158467381, 41.78667882761075 ], [ -87.582715091367959, 41.78667882761075 ], [ -87.582715091367959, 41.786950606109798 ], [ -87.582878158467381, 41.786950606109798 ], [ -87.582878158467381, 41.78667882761075 ] ] ] } },
{ "type": "Feature", "properties": { "row": 20, "col": 24, "mostly_overlap": false, "overlap_ratio": 0.003, "Type": "Water" }, "geometry": { "type": "Polygon", "coordinates": [ [ [ -87.582715091367959, 41.78667882761075 ], [ -87.582552024268523, 41.78667882761075 ], [ -87.582552024268523, 41.786950606109798 ], [ -87.582715091367959, 41.786950606109798 ], [ -87.582715091367959, 41.78667882761075 ] ] ] } },
{ "type": "Feature", "properties": { "row": 20, "col": 25, "mostly_overlap": false, "overlap_ratio": 0.0, "Type": "Water" }, "geometry": { "type": "Polygon", "coordinates": [ [ [ -87.582552024268523, 41.78667882761075 ], [ -87.582388957169101, 41.78667882761075 ], [ -87.582388957169101, 41.786950606109798 ], [ -87.582552024268523, 41.786950606109798 ], [ -87.582552024268523, 41.78667882761075 ] ] ] } },
{ "type": "Feature", "properties": { "row": 21, "col": 1, "mostly_overlap": true, "overlap_ratio": 0.9725, "Type": "Land" }, "geometry": { "type": "Polygon", "coordinates": [ [ [ -87.586465634654814, 41.786950606109798 ], [ -87.586302567555393, 41.786950606109798 ], [ -87.586302567555393, 41.787222384608846 ], [ -87.586465634654814, 41.787222384608846 ], [ -87.586465634654814, 41.786950606109798 ] ] ] } },
{ "type": "Feature", "properties": { "row": 21, "col": 2, "mostly_overlap": true, "overlap_ratio": 1.0, "Type": "Land" }, "geometry": { "type": "Polygon", "coordinates": [ [ [ -87.586302567555393, 41.786950606109798 ], [ -87.586139500455957, 41.786950606109798 ], [ -87.586139500455957, 41.787222384608846 ], [ -87.586302567555393, 41.787222384608846 ], [ -87.586302567555393, 41.786950606109798 ] ] ] } },
{ "type": "Feature", "properties": { "row": 21, "col": 3, "mostly_overlap": true, "overlap_ratio": 1.0, "Type": "Land" }, "geometry": { "type": "Polygon", "coordinates": [ [ [ -87.586139500455957, 41.786950606109798 ], [ -87.585976433356535, 41.786950606109798 ], [ -87.585976433356535, 41.787222384608846 ], [ -87.586139500455957, 41.787222384608846 ], [ -87.586139500455957, 41.786950606109798 ] ] ] } },
{ "type": "Feature", "properties": { "row": 21, "col": 4, "mostly_overlap": true, "overlap_ratio": 1.0, "Type": "Land" }, "geometry": { "type": "Polygon", "coordinates": [ [ [ -87.585976433356535, 41.786950606109798 ], [ -87.585813366257099, 41.786950606109798 ], [ -87.585813366257099, 41.787222384608846 ], [ -87.585976433356535, 41.787222384608846 ], [ -87.585976433356535, 41.786950606109798 ] ] ] } },
{ "type": "Feature", "properties": { "row": 21, "col": 5, "mostly_overlap": true, "overlap_ratio": 1.0, "Type": "Land" }, "geometry": { "type": "Polygon", "coordinates": [ [ [ -87.585813366257099, 41.786950606109798 ], [ -87.585650299157678, 41.786950606109798 ], [ -87.585650299157678, 41.787222384608846 ], [ -87.585813366257099, 41.787222384608846 ], [ -87.585813366257099, 41.786950606109798 ] ] ] } },
{ "type": "Feature", "properties": { "row": 21, "col": 6, "mostly_overlap": true, "overlap_ratio": 1.0, "Type": "Land" }, "geometry": { "type": "Polygon", "coordinates": [ [ [ -87.585650299157678, 41.786950606109798 ], [ -87.585487232058242, 41.786950606109798 ], [ -87.585487232058242, 41.787222384608846 ], [ -87.585650299157678, 41.787222384608846 ], [ -87.585650299157678, 41.786950606109798 ] ] ] } },
{ "type": "Feature", "properties": { "row": 21, "col": 7, "mostly_overlap": true, "overlap_ratio": 1.0, "Type": "Land" }, "geometry": { "type": "Polygon", "coordinates": [ [ [ -87.585487232058242, 41.786950606109798 ], [ -87.58532416495882, 41.786950606109798 ], [ -87.58532416495882, 41.787222384608846 ], [ -87.585487232058242, 41.787222384608846 ], [ -87.585487232058242, 41.786950606109798 ] ] ] } },
{ "type": "Feature", "properties": { "row": 21, "col": 8, "mostly_overlap": true, "overlap_ratio": 1.0, "Type": "Land" }, "geometry": { "type": "Polygon", "coordinates": [ [ [ -87.58532416495882, 41.786950606109798 ], [ -87.585161097859384, 41.786950606109798 ], [ -87.585161097859384, 41.787222384608846 ], [ -87.58532416495882, 41.787222384608846 ], [ -87.58532416495882, 41.786950606109798 ] ] ] } },
{ "type": "Feature", "properties": { "row": 21, "col": 9, "mostly_overlap": true, "overlap_ratio": 1.0, "Type": "Land" }, "geometry": { "type": "Polygon", "coordinates": [ [ [ -87.585161097859384, 41.786950606109798 ], [ -87.584998030759962, 41.786950606109798 ], [ -87.584998030759962, 41.787222384608846 ], [ -87.585161097859384, 41.787222384608846 ], [ -87.585161097859384, 41.786950606109798 ] ] ] } },
{ "type": "Feature", "properties": { "row": 21, "col": 10, "mostly_overlap": true, "overlap_ratio": 1.0, "Type": "Land" }, "geometry": { "type": "Polygon", "coordinates": [ [ [ -87.584998030759962, 41.786950606109798 ], [ -87.584834963660526, 41.786950606109798 ], [ -87.584834963660526, 41.787222384608846 ], [ -87.584998030759962, 41.787222384608846 ], [ -87.584998030759962, 41.786950606109798 ] ] ] } },
{ "type": "Feature", "properties": { "row": 21, "col": 11, "mostly_overlap": true, "overlap_ratio": 1.0, "Type": "Land" }, "geometry": { "type": "Polygon", "coordinates": [ [ [ -87.584834963660526, 41.786950606109798 ], [ -87.584671896561105, 41.786950606109798 ], [ -87.584671896561105, 41.787222384608846 ], [ -87.584834963660526, 41.787222384608846 ], [ -87.584834963660526, 41.786950606109798 ] ] ] } },
{ "type": "Feature", "properties": { "row": 21, "col": 12, "mostly_overlap": false, "overlap_ratio": 0.2923, "Type": "Water" }, "geometry": { "type": "Polygon", "coordinates": [ [ [ -87.584671896561105, 41.786950606109798 ], [ -87.584508829461669, 41.786950606109798 ], [ -87.584508829461669, 41.787222384608846 ], [ -87.584671896561105, 41.787222384608846 ], [ -87.584671896561105, 41.786950606109798 ] ] ] } },
{ "type": "Feature", "properties": { "row": 21, "col": 13, "mostly_overlap": false, "overlap_ratio": 0.0, "Type": "Water" }, "geometry": { "type": "Polygon", "coordinates": [ [ [ -87.584508829461669, 41.786950606109798 ], [ -87.584345762362247, 41.786950606109798 ], [ -87.584345762362247, 41.787222384608846 ], [ -87.584508829461669, 41.787222384608846 ], [ -87.584508829461669, 41.786950606109798 ] ] ] } },
{ "type": "Feature", "properties": { "row": 21, "col": 14, "mostly_overlap": false, "overlap_ratio": 0.0, "Type": "Water" }, "geometry": { "type": "Polygon", "coordinates": [ [ [ -87.584345762362247, 41.786950606109798 ], [ -87.584182695262811, 41.786950606109798 ], [ -87.584182695262811, 41.787222384608846 ], [ -87.584345762362247, 41.787222384608846 ], [ -87.584345762362247, 41.786950606109798 ] ] ] } },
{ "type": "Feature", "properties": { "row": 21, "col": 15, "mostly_overlap": false, "overlap_ratio": 0.0, "Type": "Water" }, "geometry": { "type": "Polygon", "coordinates": [ [ [ -87.584182695262811, 41.786950606109798 ], [ -87.584019628163389, 41.786950606109798 ], [ -87.584019628163389, 41.787222384608846 ], [ -87.584182695262811, 41.787222384608846 ], [ -87.584182695262811, 41.786950606109798 ] ] ] } },
{ "type": "Feature", "properties": { "row": 21, "col": 16, "mostly_overlap": false, "overlap_ratio": 0.0, "Type": "Water" }, "geometry": { "type": "Polygon", "coordinates": [ [ [ -87.584019628163389, 41.786950606109798 ], [ -87.583856561063953, 41.786950606109798 ], [ -87.583856561063953, 41.787222384608846 ], [ -87.584019628163389, 41.787222384608846 ], [ -87.584019628163389, 41.786950606109798 ] ] ] } },
{ "type": "Feature", "properties": { "row": 21, "col": 17, "mostly_overlap": false, "overlap_ratio": 0.0, "Type": "Water" }, "geometry": { "type": "Polygon", "coordinates": [ [ [ -87.583856561063953, 41.786950606109798 ], [ -87.583693493964532, 41.786950606109798 ], [ -87.583693493964532, 41.787222384608846 ], [ -87.583856561063953, 41.787222384608846 ], [ -87.583856561063953, 41.786950606109798 ] ] ] } },
{ "type": "Feature", "properties": { "row": 21, "col": 18, "mostly_overlap": false, "overlap_ratio": 0.1093, "Type": "Water" }, "geometry": { "type": "Polygon", "coordinates": [ [ [ -87.583693493964532, 41.786950606109798 ], [ -87.583530426865096, 41.786950606109798 ], [ -87.583530426865096, 41.787222384608846 ], [ -87.583693493964532, 41.787222384608846 ], [ -87.583693493964532, 41.786950606109798 ] ] ] } },
{ "type": "Feature", "properties": { "row": 21, "col": 19, "mostly_overlap": true, "overlap_ratio": 0.9809, "Type": "Water" }, "geometry": { "type": "Polygon", "coordinates": [ [ [ -87.583530426865096, 41.786950606109798 ], [ -87.583367359765674, 41.786950606109798 ], [ -87.583367359765674, 41.787222384608846 ], [ -87.583530426865096, 41.787222384608846 ], [ -87.583530426865096, 41.786950606109798 ] ] ] } },
{ "type": "Feature", "properties": { "row": 21, "col": 20, "mostly_overlap": true, "overlap_ratio": 1.0, "Type": "Water" }, "geometry": { "type": "Polygon", "coordinates": [ [ [ -87.583367359765674, 41.786950606109798 ], [ -87.583204292666238, 41.786950606109798 ], [ -87.583204292666238, 41.787222384608846 ], [ -87.583367359765674, 41.787222384608846 ], [ -87.583367359765674, 41.786950606109798 ] ] ] } },
{ "type": "Feature", "properties": { "row": 21, "col": 21, "mostly_overlap": true, "overlap_ratio": 0.7498, "Type": "Water" }, "geometry": { "type": "Polygon", "coordinates": [ [ [ -87.583204292666238, 41.786950606109798 ], [ -87.583041225566816, 41.786950606109798 ], [ -87.583041225566816, 41.787222384608846 ], [ -87.583204292666238, 41.787222384608846 ], [ -87.583204292666238, 41.786950606109798 ] ] ] } },
{ "type": "Feature", "properties": { "row": 21, "col": 22, "mostly_overlap": false, "overlap_ratio": 0.3496, "Type": "Water" }, "geometry": { "type": "Polygon", "coordinates": [ [ [ -87.583041225566816, 41.786950606109798 ], [ -87.582878158467381, 41.786950606109798 ], [ -87.582878158467381, 41.787222384608846 ], [ -87.583041225566816, 41.787222384608846 ], [ -87.583041225566816, 41.786950606109798 ] ] ] } },
{ "type": "Feature", "properties": { "row": 21, "col": 23, "mostly_overlap": false, "overlap_ratio": 0.009, "Type": "Water" }, "geometry": { "type": "Polygon", "coordinates": [ [ [ -87.582878158467381, 41.786950606109798 ], [ -87.582715091367959, 41.786950606109798 ], [ -87.582715091367959, 41.787222384608846 ], [ -87.582878158467381, 41.787222384608846 ], [ -87.582878158467381, 41.786950606109798 ] ] ] } },
{ "type": "Feature", "properties": { "row": 21, "col": 24, "mostly_overlap": false, "overlap_ratio": 0.0, "Type": "Water" }, "geometry": { "type": "Polygon", "coordinates": [ [ [ -87.582715091367959, 41.786950606109798 ], [ -87.582552024268523, 41.786950606109798 ], [ -87.582552024268523, 41.787222384608846 ], [ -87.582715091367959, 41.787222384608846 ], [ -87.582715091367959, 41.786950606109798 ] ] ] } },
{ "type": "Feature", "properties": { "row": 21, "col": 25, "mostly_overlap": false, "overlap_ratio": 0.0, "Type": "Water" }, "geometry": { "type": "Polygon", "coordinates": [ [ [ -87.582552024268523, 41.786950606109798 ], [ -87.582388957169101, 41.786950606109798 ], [ -87.582388957169101, 41.787222384608846 ], [ -87.582552024268523, 41.787222384608846 ], [ -87.582552024268523, 41.786950606109798 ] ] ] } }
]
}
