{
"type": "FeatureCollection",
"name": "ObamaCenter-4x5",
"crs": { "type": "name", "properties": { "name": "urn:ogc:def:crs:OGC:1.3:CRS84" } },
"features": [
{ "type": "Feature", "properties": { "row": 1, "col": 1, "mostly_overlap": true, "overlap_ratio": 0.0, "type": "Land" }, "geometry": { "type": "Polygon", "coordinates": [ [ [ -87.586465634654814, 41.781515036128845 ], [ -87.586363717717674, 41.781515036128845 ], [ -87.586363717717674, 41.781684897690752 ], [ -87.586465634654814, 41.781684897690752 ], [ -87.586465634654814, 41.781515036128845 ] ] ] } },
{ "type": "Feature", "properties": { "row": 1, "col": 2, "mostly_overlap": true, "overlap_ratio": 0.6942, "type": "Land" }, "geometry": { "type": "Polygon", "coordinates": [ [ [ -87.586363717717674, 41.781515036128845 ], [ -87.586261800780534, 41.781515036128845 ], [ -87.586261800780534, 41.781684897690752 ], [ -87.586363717717674, 41.781684897690752 ], [ -87.586363717717674, 41.781515036128845 ] ] ] } },
{ "type": "Feature", "properties": { "row": 1, "col": 3, "mostly_overlap": true, "overlap_ratio": 0.9993, "type": "Land" }, "geometry": { "type": "Polygon", "coordinates": [ [ [ -87.586261800780534, 41.781515036128845 ], [ -87.586159883843379, 41.781515036128845 ], [ -87.586159883843379, 41.781684897690752 ], [ -87.586261800780534, 41.781684897690752 ], [ -87.586261800780534, 41.781515036128845 ] ] ] } },
{ "type": "Feature", "properties": { "row": 1, "col": 4, "mostly_overlap": true, "overlap_ratio": 0.9987, "type": "Land" }, "geometry": { "type": "Polygon", "coordinates": [ [ [ -87.586159883843379, 41.781515036128845 ], [ -87.586057966906239, 41.781515036128845 ], [ -87.586057966906239, 41.781684897690752 ], [ -87.586159883843379, 41.781684897690752 ], [ -87.586159883843379, 41.781515036128845 ] ] ] } },
{ "type": "Feature", "properties": { "row": 1, "col": 5, "mostly_overlap": true, "overlap_ratio": 0.9981, "type": "Land" }, "geometry": { "type": "Polygon", "coordinates": [ [ [ -87.586057966906239, 41.781515036128845 ], [ -87.585956049969099, 41.781515036128845 ], [ -87.585956049969099, 41.781684897690752 ], [ -87.586057966906239, 41.781684897690752 ], [ -87.586057966906239, 41.781515036128845 ] ] ] } },
{ "type": "Feature", "properties": { "row": 1, "col": 6, "mostly_overlap": true, "overlap_ratio": 0.9975, "type": "Land" }, "geometry": { "type": "Polygon", "coordinates": [ [ [ -87.585956049969099, 41.781515036128845 ], [ -87.585854133031958, 41.781515036128845 ], [ -87.585854133031958, 41.781684897690752 ], [ -87.585956049969099, 41.781684897690752 ], [ -87.585956049969099, 41.781515036128845 ] ] ] } },
{ "type": "Feature", "properties": { "row": 1, "col": 7, "mostly_overlap": true, "overlap_ratio": 0.9969, "type": "Land" }, "geometry": { "type": "Polygon", "coordinates": [ [ [ -87.585854133031958, 41.781515036128845 ], [ -87.585752216094818, 41.781515036128845 ], [ -87.585752216094818, 41.781684897690752 ], [ -87.585854133031958, 41.781684897690752 ], [ -87.585854133031958, 41.781515036128845 ] ] ] } },
{ "type": "Feature", "properties": { "row": 1, "col": 8, "mostly_overlap": true, "overlap_ratio": 0.9964, "type": "Land" }, "geometry": { "type": "Polygon", "coordinates": [ [ [ -87.585752216094818, 41.781515036128845 ], [ -87.585650299157678, 41.781515036128845 ], [ -87.585650299157678, 41.781684897690752 ], [ -87.585752216094818, 41.781684897690752 ], [ -87.585752216094818, 41.781515036128845 ] ] ] } },
{ "type": "Feature", "properties": { "row": 1, "col": 9, "mostly_overlap": true, "overlap_ratio": 0.9958, "type": "Land" }, "geometry": { "type": "Polygon", "coordinates": [ [ [ -87.585650299157678, 41.781515036128845 ], [ -87.585548382220523, 41.781515036128845 ], [ -87.585548382220523, 41.781684897690752 ], [ -87.585650299157678, 41.781684897690752 ], [ -87.585650299157678, 41.781515036128845 ] ] ] } },
{ "type": "Feature", "properties": { "row": 1, "col": 10, "mostly_overlap": true, "overlap_ratio": 0.9952, "type": "Land" }, "geometry": { "type": "Polygon", "coordinates": [ [ [ -87.585548382220523, 41.781515036128845 ], [ -87.585446465283383, 41.781515036128845 ], [ -87.585446465283383, 41.781684897690752 ], [ -87.585548382220523, 41.781684897690752 ], [ -87.585548382220523, 41.781515036128845 ] ] ] } },
{ "type": "Feature", "properties": { "row": 1, "col": 11, "mostly_overlap": true, "overlap_ratio": 0.9946, "type": "Land" }, "geometry": { "type": "Polygon", "coordinates": [ [ [ -87.585446465283383, 41.781515036128845 ], [ -87.585344548346242, 41.781515036128845 ], [ -87.585344548346242, 41.781684897690752 ], [ -87.585446465283383, 41.781684897690752 ], [ -87.585446465283383, 41.781515036128845 ] ] ] } },
{ "type": "Feature", "properties": { "row": 1, "col": 12, "mostly_overlap": true, "overlap_ratio": 0.994, "type": "Land" }, "geometry": { "type": "Polygon", "coordinates": [ [ [ -87.585344548346242, 41.781515036128845 ], [ -87.585242631409102, 41.781515036128845 ], [ -87.585242631409102, 41.781684897690752 ], [ -87.585344548346242, 41.781684897690752 ], [ -87.585344548346242, 41.781515036128845 ] ] ] } },
{ "type": "Feature", "properties": { "row": 1, "col": 13, "mostly_overlap": true, "overlap_ratio": 0.9934, "type": "Land" }, "geometry": { "type": "Polygon", "coordinates": [ [ [ -87.585242631409102, 41.781515036128845 ], [ -87.585140714471962, 41.781515036128845 ], [ -87.585140714471962, 41.781684897690752 ], [ -87.585242631409102, 41.781684897690752 ], [ -87.585242631409102, 41.781515036128845 ] ] ] } },
{ "type": "Feature", "properties": { "row": 1, "col": 14, "mostly_overlap": true, "overlap_ratio": 0.9928, "type": "Land" }, "geometry": { "type": "Polygon", "coordinates": [ [ [ -87.585140714471962, 41.781515036128845 ], [ -87.585038797534821, 41.781515036128845 ], [ -87.585038797534821, 41.781684897690752 ], [ -87.585140714471962, 41.781684897690752 ], [ -87.585140714471962, 41.781515036128845 ] ] ] } },
{ "type": "Feature", "properties": { "row": 1, "col": 15, "mostly_overlap": true, "overlap_ratio": 0.9922, "type": "Land" }, "geometry": { "type": "Polygon", "coordinates": [ [ [ -87.585038797534821, 41.781515036128845 ], [ -87.584936880597667, 41.781515036128845 ], [ -87.584936880597667, 41.781684897690752 ], [ -87.585038797534821, 41.781684897690752 ], [ -87.585038797534821, 41.781515036128845 ] ] ] } },
{ "type": "Feature", "properties": { "row": 1, "col": 16, "mostly_overlap": true, "overlap_ratio": 0.9916, "type": "Land" }, "geometry": { "type": "Polygon", "coordinates": [ [ [ -87.584936880597667, 41.781515036128845 ], [ -87.584834963660526, 41.781515036128845 ], [ -87.584834963660526, 41.781684897690752 ], [ -87.584936880597667, 41.781684897690752 ], [ -87.584936880597667, 41.781515036128845 ] ] ] } },
{ "type": "Feature", "properties": { "row": 1, "col": 17, "mostly_overlap": true, "overlap_ratio": 0.991, "type": "Land" }, "geometry": { "type": "Polygon", "coordinates": [ [ [ -87.584834963660526, 41.781515036128845 ], [ -87.584733046723386, 41.781515036128845 ], [ -87.584733046723386, 41.781684897690752 ], [ -87.584834963660526, 41.781684897690752 ], [ -87.584834963660526, 41.781515036128845 ] ] ] } },
{ "type": "Feature", "properties": { "row": 1, "col": 18, "mostly_overlap": true, "overlap_ratio": 0.9905, "type": "Land" }, "geometry": { "type": "Polygon", "coordinates": [ [ [ -87.584733046723386, 41.781515036128845 ], [ -87.584631129786246, 41.781515036128845 ], [ -87.584631129786246, 41.781684897690752 ], [ -87.584733046723386, 41.781684897690752 ], [ -87.584733046723386, 41.781515036128845 ] ] ] } },
{ "type": "Feature", "properties": { "row": 1, "col": 19, "mostly_overlap": true, "overlap_ratio": 0.9899, "type": "Land" }, "geometry": { "type": "Polygon", "coordinates": [ [ [ -87.584631129786246, 41.781515036128845 ], [ -87.584529212849105, 41.781515036128845 ], [ -87.584529212849105, 41.781684897690752 ], [ -87.584631129786246, 41.781684897690752 ], [ -87.584631129786246, 41.781515036128845 ] ] ] } },
{ "type": "Feature", "properties": { "row": 1, "col": 20, "mostly_overlap": true, "overlap_ratio": 0.9893, "type": "Land" }, "geometry": { "type": "Polygon", "coordinates": [ [ [ -87.584529212849105, 41.781515036128845 ], [ -87.584427295911965, 41.781515036128845 ], [ -87.584427295911965, 41.781684897690752 ], [ -87.584529212849105, 41.781684897690752 ], [ -87.584529212849105, 41.781515036128845 ] ] ] } },
{ "type": "Feature", "properties": { "row": 1, "col": 21, "mostly_overlap": true, "overlap_ratio": 0.9887, "type": "Land" }, "geometry": { "type": "Polygon", "coordinates": [ [ [ -87.584427295911951, 41.781515036128845 ], [ -87.58432537897481, 41.781515036128845 ], [ -87.58432537897481, 41.781684897690752 ], [ -87.584427295911951, 41.781684897690752 ], [ -87.584427295911951, 41.781515036128845 ] ] ] } },
{ "type": "Feature", "properties": { "row": 1, "col": 22, "mostly_overlap": true, "overlap_ratio": 0.9881, "type": "Land" }, "geometry": { "type": "Polygon", "coordinates": [ [ [ -87.58432537897481, 41.781515036128845 ], [ -87.58422346203767, 41.781515036128845 ], [ -87.58422346203767, 41.781684897690752 ], [ -87.58432537897481, 41.781684897690752 ], [ -87.58432537897481, 41.781515036128845 ] ] ] } },
{ "type": "Feature", "properties": { "row": 1, "col": 23, "mostly_overlap": true, "overlap_ratio": 0.9875, "type": "Land" }, "geometry": { "type": "Polygon", "coordinates": [ [ [ -87.58422346203767, 41.781515036128845 ], [ -87.58412154510053, 41.781515036128845 ], [ -87.58412154510053, 41.781684897690752 ], [ -87.58422346203767, 41.781684897690752 ], [ -87.58422346203767, 41.781515036128845 ] ] ] } },
{ "type": "Feature", "properties": { "row": 1, "col": 24, "mostly_overlap": true, "overlap_ratio": 0.9869, "type": "Land" }, "geometry": { "type": "Polygon", "coordinates": [ [ [ -87.58412154510053, 41.781515036128845 ], [ -87.584019628163389, 41.781515036128845 ], [ -87.584019628163389, 41.781684897690752 ], [ -87.58412154510053, 41.781684897690752 ], [ -87.58412154510053, 41.781515036128845 ] ] ] } },
{ "type": "Feature", "properties": { "row": 1, "col": 25, "mostly_overlap": true, "overlap_ratio": 0.9863, "type": "Land" }, "geometry": { "type": "Polygon", "coordinates": [ [ [ -87.584019628163389, 41.781515036128845 ], [ -87.583917711226249, 41.781515036128845 ], [ -87.583917711226249, 41.781684897690752 ], [ -87.584019628163389, 41.781684897690752 ], [ -87.584019628163389, 41.781515036128845 ] ] ] } },
{ "type": "Feature", "properties": { "row": 1, "col": 26, "mostly_overlap": true, "overlap_ratio": 0.9857, "type": "Land" }, "geometry": { "type": "Polygon", "coordinates": [ [ [ -87.583917711226249, 41.781515036128845 ], [ -87.583815794289094, 41.781515036128845 ], [ -87.583815794289094, 41.781684897690752 ], [ -87.583917711226249, 41.781684897690752 ], [ -87.583917711226249, 41.781515036128845 ] ] ] } },
{ "type": "Feature", "properties": { "row": 1, "col": 27, "mostly_overlap": true, "overlap_ratio": 0.9851, "type": "Land" }, "geometry": { "type": "Polygon", "coordinates": [ [ [ -87.583815794289094, 41.781515036128845 ], [ -87.583713877351954, 41.781515036128845 ], [ -87.583713877351954, 41.781684897690752 ], [ -87.583815794289094, 41.781684897690752 ], [ -87.583815794289094, 41.781515036128845 ] ] ] } },
{ "type": "Feature", "properties": { "row": 1, "col": 28, "mostly_overlap": true, "overlap_ratio": 0.9846, "type": "Land" }, "geometry": { "type": "Polygon", "coordinates": [ [ [ -87.583713877351954, 41.781515036128845 ], [ -87.583611960414814, 41.781515036128845 ], [ -87.583611960414814, 41.781684897690752 ], [ -87.583713877351954, 41.781684897690752 ], [ -87.583713877351954, 41.781515036128845 ] ] ] } },
{ "type": "Feature", "properties": { "row": 1, "col": 29, "mostly_overlap": true, "overlap_ratio": 0.9817, "type": "Land" }, "geometry": { "type": "Polygon", "coordinates": [ [ [ -87.583611960414814, 41.781515036128845 ], [ -87.583510043477673, 41.781515036128845 ], [ -87.583510043477673, 41.781684897690752 ], [ -87.583611960414814, 41.781684897690752 ], [ -87.583611960414814, 41.781515036128845 ] ] ] } },
{ "type": "Feature", "properties": { "row": 1, "col": 30, "mostly_overlap": true, "overlap_ratio": 0.8432, "type": "Land" }, "geometry": { "type": "Polygon", "coordinates": [ [ [ -87.583510043477673, 41.781515036128845 ], [ -87.583408126540533, 41.781515036128845 ], [ -87.583408126540533, 41.781684897690752 ], [ -87.583510043477673, 41.781684897690752 ], [ -87.583510043477673, 41.781515036128845 ] ] ] } },
{ "type": "Feature", "properties": { "row": 1, "col": 31, "mostly_overlap": true, "overlap_ratio": 0.7575, "type": "Land" }, "geometry": { "type": "Polygon", "coordinates": [ [ [ -87.583408126540533, 41.781515036128845 ], [ -87.583306209603393, 41.781515036128845 ], [ -87.583306209603393, 41.781684897690752 ], [ -87.583408126540533, 41.781684897690752 ], [ -87.583408126540533, 41.781515036128845 ] ] ] } },
{ "type": "Feature", "properties": { "row": 1, "col": 32, "mostly_overlap": true, "overlap_ratio": 0.8528, "type": "Land" }, "geometry": { "type": "Polygon", "coordinates": [ [ [ -87.583306209603393, 41.781515036128845 ], [ -87.583204292666238, 41.781515036128845 ], [ -87.583204292666238, 41.781684897690752 ], [ -87.583306209603393, 41.781684897690752 ], [ -87.583306209603393, 41.781515036128845 ] ] ] } },
{ "type": "Feature", "properties": { "row": 1, "col": 33, "mostly_overlap": true, "overlap_ratio": 0.9645, "type": "Land" }, "geometry": { "type": "Polygon", "coordinates": [ [ [ -87.583204292666238, 41.781515036128845 ], [ -87.583102375729098, 41.781515036128845 ], [ -87.583102375729098, 41.781684897690752 ], [ -87.583204292666238, 41.781684897690752 ], [ -87.583204292666238, 41.781515036128845 ] ] ] } },
{ "type": "Feature", "properties": { "row": 1, "col": 34, "mostly_overlap": true, "overlap_ratio": 0.981, "type": "Land" }, "geometry": { "type": "Polygon", "coordinates": [ [ [ -87.583102375729098, 41.781515036128845 ], [ -87.583000458791957, 41.781515036128845 ], [ -87.583000458791957, 41.781684897690752 ], [ -87.583102375729098, 41.781684897690752 ], [ -87.583102375729098, 41.781515036128845 ] ] ] } },
{ "type": "Feature", "properties": { "row": 1, "col": 35, "mostly_overlap": true, "overlap_ratio": 0.9804, "type": "Land" }, "geometry": { "type": "Polygon", "coordinates": [ [ [ -87.583000458791957, 41.781515036128845 ], [ -87.582898541854817, 41.781515036128845 ], [ -87.582898541854817, 41.781684897690752 ], [ -87.583000458791957, 41.781684897690752 ], [ -87.583000458791957, 41.781515036128845 ] ] ] } },
{ "type": "Feature", "properties": { "row": 1, "col": 36, "mostly_overlap": true, "overlap_ratio": 0.9798, "type": "Land" }, "geometry": { "type": "Polygon", "coordinates": [ [ [ -87.582898541854817, 41.781515036128845 ], [ -87.582796624917677, 41.781515036128845 ], [ -87.582796624917677, 41.781684897690752 ], [ -87.582898541854817, 41.781684897690752 ], [ -87.582898541854817, 41.781515036128845 ] ] ] } },
{ "type": "Feature", "properties": { "row": 1, "col": 37, "mostly_overlap": true, "overlap_ratio": 0.9792, "type": "Land" }, "geometry": { "type": "Polygon", "coordinates": [ [ [ -87.582796624917677, 41.781515036128845 ], [ -87.582694707980536, 41.781515036128845 ], [ -87.582694707980536, 41.781684897690752 ], [ -87.582796624917677, 41.781684897690752 ], [ -87.582796624917677, 41.781515036128845 ] ] ] } },
{ "type": "Feature", "properties": { "row": 1, "col": 38, "mostly_overlap": true, "overlap_ratio": 0.9787, "type": "Land" }, "geometry": { "type": "Polygon", "coordinates": [ [ [ -87.582694707980536, 41.781515036128845 ], [ -87.582592791043382, 41.781515036128845 ], [ -87.582592791043382, 41.781684897690752 ], [ -87.582694707980536, 41.781684897690752 ], [ -87.582694707980536, 41.781515036128845 ] ] ] } },
{ "type": "Feature", "properties": { "row": 1, "col": 39, "mostly_overlap": true, "overlap_ratio": 0.9781, "type": "Land" }, "geometry": { "type": "Polygon", "coordinates": [ [ [ -87.582592791043382, 41.781515036128845 ], [ -87.582490874106242, 41.781515036128845 ], [ -87.582490874106242, 41.781684897690752 ], [ -87.582592791043382, 41.781684897690752 ], [ -87.582592791043382, 41.781515036128845 ] ] ] } },
{ "type": "Feature", "properties": { "row": 1, "col": 40, "mostly_overlap": true, "overlap_ratio": 0.977, "type": "Land" }, "geometry": { "type": "Polygon", "coordinates": [ [ [ -87.582490874106242, 41.781515036128845 ], [ -87.582388957169101, 41.781515036128845 ], [ -87.582388957169101, 41.781684897690752 ], [ -87.582490874106242, 41.781684897690752 ], [ -87.582490874106242, 41.781515036128845 ] ] ] } },
{ "type": "Feature", "properties": { "row": 2, "col": 1, "mostly_overlap": true, "overlap_ratio": 0.0, "type": "Land" }, "geometry": { "type": "Polygon", "coordinates": [ [ [ -87.586465634654814, 41.781684897690752 ], [ -87.586363717717674, 41.781684897690752 ], [ -87.586363717717674, 41.781854759252653 ], [ -87.586465634654814, 41.781854759252653 ], [ -87.586465634654814, 41.781684897690752 ] ] ] } },
{ "type": "Feature", "properties": { "row": 2, "col": 2, "mostly_overlap": true, "overlap_ratio": 0.7368, "type": "Land" }, "geometry": { "type": "Polygon", "coordinates": [ [ [ -87.586363717717674, 41.781684897690752 ], [ -87.586261800780534, 41.781684897690752 ], [ -87.586261800780534, 41.781854759252653 ], [ -87.586363717717674, 41.781854759252653 ], [ -87.586363717717674, 41.781684897690752 ] ] ] } },
{ "type": "Feature", "properties": { "row": 2, "col": 3, "mostly_overlap": true, "overlap_ratio": 1.0, "type": "Land" }, "geometry": { "type": "Polygon", "coordinates": [ [ [ -87.586261800780534, 41.781684897690752 ], [ -87.586159883843379, 41.781684897690752 ], [ -87.586159883843379, 41.781854759252653 ], [ -87.586261800780534, 41.781854759252653 ], [ -87.586261800780534, 41.781684897690752 ] ] ] } },
{ "type": "Feature", "properties": { "row": 2, "col": 4, "mostly_overlap": true, "overlap_ratio": 1.0, "type": "Land" }, "geometry": { "type": "Polygon", "coordinates": [ [ [ -87.586159883843379, 41.781684897690752 ], [ -87.586057966906239, 41.781684897690752 ], [ -87.586057966906239, 41.781854759252653 ], [ -87.586159883843379, 41.781854759252653 ], [ -87.586159883843379, 41.781684897690752 ] ] ] } },
{ "type": "Feature", "properties": { "row": 2, "col": 5, "mostly_overlap": true, "overlap_ratio": 1.0, "type": "Land" }, "geometry": { "type": "Polygon", "coordinates": [ [ [ -87.586057966906239, 41.781684897690752 ], [ -87.585956049969099, 41.781684897690752 ], [ -87.585956049969099, 41.781854759252653 ], [ -87.586057966906239, 41.781854759252653 ], [ -87.586057966906239, 41.781684897690752 ] ] ] } },
{ "type": "Feature", "properties": { "row": 2, "col": 6, "mostly_overlap": true, "overlap_ratio": 1.0, "type": "Land" }, "geometry": { "type": "Polygon", "coordinates": [ [ [ -87.585956049969099, 41.781684897690752 ], [ -87.585854133031958, 41.781684897690752 ], [ -87.585854133031958, 41.781854759252653 ], [ -87.585956049969099, 41.781854759252653 ], [ -87.585956049969099, 41.781684897690752 ] ] ] } },
{ "type": "Feature", "properties": { "row": 2, "col": 7, "mostly_overlap": true, "overlap_ratio": 1.0, "type": "Land" }, "geometry": { "type": "Polygon", "coordinates": [ [ [ -87.585854133031958, 41.781684897690752 ], [ -87.585752216094818, 41.781684897690752 ], [ -87.585752216094818, 41.781854759252653 ], [ -87.585854133031958, 41.781854759252653 ], [ -87.585854133031958, 41.781684897690752 ] ] ] } },
{ "type": "Feature", "properties": { "row": 2, "col": 8, "mostly_overlap": true, "overlap_ratio": 1.0, "type": "Land" }, "geometry": { "type": "Polygon", "coordinates": [ [ [ -87.585752216094818, 41.781684897690752 ], [ -87.585650299157678, 41.781684897690752 ], [ -87.585650299157678, 41.781854759252653 ], [ -87.585752216094818, 41.781854759252653 ], [ -87.585752216094818, 41.781684897690752 ] ] ] } },
{ "type": "Feature", "properties": { "row": 2, "col": 9, "mostly_overlap": true, "overlap_ratio": 1.0, "type": "Land" }, "geometry": { "type": "Polygon", "coordinates": [ [ [ -87.585650299157678, 41.781684897690752 ], [ -87.585548382220523, 41.781684897690752 ], [ -87.585548382220523, 41.781854759252653 ], [ -87.585650299157678, 41.781854759252653 ], [ -87.585650299157678, 41.781684897690752 ] ] ] } },
{ "type": "Feature", "properties": { "row": 2, "col": 10, "mostly_overlap": true, "overlap_ratio": 1.0, "type": "Land" }, "geometry": { "type": "Polygon", "coordinates": [ [ [ -87.585548382220523, 41.781684897690752 ], [ -87.585446465283383, 41.781684897690752 ], [ -87.585446465283383, 41.781854759252653 ], [ -87.585548382220523, 41.781854759252653 ], [ -87.585548382220523, 41.781684897690752 ] ] ] } },
{ "type": "Feature", "properties": { "row": 2, "col": 11, "mostly_overlap": true, "overlap_ratio": 1.0, "type": "Land" }, "geometry": { "type": "Polygon", "coordinates": [ [ [ -87.585446465283383, 41.781684897690752 ], [ -87.585344548346242, 41.781684897690752 ], [ -87.585344548346242, 41.781854759252653 ], [ -87.585446465283383, 41.781854759252653 ], [ -87.585446465283383, 41.781684897690752 ] ] ] } },
{ "type": "Feature", "properties": { "row": 2, "col": 12, "mostly_overlap": true, "overlap_ratio": 1.0, "type": "Land" }, "geometry": { "type": "Polygon", "coordinates": [ [ [ -87.585344548346242, 41.781684897690752 ], [ -87.585242631409102, 41.781684897690752 ], [ -87.585242631409102, 41.781854759252653 ], [ -87.585344548346242, 41.781854759252653 ], [ -87.585344548346242, 41.781684897690752 ] ] ] } },
{ "type": "Feature", "properties": { "row": 2, "col": 13, "mostly_overlap": true, "overlap_ratio": 1.0, "type": "Land" }, "geometry": { "type": "Polygon", "coordinates": [ [ [ -87.585242631409102, 41.781684897690752 ], [ -87.585140714471962, 41.781684897690752 ], [ -87.585140714471962, 41.781854759252653 ], [ -87.585242631409102, 41.781854759252653 ], [ -87.585242631409102, 41.781684897690752 ] ] ] } },
{ "type": "Feature", "properties": { "row": 2, "col": 14, "mostly_overlap": true, "overlap_ratio": 1.0, "type": "Land" }, "geometry": { "type": "Polygon", "coordinates": [ [ [ -87.585140714471962, 41.781684897690752 ], [ -87.585038797534821, 41.781684897690752 ], [ -87.585038797534821, 41.781854759252653 ], [ -87.585140714471962, 41.781854759252653 ], [ -87.585140714471962, 41.781684897690752 ] ] ] } },
{ "type": "Feature", "properties": { "row": 2, "col": 15, "mostly_overlap": true, "overlap_ratio": 1.0, "type": "Land" }, "geometry": { "type": "Polygon", "coordinates": [ [ [ -87.585038797534821, 41.781684897690752 ], [ -87.584936880597667, 41.781684897690752 ], [ -87.584936880597667, 41.781854759252653 ], [ -87.585038797534821, 41.781854759252653 ], [ -87.585038797534821, 41.781684897690752 ] ] ] } },
{ "type": "Feature", "properties": { "row": 2, "col": 16, "mostly_overlap": true, "overlap_ratio": 1.0, "type": "Land" }, "geometry": { "type": "Polygon", "coordinates": [ [ [ -87.584936880597667, 41.781684897690752 ], [ -87.584834963660526, 41.781684897690752 ], [ -87.584834963660526, 41.781854759252653 ], [ -87.584936880597667, 41.781854759252653 ], [ -87.584936880597667, 41.781684897690752 ] ] ] } },
{ "type": "Feature", "properties": { "row": 2, "col": 17, "mostly_overlap": true, "overlap_ratio": 1.0, "type": "Land" }, "geometry": { "type": "Polygon", "coordinates": [ [ [ -87.584834963660526, 41.781684897690752 ], [ -87.584733046723386, 41.781684897690752 ], [ -87.584733046723386, 41.781854759252653 ], [ -87.584834963660526, 41.781854759252653 ], [ -87.584834963660526, 41.781684897690752 ] ] ] } },
{ "type": "Feature", "properties": { "row": 2, "col": 18, "mostly_overlap": true, "overlap_ratio": 1.0, "type": "Land" }, "geometry": { "type": "Polygon", "coordinates": [ [ [ -87.584733046723386, 41.781684897690752 ], [ -87.584631129786246, 41.781684897690752 ], [ -87.584631129786246, 41.781854759252653 ], [ -87.584733046723386, 41.781854759252653 ], [ -87.584733046723386, 41.781684897690752 ] ] ] } },
{ "type": "Feature", "properties": { "row": 2, "col": 19, "mostly_overlap": true, "overlap_ratio": 1.0, "type": "Land" }, "geometry": { "type": "Polygon", "coordinates": [ [ [ -87.584631129786246, 41.781684897690752 ], [ -87.584529212849105, 41.781684897690752 ], [ -87.584529212849105, 41.781854759252653 ], [ -87.584631129786246, 41.781854759252653 ], [ -87.584631129786246, 41.781684897690752 ] ] ] } },
{ "type": "Feature", "properties": { "row": 2, "col": 20, "mostly_overlap": true, "overlap_ratio": 1.0, "type": "Land" }, "geometry": { "type": "Polygon", "coordinates": [ [ [ -87.584529212849105, 41.781684897690752 ], [ -87.584427295911965, 41.781684897690752 ], [ -87.584427295911965, 41.781854759252653 ], [ -87.584529212849105, 41.781854759252653 ], [ -87.584529212849105, 41.781684897690752 ] ] ] } },
{ "type": "Feature", "properties": { "row": 2, "col": 21, "mostly_overlap": true, "overlap_ratio": 1.0, "type": "Land" }, "geometry": { "type": "Polygon", "coordinates": [ [ [ -87.584427295911951, 41.781684897690752 ], [ -87.58432537897481, 41.781684897690752 ], [ -87.58432537897481, 41.781854759252653 ], [ -87.584427295911951, 41.781854759252653 ], [ -87.584427295911951, 41.781684897690752 ] ] ] } },
{ "type": "Feature", "properties": { "row": 2, "col": 22, "mostly_overlap": true, "overlap_ratio": 1.0, "type": "Land" }, "geometry": { "type": "Polygon", "coordinates": [ [ [ -87.58432537897481, 41.781684897690752 ], [ -87.58422346203767, 41.781684897690752 ], [ -87.58422346203767, 41.781854759252653 ], [ -87.58432537897481, 41.781854759252653 ], [ -87.58432537897481, 41.781684897690752 ] ] ] } },
{ "type": "Feature", "properties": { "row": 2, "col": 23, "mostly_overlap": true, "overlap_ratio": 1.0, "type": "Land" }, "geometry": { "type": "Polygon", "coordinates": [ [ [ -87.58422346203767, 41.781684897690752 ], [ -87.58412154510053, 41.781684897690752 ], [ -87.58412154510053, 41.781854759252653 ], [ -87.58422346203767, 41.781854759252653 ], [ -87.58422346203767, 41.781684897690752 ] ] ] } },
{ "type": "Feature", "properties": { "row": 2, "col": 24, "mostly_overlap": true, "overlap_ratio": 1.0, "type": "Land" }, "geometry": { "type": "Polygon", "coordinates": [ [ [ -87.58412154510053, 41.781684897690752 ], [ -87.584019628163389, 41.781684897690752 ], [ -87.584019628163389, 41.781854759252653 ], [ -87.58412154510053, 41.781854759252653 ], [ -87.58412154510053, 41.781684897690752 ] ] ] } },
{ "type": "Feature", "properties": { "row": 2, "col": 25, "mostly_overlap": true, "overlap_ratio": 1.0, "type": "Land" }, "geometry": { "type": "Polygon", "coordinates": [ [ [ -87.584019628163389, 41.781684897690752 ], [ -87.583917711226249, 41.781684897690752 ], [ -87.583917711226249, 41.781854759252653 ], [ -87.584019628163389, 41.781854759252653 ], [ -87.584019628163389, 41.781684897690752 ] ] ] } },
{ "type": "Feature", "properties": { "row": 2, "col": 26, "mostly_overlap": true, "overlap_ratio": 1.0, "type": "Land" }, "geometry": { "type": "Polygon", "coordinates": [ [ [ -87.583917711226249, 41.781684897690752 ], [ -87.583815794289094, 41.781684897690752 ], [ -87.583815794289094, 41.781854759252653 ], [ -87.583917711226249, 41.781854759252653 ], [ -87.583917711226249, 41.781684897690752 ] ] ] } },
{ "type": "Feature", "properties": { "row": 2, "col": 27, "mostly_overlap": true, "overlap_ratio": 1.0, "type": "Land" }, "geometry": { "type": "Polygon", "coordinates": [ [ [ -87.583815794289094, 41.781684897690752 ], [ -87.583713877351954, 41.781684897690752 ], [ -87.583713877351954, 41.781854759252653 ], [ -87.583815794289094, 41.781854759252653 ], [ -87.583815794289094, 41.781684897690752 ] ] ] } },
{ "type": "Feature", "properties": { "row": 2, "col": 28, "mostly_overlap": true, "overlap_ratio": 0.9834, "type": "Land" }, "geometry": { "type": "Polygon", "coordinates": [ [ [ -87.583713877351954, 41.781684897690752 ], [ -87.583611960414814, 41.781684897690752 ], [ -87.583611960414814, 41.781854759252653 ], [ -87.583713877351954, 41.781854759252653 ], [ -87.583713877351954, 41.781684897690752 ] ] ] } },
{ "type": "Feature", "properties": { "row": 2, "col": 29, "mostly_overlap": false, "overlap_ratio": 0.4588, "type": "Water" }, "geometry": { "type": "Polygon", "coordinates": [ [ [ -87.583611960414814, 41.781684897690752 ], [ -87.583510043477673, 41.781684897690752 ], [ -87.583510043477673, 41.781854759252653 ], [ -87.583611960414814, 41.781854759252653 ], [ -87.583611960414814, 41.781684897690752 ] ] ] } },
{ "type": "Feature", "properties": { "row": 2, "col": 30, "mostly_overlap": false, "overlap_ratio": 0.0, "type": "Water" }, "geometry": { "type": "Polygon", "coordinates": [ [ [ -87.583510043477673, 41.781684897690752 ], [ -87.583408126540533, 41.781684897690752 ], [ -87.583408126540533, 41.781854759252653 ], [ -87.583510043477673, 41.781854759252653 ], [ -87.583510043477673, 41.781684897690752 ] ] ] } },
{ "type": "Feature", "properties": { "row": 2, "col": 31, "mostly_overlap": false, "overlap_ratio": 0.0, "type": "Water" }, "geometry": { "type": "Polygon", "coordinates": [ [ [ -87.583408126540533, 41.781684897690752 ], [ -87.583306209603393, 41.781684897690752 ], [ -87.583306209603393, 41.781854759252653 ], [ -87.583408126540533, 41.781854759252653 ], [ -87.583408126540533, 41.781684897690752 ] ] ] } },
{ "type": "Feature", "properties": { "row": 2, "col": 32, "mostly_overlap": false, "overlap_ratio": 0.0, "type": "Water" }, "geometry": { "type": "Polygon", "coordinates": [ [ [ -87.583306209603393, 41.781684897690752 ], [ -87.583204292666238, 41.781684897690752 ], [ -87.583204292666238, 41.781854759252653 ], [ -87.583306209603393, 41.781854759252653 ], [ -87.583306209603393, 41.781684897690752 ] ] ] } },
{ "type": "Feature", "properties": { "row": 2, "col": 33, "mostly_overlap": false, "overlap_ratio": 0.0088, "type": "Water" }, "geometry": { "type": "Polygon", "coordinates": [ [ [ -87.583204292666238, 41.781684897690752 ], [ -87.583102375729098, 41.781684897690752 ], [ -87.583102375729098, 41.781854759252653 ], [ -87.583204292666238, 41.781854759252653 ], [ -87.583204292666238, 41.781684897690752 ] ] ] } },
{ "type": "Feature", "properties": { "row": 2, "col": 34, "mostly_overlap": false, "overlap_ratio": 0.048, "type": "Water" }, "geometry": { "type": "Polygon", "coordinates": [ [ [ -87.583102375729098, 41.781684897690752 ], [ -87.583000458791957, 41.781684897690752 ], [ -87.583000458791957, 41.781854759252653 ], [ -87.583102375729098, 41.781854759252653 ], [ -87.583102375729098, 41.781684897690752 ] ] ] } },
{ "type": "Feature", "properties": { "row": 2, "col": 35, "mostly_overlap": false, "overlap_ratio": 0.0462, "type": "Water" }, "geometry": { "type": "Polygon", "coordinates": [ [ [ -87.583000458791957, 41.781684897690752 ], [ -87.582898541854817, 41.781684897690752 ], [ -87.582898541854817, 41.781854759252653 ], [ -87.583000458791957, 41.781854759252653 ], [ -87.583000458791957, 41.781684897690752 ] ] ] } },
{ "type": "Feature", "properties": { "row": 2, "col": 36, "mostly_overlap": false, "overlap_ratio": 0.1129, "type": "Water" }, "geometry": { "type": "Polygon", "coordinates": [ [ [ -87.582898541854817, 41.781684897690752 ], [ -87.582796624917677, 41.781684897690752 ], [ -87.582796624917677, 41.781854759252653 ], [ -87.582898541854817, 41.781854759252653 ], [ -87.582898541854817, 41.781684897690752 ] ] ] } },
{ "type": "Feature", "properties": { "row": 2, "col": 37, "mostly_overlap": false, "overlap_ratio": 0.2856, "type": "Water" }, "geometry": { "type": "Polygon", "coordinates": [ [ [ -87.582796624917677, 41.781684897690752 ], [ -87.582694707980536, 41.781684897690752 ], [ -87.582694707980536, 41.781854759252653 ], [ -87.582796624917677, 41.781854759252653 ], [ -87.582796624917677, 41.781684897690752 ] ] ] } },
{ "type": "Feature", "properties": { "row": 2, "col": 38, "mostly_overlap": false, "overlap_ratio": 0.4636, "type": "Water" }, "geometry": { "type": "Polygon", "coordinates": [ [ [ -87.582694707980536, 41.781684897690752 ], [ -87.582592791043382, 41.781684897690752 ], [ -87.582592791043382, 41.781854759252653 ], [ -87.582694707980536, 41.781854759252653 ], [ -87.582694707980536, 41.781684897690752 ] ] ] } },
{ "type": "Feature", "properties": { "row": 2, "col": 39, "mostly_overlap": true, "overlap_ratio": 0.5624, "type": "Water" }, "geometry": { "type": "Polygon", "coordinates": [ [ [ -87.582592791043382, 41.781684897690752 ], [ -87.582490874106242, 41.781684897690752 ], [ -87.582490874106242, 41.781854759252653 ], [ -87.582592791043382, 41.781854759252653 ], [ -87.582592791043382, 41.781684897690752 ] ] ] } },
{ "type": "Feature", "properties": { "row": 2, "col": 40, "mostly_overlap": true, "overlap_ratio": 0.6456, "type": "Land" }, "geometry": { "type": "Polygon", "coordinates": [ [ [ -87.582490874106242, 41.781684897690752 ], [ -87.582388957169101, 41.781684897690752 ], [ -87.582388957169101, 41.781854759252653 ], [ -87.582490874106242, 41.781854759252653 ], [ -87.582490874106242, 41.781684897690752 ] ] ] } },
{ "type": "Feature", "properties": { "row": 3, "col": 1, "mostly_overlap": true, "overlap_ratio": 0.0, "type": "Land" }, "geometry": { "type": "Polygon", "coordinates": [ [ [ -87.586465634654814, 41.781854759252653 ], [ -87.586363717717674, 41.781854759252653 ], [ -87.586363717717674, 41.78202462081456 ], [ -87.586465634654814, 41.78202462081456 ], [ -87.586465634654814, 41.781854759252653 ] ] ] } },
{ "type": "Feature", "properties": { "row": 3, "col": 2, "mostly_overlap": true, "overlap_ratio": 0.7792, "type": "Land" }, "geometry": { "type": "Polygon", "coordinates": [ [ [ -87.586363717717674, 41.781854759252653 ], [ -87.586261800780534, 41.781854759252653 ], [ -87.586261800780534, 41.78202462081456 ], [ -87.586363717717674, 41.78202462081456 ], [ -87.586363717717674, 41.781854759252653 ] ] ] } },
{ "type": "Feature", "properties": { "row": 3, "col": 3, "mostly_overlap": true, "overlap_ratio": 1.0, "type": "Land" }, "geometry": { "type": "Polygon", "coordinates": [ [ [ -87.586261800780534, 41.781854759252653 ], [ -87.586159883843379, 41.781854759252653 ], [ -87.586159883843379, 41.78202462081456 ], [ -87.586261800780534, 41.78202462081456 ], [ -87.586261800780534, 41.781854759252653 ] ] ] } },
{ "type": "Feature", "properties": { "row": 3, "col": 4, "mostly_overlap": true, "overlap_ratio": 1.0, "type": "Land" }, "geometry": { "type": "Polygon", "coordinates": [ [ [ -87.586159883843379, 41.781854759252653 ], [ -87.586057966906239, 41.781854759252653 ], [ -87.586057966906239, 41.78202462081456 ], [ -87.586159883843379, 41.78202462081456 ], [ -87.586159883843379, 41.781854759252653 ] ] ] } },
{ "type": "Feature", "properties": { "row": 3, "col": 5, "mostly_overlap": true, "overlap_ratio": 1.0, "type": "Land" }, "geometry": { "type": "Polygon", "coordinates": [ [ [ -87.586057966906239, 41.781854759252653 ], [ -87.585956049969099, 41.781854759252653 ], [ -87.585956049969099, 41.78202462081456 ], [ -87.586057966906239, 41.78202462081456 ], [ -87.586057966906239, 41.781854759252653 ] ] ] } },
{ "type": "Feature", "properties": { "row": 3, "col": 6, "mostly_overlap": true, "overlap_ratio": 1.0, "type": "Land" }, "geometry": { "type": "Polygon", "coordinates": [ [ [ -87.585956049969099, 41.781854759252653 ], [ -87.585854133031958, 41.781854759252653 ], [ -87.585854133031958, 41.78202462081456 ], [ -87.585956049969099, 41.78202462081456 ], [ -87.585956049969099, 41.781854759252653 ] ] ] } },
{ "type": "Feature", "properties": { "row": 3, "col": 7, "mostly_overlap": true, "overlap_ratio": 1.0, "type": "Land" }, "geometry": { "type": "Polygon", "coordinates": [ [ [ -87.585854133031958, 41.781854759252653 ], [ -87.585752216094818, 41.781854759252653 ], [ -87.585752216094818, 41.78202462081456 ], [ -87.585854133031958, 41.78202462081456 ], [ -87.585854133031958, 41.781854759252653 ] ] ] } },
{ "type": "Feature", "properties": { "row": 3, "col": 8, "mostly_overlap": true, "overlap_ratio": 1.0, "type": "Land" }, "geometry": { "type": "Polygon", "coordinates": [ [ [ -87.585752216094818, 41.781854759252653 ], [ -87.585650299157678, 41.781854759252653 ], [ -87.585650299157678, 41.78202462081456 ], [ -87.585752216094818, 41.78202462081456 ], [ -87.585752216094818, 41.781854759252653 ] ] ] } },
{ "type": "Feature", "properties": { "row": 3, "col": 9, "mostly_overlap": true, "overlap_ratio": 1.0, "type": "Land" }, "geometry": { "type": "Polygon", "coordinates": [ [ [ -87.585650299157678, 41.781854759252653 ], [ -87.585548382220523, 41.781854759252653 ], [ -87.585548382220523, 41.78202462081456 ], [ -87.585650299157678, 41.78202462081456 ], [ -87.585650299157678, 41.781854759252653 ] ] ] } },
{ "type": "Feature", "properties": { "row": 3, "col": 10, "mostly_overlap": true, "overlap_ratio": 1.0, "type": "Land" }, "geometry": { "type": "Polygon", "coordinates": [ [ [ -87.585548382220523, 41.781854759252653 ], [ -87.585446465283383, 41.781854759252653 ], [ -87.585446465283383, 41.78202462081456 ], [ -87.585548382220523, 41.78202462081456 ], [ -87.585548382220523, 41.781854759252653 ] ] ] } },
{ "type": "Feature", "properties": { "row": 3, "col": 11, "mostly_overlap": true, "overlap_ratio": 1.0, "type": "Land" }, "geometry": { "type": "Polygon", "coordinates": [ [ [ -87.585446465283383, 41.781854759252653 ], [ -87.585344548346242, 41.781854759252653 ], [ -87.585344548346242, 41.78202462081456 ], [ -87.585446465283383, 41.78202462081456 ], [ -87.585446465283383, 41.781854759252653 ] ] ] } },
{ "type": "Feature", "properties": { "row": 3, "col": 12, "mostly_overlap": true, "overlap_ratio": 1.0, "type": "Land" }, "geometry": { "type": "Polygon", "coordinates": [ [ [ -87.585344548346242, 41.781854759252653 ], [ -87.585242631409102, 41.781854759252653 ], [ -87.585242631409102, 41.78202462081456 ], [ -87.585344548346242, 41.78202462081456 ], [ -87.585344548346242, 41.781854759252653 ] ] ] } },
{ "type": "Feature", "properties": { "row": 3, "col": 13, "mostly_overlap": true, "overlap_ratio": 1.0, "type": "Land" }, "geometry": { "type": "Polygon", "coordinates": [ [ [ -87.585242631409102, 41.781854759252653 ], [ -87.585140714471962, 41.781854759252653 ], [ -87.585140714471962, 41.78202462081456 ], [ -87.585242631409102, 41.78202462081456 ], [ -87.585242631409102, 41.781854759252653 ] ] ] } },
{ "type": "Feature", "properties": { "row": 3, "col": 14, "mostly_overlap": true, "overlap_ratio": 1.0, "type": "Land" }, "geometry": { "type": "Polygon", "coordinates": [ [ [ -87.585140714471962, 41.781854759252653 ], [ -87.585038797534821, 41.781854759252653 ], [ -87.585038797534821, 41.78202462081456 ], [ -87.585140714471962, 41.78202462081456 ], [ -87.585140714471962, 41.781854759252653 ] ] ] } },
{ "type": "Feature", "properties": { "row": 3, "col": 15, "mostly_overlap": true, "overlap_ratio": 1.0, "type": "Land" }, "geometry": { "type": "Polygon", "coordinates": [ [ [ -87.585038797534821, 41.781854759252653 ], [ -87.584936880597667, 41.781854759252653 ], [ -87.584936880597667, 41.78202462081456 ], [ -87.585038797534821, 41.78202462081456 ], [ -87.585038797534821, 41.781854759252653 ] ] ] } },
{ "type": "Feature", "properties": { "row": 3, "col": 16, "mostly_overlap": true, "overlap_ratio": 1.0, "type": "Land" }, "geometry": { "type": "Polygon", "coordinates": [ [ [ -87.584936880597667, 41.781854759252653 ], [ -87.584834963660526, 41.781854759252653 ], [ -87.584834963660526, 41.78202462081456 ], [ -87.584936880597667, 41.78202462081456 ], [ -87.584936880597667, 41.781854759252653 ] ] ] } },
{ "type": "Feature", "properties": { "row": 3, "col": 17, "mostly_overlap": true, "overlap_ratio": 1.0, "type": "Land" }, "geometry": { "type": "Polygon", "coordinates": [ [ [ -87.584834963660526, 41.781854759252653 ], [ -87.584733046723386, 41.781854759252653 ], [ -87.584733046723386, 41.78202462081456 ], [ -87.584834963660526, 41.78202462081456 ], [ -87.584834963660526, 41.781854759252653 ] ] ] } },
{ "type": "Feature", "properties": { "row": 3, "col": 18, "mostly_overlap": true, "overlap_ratio": 1.0, "type": "Land" }, "geometry": { "type": "Polygon", "coordinates": [ [ [ -87.584733046723386, 41.781854759252653 ], [ -87.584631129786246, 41.781854759252653 ], [ -87.584631129786246, 41.78202462081456 ], [ -87.584733046723386, 41.78202462081456 ], [ -87.584733046723386, 41.781854759252653 ] ] ] } },
{ "type": "Feature", "properties": { "row": 3, "col": 19, "mostly_overlap": true, "overlap_ratio": 1.0, "type": "Land" }, "geometry": { "type": "Polygon", "coordinates": [ [ [ -87.584631129786246, 41.781854759252653 ], [ -87.584529212849105, 41.781854759252653 ], [ -87.584529212849105, 41.78202462081456 ], [ -87.584631129786246, 41.78202462081456 ], [ -87.584631129786246, 41.781854759252653 ] ] ] } },
{ "type": "Feature", "properties": { "row": 3, "col": 20, "mostly_overlap": true, "overlap_ratio": 1.0, "type": "Land" }, "geometry": { "type": "Polygon", "coordinates": [ [ [ -87.584529212849105, 41.781854759252653 ], [ -87.584427295911965, 41.781854759252653 ], [ -87.584427295911965, 41.78202462081456 ], [ -87.584529212849105, 41.78202462081456 ], [ -87.584529212849105, 41.781854759252653 ] ] ] } },
{ "type": "Feature", "properties": { "row": 3, "col": 21, "mostly_overlap": true, "overlap_ratio": 1.0, "type": "Land" }, "geometry": { "type": "Polygon", "coordinates": [ [ [ -87.584427295911951, 41.781854759252653 ], [ -87.58432537897481, 41.781854759252653 ], [ -87.58432537897481, 41.78202462081456 ], [ -87.584427295911951, 41.78202462081456 ], [ -87.584427295911951, 41.781854759252653 ] ] ] } },
{ "type": "Feature", "properties": { "row": 3, "col": 22, "mostly_overlap": true, "overlap_ratio": 1.0, "type": "Land" }, "geometry": { "type": "Polygon", "coordinates": [ [ [ -87.58432537897481, 41.781854759252653 ], [ -87.58422346203767, 41.781854759252653 ], [ -87.58422346203767, 41.78202462081456 ], [ -87.58432537897481, 41.78202462081456 ], [ -87.58432537897481, 41.781854759252653 ] ] ] } },
{ "type": "Feature", "properties": { "row": 3, "col": 23, "mostly_overlap": true, "overlap_ratio": 1.0, "type": "Land" }, "geometry": { "type": "Polygon", "coordinates": [ [ [ -87.58422346203767, 41.781854759252653 ], [ -87.58412154510053, 41.781854759252653 ], [ -87.58412154510053, 41.78202462081456 ], [ -87.58422346203767, 41.78202462081456 ], [ -87.58422346203767, 41.781854759252653 ] ] ] } },
{ "type": "Feature", "properties": { "row": 3, "col": 24, "mostly_overlap": true, "overlap_ratio": 1.0, "type": "Land" }, "geometry": { "type": "Polygon", "coordinates": [ [ [ -87.58412154510053, 41.781854759252653 ], [ -87.584019628163389, 41.781854759252653 ], [ -87.584019628163389, 41.78202462081456 ], [ -87.58412154510053, 41.78202462081456 ], [ -87.58412154510053, 41.781854759252653 ] ] ] } },
{ "type": "Feature", "properties": { "row": 3, "col": 25, "mostly_overlap": true, "overlap_ratio": 1.0, "type": "Land" }, "geometry": { "type": "Polygon", "coordinates": [ [ [ -87.584019628163389, 41.781854759252653 ], [ -87.583917711226249, 41.781854759252653 ], [ -87.583917711226249, 41.78202462081456 ], [ -87.584019628163389, 41.78202462081456 ], [ -87.584019628163389, 41.781854759252653 ] ] ] } },
{ "type": "Feature", "properties": { "row": 3, "col": 26, "mostly_overlap": true, "overlap_ratio": 1.0, "type": "Land" }, "geometry": { "type": "Polygon", "coordinates": [ [ [ -87.583917711226249, 41.781854759252653 ], [ -87.583815794289094, 41.781854759252653 ], [ -87.583815794289094, 41.78202462081456 ], [ -87.583917711226249, 41.78202462081456 ], [ -87.583917711226249, 41.781854759252653 ] ] ] } },
{ "type": "Feature", "properties": { "row": 3, "col": 27, "mostly_overlap": true, "overlap_ratio": 0.6893, "type": "Land" }, "geometry": { "type": "Polygon", "coordinates": [ [ [ -87.583815794289094, 41.781854759252653 ], [ -87.583713877351954, 41.781854759252653 ], [ -87.583713877351954, 41.78202462081456 ], [ -87.583815794289094, 41.78202462081456 ], [ -87.583815794289094, 41.781854759252653 ] ] ] } },
{ "type": "Feature", "properties": { "row": 3, "col": 28, "mostly_overlap": false, "overlap_ratio": 0.1363, "type": "Water" }, "geometry": { "type": "Polygon", "coordinates": [ [ [ -87.583713877351954, 41.781854759252653 ], [ -87.583611960414814, 41.781854759252653 ], [ -87.583611960414814, 41.78202462081456 ], [ -87.583713877351954, 41.78202462081456 ], [ -87.583713877351954, 41.781854759252653 ] ] ] } },
{ "type": "Feature", "properties": { "row": 3, "col": 29, "mostly_overlap": false, "overlap_ratio": 0.0, "type": "Water" }, "geometry": { "type": "Polygon", "coordinates": [ [ [ -87.583611960414814, 41.781854759252653 ], [ -87.583510043477673, 41.781854759252653 ], [ -87.583510043477673, 41.78202462081456 ], [ -87.583611960414814, 41.78202462081456 ], [ -87.583611960414814, 41.781854759252653 ] ] ] } },
{ "type": "Feature", "properties": { "row": 3, "col": 30, "mostly_overlap": false, "overlap_ratio": 0.0, "type": "Water" }, "geometry": { "type": "Polygon", "coordinates": [ [ [ -87.583510043477673, 41.781854759252653 ], [ -87.583408126540533, 41.781854759252653 ], [ -87.583408126540533, 41.78202462081456 ], [ -87.583510043477673, 41.78202462081456 ], [ -87.583510043477673, 41.781854759252653 ] ] ] } },
{ "type": "Feature", "properties": { "row": 3, "col": 31, "mostly_overlap": false, "overlap_ratio": 0.0, "type": "Water" }, "geometry": { "type": "Polygon", "coordinates": [ [ [ -87.583408126540533, 41.781854759252653 ], [ -87.583306209603393, 41.781854759252653 ], [ -87.583306209603393, 41.78202462081456 ], [ -87.583408126540533, 41.78202462081456 ], [ -87.583408126540533, 41.781854759252653 ] ] ] } },
{ "type": "Feature", "properties": { "row": 3, "col": 32, "mostly_overlap": false, "overlap_ratio": 0.0, "type": "Water" }, "geometry": { "type": "Polygon", "coordinates": [ [ [ -87.583306209603393, 41.781854759252653 ], [ -87.583204292666238, 41.781854759252653 ], [ -87.583204292666238, 41.78202462081456 ], [ -87.583306209603393, 41.78202462081456 ], [ -87.583306209603393, 41.781854759252653 ] ] ] } },
{ "type": "Feature", "properties": { "row": 3, "col": 33, "mostly_overlap": false, "overlap_ratio": 0.0, "type": "Water" }, "geometry": { "type": "Polygon", "coordinates": [ [ [ -87.583204292666238, 41.781854759252653 ], [ -87.583102375729098, 41.781854759252653 ], [ -87.583102375729098, 41.78202462081456 ], [ -87.583204292666238, 41.78202462081456 ], [ -87.583204292666238, 41.781854759252653 ] ] ] } },
{ "type": "Feature", "properties": { "row": 3, "col": 34, "mostly_overlap": false, "overlap_ratio": 0.062, "type": "Water" }, "geometry": { "type": "Polygon", "coordinates": [ [ [ -87.583102375729098, 41.781854759252653 ], [ -87.583000458791957, 41.781854759252653 ], [ -87.583000458791957, 41.78202462081456 ], [ -87.583102375729098, 41.78202462081456 ], [ -87.583102375729098, 41.781854759252653 ] ] ] } },
{ "type": "Feature", "properties": { "row": 3, "col": 35, "mostly_overlap": false, "overlap_ratio": 0.1245, "type": "Water" }, "geometry": { "type": "Polygon", "coordinates": [ [ [ -87.583000458791957, 41.781854759252653 ], [ -87.582898541854817, 41.781854759252653 ], [ -87.582898541854817, 41.78202462081456 ], [ -87.583000458791957, 41.78202462081456 ], [ -87.583000458791957, 41.781854759252653 ] ] ] } },
{ "type": "Feature", "properties": { "row": 3, "col": 36, "mostly_overlap": false, "overlap_ratio": 0.0288, "type": "Water" }, "geometry": { "type": "Polygon", "coordinates": [ [ [ -87.582898541854817, 41.781854759252653 ], [ -87.582796624917677, 41.781854759252653 ], [ -87.582796624917677, 41.78202462081456 ], [ -87.582898541854817, 41.78202462081456 ], [ -87.582898541854817, 41.781854759252653 ] ] ] } },
{ "type": "Feature", "properties": { "row": 3, "col": 37, "mostly_overlap": false, "overlap_ratio": 0.0, "type": "Water" }, "geometry": { "type": "Polygon", "coordinates": [ [ [ -87.582796624917677, 41.781854759252653 ], [ -87.582694707980536, 41.781854759252653 ], [ -87.582694707980536, 41.78202462081456 ], [ -87.582796624917677, 41.78202462081456 ], [ -87.582796624917677, 41.781854759252653 ] ] ] } },
{ "type": "Feature", "properties": { "row": 3, "col": 38, "mostly_overlap": false, "overlap_ratio": 0.0, "type": "Water" }, "geometry": { "type": "Polygon", "coordinates": [ [ [ -87.582694707980536, 41.781854759252653 ], [ -87.582592791043382, 41.781854759252653 ], [ -87.582592791043382, 41.78202462081456 ], [ -87.582694707980536, 41.78202462081456 ], [ -87.582694707980536, 41.781854759252653 ] ] ] } },
{ "type": "Feature", "properties": { "row": 3, "col": 39, "mostly_overlap": false, "overlap_ratio": 0.0, "type": "Water" }, "geometry": { "type": "Polygon", "coordinates": [ [ [ -87.582592791043382, 41.781854759252653 ], [ -87.582490874106242, 41.781854759252653 ], [ -87.582490874106242, 41.78202462081456 ], [ -87.582592791043382, 41.78202462081456 ], [ -87.582592791043382, 41.781854759252653 ] ] ] } },
{ "type": "Feature", "properties": { "row": 3, "col": 40, "mostly_overlap": false, "overlap_ratio": 0.0, "type": "Water" }, "geometry": { "type": "Polygon", "coordinates": [ [ [ -87.582490874106242, 41.781854759252653 ], [ -87.582388957169101, 41.781854759252653 ], [ -87.582388957169101, 41.78202462081456 ], [ -87.582490874106242, 41.78202462081456 ], [ -87.582490874106242, 41.781854759252653 ] ] ] } },
{ "type": "Feature", "properties": { "row": 4, "col": 1, "mostly_overlap": true, "overlap_ratio": 0.0, "type": "Land" }, "geometry": { "type": "Polygon", "coordinates": [ [ [ -87.586465634654814, 41.78202462081456 ], [ -87.586363717717674, 41.78202462081456 ], [ -87.586363717717674, 41.782194482376461 ], [ -87.586465634654814, 41.782194482376461 ], [ -87.586465634654814, 41.78202462081456 ] ] ] } },
{ "type": "Feature", "properties": { "row": 4, "col": 2, "mostly_overlap": true, "overlap_ratio": 0.8216, "type": "Land" }, "geometry": { "type": "Polygon", "coordinates": [ [ [ -87.586363717717674, 41.78202462081456 ], [ -87.586261800780534, 41.78202462081456 ], [ -87.586261800780534, 41.782194482376461 ], [ -87.586363717717674, 41.782194482376461 ], [ -87.586363717717674, 41.78202462081456 ] ] ] } },
{ "type": "Feature", "properties": { "row": 4, "col": 3, "mostly_overlap": true, "overlap_ratio": 1.0, "type": "Land" }, "geometry": { "type": "Polygon", "coordinates": [ [ [ -87.586261800780534, 41.78202462081456 ], [ -87.586159883843379, 41.78202462081456 ], [ -87.586159883843379, 41.782194482376461 ], [ -87.586261800780534, 41.782194482376461 ], [ -87.586261800780534, 41.78202462081456 ] ] ] } },
{ "type": "Feature", "properties": { "row": 4, "col": 4, "mostly_overlap": true, "overlap_ratio": 1.0, "type": "Land" }, "geometry": { "type": "Polygon", "coordinates": [ [ [ -87.586159883843379, 41.78202462081456 ], [ -87.586057966906239, 41.78202462081456 ], [ -87.586057966906239, 41.782194482376461 ], [ -87.586159883843379, 41.782194482376461 ], [ -87.586159883843379, 41.78202462081456 ] ] ] } },
{ "type": "Feature", "properties": { "row": 4, "col": 5, "mostly_overlap": true, "overlap_ratio": 1.0, "type": "Land" }, "geometry": { "type": "Polygon", "coordinates": [ [ [ -87.586057966906239, 41.78202462081456 ], [ -87.585956049969099, 41.78202462081456 ], [ -87.585956049969099, 41.782194482376461 ], [ -87.586057966906239, 41.782194482376461 ], [ -87.586057966906239, 41.78202462081456 ] ] ] } },
{ "type": "Feature", "properties": { "row": 4, "col": 6, "mostly_overlap": true, "overlap_ratio": 1.0, "type": "Land" }, "geometry": { "type": "Polygon", "coordinates": [ [ [ -87.585956049969099, 41.78202462081456 ], [ -87.585854133031958, 41.78202462081456 ], [ -87.585854133031958, 41.782194482376461 ], [ -87.585956049969099, 41.782194482376461 ], [ -87.585956049969099, 41.78202462081456 ] ] ] } },
{ "type": "Feature", "properties": { "row": 4, "col": 7, "mostly_overlap": true, "overlap_ratio": 1.0, "type": "Land" }, "geometry": { "type": "Polygon", "coordinates": [ [ [ -87.585854133031958, 41.78202462081456 ], [ -87.585752216094818, 41.78202462081456 ], [ -87.585752216094818, 41.782194482376461 ], [ -87.585854133031958, 41.782194482376461 ], [ -87.585854133031958, 41.78202462081456 ] ] ] } },
{ "type": "Feature", "properties": { "row": 4, "col": 8, "mostly_overlap": true, "overlap_ratio": 1.0, "type": "Land" }, "geometry": { "type": "Polygon", "coordinates": [ [ [ -87.585752216094818, 41.78202462081456 ], [ -87.585650299157678, 41.78202462081456 ], [ -87.585650299157678, 41.782194482376461 ], [ -87.585752216094818, 41.782194482376461 ], [ -87.585752216094818, 41.78202462081456 ] ] ] } },
{ "type": "Feature", "properties": { "row": 4, "col": 9, "mostly_overlap": true, "overlap_ratio": 1.0, "type": "Land" }, "geometry": { "type": "Polygon", "coordinates": [ [ [ -87.585650299157678, 41.78202462081456 ], [ -87.585548382220523, 41.78202462081456 ], [ -87.585548382220523, 41.782194482376461 ], [ -87.585650299157678, 41.782194482376461 ], [ -87.585650299157678, 41.78202462081456 ] ] ] } },
{ "type": "Feature", "properties": { "row": 4, "col": 10, "mostly_overlap": true, "overlap_ratio": 1.0, "type": "Land" }, "geometry": { "type": "Polygon", "coordinates": [ [ [ -87.585548382220523, 41.78202462081456 ], [ -87.585446465283383, 41.78202462081456 ], [ -87.585446465283383, 41.782194482376461 ], [ -87.585548382220523, 41.782194482376461 ], [ -87.585548382220523, 41.78202462081456 ] ] ] } },
{ "type": "Feature", "properties": { "row": 4, "col": 11, "mostly_overlap": true, "overlap_ratio": 1.0, "type": "Land" }, "geometry": { "type": "Polygon", "coordinates": [ [ [ -87.585446465283383, 41.78202462081456 ], [ -87.585344548346242, 41.78202462081456 ], [ -87.585344548346242, 41.782194482376461 ], [ -87.585446465283383, 41.782194482376461 ], [ -87.585446465283383, 41.78202462081456 ] ] ] } },
{ "type": "Feature", "properties": { "row": 4, "col": 12, "mostly_overlap": true, "overlap_ratio": 1.0, "type": "Land" }, "geometry": { "type": "Polygon", "coordinates": [ [ [ -87.585344548346242, 41.78202462081456 ], [ -87.585242631409102, 41.78202462081456 ], [ -87.585242631409102, 41.782194482376461 ], [ -87.585344548346242, 41.782194482376461 ], [ -87.585344548346242, 41.78202462081456 ] ] ] } },
{ "type": "Feature", "properties": { "row": 4, "col": 13, "mostly_overlap": true, "overlap_ratio": 1.0, "type": "Land" }, "geometry": { "type": "Polygon", "coordinates": [ [ [ -87.585242631409102, 41.78202462081456 ], [ -87.585140714471962, 41.78202462081456 ], [ -87.585140714471962, 41.782194482376461 ], [ -87.585242631409102, 41.782194482376461 ], [ -87.585242631409102, 41.78202462081456 ] ] ] } },
{ "type": "Feature", "properties": { "row": 4, "col": 14, "mostly_overlap": true, "overlap_ratio": 1.0, "type": "Land" }, "geometry": { "type": "Polygon", "coordinates": [ [ [ -87.585140714471962, 41.78202462081456 ], [ -87.585038797534821, 41.78202462081456 ], [ -87.585038797534821, 41.782194482376461 ], [ -87.585140714471962, 41.782194482376461 ], [ -87.585140714471962, 41.78202462081456 ] ] ] } },
{ "type": "Feature", "properties": { "row": 4, "col": 15, "mostly_overlap": true, "overlap_ratio": 1.0, "type": "Land" }, "geometry": { "type": "Polygon", "coordinates": [ [ [ -87.585038797534821, 41.78202462081456 ], [ -87.584936880597667, 41.78202462081456 ], [ -87.584936880597667, 41.782194482376461 ], [ -87.585038797534821, 41.782194482376461 ], [ -87.585038797534821, 41.78202462081456 ] ] ] } },
{ "type": "Feature", "properties": { "row": 4, "col": 16, "mostly_overlap": true, "overlap_ratio": 1.0, "type": "Land" }, "geometry": { "type": "Polygon", "coordinates": [ [ [ -87.584936880597667, 41.78202462081456 ], [ -87.584834963660526, 41.78202462081456 ], [ -87.584834963660526, 41.782194482376461 ], [ -87.584936880597667, 41.782194482376461 ], [ -87.584936880597667, 41.78202462081456 ] ] ] } },
{ "type": "Feature", "properties": { "row": 4, "col": 17, "mostly_overlap": true, "overlap_ratio": 1.0, "type": "Land" }, "geometry": { "type": "Polygon", "coordinates": [ [ [ -87.584834963660526, 41.78202462081456 ], [ -87.584733046723386, 41.78202462081456 ], [ -87.584733046723386, 41.782194482376461 ], [ -87.584834963660526, 41.782194482376461 ], [ -87.584834963660526, 41.78202462081456 ] ] ] } },
{ "type": "Feature", "properties": { "row": 4, "col": 18, "mostly_overlap": true, "overlap_ratio": 1.0, "type": "Land" }, "geometry": { "type": "Polygon", "coordinates": [ [ [ -87.584733046723386, 41.78202462081456 ], [ -87.584631129786246, 41.78202462081456 ], [ -87.584631129786246, 41.782194482376461 ], [ -87.584733046723386, 41.782194482376461 ], [ -87.584733046723386, 41.78202462081456 ] ] ] } },
{ "type": "Feature", "properties": { "row": 4, "col": 19, "mostly_overlap": true, "overlap_ratio": 1.0, "type": "Land" }, "geometry": { "type": "Polygon", "coordinates": [ [ [ -87.584631129786246, 41.78202462081456 ], [ -87.584529212849105, 41.78202462081456 ], [ -87.584529212849105, 41.782194482376461 ], [ -87.584631129786246, 41.782194482376461 ], [ -87.584631129786246, 41.78202462081456 ] ] ] } },
{ "type": "Feature", "properties": { "row": 4, "col": 20, "mostly_overlap": true, "overlap_ratio": 1.0, "type": "Land" }, "geometry": { "type": "Polygon", "coordinates": [ [ [ -87.584529212849105, 41.78202462081456 ], [ -87.584427295911965, 41.78202462081456 ], [ -87.584427295911965, 41.782194482376461 ], [ -87.584529212849105, 41.782194482376461 ], [ -87.584529212849105, 41.78202462081456 ] ] ] } },
{ "type": "Feature", "properties": { "row": 4, "col": 21, "mostly_overlap": true, "overlap_ratio": 1.0, "type": "Land" }, "geometry": { "type": "Polygon", "coordinates": [ [ [ -87.584427295911951, 41.78202462081456 ], [ -87.58432537897481, 41.78202462081456 ], [ -87.58432537897481, 41.782194482376461 ], [ -87.584427295911951, 41.782194482376461 ], [ -87.584427295911951, 41.78202462081456 ] ] ] } },
{ "type": "Feature", "properties": { "row": 4, "col": 22, "mostly_overlap": true, "overlap_ratio": 1.0, "type": "Land" }, "geometry": { "type": "Polygon", "coordinates": [ [ [ -87.58432537897481, 41.78202462081456 ], [ -87.58422346203767, 41.78202462081456 ], [ -87.58422346203767, 41.782194482376461 ], [ -87.58432537897481, 41.782194482376461 ], [ -87.58432537897481, 41.78202462081456 ] ] ] } },
{ "type": "Feature", "properties": { "row": 4, "col": 23, "mostly_overlap": true, "overlap_ratio": 1.0, "type": "Land" }, "geometry": { "type": "Polygon", "coordinates": [ [ [ -87.58422346203767, 41.78202462081456 ], [ -87.58412154510053, 41.78202462081456 ], [ -87.58412154510053, 41.782194482376461 ], [ -87.58422346203767, 41.782194482376461 ], [ -87.58422346203767, 41.78202462081456 ] ] ] } },
{ "type": "Feature", "properties": { "row": 4, "col": 24, "mostly_overlap": true, "overlap_ratio": 1.0, "type": "Land" }, "geometry": { "type": "Polygon", "coordinates": [ [ [ -87.58412154510053, 41.78202462081456 ], [ -87.584019628163389, 41.78202462081456 ], [ -87.584019628163389, 41.782194482376461 ], [ -87.58412154510053, 41.782194482376461 ], [ -87.58412154510053, 41.78202462081456 ] ] ] } },
{ "type": "Feature", "properties": { "row": 4, "col": 25, "mostly_overlap": true, "overlap_ratio": 1.0, "type": "Land" }, "geometry": { "type": "Polygon", "coordinates": [ [ [ -87.584019628163389, 41.78202462081456 ], [ -87.583917711226249, 41.78202462081456 ], [ -87.583917711226249, 41.782194482376461 ], [ -87.584019628163389, 41.782194482376461 ], [ -87.584019628163389, 41.78202462081456 ] ] ] } },
{ "type": "Feature", "properties": { "row": 4, "col": 26, "mostly_overlap": true, "overlap_ratio": 0.9729, "type": "Land" }, "geometry": { "type": "Polygon", "coordinates": [ [ [ -87.583917711226249, 41.78202462081456 ], [ -87.583815794289094, 41.78202462081456 ], [ -87.583815794289094, 41.782194482376461 ], [ -87.583917711226249, 41.782194482376461 ], [ -87.583917711226249, 41.78202462081456 ] ] ] } },
{ "type": "Feature", "properties": { "row": 4, "col": 27, "mostly_overlap": false, "overlap_ratio": 0.043, "type": "Water" }, "geometry": { "type": "Polygon", "coordinates": [ [ [ -87.583815794289094, 41.78202462081456 ], [ -87.583713877351954, 41.78202462081456 ], [ -87.583713877351954, 41.782194482376461 ], [ -87.583815794289094, 41.782194482376461 ], [ -87.583815794289094, 41.78202462081456 ] ] ] } },
{ "type": "Feature", "properties": { "row": 4, "col": 28, "mostly_overlap": false, "overlap_ratio": 0.0, "type": "Water" }, "geometry": { "type": "Polygon", "coordinates": [ [ [ -87.583713877351954, 41.78202462081456 ], [ -87.583611960414814, 41.78202462081456 ], [ -87.583611960414814, 41.782194482376461 ], [ -87.583713877351954, 41.782194482376461 ], [ -87.583713877351954, 41.78202462081456 ] ] ] } },
{ "type": "Feature", "properties": { "row": 4, "col": 29, "mostly_overlap": false, "overlap_ratio": 0.0, "type": "Water" }, "geometry": { "type": "Polygon", "coordinates": [ [ [ -87.583611960414814, 41.78202462081456 ], [ -87.583510043477673, 41.78202462081456 ], [ -87.583510043477673, 41.782194482376461 ], [ -87.583611960414814, 41.782194482376461 ], [ -87.583611960414814, 41.78202462081456 ] ] ] } },
{ "type": "Feature", "properties": { "row": 4, "col": 30, "mostly_overlap": false, "overlap_ratio": 0.0, "type": "Water" }, "geometry": { "type": "Polygon", "coordinates": [ [ [ -87.583510043477673, 41.78202462081456 ], [ -87.583408126540533, 41.78202462081456 ], [ -87.583408126540533, 41.782194482376461 ], [ -87.583510043477673, 41.782194482376461 ], [ -87.583510043477673, 41.78202462081456 ] ] ] } },
{ "type": "Feature", "properties": { "row": 4, "col": 31, "mostly_overlap": false, "overlap_ratio": 0.0, "type": "Water" }, "geometry": { "type": "Polygon", "coordinates": [ [ [ -87.583408126540533, 41.78202462081456 ], [ -87.583306209603393, 41.78202462081456 ], [ -87.583306209603393, 41.782194482376461 ], [ -87.583408126540533, 41.782194482376461 ], [ -87.583408126540533, 41.78202462081456 ] ] ] } },
{ "type": "Feature", "properties": { "row": 4, "col": 32, "mostly_overlap": false, "overlap_ratio": 0.2556, "type": "Water" }, "geometry": { "type": "Polygon", "coordinates": [ [ [ -87.583306209603393, 41.78202462081456 ], [ -87.583204292666238, 41.78202462081456 ], [ -87.583204292666238, 41.782194482376461 ], [ -87.583306209603393, 41.782194482376461 ], [ -87.583306209603393, 41.78202462081456 ] ] ] } },
{ "type": "Feature", "properties": { "row": 4, "col": 33, "mostly_overlap": true, "overlap_ratio": 0.7613, "type": "Land" }, "geometry": { "type": "Polygon", "coordinates": [ [ [ -87.583204292666238, 41.78202462081456 ], [ -87.583102375729098, 41.78202462081456 ], [ -87.583102375729098, 41.782194482376461 ], [ -87.583204292666238, 41.782194482376461 ], [ -87.583204292666238, 41.78202462081456 ] ] ] } },
{ "type": "Feature", "properties": { "row": 4, "col": 34, "mostly_overlap": true, "overlap_ratio": 0.9923, "type": "Land" }, "geometry": { "type": "Polygon", "coordinates": [ [ [ -87.583102375729098, 41.78202462081456 ], [ -87.583000458791957, 41.78202462081456 ], [ -87.583000458791957, 41.782194482376461 ], [ -87.583102375729098, 41.782194482376461 ], [ -87.583102375729098, 41.78202462081456 ] ] ] } },
{ "type": "Feature", "properties": { "row": 4, "col": 35, "mostly_overlap": true, "overlap_ratio": 1.0, "type": "Land" }, "geometry": { "type": "Polygon", "coordinates": [ [ [ -87.583000458791957, 41.78202462081456 ], [ -87.582898541854817, 41.78202462081456 ], [ -87.582898541854817, 41.782194482376461 ], [ -87.583000458791957, 41.782194482376461 ], [ -87.583000458791957, 41.78202462081456 ] ] ] } },
{ "type": "Feature", "properties": { "row": 4, "col": 36, "mostly_overlap": true, "overlap_ratio": 0.9831, "type": "Land" }, "geometry": { "type": "Polygon", "coordinates": [ [ [ -87.582898541854817, 41.78202462081456 ], [ -87.582796624917677, 41.78202462081456 ], [ -87.582796624917677, 41.782194482376461 ], [ -87.582898541854817, 41.782194482376461 ], [ -87.582898541854817, 41.78202462081456 ] ] ] } },
{ "type": "Feature", "properties": { "row": 4, "col": 37, "mostly_overlap": true, "overlap_ratio": 0.7993, "type": "Land" }, "geometry": { "type": "Polygon", "coordinates": [ [ [ -87.582796624917677, 41.78202462081456 ], [ -87.582694707980536, 41.78202462081456 ], [ -87.582694707980536, 41.782194482376461 ], [ -87.582796624917677, 41.782194482376461 ], [ -87.582796624917677, 41.78202462081456 ] ] ] } },
{ "type": "Feature", "properties": { "row": 4, "col": 38, "mostly_overlap": true, "overlap_ratio": 0.5253, "type": "Land" }, "geometry": { "type": "Polygon", "coordinates": [ [ [ -87.582694707980536, 41.78202462081456 ], [ -87.582592791043382, 41.78202462081456 ], [ -87.582592791043382, 41.782194482376461 ], [ -87.582694707980536, 41.782194482376461 ], [ -87.582694707980536, 41.78202462081456 ] ] ] } },
{ "type": "Feature", "properties": { "row": 4, "col": 39, "mostly_overlap": false, "overlap_ratio": 0.3881, "type": "Water" }, "geometry": { "type": "Polygon", "coordinates": [ [ [ -87.582592791043382, 41.78202462081456 ], [ -87.582490874106242, 41.78202462081456 ], [ -87.582490874106242, 41.782194482376461 ], [ -87.582592791043382, 41.782194482376461 ], [ -87.582592791043382, 41.78202462081456 ] ] ] } },
{ "type": "Feature", "properties": { "row": 4, "col": 40, "mostly_overlap": true, "overlap_ratio": 0.5253, "type": "Water" }, "geometry": { "type": "Polygon", "coordinates": [ [ [ -87.582490874106242, 41.78202462081456 ], [ -87.582388957169101, 41.78202462081456 ], [ -87.582388957169101, 41.782194482376461 ], [ -87.582490874106242, 41.782194482376461 ], [ -87.582490874106242, 41.78202462081456 ] ] ] } },
{ "type": "Feature", "properties": { "row": 5, "col": 1, "mostly_overlap": true, "overlap_ratio": 0.0, "type": "Land" }, "geometry": { "type": "Polygon", "coordinates": [ [ [ -87.586465634654814, 41.782194482376461 ], [ -87.586363717717674, 41.782194482376461 ], [ -87.586363717717674, 41.782364343938369 ], [ -87.586465634654814, 41.782364343938369 ], [ -87.586465634654814, 41.782194482376461 ] ] ] } },
{ "type": "Feature", "properties": { "row": 5, "col": 2, "mostly_overlap": true, "overlap_ratio": 0.864, "type": "Land" }, "geometry": { "type": "Polygon", "coordinates": [ [ [ -87.586363717717674, 41.782194482376461 ], [ -87.586261800780534, 41.782194482376461 ], [ -87.586261800780534, 41.782364343938369 ], [ -87.586363717717674, 41.782364343938369 ], [ -87.586363717717674, 41.782194482376461 ] ] ] } },
{ "type": "Feature", "properties": { "row": 5, "col": 3, "mostly_overlap": true, "overlap_ratio": 1.0, "type": "Land" }, "geometry": { "type": "Polygon", "coordinates": [ [ [ -87.586261800780534, 41.782194482376461 ], [ -87.586159883843379, 41.782194482376461 ], [ -87.586159883843379, 41.782364343938369 ], [ -87.586261800780534, 41.782364343938369 ], [ -87.586261800780534, 41.782194482376461 ] ] ] } },
{ "type": "Feature", "properties": { "row": 5, "col": 4, "mostly_overlap": true, "overlap_ratio": 1.0, "type": "Land" }, "geometry": { "type": "Polygon", "coordinates": [ [ [ -87.586159883843379, 41.782194482376461 ], [ -87.586057966906239, 41.782194482376461 ], [ -87.586057966906239, 41.782364343938369 ], [ -87.586159883843379, 41.782364343938369 ], [ -87.586159883843379, 41.782194482376461 ] ] ] } },
{ "type": "Feature", "properties": { "row": 5, "col": 5, "mostly_overlap": true, "overlap_ratio": 1.0, "type": "Land" }, "geometry": { "type": "Polygon", "coordinates": [ [ [ -87.586057966906239, 41.782194482376461 ], [ -87.585956049969099, 41.782194482376461 ], [ -87.585956049969099, 41.782364343938369 ], [ -87.586057966906239, 41.782364343938369 ], [ -87.586057966906239, 41.782194482376461 ] ] ] } },
{ "type": "Feature", "properties": { "row": 5, "col": 6, "mostly_overlap": true, "overlap_ratio": 1.0, "type": "Land" }, "geometry": { "type": "Polygon", "coordinates": [ [ [ -87.585956049969099, 41.782194482376461 ], [ -87.585854133031958, 41.782194482376461 ], [ -87.585854133031958, 41.782364343938369 ], [ -87.585956049969099, 41.782364343938369 ], [ -87.585956049969099, 41.782194482376461 ] ] ] } },
{ "type": "Feature", "properties": { "row": 5, "col": 7, "mostly_overlap": true, "overlap_ratio": 1.0, "type": "Land" }, "geometry": { "type": "Polygon", "coordinates": [ [ [ -87.585854133031958, 41.782194482376461 ], [ -87.585752216094818, 41.782194482376461 ], [ -87.585752216094818, 41.782364343938369 ], [ -87.585854133031958, 41.782364343938369 ], [ -87.585854133031958, 41.782194482376461 ] ] ] } },
{ "type": "Feature", "properties": { "row": 5, "col": 8, "mostly_overlap": true, "overlap_ratio": 1.0, "type": "Land" }, "geometry": { "type": "Polygon", "coordinates": [ [ [ -87.585752216094818, 41.782194482376461 ], [ -87.585650299157678, 41.782194482376461 ], [ -87.585650299157678, 41.782364343938369 ], [ -87.585752216094818, 41.782364343938369 ], [ -87.585752216094818, 41.782194482376461 ] ] ] } },
{ "type": "Feature", "properties": { "row": 5, "col": 9, "mostly_overlap": true, "overlap_ratio": 1.0, "type": "Land" }, "geometry": { "type": "Polygon", "coordinates": [ [ [ -87.585650299157678, 41.782194482376461 ], [ -87.585548382220523, 41.782194482376461 ], [ -87.585548382220523, 41.782364343938369 ], [ -87.585650299157678, 41.782364343938369 ], [ -87.585650299157678, 41.782194482376461 ] ] ] } },
{ "type": "Feature", "properties": { "row": 5, "col": 10, "mostly_overlap": true, "overlap_ratio": 1.0, "type": "Land" }, "geometry": { "type": "Polygon", "coordinates": [ [ [ -87.585548382220523, 41.782194482376461 ], [ -87.585446465283383, 41.782194482376461 ], [ -87.585446465283383, 41.782364343938369 ], [ -87.585548382220523, 41.782364343938369 ], [ -87.585548382220523, 41.782194482376461 ] ] ] } },
{ "type": "Feature", "properties": { "row": 5, "col": 11, "mostly_overlap": true, "overlap_ratio": 1.0, "type": "Land" }, "geometry": { "type": "Polygon", "coordinates": [ [ [ -87.585446465283383, 41.782194482376461 ], [ -87.585344548346242, 41.782194482376461 ], [ -87.585344548346242, 41.782364343938369 ], [ -87.585446465283383, 41.782364343938369 ], [ -87.585446465283383, 41.782194482376461 ] ] ] } },
{ "type": "Feature", "properties": { "row": 5, "col": 12, "mostly_overlap": true, "overlap_ratio": 1.0, "type": "Land" }, "geometry": { "type": "Polygon", "coordinates": [ [ [ -87.585344548346242, 41.782194482376461 ], [ -87.585242631409102, 41.782194482376461 ], [ -87.585242631409102, 41.782364343938369 ], [ -87.585344548346242, 41.782364343938369 ], [ -87.585344548346242, 41.782194482376461 ] ] ] } },
{ "type": "Feature", "properties": { "row": 5, "col": 13, "mostly_overlap": true, "overlap_ratio": 1.0, "type": "Land" }, "geometry": { "type": "Polygon", "coordinates": [ [ [ -87.585242631409102, 41.782194482376461 ], [ -87.585140714471962, 41.782194482376461 ], [ -87.585140714471962, 41.782364343938369 ], [ -87.585242631409102, 41.782364343938369 ], [ -87.585242631409102, 41.782194482376461 ] ] ] } },
{ "type": "Feature", "properties": { "row": 5, "col": 14, "mostly_overlap": true, "overlap_ratio": 1.0, "type": "Land" }, "geometry": { "type": "Polygon", "coordinates": [ [ [ -87.585140714471962, 41.782194482376461 ], [ -87.585038797534821, 41.782194482376461 ], [ -87.585038797534821, 41.782364343938369 ], [ -87.585140714471962, 41.782364343938369 ], [ -87.585140714471962, 41.782194482376461 ] ] ] } },
{ "type": "Feature", "properties": { "row": 5, "col": 15, "mostly_overlap": true, "overlap_ratio": 1.0, "type": "Land" }, "geometry": { "type": "Polygon", "coordinates": [ [ [ -87.585038797534821, 41.782194482376461 ], [ -87.584936880597667, 41.782194482376461 ], [ -87.584936880597667, 41.782364343938369 ], [ -87.585038797534821, 41.782364343938369 ], [ -87.585038797534821, 41.782194482376461 ] ] ] } },
{ "type": "Feature", "properties": { "row": 5, "col": 16, "mostly_overlap": true, "overlap_ratio": 1.0, "type": "Land" }, "geometry": { "type": "Polygon", "coordinates": [ [ [ -87.584936880597667, 41.782194482376461 ], [ -87.584834963660526, 41.782194482376461 ], [ -87.584834963660526, 41.782364343938369 ], [ -87.584936880597667, 41.782364343938369 ], [ -87.584936880597667, 41.782194482376461 ] ] ] } },
{ "type": "Feature", "properties": { "row": 5, "col": 17, "mostly_overlap": true, "overlap_ratio": 1.0, "type": "Land" }, "geometry": { "type": "Polygon", "coordinates": [ [ [ -87.584834963660526, 41.782194482376461 ], [ -87.584733046723386, 41.782194482376461 ], [ -87.584733046723386, 41.782364343938369 ], [ -87.584834963660526, 41.782364343938369 ], [ -87.584834963660526, 41.782194482376461 ] ] ] } },
{ "type": "Feature", "properties": { "row": 5, "col": 18, "mostly_overlap": true, "overlap_ratio": 1.0, "type": "Land" }, "geometry": { "type": "Polygon", "coordinates": [ [ [ -87.584733046723386, 41.782194482376461 ], [ -87.584631129786246, 41.782194482376461 ], [ -87.584631129786246, 41.782364343938369 ], [ -87.584733046723386, 41.782364343938369 ], [ -87.584733046723386, 41.782194482376461 ] ] ] } },
{ "type": "Feature", "properties": { "row": 5, "col": 19, "mostly_overlap": true, "overlap_ratio": 1.0, "type": "Land" }, "geometry": { "type": "Polygon", "coordinates": [ [ [ -87.584631129786246, 41.782194482376461 ], [ -87.584529212849105, 41.782194482376461 ], [ -87.584529212849105, 41.782364343938369 ], [ -87.584631129786246, 41.782364343938369 ], [ -87.584631129786246, 41.782194482376461 ] ] ] } },
{ "type": "Feature", "properties": { "row": 5, "col": 20, "mostly_overlap": true, "overlap_ratio": 1.0, "type": "Land" }, "geometry": { "type": "Polygon", "coordinates": [ [ [ -87.584529212849105, 41.782194482376461 ], [ -87.584427295911965, 41.782194482376461 ], [ -87.584427295911965, 41.782364343938369 ], [ -87.584529212849105, 41.782364343938369 ], [ -87.584529212849105, 41.782194482376461 ] ] ] } },
{ "type": "Feature", "properties": { "row": 5, "col": 21, "mostly_overlap": true, "overlap_ratio": 1.0, "type": "Land" }, "geometry": { "type": "Polygon", "coordinates": [ [ [ -87.584427295911951, 41.782194482376461 ], [ -87.58432537897481, 41.782194482376461 ], [ -87.58432537897481, 41.782364343938369 ], [ -87.584427295911951, 41.782364343938369 ], [ -87.584427295911951, 41.782194482376461 ] ] ] } },
{ "type": "Feature", "properties": { "row": 5, "col": 22, "mostly_overlap": true, "overlap_ratio": 1.0, "type": "Land" }, "geometry": { "type": "Polygon", "coordinates": [ [ [ -87.58432537897481, 41.782194482376461 ], [ -87.58422346203767, 41.782194482376461 ], [ -87.58422346203767, 41.782364343938369 ], [ -87.58432537897481, 41.782364343938369 ], [ -87.58432537897481, 41.782194482376461 ] ] ] } },
{ "type": "Feature", "properties": { "row": 5, "col": 23, "mostly_overlap": true, "overlap_ratio": 1.0, "type": "Land" }, "geometry": { "type": "Polygon", "coordinates": [ [ [ -87.58422346203767, 41.782194482376461 ], [ -87.58412154510053, 41.782194482376461 ], [ -87.58412154510053, 41.782364343938369 ], [ -87.58422346203767, 41.782364343938369 ], [ -87.58422346203767, 41.782194482376461 ] ] ] } },
{ "type": "Feature", "properties": { "row": 5, "col": 24, "mostly_overlap": true, "overlap_ratio": 1.0, "type": "Land" }, "geometry": { "type": "Polygon", "coordinates": [ [ [ -87.58412154510053, 41.782194482376461 ], [ -87.584019628163389, 41.782194482376461 ], [ -87.584019628163389, 41.782364343938369 ], [ -87.58412154510053, 41.782364343938369 ], [ -87.58412154510053, 41.782194482376461 ] ] ] } },
{ "type": "Feature", "properties": { "row": 5, "col": 25, "mostly_overlap": true, "overlap_ratio": 0.9869, "type": "Land" }, "geometry": { "type": "Polygon", "coordinates": [ [ [ -87.584019628163389, 41.782194482376461 ], [ -87.583917711226249, 41.782194482376461 ], [ -87.583917711226249, 41.782364343938369 ], [ -87.584019628163389, 41.782364343938369 ], [ -87.584019628163389, 41.782194482376461 ] ] ] } },
{ "type": "Feature", "properties": { "row": 5, "col": 26, "mostly_overlap": false, "overlap_ratio": 0.3596, "type": "Water" }, "geometry": { "type": "Polygon", "coordinates": [ [ [ -87.583917711226249, 41.782194482376461 ], [ -87.583815794289094, 41.782194482376461 ], [ -87.583815794289094, 41.782364343938369 ], [ -87.583917711226249, 41.782364343938369 ], [ -87.583917711226249, 41.782194482376461 ] ] ] } },
{ "type": "Feature", "properties": { "row": 5, "col": 27, "mostly_overlap": false, "overlap_ratio": 0.0, "type": "Water" }, "geometry": { "type": "Polygon", "coordinates": [ [ [ -87.583815794289094, 41.782194482376461 ], [ -87.583713877351954, 41.782194482376461 ], [ -87.583713877351954, 41.782364343938369 ], [ -87.583815794289094, 41.782364343938369 ], [ -87.583815794289094, 41.782194482376461 ] ] ] } },
{ "type": "Feature", "properties": { "row": 5, "col": 28, "mostly_overlap": false, "overlap_ratio": 0.0, "type": "Water" }, "geometry": { "type": "Polygon", "coordinates": [ [ [ -87.583713877351954, 41.782194482376461 ], [ -87.583611960414814, 41.782194482376461 ], [ -87.583611960414814, 41.782364343938369 ], [ -87.583713877351954, 41.782364343938369 ], [ -87.583713877351954, 41.782194482376461 ] ] ] } },
{ "type": "Feature", "properties": { "row": 5, "col": 29, "mostly_overlap": false, "overlap_ratio": 0.0, "type": "Water" }, "geometry": { "type": "Polygon", "coordinates": [ [ [ -87.583611960414814, 41.782194482376461 ], [ -87.583510043477673, 41.782194482376461 ], [ -87.583510043477673, 41.782364343938369 ], [ -87.583611960414814, 41.782364343938369 ], [ -87.583611960414814, 41.782194482376461 ] ] ] } },
{ "type": "Feature", "properties": { "row": 5, "col": 30, "mostly_overlap": false, "overlap_ratio": 0.0, "type": "Water" }, "geometry": { "type": "Polygon", "coordinates": [ [ [ -87.583510043477673, 41.782194482376461 ], [ -87.583408126540533, 41.782194482376461 ], [ -87.583408126540533, 41.782364343938369 ], [ -87.583510043477673, 41.782364343938369 ], [ -87.583510043477673, 41.782194482376461 ] ] ] } },
{ "type": "Feature", "properties": { "row": 5, "col": 31, "mostly_overlap": false, "overlap_ratio": 0.0, "type": "Water" }, "geometry": { "type": "Polygon", "coordinates": [ [ [ -87.583408126540533, 41.782194482376461 ], [ -87.583306209603393, 41.782194482376461 ], [ -87.583306209603393, 41.782364343938369 ], [ -87.583408126540533, 41.782364343938369 ], [ -87.583408126540533, 41.782194482376461 ] ] ] } },
{ "type": "Feature", "properties": { "row": 5, "col": 32, "mostly_overlap": true, "overlap_ratio": 0.5838, "type": "Land" }, "geometry": { "type": "Polygon", "coordinates": [ [ [ -87.583306209603393, 41.782194482376461 ], [ -87.583204292666238, 41.782194482376461 ], [ -87.583204292666238, 41.782364343938369 ], [ -87.583306209603393, 41.782364343938369 ], [ -87.583306209603393, 41.782194482376461 ] ] ] } },
{ "type": "Feature", "properties": { "row": 5, "col": 33, "mostly_overlap": true, "overlap_ratio": 1.0, "type": "Land" }, "geometry": { "type": "Polygon", "coordinates": [ [ [ -87.583204292666238, 41.782194482376461 ], [ -87.583102375729098, 41.782194482376461 ], [ -87.583102375729098, 41.782364343938369 ], [ -87.583204292666238, 41.782364343938369 ], [ -87.583204292666238, 41.782194482376461 ] ] ] } },
{ "type": "Feature", "properties": { "row": 5, "col": 34, "mostly_overlap": true, "overlap_ratio": 1.0, "type": "Land" }, "geometry": { "type": "Polygon", "coordinates": [ [ [ -87.583102375729098, 41.782194482376461 ], [ -87.583000458791957, 41.782194482376461 ], [ -87.583000458791957, 41.782364343938369 ], [ -87.583102375729098, 41.782364343938369 ], [ -87.583102375729098, 41.782194482376461 ] ] ] } },
{ "type": "Feature", "properties": { "row": 5, "col": 35, "mostly_overlap": true, "overlap_ratio": 1.0, "type": "Land" }, "geometry": { "type": "Polygon", "coordinates": [ [ [ -87.583000458791957, 41.782194482376461 ], [ -87.582898541854817, 41.782194482376461 ], [ -87.582898541854817, 41.782364343938369 ], [ -87.583000458791957, 41.782364343938369 ], [ -87.583000458791957, 41.782194482376461 ] ] ] } },
{ "type": "Feature", "properties": { "row": 5, "col": 36, "mostly_overlap": true, "overlap_ratio": 1.0, "type": "Land" }, "geometry": { "type": "Polygon", "coordinates": [ [ [ -87.582898541854817, 41.782194482376461 ], [ -87.582796624917677, 41.782194482376461 ], [ -87.582796624917677, 41.782364343938369 ], [ -87.582898541854817, 41.782364343938369 ], [ -87.582898541854817, 41.782194482376461 ] ] ] } },
{ "type": "Feature", "properties": { "row": 5, "col": 37, "mostly_overlap": true, "overlap_ratio": 1.0, "type": "Land" }, "geometry": { "type": "Polygon", "coordinates": [ [ [ -87.582796624917677, 41.782194482376461 ], [ -87.582694707980536, 41.782194482376461 ], [ -87.582694707980536, 41.782364343938369 ], [ -87.582796624917677, 41.782364343938369 ], [ -87.582796624917677, 41.782194482376461 ] ] ] } },
{ "type": "Feature", "properties": { "row": 5, "col": 38, "mostly_overlap": true, "overlap_ratio": 1.0, "type": "Land" }, "geometry": { "type": "Polygon", "coordinates": [ [ [ -87.582694707980536, 41.782194482376461 ], [ -87.582592791043382, 41.782194482376461 ], [ -87.582592791043382, 41.782364343938369 ], [ -87.582694707980536, 41.782364343938369 ], [ -87.582694707980536, 41.782194482376461 ] ] ] } },
{ "type": "Feature", "properties": { "row": 5, "col": 39, "mostly_overlap": true, "overlap_ratio": 1.0, "type": "Land" }, "geometry": { "type": "Polygon", "coordinates": [ [ [ -87.582592791043382, 41.782194482376461 ], [ -87.582490874106242, 41.782194482376461 ], [ -87.582490874106242, 41.782364343938369 ], [ -87.582592791043382, 41.782364343938369 ], [ -87.582592791043382, 41.782194482376461 ] ] ] } },
{ "type": "Feature", "properties": { "row": 5, "col": 40, "mostly_overlap": true, "overlap_ratio": 0.9955, "type": "Land" }, "geometry": { "type": "Polygon", "coordinates": [ [ [ -87.582490874106242, 41.782194482376461 ], [ -87.582388957169101, 41.782194482376461 ], [ -87.582388957169101, 41.782364343938369 ], [ -87.582490874106242, 41.782364343938369 ], [ -87.582490874106242, 41.782194482376461 ] ] ] } },
{ "type": "Feature", "properties": { "row": 6, "col": 1, "mostly_overlap": true, "overlap_ratio": 0.0, "type": "Land" }, "geometry": { "type": "Polygon", "coordinates": [ [ [ -87.586465634654814, 41.782364343938369 ], [ -87.586363717717674, 41.782364343938369 ], [ -87.586363717717674, 41.782534205500276 ], [ -87.586465634654814, 41.782534205500276 ], [ -87.586465634654814, 41.782364343938369 ] ] ] } },
{ "type": "Feature", "properties": { "row": 6, "col": 2, "mostly_overlap": true, "overlap_ratio": 0.9064, "type": "Land" }, "geometry": { "type": "Polygon", "coordinates": [ [ [ -87.586363717717674, 41.782364343938369 ], [ -87.586261800780534, 41.782364343938369 ], [ -87.586261800780534, 41.782534205500276 ], [ -87.586363717717674, 41.782534205500276 ], [ -87.586363717717674, 41.782364343938369 ] ] ] } },
{ "type": "Feature", "properties": { "row": 6, "col": 3, "mostly_overlap": true, "overlap_ratio": 1.0, "type": "Land" }, "geometry": { "type": "Polygon", "coordinates": [ [ [ -87.586261800780534, 41.782364343938369 ], [ -87.586159883843379, 41.782364343938369 ], [ -87.586159883843379, 41.782534205500276 ], [ -87.586261800780534, 41.782534205500276 ], [ -87.586261800780534, 41.782364343938369 ] ] ] } },
{ "type": "Feature", "properties": { "row": 6, "col": 4, "mostly_overlap": true, "overlap_ratio": 1.0, "type": "Land" }, "geometry": { "type": "Polygon", "coordinates": [ [ [ -87.586159883843379, 41.782364343938369 ], [ -87.586057966906239, 41.782364343938369 ], [ -87.586057966906239, 41.782534205500276 ], [ -87.586159883843379, 41.782534205500276 ], [ -87.586159883843379, 41.782364343938369 ] ] ] } },
{ "type": "Feature", "properties": { "row": 6, "col": 5, "mostly_overlap": true, "overlap_ratio": 1.0, "type": "Land" }, "geometry": { "type": "Polygon", "coordinates": [ [ [ -87.586057966906239, 41.782364343938369 ], [ -87.585956049969099, 41.782364343938369 ], [ -87.585956049969099, 41.782534205500276 ], [ -87.586057966906239, 41.782534205500276 ], [ -87.586057966906239, 41.782364343938369 ] ] ] } },
{ "type": "Feature", "properties": { "row": 6, "col": 6, "mostly_overlap": true, "overlap_ratio": 1.0, "type": "Land" }, "geometry": { "type": "Polygon", "coordinates": [ [ [ -87.585956049969099, 41.782364343938369 ], [ -87.585854133031958, 41.782364343938369 ], [ -87.585854133031958, 41.782534205500276 ], [ -87.585956049969099, 41.782534205500276 ], [ -87.585956049969099, 41.782364343938369 ] ] ] } },
{ "type": "Feature", "properties": { "row": 6, "col": 7, "mostly_overlap": true, "overlap_ratio": 1.0, "type": "Land" }, "geometry": { "type": "Polygon", "coordinates": [ [ [ -87.585854133031958, 41.782364343938369 ], [ -87.585752216094818, 41.782364343938369 ], [ -87.585752216094818, 41.782534205500276 ], [ -87.585854133031958, 41.782534205500276 ], [ -87.585854133031958, 41.782364343938369 ] ] ] } },
{ "type": "Feature", "properties": { "row": 6, "col": 8, "mostly_overlap": true, "overlap_ratio": 1.0, "type": "Land" }, "geometry": { "type": "Polygon", "coordinates": [ [ [ -87.585752216094818, 41.782364343938369 ], [ -87.585650299157678, 41.782364343938369 ], [ -87.585650299157678, 41.782534205500276 ], [ -87.585752216094818, 41.782534205500276 ], [ -87.585752216094818, 41.782364343938369 ] ] ] } },
{ "type": "Feature", "properties": { "row": 6, "col": 9, "mostly_overlap": true, "overlap_ratio": 1.0, "type": "Land" }, "geometry": { "type": "Polygon", "coordinates": [ [ [ -87.585650299157678, 41.782364343938369 ], [ -87.585548382220523, 41.782364343938369 ], [ -87.585548382220523, 41.782534205500276 ], [ -87.585650299157678, 41.782534205500276 ], [ -87.585650299157678, 41.782364343938369 ] ] ] } },
{ "type": "Feature", "properties": { "row": 6, "col": 10, "mostly_overlap": true, "overlap_ratio": 1.0, "type": "Land" }, "geometry": { "type": "Polygon", "coordinates": [ [ [ -87.585548382220523, 41.782364343938369 ], [ -87.585446465283383, 41.782364343938369 ], [ -87.585446465283383, 41.782534205500276 ], [ -87.585548382220523, 41.782534205500276 ], [ -87.585548382220523, 41.782364343938369 ] ] ] } },
{ "type": "Feature", "properties": { "row": 6, "col": 11, "mostly_overlap": true, "overlap_ratio": 1.0, "type": "Land" }, "geometry": { "type": "Polygon", "coordinates": [ [ [ -87.585446465283383, 41.782364343938369 ], [ -87.585344548346242, 41.782364343938369 ], [ -87.585344548346242, 41.782534205500276 ], [ -87.585446465283383, 41.782534205500276 ], [ -87.585446465283383, 41.782364343938369 ] ] ] } },
{ "type": "Feature", "properties": { "row": 6, "col": 12, "mostly_overlap": true, "overlap_ratio": 1.0, "type": "Land" }, "geometry": { "type": "Polygon", "coordinates": [ [ [ -87.585344548346242, 41.782364343938369 ], [ -87.585242631409102, 41.782364343938369 ], [ -87.585242631409102, 41.782534205500276 ], [ -87.585344548346242, 41.782534205500276 ], [ -87.585344548346242, 41.782364343938369 ] ] ] } },
{ "type": "Feature", "properties": { "row": 6, "col": 13, "mostly_overlap": true, "overlap_ratio": 1.0, "type": "Land" }, "geometry": { "type": "Polygon", "coordinates": [ [ [ -87.585242631409102, 41.782364343938369 ], [ -87.585140714471962, 41.782364343938369 ], [ -87.585140714471962, 41.782534205500276 ], [ -87.585242631409102, 41.782534205500276 ], [ -87.585242631409102, 41.782364343938369 ] ] ] } },
{ "type": "Feature", "properties": { "row": 6, "col": 14, "mostly_overlap": true, "overlap_ratio": 1.0, "type": "Land" }, "geometry": { "type": "Polygon", "coordinates": [ [ [ -87.585140714471962, 41.782364343938369 ], [ -87.585038797534821, 41.782364343938369 ], [ -87.585038797534821, 41.782534205500276 ], [ -87.585140714471962, 41.782534205500276 ], [ -87.585140714471962, 41.782364343938369 ] ] ] } },
{ "type": "Feature", "properties": { "row": 6, "col": 15, "mostly_overlap": true, "overlap_ratio": 1.0, "type": "Land" }, "geometry": { "type": "Polygon", "coordinates": [ [ [ -87.585038797534821, 41.782364343938369 ], [ -87.584936880597667, 41.782364343938369 ], [ -87.584936880597667, 41.782534205500276 ], [ -87.585038797534821, 41.782534205500276 ], [ -87.585038797534821, 41.782364343938369 ] ] ] } },
{ "type": "Feature", "properties": { "row": 6, "col": 16, "mostly_overlap": true, "overlap_ratio": 1.0, "type": "Land" }, "geometry": { "type": "Polygon", "coordinates": [ [ [ -87.584936880597667, 41.782364343938369 ], [ -87.584834963660526, 41.782364343938369 ], [ -87.584834963660526, 41.782534205500276 ], [ -87.584936880597667, 41.782534205500276 ], [ -87.584936880597667, 41.782364343938369 ] ] ] } },
{ "type": "Feature", "properties": { "row": 6, "col": 17, "mostly_overlap": true, "overlap_ratio": 1.0, "type": "Land" }, "geometry": { "type": "Polygon", "coordinates": [ [ [ -87.584834963660526, 41.782364343938369 ], [ -87.584733046723386, 41.782364343938369 ], [ -87.584733046723386, 41.782534205500276 ], [ -87.584834963660526, 41.782534205500276 ], [ -87.584834963660526, 41.782364343938369 ] ] ] } },
{ "type": "Feature", "properties": { "row": 6, "col": 18, "mostly_overlap": true, "overlap_ratio": 1.0, "type": "Land" }, "geometry": { "type": "Polygon", "coordinates": [ [ [ -87.584733046723386, 41.782364343938369 ], [ -87.584631129786246, 41.782364343938369 ], [ -87.584631129786246, 41.782534205500276 ], [ -87.584733046723386, 41.782534205500276 ], [ -87.584733046723386, 41.782364343938369 ] ] ] } },
{ "type": "Feature", "properties": { "row": 6, "col": 19, "mostly_overlap": true, "overlap_ratio": 1.0, "type": "Land" }, "geometry": { "type": "Polygon", "coordinates": [ [ [ -87.584631129786246, 41.782364343938369 ], [ -87.584529212849105, 41.782364343938369 ], [ -87.584529212849105, 41.782534205500276 ], [ -87.584631129786246, 41.782534205500276 ], [ -87.584631129786246, 41.782364343938369 ] ] ] } },
{ "type": "Feature", "properties": { "row": 6, "col": 20, "mostly_overlap": true, "overlap_ratio": 1.0, "type": "Land" }, "geometry": { "type": "Polygon", "coordinates": [ [ [ -87.584529212849105, 41.782364343938369 ], [ -87.584427295911965, 41.782364343938369 ], [ -87.584427295911965, 41.782534205500276 ], [ -87.584529212849105, 41.782534205500276 ], [ -87.584529212849105, 41.782364343938369 ] ] ] } },
{ "type": "Feature", "properties": { "row": 6, "col": 21, "mostly_overlap": true, "overlap_ratio": 1.0, "type": "Land" }, "geometry": { "type": "Polygon", "coordinates": [ [ [ -87.584427295911951, 41.782364343938369 ], [ -87.58432537897481, 41.782364343938369 ], [ -87.58432537897481, 41.782534205500276 ], [ -87.584427295911951, 41.782534205500276 ], [ -87.584427295911951, 41.782364343938369 ] ] ] } },
{ "type": "Feature", "properties": { "row": 6, "col": 22, "mostly_overlap": true, "overlap_ratio": 1.0, "type": "Land" }, "geometry": { "type": "Polygon", "coordinates": [ [ [ -87.58432537897481, 41.782364343938369 ], [ -87.58422346203767, 41.782364343938369 ], [ -87.58422346203767, 41.782534205500276 ], [ -87.58432537897481, 41.782534205500276 ], [ -87.58432537897481, 41.782364343938369 ] ] ] } },
{ "type": "Feature", "properties": { "row": 6, "col": 23, "mostly_overlap": true, "overlap_ratio": 1.0, "type": "Land" }, "geometry": { "type": "Polygon", "coordinates": [ [ [ -87.58422346203767, 41.782364343938369 ], [ -87.58412154510053, 41.782364343938369 ], [ -87.58412154510053, 41.782534205500276 ], [ -87.58422346203767, 41.782534205500276 ], [ -87.58422346203767, 41.782364343938369 ] ] ] } },
{ "type": "Feature", "properties": { "row": 6, "col": 24, "mostly_overlap": true, "overlap_ratio": 0.9807, "type": "Land" }, "geometry": { "type": "Polygon", "coordinates": [ [ [ -87.58412154510053, 41.782364343938369 ], [ -87.584019628163389, 41.782364343938369 ], [ -87.584019628163389, 41.782534205500276 ], [ -87.58412154510053, 41.782534205500276 ], [ -87.58412154510053, 41.782364343938369 ] ] ] } },
{ "type": "Feature", "properties": { "row": 6, "col": 25, "mostly_overlap": false, "overlap_ratio": 0.3359, "type": "Water" }, "geometry": { "type": "Polygon", "coordinates": [ [ [ -87.584019628163389, 41.782364343938369 ], [ -87.583917711226249, 41.782364343938369 ], [ -87.583917711226249, 41.782534205500276 ], [ -87.584019628163389, 41.782534205500276 ], [ -87.584019628163389, 41.782364343938369 ] ] ] } },
{ "type": "Feature", "properties": { "row": 6, "col": 26, "mostly_overlap": false, "overlap_ratio": 0.0, "type": "Water" }, "geometry": { "type": "Polygon", "coordinates": [ [ [ -87.583917711226249, 41.782364343938369 ], [ -87.583815794289094, 41.782364343938369 ], [ -87.583815794289094, 41.782534205500276 ], [ -87.583917711226249, 41.782534205500276 ], [ -87.583917711226249, 41.782364343938369 ] ] ] } },
{ "type": "Feature", "properties": { "row": 6, "col": 27, "mostly_overlap": false, "overlap_ratio": 0.0, "type": "Water" }, "geometry": { "type": "Polygon", "coordinates": [ [ [ -87.583815794289094, 41.782364343938369 ], [ -87.583713877351954, 41.782364343938369 ], [ -87.583713877351954, 41.782534205500276 ], [ -87.583815794289094, 41.782534205500276 ], [ -87.583815794289094, 41.782364343938369 ] ] ] } },
{ "type": "Feature", "properties": { "row": 6, "col": 28, "mostly_overlap": false, "overlap_ratio": 0.0, "type": "Water" }, "geometry": { "type": "Polygon", "coordinates": [ [ [ -87.583713877351954, 41.782364343938369 ], [ -87.583611960414814, 41.782364343938369 ], [ -87.583611960414814, 41.782534205500276 ], [ -87.583713877351954, 41.782534205500276 ], [ -87.583713877351954, 41.782364343938369 ] ] ] } },
{ "type": "Feature", "properties": { "row": 6, "col": 29, "mostly_overlap": false, "overlap_ratio": 0.0, "type": "Water" }, "geometry": { "type": "Polygon", "coordinates": [ [ [ -87.583611960414814, 41.782364343938369 ], [ -87.583510043477673, 41.782364343938369 ], [ -87.583510043477673, 41.782534205500276 ], [ -87.583611960414814, 41.782534205500276 ], [ -87.583611960414814, 41.782364343938369 ] ] ] } },
{ "type": "Feature", "properties": { "row": 6, "col": 30, "mostly_overlap": false, "overlap_ratio": 0.0, "type": "Water" }, "geometry": { "type": "Polygon", "coordinates": [ [ [ -87.583510043477673, 41.782364343938369 ], [ -87.583408126540533, 41.782364343938369 ], [ -87.583408126540533, 41.782534205500276 ], [ -87.583510043477673, 41.782534205500276 ], [ -87.583510043477673, 41.782364343938369 ] ] ] } },
{ "type": "Feature", "properties": { "row": 6, "col": 31, "mostly_overlap": false, "overlap_ratio": 0.1717, "type": "Water" }, "geometry": { "type": "Polygon", "coordinates": [ [ [ -87.583408126540533, 41.782364343938369 ], [ -87.583306209603393, 41.782364343938369 ], [ -87.583306209603393, 41.782534205500276 ], [ -87.583408126540533, 41.782534205500276 ], [ -87.583408126540533, 41.782364343938369 ] ] ] } },
{ "type": "Feature", "properties": { "row": 6, "col": 32, "mostly_overlap": true, "overlap_ratio": 0.9532, "type": "Land" }, "geometry": { "type": "Polygon", "coordinates": [ [ [ -87.583306209603393, 41.782364343938369 ], [ -87.583204292666238, 41.782364343938369 ], [ -87.583204292666238, 41.782534205500276 ], [ -87.583306209603393, 41.782534205500276 ], [ -87.583306209603393, 41.782364343938369 ] ] ] } },
{ "type": "Feature", "properties": { "row": 6, "col": 33, "mostly_overlap": true, "overlap_ratio": 1.0, "type": "Land" }, "geometry": { "type": "Polygon", "coordinates": [ [ [ -87.583204292666238, 41.782364343938369 ], [ -87.583102375729098, 41.782364343938369 ], [ -87.583102375729098, 41.782534205500276 ], [ -87.583204292666238, 41.782534205500276 ], [ -87.583204292666238, 41.782364343938369 ] ] ] } },
{ "type": "Feature", "properties": { "row": 6, "col": 34, "mostly_overlap": true, "overlap_ratio": 1.0, "type": "Land" }, "geometry": { "type": "Polygon", "coordinates": [ [ [ -87.583102375729098, 41.782364343938369 ], [ -87.583000458791957, 41.782364343938369 ], [ -87.583000458791957, 41.782534205500276 ], [ -87.583102375729098, 41.782534205500276 ], [ -87.583102375729098, 41.782364343938369 ] ] ] } },
{ "type": "Feature", "properties": { "row": 6, "col": 35, "mostly_overlap": true, "overlap_ratio": 1.0, "type": "Land" }, "geometry": { "type": "Polygon", "coordinates": [ [ [ -87.583000458791957, 41.782364343938369 ], [ -87.582898541854817, 41.782364343938369 ], [ -87.582898541854817, 41.782534205500276 ], [ -87.583000458791957, 41.782534205500276 ], [ -87.583000458791957, 41.782364343938369 ] ] ] } },
{ "type": "Feature", "properties": { "row": 6, "col": 36, "mostly_overlap": true, "overlap_ratio": 1.0, "type": "Land" }, "geometry": { "type": "Polygon", "coordinates": [ [ [ -87.582898541854817, 41.782364343938369 ], [ -87.582796624917677, 41.782364343938369 ], [ -87.582796624917677, 41.782534205500276 ], [ -87.582898541854817, 41.782534205500276 ], [ -87.582898541854817, 41.782364343938369 ] ] ] } },
{ "type": "Feature", "properties": { "row": 6, "col": 37, "mostly_overlap": true, "overlap_ratio": 1.0, "type": "Land" }, "geometry": { "type": "Polygon", "coordinates": [ [ [ -87.582796624917677, 41.782364343938369 ], [ -87.582694707980536, 41.782364343938369 ], [ -87.582694707980536, 41.782534205500276 ], [ -87.582796624917677, 41.782534205500276 ], [ -87.582796624917677, 41.782364343938369 ] ] ] } },
{ "type": "Feature", "properties": { "row": 6, "col": 38, "mostly_overlap": true, "overlap_ratio": 1.0, "type": "Land" }, "geometry": { "type": "Polygon", "coordinates": [ [ [ -87.582694707980536, 41.782364343938369 ], [ -87.582592791043382, 41.782364343938369 ], [ -87.582592791043382, 41.782534205500276 ], [ -87.582694707980536, 41.782534205500276 ], [ -87.582694707980536, 41.782364343938369 ] ] ] } },
{ "type": "Feature", "properties": { "row": 6, "col": 39, "mostly_overlap": true, "overlap_ratio": 1.0, "type": "Land" }, "geometry": { "type": "Polygon", "coordinates": [ [ [ -87.582592791043382, 41.782364343938369 ], [ -87.582490874106242, 41.782364343938369 ], [ -87.582490874106242, 41.782534205500276 ], [ -87.582592791043382, 41.782534205500276 ], [ -87.582592791043382, 41.782364343938369 ] ] ] } },
{ "type": "Feature", "properties": { "row": 6, "col": 40, "mostly_overlap": true, "overlap_ratio": 0.9945, "type": "Land" }, "geometry": { "type": "Polygon", "coordinates": [ [ [ -87.582490874106242, 41.782364343938369 ], [ -87.582388957169101, 41.782364343938369 ], [ -87.582388957169101, 41.782534205500276 ], [ -87.582490874106242, 41.782534205500276 ], [ -87.582490874106242, 41.782364343938369 ] ] ] } },
{ "type": "Feature", "properties": { "row": 7, "col": 1, "mostly_overlap": true, "overlap_ratio": 0.0, "type": "Land" }, "geometry": { "type": "Polygon", "coordinates": [ [ [ -87.586465634654814, 41.782534205500269 ], [ -87.586363717717674, 41.782534205500269 ], [ -87.586363717717674, 41.782704067062177 ], [ -87.586465634654814, 41.782704067062177 ], [ -87.586465634654814, 41.782534205500269 ] ] ] } },
{ "type": "Feature", "properties": { "row": 7, "col": 2, "mostly_overlap": true, "overlap_ratio": 0.9488, "type": "Land" }, "geometry": { "type": "Polygon", "coordinates": [ [ [ -87.586363717717674, 41.782534205500269 ], [ -87.586261800780534, 41.782534205500269 ], [ -87.586261800780534, 41.782704067062177 ], [ -87.586363717717674, 41.782704067062177 ], [ -87.586363717717674, 41.782534205500269 ] ] ] } },
{ "type": "Feature", "properties": { "row": 7, "col": 3, "mostly_overlap": true, "overlap_ratio": 1.0, "type": "Land" }, "geometry": { "type": "Polygon", "coordinates": [ [ [ -87.586261800780534, 41.782534205500269 ], [ -87.586159883843379, 41.782534205500269 ], [ -87.586159883843379, 41.782704067062177 ], [ -87.586261800780534, 41.782704067062177 ], [ -87.586261800780534, 41.782534205500269 ] ] ] } },
{ "type": "Feature", "properties": { "row": 7, "col": 4, "mostly_overlap": true, "overlap_ratio": 1.0, "type": "Land" }, "geometry": { "type": "Polygon", "coordinates": [ [ [ -87.586159883843379, 41.782534205500269 ], [ -87.586057966906239, 41.782534205500269 ], [ -87.586057966906239, 41.782704067062177 ], [ -87.586159883843379, 41.782704067062177 ], [ -87.586159883843379, 41.782534205500269 ] ] ] } },
{ "type": "Feature", "properties": { "row": 7, "col": 5, "mostly_overlap": true, "overlap_ratio": 1.0, "type": "Land" }, "geometry": { "type": "Polygon", "coordinates": [ [ [ -87.586057966906239, 41.782534205500269 ], [ -87.585956049969099, 41.782534205500269 ], [ -87.585956049969099, 41.782704067062177 ], [ -87.586057966906239, 41.782704067062177 ], [ -87.586057966906239, 41.782534205500269 ] ] ] } },
{ "type": "Feature", "properties": { "row": 7, "col": 6, "mostly_overlap": true, "overlap_ratio": 1.0, "type": "Land" }, "geometry": { "type": "Polygon", "coordinates": [ [ [ -87.585956049969099, 41.782534205500269 ], [ -87.585854133031958, 41.782534205500269 ], [ -87.585854133031958, 41.782704067062177 ], [ -87.585956049969099, 41.782704067062177 ], [ -87.585956049969099, 41.782534205500269 ] ] ] } },
{ "type": "Feature", "properties": { "row": 7, "col": 7, "mostly_overlap": true, "overlap_ratio": 1.0, "type": "Land" }, "geometry": { "type": "Polygon", "coordinates": [ [ [ -87.585854133031958, 41.782534205500269 ], [ -87.585752216094818, 41.782534205500269 ], [ -87.585752216094818, 41.782704067062177 ], [ -87.585854133031958, 41.782704067062177 ], [ -87.585854133031958, 41.782534205500269 ] ] ] } },
{ "type": "Feature", "properties": { "row": 7, "col": 8, "mostly_overlap": true, "overlap_ratio": 1.0, "type": "Land" }, "geometry": { "type": "Polygon", "coordinates": [ [ [ -87.585752216094818, 41.782534205500269 ], [ -87.585650299157678, 41.782534205500269 ], [ -87.585650299157678, 41.782704067062177 ], [ -87.585752216094818, 41.782704067062177 ], [ -87.585752216094818, 41.782534205500269 ] ] ] } },
{ "type": "Feature", "properties": { "row": 7, "col": 9, "mostly_overlap": true, "overlap_ratio": 1.0, "type": "Land" }, "geometry": { "type": "Polygon", "coordinates": [ [ [ -87.585650299157678, 41.782534205500269 ], [ -87.585548382220523, 41.782534205500269 ], [ -87.585548382220523, 41.782704067062177 ], [ -87.585650299157678, 41.782704067062177 ], [ -87.585650299157678, 41.782534205500269 ] ] ] } },
{ "type": "Feature", "properties": { "row": 7, "col": 10, "mostly_overlap": true, "overlap_ratio": 1.0, "type": "Land" }, "geometry": { "type": "Polygon", "coordinates": [ [ [ -87.585548382220523, 41.782534205500269 ], [ -87.585446465283383, 41.782534205500269 ], [ -87.585446465283383, 41.782704067062177 ], [ -87.585548382220523, 41.782704067062177 ], [ -87.585548382220523, 41.782534205500269 ] ] ] } },
{ "type": "Feature", "properties": { "row": 7, "col": 11, "mostly_overlap": true, "overlap_ratio": 1.0, "type": "Land" }, "geometry": { "type": "Polygon", "coordinates": [ [ [ -87.585446465283383, 41.782534205500269 ], [ -87.585344548346242, 41.782534205500269 ], [ -87.585344548346242, 41.782704067062177 ], [ -87.585446465283383, 41.782704067062177 ], [ -87.585446465283383, 41.782534205500269 ] ] ] } },
{ "type": "Feature", "properties": { "row": 7, "col": 12, "mostly_overlap": true, "overlap_ratio": 1.0, "type": "Land" }, "geometry": { "type": "Polygon", "coordinates": [ [ [ -87.585344548346242, 41.782534205500269 ], [ -87.585242631409102, 41.782534205500269 ], [ -87.585242631409102, 41.782704067062177 ], [ -87.585344548346242, 41.782704067062177 ], [ -87.585344548346242, 41.782534205500269 ] ] ] } },
{ "type": "Feature", "properties": { "row": 7, "col": 13, "mostly_overlap": true, "overlap_ratio": 1.0, "type": "Land" }, "geometry": { "type": "Polygon", "coordinates": [ [ [ -87.585242631409102, 41.782534205500269 ], [ -87.585140714471962, 41.782534205500269 ], [ -87.585140714471962, 41.782704067062177 ], [ -87.585242631409102, 41.782704067062177 ], [ -87.585242631409102, 41.782534205500269 ] ] ] } },
{ "type": "Feature", "properties": { "row": 7, "col": 14, "mostly_overlap": true, "overlap_ratio": 1.0, "type": "Land" }, "geometry": { "type": "Polygon", "coordinates": [ [ [ -87.585140714471962, 41.782534205500269 ], [ -87.585038797534821, 41.782534205500269 ], [ -87.585038797534821, 41.782704067062177 ], [ -87.585140714471962, 41.782704067062177 ], [ -87.585140714471962, 41.782534205500269 ] ] ] } },
{ "type": "Feature", "properties": { "row": 7, "col": 15, "mostly_overlap": true, "overlap_ratio": 1.0, "type": "Land" }, "geometry": { "type": "Polygon", "coordinates": [ [ [ -87.585038797534821, 41.782534205500269 ], [ -87.584936880597667, 41.782534205500269 ], [ -87.584936880597667, 41.782704067062177 ], [ -87.585038797534821, 41.782704067062177 ], [ -87.585038797534821, 41.782534205500269 ] ] ] } },
{ "type": "Feature", "properties": { "row": 7, "col": 16, "mostly_overlap": true, "overlap_ratio": 1.0, "type": "Land" }, "geometry": { "type": "Polygon", "coordinates": [ [ [ -87.584936880597667, 41.782534205500269 ], [ -87.584834963660526, 41.782534205500269 ], [ -87.584834963660526, 41.782704067062177 ], [ -87.584936880597667, 41.782704067062177 ], [ -87.584936880597667, 41.782534205500269 ] ] ] } },
{ "type": "Feature", "properties": { "row": 7, "col": 17, "mostly_overlap": true, "overlap_ratio": 1.0, "type": "Land" }, "geometry": { "type": "Polygon", "coordinates": [ [ [ -87.584834963660526, 41.782534205500269 ], [ -87.584733046723386, 41.782534205500269 ], [ -87.584733046723386, 41.782704067062177 ], [ -87.584834963660526, 41.782704067062177 ], [ -87.584834963660526, 41.782534205500269 ] ] ] } },
{ "type": "Feature", "properties": { "row": 7, "col": 18, "mostly_overlap": true, "overlap_ratio": 1.0, "type": "Land" }, "geometry": { "type": "Polygon", "coordinates": [ [ [ -87.584733046723386, 41.782534205500269 ], [ -87.584631129786246, 41.782534205500269 ], [ -87.584631129786246, 41.782704067062177 ], [ -87.584733046723386, 41.782704067062177 ], [ -87.584733046723386, 41.782534205500269 ] ] ] } },
{ "type": "Feature", "properties": { "row": 7, "col": 19, "mostly_overlap": true, "overlap_ratio": 1.0, "type": "Land" }, "geometry": { "type": "Polygon", "coordinates": [ [ [ -87.584631129786246, 41.782534205500269 ], [ -87.584529212849105, 41.782534205500269 ], [ -87.584529212849105, 41.782704067062177 ], [ -87.584631129786246, 41.782704067062177 ], [ -87.584631129786246, 41.782534205500269 ] ] ] } },
{ "type": "Feature", "properties": { "row": 7, "col": 20, "mostly_overlap": true, "overlap_ratio": 1.0, "type": "Land" }, "geometry": { "type": "Polygon", "coordinates": [ [ [ -87.584529212849105, 41.782534205500269 ], [ -87.584427295911965, 41.782534205500269 ], [ -87.584427295911965, 41.782704067062177 ], [ -87.584529212849105, 41.782704067062177 ], [ -87.584529212849105, 41.782534205500269 ] ] ] } },
{ "type": "Feature", "properties": { "row": 7, "col": 21, "mostly_overlap": true, "overlap_ratio": 1.0, "type": "Land" }, "geometry": { "type": "Polygon", "coordinates": [ [ [ -87.584427295911951, 41.782534205500269 ], [ -87.58432537897481, 41.782534205500269 ], [ -87.58432537897481, 41.782704067062177 ], [ -87.584427295911951, 41.782704067062177 ], [ -87.584427295911951, 41.782534205500269 ] ] ] } },
{ "type": "Feature", "properties": { "row": 7, "col": 22, "mostly_overlap": true, "overlap_ratio": 1.0, "type": "Land" }, "geometry": { "type": "Polygon", "coordinates": [ [ [ -87.58432537897481, 41.782534205500269 ], [ -87.58422346203767, 41.782534205500269 ], [ -87.58422346203767, 41.782704067062177 ], [ -87.58432537897481, 41.782704067062177 ], [ -87.58432537897481, 41.782534205500269 ] ] ] } },
{ "type": "Feature", "properties": { "row": 7, "col": 23, "mostly_overlap": true, "overlap_ratio": 1.0, "type": "Land" }, "geometry": { "type": "Polygon", "coordinates": [ [ [ -87.58422346203767, 41.782534205500269 ], [ -87.58412154510053, 41.782534205500269 ], [ -87.58412154510053, 41.782704067062177 ], [ -87.58422346203767, 41.782704067062177 ], [ -87.58422346203767, 41.782534205500269 ] ] ] } },
{ "type": "Feature", "properties": { "row": 7, "col": 24, "mostly_overlap": true, "overlap_ratio": 0.6439, "type": "Land" }, "geometry": { "type": "Polygon", "coordinates": [ [ [ -87.58412154510053, 41.782534205500269 ], [ -87.584019628163389, 41.782534205500269 ], [ -87.584019628163389, 41.782704067062177 ], [ -87.58412154510053, 41.782704067062177 ], [ -87.58412154510053, 41.782534205500269 ] ] ] } },
{ "type": "Feature", "properties": { "row": 7, "col": 25, "mostly_overlap": false, "overlap_ratio": 0.0, "type": "Water" }, "geometry": { "type": "Polygon", "coordinates": [ [ [ -87.584019628163389, 41.782534205500269 ], [ -87.583917711226249, 41.782534205500269 ], [ -87.583917711226249, 41.782704067062177 ], [ -87.584019628163389, 41.782704067062177 ], [ -87.584019628163389, 41.782534205500269 ] ] ] } },
{ "type": "Feature", "properties": { "row": 7, "col": 26, "mostly_overlap": false, "overlap_ratio": 0.0, "type": "Water" }, "geometry": { "type": "Polygon", "coordinates": [ [ [ -87.583917711226249, 41.782534205500269 ], [ -87.583815794289094, 41.782534205500269 ], [ -87.583815794289094, 41.782704067062177 ], [ -87.583917711226249, 41.782704067062177 ], [ -87.583917711226249, 41.782534205500269 ] ] ] } },
{ "type": "Feature", "properties": { "row": 7, "col": 27, "mostly_overlap": false, "overlap_ratio": 0.0, "type": "Water" }, "geometry": { "type": "Polygon", "coordinates": [ [ [ -87.583815794289094, 41.782534205500269 ], [ -87.583713877351954, 41.782534205500269 ], [ -87.583713877351954, 41.782704067062177 ], [ -87.583815794289094, 41.782704067062177 ], [ -87.583815794289094, 41.782534205500269 ] ] ] } },
{ "type": "Feature", "properties": { "row": 7, "col": 28, "mostly_overlap": false, "overlap_ratio": 0.0, "type": "Water" }, "geometry": { "type": "Polygon", "coordinates": [ [ [ -87.583713877351954, 41.782534205500269 ], [ -87.583611960414814, 41.782534205500269 ], [ -87.583611960414814, 41.782704067062177 ], [ -87.583713877351954, 41.782704067062177 ], [ -87.583713877351954, 41.782534205500269 ] ] ] } },
{ "type": "Feature", "properties": { "row": 7, "col": 29, "mostly_overlap": false, "overlap_ratio": 0.0, "type": "Water" }, "geometry": { "type": "Polygon", "coordinates": [ [ [ -87.583611960414814, 41.782534205500269 ], [ -87.583510043477673, 41.782534205500269 ], [ -87.583510043477673, 41.782704067062177 ], [ -87.583611960414814, 41.782704067062177 ], [ -87.583611960414814, 41.782534205500269 ] ] ] } },
{ "type": "Feature", "properties": { "row": 7, "col": 30, "mostly_overlap": false, "overlap_ratio": 0.1164, "type": "Water" }, "geometry": { "type": "Polygon", "coordinates": [ [ [ -87.583510043477673, 41.782534205500269 ], [ -87.583408126540533, 41.782534205500269 ], [ -87.583408126540533, 41.782704067062177 ], [ -87.583510043477673, 41.782704067062177 ], [ -87.583510043477673, 41.782534205500269 ] ] ] } },
{ "type": "Feature", "properties": { "row": 7, "col": 31, "mostly_overlap": true, "overlap_ratio": 0.8383, "type": "Land" }, "geometry": { "type": "Polygon", "coordinates": [ [ [ -87.583408126540533, 41.782534205500269 ], [ -87.583306209603393, 41.782534205500269 ], [ -87.583306209603393, 41.782704067062177 ], [ -87.583408126540533, 41.782704067062177 ], [ -87.583408126540533, 41.782534205500269 ] ] ] } },
{ "type": "Feature", "properties": { "row": 7, "col": 32, "mostly_overlap": true, "overlap_ratio": 1.0, "type": "Land" }, "geometry": { "type": "Polygon", "coordinates": [ [ [ -87.583306209603393, 41.782534205500269 ], [ -87.583204292666238, 41.782534205500269 ], [ -87.583204292666238, 41.782704067062177 ], [ -87.583306209603393, 41.782704067062177 ], [ -87.583306209603393, 41.782534205500269 ] ] ] } },
{ "type": "Feature", "properties": { "row": 7, "col": 33, "mostly_overlap": true, "overlap_ratio": 1.0, "type": "Land" }, "geometry": { "type": "Polygon", "coordinates": [ [ [ -87.583204292666238, 41.782534205500269 ], [ -87.583102375729098, 41.782534205500269 ], [ -87.583102375729098, 41.782704067062177 ], [ -87.583204292666238, 41.782704067062177 ], [ -87.583204292666238, 41.782534205500269 ] ] ] } },
{ "type": "Feature", "properties": { "row": 7, "col": 34, "mostly_overlap": true, "overlap_ratio": 1.0, "type": "Land" }, "geometry": { "type": "Polygon", "coordinates": [ [ [ -87.583102375729098, 41.782534205500269 ], [ -87.583000458791957, 41.782534205500269 ], [ -87.583000458791957, 41.782704067062177 ], [ -87.583102375729098, 41.782704067062177 ], [ -87.583102375729098, 41.782534205500269 ] ] ] } },
{ "type": "Feature", "properties": { "row": 7, "col": 35, "mostly_overlap": true, "overlap_ratio": 1.0, "type": "Land" }, "geometry": { "type": "Polygon", "coordinates": [ [ [ -87.583000458791957, 41.782534205500269 ], [ -87.582898541854817, 41.782534205500269 ], [ -87.582898541854817, 41.782704067062177 ], [ -87.583000458791957, 41.782704067062177 ], [ -87.583000458791957, 41.782534205500269 ] ] ] } },
{ "type": "Feature", "properties": { "row": 7, "col": 36, "mostly_overlap": true, "overlap_ratio": 1.0, "type": "Land" }, "geometry": { "type": "Polygon", "coordinates": [ [ [ -87.582898541854817, 41.782534205500269 ], [ -87.582796624917677, 41.782534205500269 ], [ -87.582796624917677, 41.782704067062177 ], [ -87.582898541854817, 41.782704067062177 ], [ -87.582898541854817, 41.782534205500269 ] ] ] } },
{ "type": "Feature", "properties": { "row": 7, "col": 37, "mostly_overlap": true, "overlap_ratio": 1.0, "type": "Land" }, "geometry": { "type": "Polygon", "coordinates": [ [ [ -87.582796624917677, 41.782534205500269 ], [ -87.582694707980536, 41.782534205500269 ], [ -87.582694707980536, 41.782704067062177 ], [ -87.582796624917677, 41.782704067062177 ], [ -87.582796624917677, 41.782534205500269 ] ] ] } },
{ "type": "Feature", "properties": { "row": 7, "col": 38, "mostly_overlap": true, "overlap_ratio": 1.0, "type": "Land" }, "geometry": { "type": "Polygon", "coordinates": [ [ [ -87.582694707980536, 41.782534205500269 ], [ -87.582592791043382, 41.782534205500269 ], [ -87.582592791043382, 41.782704067062177 ], [ -87.582694707980536, 41.782704067062177 ], [ -87.582694707980536, 41.782534205500269 ] ] ] } },
{ "type": "Feature", "properties": { "row": 7, "col": 39, "mostly_overlap": true, "overlap_ratio": 1.0, "type": "Land" }, "geometry": { "type": "Polygon", "coordinates": [ [ [ -87.582592791043382, 41.782534205500269 ], [ -87.582490874106242, 41.782534205500269 ], [ -87.582490874106242, 41.782704067062177 ], [ -87.582592791043382, 41.782704067062177 ], [ -87.582592791043382, 41.782534205500269 ] ] ] } },
{ "type": "Feature", "properties": { "row": 7, "col": 40, "mostly_overlap": true, "overlap_ratio": 0.9935, "type": "Land" }, "geometry": { "type": "Polygon", "coordinates": [ [ [ -87.582490874106242, 41.782534205500269 ], [ -87.582388957169101, 41.782534205500269 ], [ -87.582388957169101, 41.782704067062177 ], [ -87.582490874106242, 41.782704067062177 ], [ -87.582490874106242, 41.782534205500269 ] ] ] } },
{ "type": "Feature", "properties": { "row": 8, "col": 1, "mostly_overlap": true, "overlap_ratio": 0.0018, "type": "Land" }, "geometry": { "type": "Polygon", "coordinates": [ [ [ -87.586465634654814, 41.782704067062177 ], [ -87.586363717717674, 41.782704067062177 ], [ -87.586363717717674, 41.782873928624085 ], [ -87.586465634654814, 41.782873928624085 ], [ -87.586465634654814, 41.782704067062177 ] ] ] } },
{ "type": "Feature", "properties": { "row": 8, "col": 2, "mostly_overlap": true, "overlap_ratio": 0.9894, "type": "Land" }, "geometry": { "type": "Polygon", "coordinates": [ [ [ -87.586363717717674, 41.782704067062177 ], [ -87.586261800780534, 41.782704067062177 ], [ -87.586261800780534, 41.782873928624085 ], [ -87.586363717717674, 41.782873928624085 ], [ -87.586363717717674, 41.782704067062177 ] ] ] } },
{ "type": "Feature", "properties": { "row": 8, "col": 3, "mostly_overlap": true, "overlap_ratio": 1.0, "type": "Land" }, "geometry": { "type": "Polygon", "coordinates": [ [ [ -87.586261800780534, 41.782704067062177 ], [ -87.586159883843379, 41.782704067062177 ], [ -87.586159883843379, 41.782873928624085 ], [ -87.586261800780534, 41.782873928624085 ], [ -87.586261800780534, 41.782704067062177 ] ] ] } },
{ "type": "Feature", "properties": { "row": 8, "col": 4, "mostly_overlap": true, "overlap_ratio": 1.0, "type": "Land" }, "geometry": { "type": "Polygon", "coordinates": [ [ [ -87.586159883843379, 41.782704067062177 ], [ -87.586057966906239, 41.782704067062177 ], [ -87.586057966906239, 41.782873928624085 ], [ -87.586159883843379, 41.782873928624085 ], [ -87.586159883843379, 41.782704067062177 ] ] ] } },
{ "type": "Feature", "properties": { "row": 8, "col": 5, "mostly_overlap": true, "overlap_ratio": 1.0, "type": "Land" }, "geometry": { "type": "Polygon", "coordinates": [ [ [ -87.586057966906239, 41.782704067062177 ], [ -87.585956049969099, 41.782704067062177 ], [ -87.585956049969099, 41.782873928624085 ], [ -87.586057966906239, 41.782873928624085 ], [ -87.586057966906239, 41.782704067062177 ] ] ] } },
{ "type": "Feature", "properties": { "row": 8, "col": 6, "mostly_overlap": true, "overlap_ratio": 1.0, "type": "Land" }, "geometry": { "type": "Polygon", "coordinates": [ [ [ -87.585956049969099, 41.782704067062177 ], [ -87.585854133031958, 41.782704067062177 ], [ -87.585854133031958, 41.782873928624085 ], [ -87.585956049969099, 41.782873928624085 ], [ -87.585956049969099, 41.782704067062177 ] ] ] } },
{ "type": "Feature", "properties": { "row": 8, "col": 7, "mostly_overlap": true, "overlap_ratio": 1.0, "type": "Land" }, "geometry": { "type": "Polygon", "coordinates": [ [ [ -87.585854133031958, 41.782704067062177 ], [ -87.585752216094818, 41.782704067062177 ], [ -87.585752216094818, 41.782873928624085 ], [ -87.585854133031958, 41.782873928624085 ], [ -87.585854133031958, 41.782704067062177 ] ] ] } },
{ "type": "Feature", "properties": { "row": 8, "col": 8, "mostly_overlap": true, "overlap_ratio": 1.0, "type": "Land" }, "geometry": { "type": "Polygon", "coordinates": [ [ [ -87.585752216094818, 41.782704067062177 ], [ -87.585650299157678, 41.782704067062177 ], [ -87.585650299157678, 41.782873928624085 ], [ -87.585752216094818, 41.782873928624085 ], [ -87.585752216094818, 41.782704067062177 ] ] ] } },
{ "type": "Feature", "properties": { "row": 8, "col": 9, "mostly_overlap": true, "overlap_ratio": 1.0, "type": "Land" }, "geometry": { "type": "Polygon", "coordinates": [ [ [ -87.585650299157678, 41.782704067062177 ], [ -87.585548382220523, 41.782704067062177 ], [ -87.585548382220523, 41.782873928624085 ], [ -87.585650299157678, 41.782873928624085 ], [ -87.585650299157678, 41.782704067062177 ] ] ] } },
{ "type": "Feature", "properties": { "row": 8, "col": 10, "mostly_overlap": true, "overlap_ratio": 1.0, "type": "Land" }, "geometry": { "type": "Polygon", "coordinates": [ [ [ -87.585548382220523, 41.782704067062177 ], [ -87.585446465283383, 41.782704067062177 ], [ -87.585446465283383, 41.782873928624085 ], [ -87.585548382220523, 41.782873928624085 ], [ -87.585548382220523, 41.782704067062177 ] ] ] } },
{ "type": "Feature", "properties": { "row": 8, "col": 11, "mostly_overlap": true, "overlap_ratio": 1.0, "type": "Land" }, "geometry": { "type": "Polygon", "coordinates": [ [ [ -87.585446465283383, 41.782704067062177 ], [ -87.585344548346242, 41.782704067062177 ], [ -87.585344548346242, 41.782873928624085 ], [ -87.585446465283383, 41.782873928624085 ], [ -87.585446465283383, 41.782704067062177 ] ] ] } },
{ "type": "Feature", "properties": { "row": 8, "col": 12, "mostly_overlap": true, "overlap_ratio": 1.0, "type": "Land" }, "geometry": { "type": "Polygon", "coordinates": [ [ [ -87.585344548346242, 41.782704067062177 ], [ -87.585242631409102, 41.782704067062177 ], [ -87.585242631409102, 41.782873928624085 ], [ -87.585344548346242, 41.782873928624085 ], [ -87.585344548346242, 41.782704067062177 ] ] ] } },
{ "type": "Feature", "properties": { "row": 8, "col": 13, "mostly_overlap": true, "overlap_ratio": 1.0, "type": "Land" }, "geometry": { "type": "Polygon", "coordinates": [ [ [ -87.585242631409102, 41.782704067062177 ], [ -87.585140714471962, 41.782704067062177 ], [ -87.585140714471962, 41.782873928624085 ], [ -87.585242631409102, 41.782873928624085 ], [ -87.585242631409102, 41.782704067062177 ] ] ] } },
{ "type": "Feature", "properties": { "row": 8, "col": 14, "mostly_overlap": true, "overlap_ratio": 1.0, "type": "Land" }, "geometry": { "type": "Polygon", "coordinates": [ [ [ -87.585140714471962, 41.782704067062177 ], [ -87.585038797534821, 41.782704067062177 ], [ -87.585038797534821, 41.782873928624085 ], [ -87.585140714471962, 41.782873928624085 ], [ -87.585140714471962, 41.782704067062177 ] ] ] } },
{ "type": "Feature", "properties": { "row": 8, "col": 15, "mostly_overlap": true, "overlap_ratio": 1.0, "type": "Land" }, "geometry": { "type": "Polygon", "coordinates": [ [ [ -87.585038797534821, 41.782704067062177 ], [ -87.584936880597667, 41.782704067062177 ], [ -87.584936880597667, 41.782873928624085 ], [ -87.585038797534821, 41.782873928624085 ], [ -87.585038797534821, 41.782704067062177 ] ] ] } },
{ "type": "Feature", "properties": { "row": 8, "col": 16, "mostly_overlap": true, "overlap_ratio": 1.0, "type": "Land" }, "geometry": { "type": "Polygon", "coordinates": [ [ [ -87.584936880597667, 41.782704067062177 ], [ -87.584834963660526, 41.782704067062177 ], [ -87.584834963660526, 41.782873928624085 ], [ -87.584936880597667, 41.782873928624085 ], [ -87.584936880597667, 41.782704067062177 ] ] ] } },
{ "type": "Feature", "properties": { "row": 8, "col": 17, "mostly_overlap": true, "overlap_ratio": 1.0, "type": "Land" }, "geometry": { "type": "Polygon", "coordinates": [ [ [ -87.584834963660526, 41.782704067062177 ], [ -87.584733046723386, 41.782704067062177 ], [ -87.584733046723386, 41.782873928624085 ], [ -87.584834963660526, 41.782873928624085 ], [ -87.584834963660526, 41.782704067062177 ] ] ] } },
{ "type": "Feature", "properties": { "row": 8, "col": 18, "mostly_overlap": true, "overlap_ratio": 1.0, "type": "Land" }, "geometry": { "type": "Polygon", "coordinates": [ [ [ -87.584733046723386, 41.782704067062177 ], [ -87.584631129786246, 41.782704067062177 ], [ -87.584631129786246, 41.782873928624085 ], [ -87.584733046723386, 41.782873928624085 ], [ -87.584733046723386, 41.782704067062177 ] ] ] } },
{ "type": "Feature", "properties": { "row": 8, "col": 19, "mostly_overlap": true, "overlap_ratio": 1.0, "type": "Land" }, "geometry": { "type": "Polygon", "coordinates": [ [ [ -87.584631129786246, 41.782704067062177 ], [ -87.584529212849105, 41.782704067062177 ], [ -87.584529212849105, 41.782873928624085 ], [ -87.584631129786246, 41.782873928624085 ], [ -87.584631129786246, 41.782704067062177 ] ] ] } },
{ "type": "Feature", "properties": { "row": 8, "col": 20, "mostly_overlap": true, "overlap_ratio": 1.0, "type": "Land" }, "geometry": { "type": "Polygon", "coordinates": [ [ [ -87.584529212849105, 41.782704067062177 ], [ -87.584427295911965, 41.782704067062177 ], [ -87.584427295911965, 41.782873928624085 ], [ -87.584529212849105, 41.782873928624085 ], [ -87.584529212849105, 41.782704067062177 ] ] ] } },
{ "type": "Feature", "properties": { "row": 8, "col": 21, "mostly_overlap": true, "overlap_ratio": 1.0, "type": "Land" }, "geometry": { "type": "Polygon", "coordinates": [ [ [ -87.584427295911951, 41.782704067062177 ], [ -87.58432537897481, 41.782704067062177 ], [ -87.58432537897481, 41.782873928624085 ], [ -87.584427295911951, 41.782873928624085 ], [ -87.584427295911951, 41.782704067062177 ] ] ] } },
{ "type": "Feature", "properties": { "row": 8, "col": 22, "mostly_overlap": true, "overlap_ratio": 1.0, "type": "Land" }, "geometry": { "type": "Polygon", "coordinates": [ [ [ -87.58432537897481, 41.782704067062177 ], [ -87.58422346203767, 41.782704067062177 ], [ -87.58422346203767, 41.782873928624085 ], [ -87.58432537897481, 41.782873928624085 ], [ -87.58432537897481, 41.782704067062177 ] ] ] } },
{ "type": "Feature", "properties": { "row": 8, "col": 23, "mostly_overlap": true, "overlap_ratio": 0.9374, "type": "Land" }, "geometry": { "type": "Polygon", "coordinates": [ [ [ -87.58422346203767, 41.782704067062177 ], [ -87.58412154510053, 41.782704067062177 ], [ -87.58412154510053, 41.782873928624085 ], [ -87.58422346203767, 41.782873928624085 ], [ -87.58422346203767, 41.782704067062177 ] ] ] } },
{ "type": "Feature", "properties": { "row": 8, "col": 24, "mostly_overlap": false, "overlap_ratio": 0.1864, "type": "Water" }, "geometry": { "type": "Polygon", "coordinates": [ [ [ -87.58412154510053, 41.782704067062177 ], [ -87.584019628163389, 41.782704067062177 ], [ -87.584019628163389, 41.782873928624085 ], [ -87.58412154510053, 41.782873928624085 ], [ -87.58412154510053, 41.782704067062177 ] ] ] } },
{ "type": "Feature", "properties": { "row": 8, "col": 25, "mostly_overlap": false, "overlap_ratio": 0.0, "type": "Water" }, "geometry": { "type": "Polygon", "coordinates": [ [ [ -87.584019628163389, 41.782704067062177 ], [ -87.583917711226249, 41.782704067062177 ], [ -87.583917711226249, 41.782873928624085 ], [ -87.584019628163389, 41.782873928624085 ], [ -87.584019628163389, 41.782704067062177 ] ] ] } },
{ "type": "Feature", "properties": { "row": 8, "col": 26, "mostly_overlap": false, "overlap_ratio": 0.0, "type": "Water" }, "geometry": { "type": "Polygon", "coordinates": [ [ [ -87.583917711226249, 41.782704067062177 ], [ -87.583815794289094, 41.782704067062177 ], [ -87.583815794289094, 41.782873928624085 ], [ -87.583917711226249, 41.782873928624085 ], [ -87.583917711226249, 41.782704067062177 ] ] ] } },
{ "type": "Feature", "properties": { "row": 8, "col": 27, "mostly_overlap": false, "overlap_ratio": 0.0, "type": "Water" }, "geometry": { "type": "Polygon", "coordinates": [ [ [ -87.583815794289094, 41.782704067062177 ], [ -87.583713877351954, 41.782704067062177 ], [ -87.583713877351954, 41.782873928624085 ], [ -87.583815794289094, 41.782873928624085 ], [ -87.583815794289094, 41.782704067062177 ] ] ] } },
{ "type": "Feature", "properties": { "row": 8, "col": 28, "mostly_overlap": false, "overlap_ratio": 0.0, "type": "Water" }, "geometry": { "type": "Polygon", "coordinates": [ [ [ -87.583713877351954, 41.782704067062177 ], [ -87.583611960414814, 41.782704067062177 ], [ -87.583611960414814, 41.782873928624085 ], [ -87.583713877351954, 41.782873928624085 ], [ -87.583713877351954, 41.782704067062177 ] ] ] } },
{ "type": "Feature", "properties": { "row": 8, "col": 29, "mostly_overlap": false, "overlap_ratio": 0.0, "type": "Water" }, "geometry": { "type": "Polygon", "coordinates": [ [ [ -87.583611960414814, 41.782704067062177 ], [ -87.583510043477673, 41.782704067062177 ], [ -87.583510043477673, 41.782873928624085 ], [ -87.583611960414814, 41.782873928624085 ], [ -87.583611960414814, 41.782704067062177 ] ] ] } },
{ "type": "Feature", "properties": { "row": 8, "col": 30, "mostly_overlap": true, "overlap_ratio": 0.8481, "type": "Land" }, "geometry": { "type": "Polygon", "coordinates": [ [ [ -87.583510043477673, 41.782704067062177 ], [ -87.583408126540533, 41.782704067062177 ], [ -87.583408126540533, 41.782873928624085 ], [ -87.583510043477673, 41.782873928624085 ], [ -87.583510043477673, 41.782704067062177 ] ] ] } },
{ "type": "Feature", "properties": { "row": 8, "col": 31, "mostly_overlap": true, "overlap_ratio": 1.0, "type": "Land" }, "geometry": { "type": "Polygon", "coordinates": [ [ [ -87.583408126540533, 41.782704067062177 ], [ -87.583306209603393, 41.782704067062177 ], [ -87.583306209603393, 41.782873928624085 ], [ -87.583408126540533, 41.782873928624085 ], [ -87.583408126540533, 41.782704067062177 ] ] ] } },
{ "type": "Feature", "properties": { "row": 8, "col": 32, "mostly_overlap": true, "overlap_ratio": 1.0, "type": "Land" }, "geometry": { "type": "Polygon", "coordinates": [ [ [ -87.583306209603393, 41.782704067062177 ], [ -87.583204292666238, 41.782704067062177 ], [ -87.583204292666238, 41.782873928624085 ], [ -87.583306209603393, 41.782873928624085 ], [ -87.583306209603393, 41.782704067062177 ] ] ] } },
{ "type": "Feature", "properties": { "row": 8, "col": 33, "mostly_overlap": true, "overlap_ratio": 1.0, "type": "Land" }, "geometry": { "type": "Polygon", "coordinates": [ [ [ -87.583204292666238, 41.782704067062177 ], [ -87.583102375729098, 41.782704067062177 ], [ -87.583102375729098, 41.782873928624085 ], [ -87.583204292666238, 41.782873928624085 ], [ -87.583204292666238, 41.782704067062177 ] ] ] } },
{ "type": "Feature", "properties": { "row": 8, "col": 34, "mostly_overlap": true, "overlap_ratio": 1.0, "type": "Land" }, "geometry": { "type": "Polygon", "coordinates": [ [ [ -87.583102375729098, 41.782704067062177 ], [ -87.583000458791957, 41.782704067062177 ], [ -87.583000458791957, 41.782873928624085 ], [ -87.583102375729098, 41.782873928624085 ], [ -87.583102375729098, 41.782704067062177 ] ] ] } },
{ "type": "Feature", "properties": { "row": 8, "col": 35, "mostly_overlap": true, "overlap_ratio": 1.0, "type": "Land" }, "geometry": { "type": "Polygon", "coordinates": [ [ [ -87.583000458791957, 41.782704067062177 ], [ -87.582898541854817, 41.782704067062177 ], [ -87.582898541854817, 41.782873928624085 ], [ -87.583000458791957, 41.782873928624085 ], [ -87.583000458791957, 41.782704067062177 ] ] ] } },
{ "type": "Feature", "properties": { "row": 8, "col": 36, "mostly_overlap": true, "overlap_ratio": 1.0, "type": "Land" }, "geometry": { "type": "Polygon", "coordinates": [ [ [ -87.582898541854817, 41.782704067062177 ], [ -87.582796624917677, 41.782704067062177 ], [ -87.582796624917677, 41.782873928624085 ], [ -87.582898541854817, 41.782873928624085 ], [ -87.582898541854817, 41.782704067062177 ] ] ] } },
{ "type": "Feature", "properties": { "row": 8, "col": 37, "mostly_overlap": true, "overlap_ratio": 1.0, "type": "Land" }, "geometry": { "type": "Polygon", "coordinates": [ [ [ -87.582796624917677, 41.782704067062177 ], [ -87.582694707980536, 41.782704067062177 ], [ -87.582694707980536, 41.782873928624085 ], [ -87.582796624917677, 41.782873928624085 ], [ -87.582796624917677, 41.782704067062177 ] ] ] } },
{ "type": "Feature", "properties": { "row": 8, "col": 38, "mostly_overlap": true, "overlap_ratio": 1.0, "type": "Land" }, "geometry": { "type": "Polygon", "coordinates": [ [ [ -87.582694707980536, 41.782704067062177 ], [ -87.582592791043382, 41.782704067062177 ], [ -87.582592791043382, 41.782873928624085 ], [ -87.582694707980536, 41.782873928624085 ], [ -87.582694707980536, 41.782704067062177 ] ] ] } },
{ "type": "Feature", "properties": { "row": 8, "col": 39, "mostly_overlap": true, "overlap_ratio": 1.0, "type": "Land" }, "geometry": { "type": "Polygon", "coordinates": [ [ [ -87.582592791043382, 41.782704067062177 ], [ -87.582490874106242, 41.782704067062177 ], [ -87.582490874106242, 41.782873928624085 ], [ -87.582592791043382, 41.782873928624085 ], [ -87.582592791043382, 41.782704067062177 ] ] ] } },
{ "type": "Feature", "properties": { "row": 8, "col": 40, "mostly_overlap": true, "overlap_ratio": 0.9925, "type": "Land" }, "geometry": { "type": "Polygon", "coordinates": [ [ [ -87.582490874106242, 41.782704067062177 ], [ -87.582388957169101, 41.782704067062177 ], [ -87.582388957169101, 41.782873928624085 ], [ -87.582490874106242, 41.782873928624085 ], [ -87.582490874106242, 41.782704067062177 ] ] ] } },
{ "type": "Feature", "properties": { "row": 9, "col": 1, "mostly_overlap": true, "overlap_ratio": 0.0336, "type": "Land" }, "geometry": { "type": "Polygon", "coordinates": [ [ [ -87.586465634654814, 41.782873928624085 ], [ -87.586363717717674, 41.782873928624085 ], [ -87.586363717717674, 41.783043790185985 ], [ -87.586465634654814, 41.783043790185985 ], [ -87.586465634654814, 41.782873928624085 ] ] ] } },
{ "type": "Feature", "properties": { "row": 9, "col": 2, "mostly_overlap": true, "overlap_ratio": 1.0, "type": "Land" }, "geometry": { "type": "Polygon", "coordinates": [ [ [ -87.586363717717674, 41.782873928624085 ], [ -87.586261800780534, 41.782873928624085 ], [ -87.586261800780534, 41.783043790185985 ], [ -87.586363717717674, 41.783043790185985 ], [ -87.586363717717674, 41.782873928624085 ] ] ] } },
{ "type": "Feature", "properties": { "row": 9, "col": 3, "mostly_overlap": true, "overlap_ratio": 1.0, "type": "Land" }, "geometry": { "type": "Polygon", "coordinates": [ [ [ -87.586261800780534, 41.782873928624085 ], [ -87.586159883843379, 41.782873928624085 ], [ -87.586159883843379, 41.783043790185985 ], [ -87.586261800780534, 41.783043790185985 ], [ -87.586261800780534, 41.782873928624085 ] ] ] } },
{ "type": "Feature", "properties": { "row": 9, "col": 4, "mostly_overlap": true, "overlap_ratio": 1.0, "type": "Building" }, "geometry": { "type": "Polygon", "coordinates": [ [ [ -87.586159883843379, 41.782873928624085 ], [ -87.586057966906239, 41.782873928624085 ], [ -87.586057966906239, 41.783043790185985 ], [ -87.586159883843379, 41.783043790185985 ], [ -87.586159883843379, 41.782873928624085 ] ] ] } },
{ "type": "Feature", "properties": { "row": 9, "col": 5, "mostly_overlap": true, "overlap_ratio": 1.0, "type": "Building" }, "geometry": { "type": "Polygon", "coordinates": [ [ [ -87.586057966906239, 41.782873928624085 ], [ -87.585956049969099, 41.782873928624085 ], [ -87.585956049969099, 41.783043790185985 ], [ -87.586057966906239, 41.783043790185985 ], [ -87.586057966906239, 41.782873928624085 ] ] ] } },
{ "type": "Feature", "properties": { "row": 9, "col": 6, "mostly_overlap": true, "overlap_ratio": 1.0, "type": "Building" }, "geometry": { "type": "Polygon", "coordinates": [ [ [ -87.585956049969099, 41.782873928624085 ], [ -87.585854133031958, 41.782873928624085 ], [ -87.585854133031958, 41.783043790185985 ], [ -87.585956049969099, 41.783043790185985 ], [ -87.585956049969099, 41.782873928624085 ] ] ] } },
{ "type": "Feature", "properties": { "row": 9, "col": 7, "mostly_overlap": true, "overlap_ratio": 1.0, "type": "Building" }, "geometry": { "type": "Polygon", "coordinates": [ [ [ -87.585854133031958, 41.782873928624085 ], [ -87.585752216094818, 41.782873928624085 ], [ -87.585752216094818, 41.783043790185985 ], [ -87.585854133031958, 41.783043790185985 ], [ -87.585854133031958, 41.782873928624085 ] ] ] } },
{ "type": "Feature", "properties": { "row": 9, "col": 8, "mostly_overlap": true, "overlap_ratio": 1.0, "type": "Building" }, "geometry": { "type": "Polygon", "coordinates": [ [ [ -87.585752216094818, 41.782873928624085 ], [ -87.585650299157678, 41.782873928624085 ], [ -87.585650299157678, 41.783043790185985 ], [ -87.585752216094818, 41.783043790185985 ], [ -87.585752216094818, 41.782873928624085 ] ] ] } },
{ "type": "Feature", "properties": { "row": 9, "col": 9, "mostly_overlap": true, "overlap_ratio": 1.0, "type": "Building" }, "geometry": { "type": "Polygon", "coordinates": [ [ [ -87.585650299157678, 41.782873928624085 ], [ -87.585548382220523, 41.782873928624085 ], [ -87.585548382220523, 41.783043790185985 ], [ -87.585650299157678, 41.783043790185985 ], [ -87.585650299157678, 41.782873928624085 ] ] ] } },
{ "type": "Feature", "properties": { "row": 9, "col": 10, "mostly_overlap": true, "overlap_ratio": 1.0, "type": "Building" }, "geometry": { "type": "Polygon", "coordinates": [ [ [ -87.585548382220523, 41.782873928624085 ], [ -87.585446465283383, 41.782873928624085 ], [ -87.585446465283383, 41.783043790185985 ], [ -87.585548382220523, 41.783043790185985 ], [ -87.585548382220523, 41.782873928624085 ] ] ] } },
{ "type": "Feature", "properties": { "row": 9, "col": 11, "mostly_overlap": true, "overlap_ratio": 1.0, "type": "Building" }, "geometry": { "type": "Polygon", "coordinates": [ [ [ -87.585446465283383, 41.782873928624085 ], [ -87.585344548346242, 41.782873928624085 ], [ -87.585344548346242, 41.783043790185985 ], [ -87.585446465283383, 41.783043790185985 ], [ -87.585446465283383, 41.782873928624085 ] ] ] } },
{ "type": "Feature", "properties": { "row": 9, "col": 12, "mostly_overlap": true, "overlap_ratio": 1.0, "type": "Land" }, "geometry": { "type": "Polygon", "coordinates": [ [ [ -87.585344548346242, 41.782873928624085 ], [ -87.585242631409102, 41.782873928624085 ], [ -87.585242631409102, 41.783043790185985 ], [ -87.585344548346242, 41.783043790185985 ], [ -87.585344548346242, 41.782873928624085 ] ] ] } },
{ "type": "Feature", "properties": { "row": 9, "col": 13, "mostly_overlap": true, "overlap_ratio": 1.0, "type": "Land" }, "geometry": { "type": "Polygon", "coordinates": [ [ [ -87.585242631409102, 41.782873928624085 ], [ -87.585140714471962, 41.782873928624085 ], [ -87.585140714471962, 41.783043790185985 ], [ -87.585242631409102, 41.783043790185985 ], [ -87.585242631409102, 41.782873928624085 ] ] ] } },
{ "type": "Feature", "properties": { "row": 9, "col": 14, "mostly_overlap": true, "overlap_ratio": 1.0, "type": "Land" }, "geometry": { "type": "Polygon", "coordinates": [ [ [ -87.585140714471962, 41.782873928624085 ], [ -87.585038797534821, 41.782873928624085 ], [ -87.585038797534821, 41.783043790185985 ], [ -87.585140714471962, 41.783043790185985 ], [ -87.585140714471962, 41.782873928624085 ] ] ] } },
{ "type": "Feature", "properties": { "row": 9, "col": 15, "mostly_overlap": true, "overlap_ratio": 1.0, "type": "Land" }, "geometry": { "type": "Polygon", "coordinates": [ [ [ -87.585038797534821, 41.782873928624085 ], [ -87.584936880597667, 41.782873928624085 ], [ -87.584936880597667, 41.783043790185985 ], [ -87.585038797534821, 41.783043790185985 ], [ -87.585038797534821, 41.782873928624085 ] ] ] } },
{ "type": "Feature", "properties": { "row": 9, "col": 16, "mostly_overlap": true, "overlap_ratio": 1.0, "type": "Land" }, "geometry": { "type": "Polygon", "coordinates": [ [ [ -87.584936880597667, 41.782873928624085 ], [ -87.584834963660526, 41.782873928624085 ], [ -87.584834963660526, 41.783043790185985 ], [ -87.584936880597667, 41.783043790185985 ], [ -87.584936880597667, 41.782873928624085 ] ] ] } },
{ "type": "Feature", "properties": { "row": 9, "col": 17, "mostly_overlap": true, "overlap_ratio": 1.0, "type": "Land" }, "geometry": { "type": "Polygon", "coordinates": [ [ [ -87.584834963660526, 41.782873928624085 ], [ -87.584733046723386, 41.782873928624085 ], [ -87.584733046723386, 41.783043790185985 ], [ -87.584834963660526, 41.783043790185985 ], [ -87.584834963660526, 41.782873928624085 ] ] ] } },
{ "type": "Feature", "properties": { "row": 9, "col": 18, "mostly_overlap": true, "overlap_ratio": 1.0, "type": "Land" }, "geometry": { "type": "Polygon", "coordinates": [ [ [ -87.584733046723386, 41.782873928624085 ], [ -87.584631129786246, 41.782873928624085 ], [ -87.584631129786246, 41.783043790185985 ], [ -87.584733046723386, 41.783043790185985 ], [ -87.584733046723386, 41.782873928624085 ] ] ] } },
{ "type": "Feature", "properties": { "row": 9, "col": 19, "mostly_overlap": true, "overlap_ratio": 1.0, "type": "Land" }, "geometry": { "type": "Polygon", "coordinates": [ [ [ -87.584631129786246, 41.782873928624085 ], [ -87.584529212849105, 41.782873928624085 ], [ -87.584529212849105, 41.783043790185985 ], [ -87.584631129786246, 41.783043790185985 ], [ -87.584631129786246, 41.782873928624085 ] ] ] } },
{ "type": "Feature", "properties": { "row": 9, "col": 20, "mostly_overlap": true, "overlap_ratio": 1.0, "type": "Land" }, "geometry": { "type": "Polygon", "coordinates": [ [ [ -87.584529212849105, 41.782873928624085 ], [ -87.584427295911965, 41.782873928624085 ], [ -87.584427295911965, 41.783043790185985 ], [ -87.584529212849105, 41.783043790185985 ], [ -87.584529212849105, 41.782873928624085 ] ] ] } },
{ "type": "Feature", "properties": { "row": 9, "col": 21, "mostly_overlap": true, "overlap_ratio": 1.0, "type": "Land" }, "geometry": { "type": "Polygon", "coordinates": [ [ [ -87.584427295911951, 41.782873928624085 ], [ -87.58432537897481, 41.782873928624085 ], [ -87.58432537897481, 41.783043790185985 ], [ -87.584427295911951, 41.783043790185985 ], [ -87.584427295911951, 41.782873928624085 ] ] ] } },
{ "type": "Feature", "properties": { "row": 9, "col": 22, "mostly_overlap": true, "overlap_ratio": 1.0, "type": "Land" }, "geometry": { "type": "Polygon", "coordinates": [ [ [ -87.58432537897481, 41.782873928624085 ], [ -87.58422346203767, 41.782873928624085 ], [ -87.58422346203767, 41.783043790185985 ], [ -87.58432537897481, 41.783043790185985 ], [ -87.58432537897481, 41.782873928624085 ] ] ] } },
{ "type": "Feature", "properties": { "row": 9, "col": 23, "mostly_overlap": false, "overlap_ratio": 0.4336, "type": "Water" }, "geometry": { "type": "Polygon", "coordinates": [ [ [ -87.58422346203767, 41.782873928624085 ], [ -87.58412154510053, 41.782873928624085 ], [ -87.58412154510053, 41.783043790185985 ], [ -87.58422346203767, 41.783043790185985 ], [ -87.58422346203767, 41.782873928624085 ] ] ] } },
{ "type": "Feature", "properties": { "row": 9, "col": 24, "mostly_overlap": false, "overlap_ratio": 0.0, "type": "Water" }, "geometry": { "type": "Polygon", "coordinates": [ [ [ -87.58412154510053, 41.782873928624085 ], [ -87.584019628163389, 41.782873928624085 ], [ -87.584019628163389, 41.783043790185985 ], [ -87.58412154510053, 41.783043790185985 ], [ -87.58412154510053, 41.782873928624085 ] ] ] } },
{ "type": "Feature", "properties": { "row": 9, "col": 25, "mostly_overlap": false, "overlap_ratio": 0.0, "type": "Water" }, "geometry": { "type": "Polygon", "coordinates": [ [ [ -87.584019628163389, 41.782873928624085 ], [ -87.583917711226249, 41.782873928624085 ], [ -87.583917711226249, 41.783043790185985 ], [ -87.584019628163389, 41.783043790185985 ], [ -87.584019628163389, 41.782873928624085 ] ] ] } },
{ "type": "Feature", "properties": { "row": 9, "col": 26, "mostly_overlap": false, "overlap_ratio": 0.0, "type": "Water" }, "geometry": { "type": "Polygon", "coordinates": [ [ [ -87.583917711226249, 41.782873928624085 ], [ -87.583815794289094, 41.782873928624085 ], [ -87.583815794289094, 41.783043790185985 ], [ -87.583917711226249, 41.783043790185985 ], [ -87.583917711226249, 41.782873928624085 ] ] ] } },
{ "type": "Feature", "properties": { "row": 9, "col": 27, "mostly_overlap": false, "overlap_ratio": 0.0, "type": "Water" }, "geometry": { "type": "Polygon", "coordinates": [ [ [ -87.583815794289094, 41.782873928624085 ], [ -87.583713877351954, 41.782873928624085 ], [ -87.583713877351954, 41.783043790185985 ], [ -87.583815794289094, 41.783043790185985 ], [ -87.583815794289094, 41.782873928624085 ] ] ] } },
{ "type": "Feature", "properties": { "row": 9, "col": 28, "mostly_overlap": false, "overlap_ratio": 0.0, "type": "Water" }, "geometry": { "type": "Polygon", "coordinates": [ [ [ -87.583713877351954, 41.782873928624085 ], [ -87.583611960414814, 41.782873928624085 ], [ -87.583611960414814, 41.783043790185985 ], [ -87.583713877351954, 41.783043790185985 ], [ -87.583713877351954, 41.782873928624085 ] ] ] } },
{ "type": "Feature", "properties": { "row": 9, "col": 29, "mostly_overlap": false, "overlap_ratio": 0.0, "type": "Water" }, "geometry": { "type": "Polygon", "coordinates": [ [ [ -87.583611960414814, 41.782873928624085 ], [ -87.583510043477673, 41.782873928624085 ], [ -87.583510043477673, 41.783043790185985 ], [ -87.583611960414814, 41.783043790185985 ], [ -87.583611960414814, 41.782873928624085 ] ] ] } },
{ "type": "Feature", "properties": { "row": 9, "col": 30, "mostly_overlap": false, "overlap_ratio": 0.3754, "type": "Water" }, "geometry": { "type": "Polygon", "coordinates": [ [ [ -87.583510043477673, 41.782873928624085 ], [ -87.583408126540533, 41.782873928624085 ], [ -87.583408126540533, 41.783043790185985 ], [ -87.583510043477673, 41.783043790185985 ], [ -87.583510043477673, 41.782873928624085 ] ] ] } },
{ "type": "Feature", "properties": { "row": 9, "col": 31, "mostly_overlap": true, "overlap_ratio": 0.9991, "type": "Land" }, "geometry": { "type": "Polygon", "coordinates": [ [ [ -87.583408126540533, 41.782873928624085 ], [ -87.583306209603393, 41.782873928624085 ], [ -87.583306209603393, 41.783043790185985 ], [ -87.583408126540533, 41.783043790185985 ], [ -87.583408126540533, 41.782873928624085 ] ] ] } },
{ "type": "Feature", "properties": { "row": 9, "col": 32, "mostly_overlap": true, "overlap_ratio": 1.0, "type": "Land" }, "geometry": { "type": "Polygon", "coordinates": [ [ [ -87.583306209603393, 41.782873928624085 ], [ -87.583204292666238, 41.782873928624085 ], [ -87.583204292666238, 41.783043790185985 ], [ -87.583306209603393, 41.783043790185985 ], [ -87.583306209603393, 41.782873928624085 ] ] ] } },
{ "type": "Feature", "properties": { "row": 9, "col": 33, "mostly_overlap": true, "overlap_ratio": 1.0, "type": "Land" }, "geometry": { "type": "Polygon", "coordinates": [ [ [ -87.583204292666238, 41.782873928624085 ], [ -87.583102375729098, 41.782873928624085 ], [ -87.583102375729098, 41.783043790185985 ], [ -87.583204292666238, 41.783043790185985 ], [ -87.583204292666238, 41.782873928624085 ] ] ] } },
{ "type": "Feature", "properties": { "row": 9, "col": 34, "mostly_overlap": true, "overlap_ratio": 1.0, "type": "Land" }, "geometry": { "type": "Polygon", "coordinates": [ [ [ -87.583102375729098, 41.782873928624085 ], [ -87.583000458791957, 41.782873928624085 ], [ -87.583000458791957, 41.783043790185985 ], [ -87.583102375729098, 41.783043790185985 ], [ -87.583102375729098, 41.782873928624085 ] ] ] } },
{ "type": "Feature", "properties": { "row": 9, "col": 35, "mostly_overlap": true, "overlap_ratio": 1.0, "type": "Land" }, "geometry": { "type": "Polygon", "coordinates": [ [ [ -87.583000458791957, 41.782873928624085 ], [ -87.582898541854817, 41.782873928624085 ], [ -87.582898541854817, 41.783043790185985 ], [ -87.583000458791957, 41.783043790185985 ], [ -87.583000458791957, 41.782873928624085 ] ] ] } },
{ "type": "Feature", "properties": { "row": 9, "col": 36, "mostly_overlap": true, "overlap_ratio": 1.0, "type": "Land" }, "geometry": { "type": "Polygon", "coordinates": [ [ [ -87.582898541854817, 41.782873928624085 ], [ -87.582796624917677, 41.782873928624085 ], [ -87.582796624917677, 41.783043790185985 ], [ -87.582898541854817, 41.783043790185985 ], [ -87.582898541854817, 41.782873928624085 ] ] ] } },
{ "type": "Feature", "properties": { "row": 9, "col": 37, "mostly_overlap": true, "overlap_ratio": 1.0, "type": "Land" }, "geometry": { "type": "Polygon", "coordinates": [ [ [ -87.582796624917677, 41.782873928624085 ], [ -87.582694707980536, 41.782873928624085 ], [ -87.582694707980536, 41.783043790185985 ], [ -87.582796624917677, 41.783043790185985 ], [ -87.582796624917677, 41.782873928624085 ] ] ] } },
{ "type": "Feature", "properties": { "row": 9, "col": 38, "mostly_overlap": true, "overlap_ratio": 1.0, "type": "Land" }, "geometry": { "type": "Polygon", "coordinates": [ [ [ -87.582694707980536, 41.782873928624085 ], [ -87.582592791043382, 41.782873928624085 ], [ -87.582592791043382, 41.783043790185985 ], [ -87.582694707980536, 41.783043790185985 ], [ -87.582694707980536, 41.782873928624085 ] ] ] } },
{ "type": "Feature", "properties": { "row": 9, "col": 39, "mostly_overlap": true, "overlap_ratio": 1.0, "type": "Land" }, "geometry": { "type": "Polygon", "coordinates": [ [ [ -87.582592791043382, 41.782873928624085 ], [ -87.582490874106242, 41.782873928624085 ], [ -87.582490874106242, 41.783043790185985 ], [ -87.582592791043382, 41.783043790185985 ], [ -87.582592791043382, 41.782873928624085 ] ] ] } },
{ "type": "Feature", "properties": { "row": 9, "col": 40, "mostly_overlap": true, "overlap_ratio": 0.9915, "type": "Land" }, "geometry": { "type": "Polygon", "coordinates": [ [ [ -87.582490874106242, 41.782873928624085 ], [ -87.582388957169101, 41.782873928624085 ], [ -87.582388957169101, 41.783043790185985 ], [ -87.582490874106242, 41.783043790185985 ], [ -87.582490874106242, 41.782873928624085 ] ] ] } },
{ "type": "Feature", "properties": { "row": 10, "col": 1, "mostly_overlap": true, "overlap_ratio": 0.076, "type": "Land" }, "geometry": { "type": "Polygon", "coordinates": [ [ [ -87.586465634654814, 41.783043790185985 ], [ -87.586363717717674, 41.783043790185985 ], [ -87.586363717717674, 41.783213651747893 ], [ -87.586465634654814, 41.783213651747893 ], [ -87.586465634654814, 41.783043790185985 ] ] ] } },
{ "type": "Feature", "properties": { "row": 10, "col": 2, "mostly_overlap": true, "overlap_ratio": 1.0, "type": "Land" }, "geometry": { "type": "Polygon", "coordinates": [ [ [ -87.586363717717674, 41.783043790185985 ], [ -87.586261800780534, 41.783043790185985 ], [ -87.586261800780534, 41.783213651747893 ], [ -87.586363717717674, 41.783213651747893 ], [ -87.586363717717674, 41.783043790185985 ] ] ] } },
{ "type": "Feature", "properties": { "row": 10, "col": 3, "mostly_overlap": true, "overlap_ratio": 1.0, "type": "Land" }, "geometry": { "type": "Polygon", "coordinates": [ [ [ -87.586261800780534, 41.783043790185985 ], [ -87.586159883843379, 41.783043790185985 ], [ -87.586159883843379, 41.783213651747893 ], [ -87.586261800780534, 41.783213651747893 ], [ -87.586261800780534, 41.783043790185985 ] ] ] } },
{ "type": "Feature", "properties": { "row": 10, "col": 4, "mostly_overlap": true, "overlap_ratio": 1.0, "type": "Building" }, "geometry": { "type": "Polygon", "coordinates": [ [ [ -87.586159883843379, 41.783043790185985 ], [ -87.586057966906239, 41.783043790185985 ], [ -87.586057966906239, 41.783213651747893 ], [ -87.586159883843379, 41.783213651747893 ], [ -87.586159883843379, 41.783043790185985 ] ] ] } },
{ "type": "Feature", "properties": { "row": 10, "col": 5, "mostly_overlap": true, "overlap_ratio": 1.0, "type": "Building" }, "geometry": { "type": "Polygon", "coordinates": [ [ [ -87.586057966906239, 41.783043790185985 ], [ -87.585956049969099, 41.783043790185985 ], [ -87.585956049969099, 41.783213651747893 ], [ -87.586057966906239, 41.783213651747893 ], [ -87.586057966906239, 41.783043790185985 ] ] ] } },
{ "type": "Feature", "properties": { "row": 10, "col": 6, "mostly_overlap": true, "overlap_ratio": 1.0, "type": "Building" }, "geometry": { "type": "Polygon", "coordinates": [ [ [ -87.585956049969099, 41.783043790185985 ], [ -87.585854133031958, 41.783043790185985 ], [ -87.585854133031958, 41.783213651747893 ], [ -87.585956049969099, 41.783213651747893 ], [ -87.585956049969099, 41.783043790185985 ] ] ] } },
{ "type": "Feature", "properties": { "row": 10, "col": 7, "mostly_overlap": true, "overlap_ratio": 1.0, "type": "Building" }, "geometry": { "type": "Polygon", "coordinates": [ [ [ -87.585854133031958, 41.783043790185985 ], [ -87.585752216094818, 41.783043790185985 ], [ -87.585752216094818, 41.783213651747893 ], [ -87.585854133031958, 41.783213651747893 ], [ -87.585854133031958, 41.783043790185985 ] ] ] } },
{ "type": "Feature", "properties": { "row": 10, "col": 8, "mostly_overlap": true, "overlap_ratio": 1.0, "type": "Building" }, "geometry": { "type": "Polygon", "coordinates": [ [ [ -87.585752216094818, 41.783043790185985 ], [ -87.585650299157678, 41.783043790185985 ], [ -87.585650299157678, 41.783213651747893 ], [ -87.585752216094818, 41.783213651747893 ], [ -87.585752216094818, 41.783043790185985 ] ] ] } },
{ "type": "Feature", "properties": { "row": 10, "col": 9, "mostly_overlap": true, "overlap_ratio": 1.0, "type": "Building" }, "geometry": { "type": "Polygon", "coordinates": [ [ [ -87.585650299157678, 41.783043790185985 ], [ -87.585548382220523, 41.783043790185985 ], [ -87.585548382220523, 41.783213651747893 ], [ -87.585650299157678, 41.783213651747893 ], [ -87.585650299157678, 41.783043790185985 ] ] ] } },
{ "type": "Feature", "properties": { "row": 10, "col": 10, "mostly_overlap": true, "overlap_ratio": 1.0, "type": "Building" }, "geometry": { "type": "Polygon", "coordinates": [ [ [ -87.585548382220523, 41.783043790185985 ], [ -87.585446465283383, 41.783043790185985 ], [ -87.585446465283383, 41.783213651747893 ], [ -87.585548382220523, 41.783213651747893 ], [ -87.585548382220523, 41.783043790185985 ] ] ] } },
{ "type": "Feature", "properties": { "row": 10, "col": 11, "mostly_overlap": true, "overlap_ratio": 1.0, "type": "Building" }, "geometry": { "type": "Polygon", "coordinates": [ [ [ -87.585446465283383, 41.783043790185985 ], [ -87.585344548346242, 41.783043790185985 ], [ -87.585344548346242, 41.783213651747893 ], [ -87.585446465283383, 41.783213651747893 ], [ -87.585446465283383, 41.783043790185985 ] ] ] } },
{ "type": "Feature", "properties": { "row": 10, "col": 12, "mostly_overlap": true, "overlap_ratio": 1.0, "type": "Land" }, "geometry": { "type": "Polygon", "coordinates": [ [ [ -87.585344548346242, 41.783043790185985 ], [ -87.585242631409102, 41.783043790185985 ], [ -87.585242631409102, 41.783213651747893 ], [ -87.585344548346242, 41.783213651747893 ], [ -87.585344548346242, 41.783043790185985 ] ] ] } },
{ "type": "Feature", "properties": { "row": 10, "col": 13, "mostly_overlap": true, "overlap_ratio": 1.0, "type": "Land" }, "geometry": { "type": "Polygon", "coordinates": [ [ [ -87.585242631409102, 41.783043790185985 ], [ -87.585140714471962, 41.783043790185985 ], [ -87.585140714471962, 41.783213651747893 ], [ -87.585242631409102, 41.783213651747893 ], [ -87.585242631409102, 41.783043790185985 ] ] ] } },
{ "type": "Feature", "properties": { "row": 10, "col": 14, "mostly_overlap": true, "overlap_ratio": 1.0, "type": "Land" }, "geometry": { "type": "Polygon", "coordinates": [ [ [ -87.585140714471962, 41.783043790185985 ], [ -87.585038797534821, 41.783043790185985 ], [ -87.585038797534821, 41.783213651747893 ], [ -87.585140714471962, 41.783213651747893 ], [ -87.585140714471962, 41.783043790185985 ] ] ] } },
{ "type": "Feature", "properties": { "row": 10, "col": 15, "mostly_overlap": true, "overlap_ratio": 1.0, "type": "Land" }, "geometry": { "type": "Polygon", "coordinates": [ [ [ -87.585038797534821, 41.783043790185985 ], [ -87.584936880597667, 41.783043790185985 ], [ -87.584936880597667, 41.783213651747893 ], [ -87.585038797534821, 41.783213651747893 ], [ -87.585038797534821, 41.783043790185985 ] ] ] } },
{ "type": "Feature", "properties": { "row": 10, "col": 16, "mostly_overlap": true, "overlap_ratio": 1.0, "type": "Land" }, "geometry": { "type": "Polygon", "coordinates": [ [ [ -87.584936880597667, 41.783043790185985 ], [ -87.584834963660526, 41.783043790185985 ], [ -87.584834963660526, 41.783213651747893 ], [ -87.584936880597667, 41.783213651747893 ], [ -87.584936880597667, 41.783043790185985 ] ] ] } },
{ "type": "Feature", "properties": { "row": 10, "col": 17, "mostly_overlap": true, "overlap_ratio": 1.0, "type": "Land" }, "geometry": { "type": "Polygon", "coordinates": [ [ [ -87.584834963660526, 41.783043790185985 ], [ -87.584733046723386, 41.783043790185985 ], [ -87.584733046723386, 41.783213651747893 ], [ -87.584834963660526, 41.783213651747893 ], [ -87.584834963660526, 41.783043790185985 ] ] ] } },
{ "type": "Feature", "properties": { "row": 10, "col": 18, "mostly_overlap": true, "overlap_ratio": 1.0, "type": "Land" }, "geometry": { "type": "Polygon", "coordinates": [ [ [ -87.584733046723386, 41.783043790185985 ], [ -87.584631129786246, 41.783043790185985 ], [ -87.584631129786246, 41.783213651747893 ], [ -87.584733046723386, 41.783213651747893 ], [ -87.584733046723386, 41.783043790185985 ] ] ] } },
{ "type": "Feature", "properties": { "row": 10, "col": 19, "mostly_overlap": true, "overlap_ratio": 1.0, "type": "Land" }, "geometry": { "type": "Polygon", "coordinates": [ [ [ -87.584631129786246, 41.783043790185985 ], [ -87.584529212849105, 41.783043790185985 ], [ -87.584529212849105, 41.783213651747893 ], [ -87.584631129786246, 41.783213651747893 ], [ -87.584631129786246, 41.783043790185985 ] ] ] } },
{ "type": "Feature", "properties": { "row": 10, "col": 20, "mostly_overlap": true, "overlap_ratio": 1.0, "type": "Land" }, "geometry": { "type": "Polygon", "coordinates": [ [ [ -87.584529212849105, 41.783043790185985 ], [ -87.584427295911965, 41.783043790185985 ], [ -87.584427295911965, 41.783213651747893 ], [ -87.584529212849105, 41.783213651747893 ], [ -87.584529212849105, 41.783043790185985 ] ] ] } },
{ "type": "Feature", "properties": { "row": 10, "col": 21, "mostly_overlap": true, "overlap_ratio": 1.0, "type": "Land" }, "geometry": { "type": "Polygon", "coordinates": [ [ [ -87.584427295911951, 41.783043790185985 ], [ -87.58432537897481, 41.783043790185985 ], [ -87.58432537897481, 41.783213651747893 ], [ -87.584427295911951, 41.783213651747893 ], [ -87.584427295911951, 41.783043790185985 ] ] ] } },
{ "type": "Feature", "properties": { "row": 10, "col": 22, "mostly_overlap": true, "overlap_ratio": 1.0, "type": "Land" }, "geometry": { "type": "Polygon", "coordinates": [ [ [ -87.58432537897481, 41.783043790185985 ], [ -87.58422346203767, 41.783043790185985 ], [ -87.58422346203767, 41.783213651747893 ], [ -87.58432537897481, 41.783213651747893 ], [ -87.58432537897481, 41.783043790185985 ] ] ] } },
{ "type": "Feature", "properties": { "row": 10, "col": 23, "mostly_overlap": false, "overlap_ratio": 0.21, "type": "Water" }, "geometry": { "type": "Polygon", "coordinates": [ [ [ -87.58422346203767, 41.783043790185985 ], [ -87.58412154510053, 41.783043790185985 ], [ -87.58412154510053, 41.783213651747893 ], [ -87.58422346203767, 41.783213651747893 ], [ -87.58422346203767, 41.783043790185985 ] ] ] } },
{ "type": "Feature", "properties": { "row": 10, "col": 24, "mostly_overlap": false, "overlap_ratio": 0.0, "type": "Water" }, "geometry": { "type": "Polygon", "coordinates": [ [ [ -87.58412154510053, 41.783043790185985 ], [ -87.584019628163389, 41.783043790185985 ], [ -87.584019628163389, 41.783213651747893 ], [ -87.58412154510053, 41.783213651747893 ], [ -87.58412154510053, 41.783043790185985 ] ] ] } },
{ "type": "Feature", "properties": { "row": 10, "col": 25, "mostly_overlap": false, "overlap_ratio": 0.0, "type": "Water" }, "geometry": { "type": "Polygon", "coordinates": [ [ [ -87.584019628163389, 41.783043790185985 ], [ -87.583917711226249, 41.783043790185985 ], [ -87.583917711226249, 41.783213651747893 ], [ -87.584019628163389, 41.783213651747893 ], [ -87.584019628163389, 41.783043790185985 ] ] ] } },
{ "type": "Feature", "properties": { "row": 10, "col": 26, "mostly_overlap": false, "overlap_ratio": 0.0, "type": "Water" }, "geometry": { "type": "Polygon", "coordinates": [ [ [ -87.583917711226249, 41.783043790185985 ], [ -87.583815794289094, 41.783043790185985 ], [ -87.583815794289094, 41.783213651747893 ], [ -87.583917711226249, 41.783213651747893 ], [ -87.583917711226249, 41.783043790185985 ] ] ] } },
{ "type": "Feature", "properties": { "row": 10, "col": 27, "mostly_overlap": false, "overlap_ratio": 0.0, "type": "Water" }, "geometry": { "type": "Polygon", "coordinates": [ [ [ -87.583815794289094, 41.783043790185985 ], [ -87.583713877351954, 41.783043790185985 ], [ -87.583713877351954, 41.783213651747893 ], [ -87.583815794289094, 41.783213651747893 ], [ -87.583815794289094, 41.783043790185985 ] ] ] } },
{ "type": "Feature", "properties": { "row": 10, "col": 28, "mostly_overlap": false, "overlap_ratio": 0.0, "type": "Water" }, "geometry": { "type": "Polygon", "coordinates": [ [ [ -87.583713877351954, 41.783043790185985 ], [ -87.583611960414814, 41.783043790185985 ], [ -87.583611960414814, 41.783213651747893 ], [ -87.583713877351954, 41.783213651747893 ], [ -87.583713877351954, 41.783043790185985 ] ] ] } },
{ "type": "Feature", "properties": { "row": 10, "col": 29, "mostly_overlap": false, "overlap_ratio": 0.0, "type": "Water" }, "geometry": { "type": "Polygon", "coordinates": [ [ [ -87.583611960414814, 41.783043790185985 ], [ -87.583510043477673, 41.783043790185985 ], [ -87.583510043477673, 41.783213651747893 ], [ -87.583611960414814, 41.783213651747893 ], [ -87.583611960414814, 41.783043790185985 ] ] ] } },
{ "type": "Feature", "properties": { "row": 10, "col": 30, "mostly_overlap": false, "overlap_ratio": 0.0, "type": "Water" }, "geometry": { "type": "Polygon", "coordinates": [ [ [ -87.583510043477673, 41.783043790185985 ], [ -87.583408126540533, 41.783043790185985 ], [ -87.583408126540533, 41.783213651747893 ], [ -87.583510043477673, 41.783213651747893 ], [ -87.583510043477673, 41.783043790185985 ] ] ] } },
{ "type": "Feature", "properties": { "row": 10, "col": 31, "mostly_overlap": false, "overlap_ratio": 0.1484, "type": "Water" }, "geometry": { "type": "Polygon", "coordinates": [ [ [ -87.583408126540533, 41.783043790185985 ], [ -87.583306209603393, 41.783043790185985 ], [ -87.583306209603393, 41.783213651747893 ], [ -87.583408126540533, 41.783213651747893 ], [ -87.583408126540533, 41.783043790185985 ] ] ] } },
{ "type": "Feature", "properties": { "row": 10, "col": 32, "mostly_overlap": true, "overlap_ratio": 0.5095, "type": "Land" }, "geometry": { "type": "Polygon", "coordinates": [ [ [ -87.583306209603393, 41.783043790185985 ], [ -87.583204292666238, 41.783043790185985 ], [ -87.583204292666238, 41.783213651747893 ], [ -87.583306209603393, 41.783213651747893 ], [ -87.583306209603393, 41.783043790185985 ] ] ] } },
{ "type": "Feature", "properties": { "row": 10, "col": 33, "mostly_overlap": true, "overlap_ratio": 0.9741, "type": "Land" }, "geometry": { "type": "Polygon", "coordinates": [ [ [ -87.583204292666238, 41.783043790185985 ], [ -87.583102375729098, 41.783043790185985 ], [ -87.583102375729098, 41.783213651747893 ], [ -87.583204292666238, 41.783213651747893 ], [ -87.583204292666238, 41.783043790185985 ] ] ] } },
{ "type": "Feature", "properties": { "row": 10, "col": 34, "mostly_overlap": true, "overlap_ratio": 1.0, "type": "Land" }, "geometry": { "type": "Polygon", "coordinates": [ [ [ -87.583102375729098, 41.783043790185985 ], [ -87.583000458791957, 41.783043790185985 ], [ -87.583000458791957, 41.783213651747893 ], [ -87.583102375729098, 41.783213651747893 ], [ -87.583102375729098, 41.783043790185985 ] ] ] } },
{ "type": "Feature", "properties": { "row": 10, "col": 35, "mostly_overlap": true, "overlap_ratio": 1.0, "type": "Land" }, "geometry": { "type": "Polygon", "coordinates": [ [ [ -87.583000458791957, 41.783043790185985 ], [ -87.582898541854817, 41.783043790185985 ], [ -87.582898541854817, 41.783213651747893 ], [ -87.583000458791957, 41.783213651747893 ], [ -87.583000458791957, 41.783043790185985 ] ] ] } },
{ "type": "Feature", "properties": { "row": 10, "col": 36, "mostly_overlap": true, "overlap_ratio": 1.0, "type": "Land" }, "geometry": { "type": "Polygon", "coordinates": [ [ [ -87.582898541854817, 41.783043790185985 ], [ -87.582796624917677, 41.783043790185985 ], [ -87.582796624917677, 41.783213651747893 ], [ -87.582898541854817, 41.783213651747893 ], [ -87.582898541854817, 41.783043790185985 ] ] ] } },
{ "type": "Feature", "properties": { "row": 10, "col": 37, "mostly_overlap": true, "overlap_ratio": 1.0, "type": "Land" }, "geometry": { "type": "Polygon", "coordinates": [ [ [ -87.582796624917677, 41.783043790185985 ], [ -87.582694707980536, 41.783043790185985 ], [ -87.582694707980536, 41.783213651747893 ], [ -87.582796624917677, 41.783213651747893 ], [ -87.582796624917677, 41.783043790185985 ] ] ] } },
{ "type": "Feature", "properties": { "row": 10, "col": 38, "mostly_overlap": true, "overlap_ratio": 1.0, "type": "Land" }, "geometry": { "type": "Polygon", "coordinates": [ [ [ -87.582694707980536, 41.783043790185985 ], [ -87.582592791043382, 41.783043790185985 ], [ -87.582592791043382, 41.783213651747893 ], [ -87.582694707980536, 41.783213651747893 ], [ -87.582694707980536, 41.783043790185985 ] ] ] } },
{ "type": "Feature", "properties": { "row": 10, "col": 39, "mostly_overlap": true, "overlap_ratio": 1.0, "type": "Land" }, "geometry": { "type": "Polygon", "coordinates": [ [ [ -87.582592791043382, 41.783043790185985 ], [ -87.582490874106242, 41.783043790185985 ], [ -87.582490874106242, 41.783213651747893 ], [ -87.582592791043382, 41.783213651747893 ], [ -87.582592791043382, 41.783043790185985 ] ] ] } },
{ "type": "Feature", "properties": { "row": 10, "col": 40, "mostly_overlap": true, "overlap_ratio": 0.9906, "type": "Land" }, "geometry": { "type": "Polygon", "coordinates": [ [ [ -87.582490874106242, 41.783043790185985 ], [ -87.582388957169101, 41.783043790185985 ], [ -87.582388957169101, 41.783213651747893 ], [ -87.582490874106242, 41.783213651747893 ], [ -87.582490874106242, 41.783043790185985 ] ] ] } },
{ "type": "Feature", "properties": { "row": 11, "col": 1, "mostly_overlap": true, "overlap_ratio": 0.1184, "type": "Land" }, "geometry": { "type": "Polygon", "coordinates": [ [ [ -87.586465634654814, 41.783213651747893 ], [ -87.586363717717674, 41.783213651747893 ], [ -87.586363717717674, 41.783383513309793 ], [ -87.586465634654814, 41.783383513309793 ], [ -87.586465634654814, 41.783213651747893 ] ] ] } },
{ "type": "Feature", "properties": { "row": 11, "col": 2, "mostly_overlap": true, "overlap_ratio": 1.0, "type": "Land" }, "geometry": { "type": "Polygon", "coordinates": [ [ [ -87.586363717717674, 41.783213651747893 ], [ -87.586261800780534, 41.783213651747893 ], [ -87.586261800780534, 41.783383513309793 ], [ -87.586363717717674, 41.783383513309793 ], [ -87.586363717717674, 41.783213651747893 ] ] ] } },
{ "type": "Feature", "properties": { "row": 11, "col": 3, "mostly_overlap": true, "overlap_ratio": 1.0, "type": "Land" }, "geometry": { "type": "Polygon", "coordinates": [ [ [ -87.586261800780534, 41.783213651747893 ], [ -87.586159883843379, 41.783213651747893 ], [ -87.586159883843379, 41.783383513309793 ], [ -87.586261800780534, 41.783383513309793 ], [ -87.586261800780534, 41.783213651747893 ] ] ] } },
{ "type": "Feature", "properties": { "row": 11, "col": 4, "mostly_overlap": true, "overlap_ratio": 1.0, "type": "Land" }, "geometry": { "type": "Polygon", "coordinates": [ [ [ -87.586159883843379, 41.783213651747893 ], [ -87.586057966906239, 41.783213651747893 ], [ -87.586057966906239, 41.783383513309793 ], [ -87.586159883843379, 41.783383513309793 ], [ -87.586159883843379, 41.783213651747893 ] ] ] } },
{ "type": "Feature", "properties": { "row": 11, "col": 5, "mostly_overlap": true, "overlap_ratio": 1.0, "type": "Land" }, "geometry": { "type": "Polygon", "coordinates": [ [ [ -87.586057966906239, 41.783213651747893 ], [ -87.585956049969099, 41.783213651747893 ], [ -87.585956049969099, 41.783383513309793 ], [ -87.586057966906239, 41.783383513309793 ], [ -87.586057966906239, 41.783213651747893 ] ] ] } },
{ "type": "Feature", "properties": { "row": 11, "col": 6, "mostly_overlap": true, "overlap_ratio": 1.0, "type": "Land" }, "geometry": { "type": "Polygon", "coordinates": [ [ [ -87.585956049969099, 41.783213651747893 ], [ -87.585854133031958, 41.783213651747893 ], [ -87.585854133031958, 41.783383513309793 ], [ -87.585956049969099, 41.783383513309793 ], [ -87.585956049969099, 41.783213651747893 ] ] ] } },
{ "type": "Feature", "properties": { "row": 11, "col": 7, "mostly_overlap": true, "overlap_ratio": 1.0, "type": "Land" }, "geometry": { "type": "Polygon", "coordinates": [ [ [ -87.585854133031958, 41.783213651747893 ], [ -87.585752216094818, 41.783213651747893 ], [ -87.585752216094818, 41.783383513309793 ], [ -87.585854133031958, 41.783383513309793 ], [ -87.585854133031958, 41.783213651747893 ] ] ] } },
{ "type": "Feature", "properties": { "row": 11, "col": 8, "mostly_overlap": true, "overlap_ratio": 1.0, "type": "Land" }, "geometry": { "type": "Polygon", "coordinates": [ [ [ -87.585752216094818, 41.783213651747893 ], [ -87.585650299157678, 41.783213651747893 ], [ -87.585650299157678, 41.783383513309793 ], [ -87.585752216094818, 41.783383513309793 ], [ -87.585752216094818, 41.783213651747893 ] ] ] } },
{ "type": "Feature", "properties": { "row": 11, "col": 9, "mostly_overlap": true, "overlap_ratio": 1.0, "type": "Land" }, "geometry": { "type": "Polygon", "coordinates": [ [ [ -87.585650299157678, 41.783213651747893 ], [ -87.585548382220523, 41.783213651747893 ], [ -87.585548382220523, 41.783383513309793 ], [ -87.585650299157678, 41.783383513309793 ], [ -87.585650299157678, 41.783213651747893 ] ] ] } },
{ "type": "Feature", "properties": { "row": 11, "col": 10, "mostly_overlap": true, "overlap_ratio": 1.0, "type": "Land" }, "geometry": { "type": "Polygon", "coordinates": [ [ [ -87.585548382220523, 41.783213651747893 ], [ -87.585446465283383, 41.783213651747893 ], [ -87.585446465283383, 41.783383513309793 ], [ -87.585548382220523, 41.783383513309793 ], [ -87.585548382220523, 41.783213651747893 ] ] ] } },
{ "type": "Feature", "properties": { "row": 11, "col": 11, "mostly_overlap": true, "overlap_ratio": 1.0, "type": "Land" }, "geometry": { "type": "Polygon", "coordinates": [ [ [ -87.585446465283383, 41.783213651747893 ], [ -87.585344548346242, 41.783213651747893 ], [ -87.585344548346242, 41.783383513309793 ], [ -87.585446465283383, 41.783383513309793 ], [ -87.585446465283383, 41.783213651747893 ] ] ] } },
{ "type": "Feature", "properties": { "row": 11, "col": 12, "mostly_overlap": true, "overlap_ratio": 1.0, "type": "Land" }, "geometry": { "type": "Polygon", "coordinates": [ [ [ -87.585344548346242, 41.783213651747893 ], [ -87.585242631409102, 41.783213651747893 ], [ -87.585242631409102, 41.783383513309793 ], [ -87.585344548346242, 41.783383513309793 ], [ -87.585344548346242, 41.783213651747893 ] ] ] } },
{ "type": "Feature", "properties": { "row": 11, "col": 13, "mostly_overlap": true, "overlap_ratio": 1.0, "type": "Land" }, "geometry": { "type": "Polygon", "coordinates": [ [ [ -87.585242631409102, 41.783213651747893 ], [ -87.585140714471962, 41.783213651747893 ], [ -87.585140714471962, 41.783383513309793 ], [ -87.585242631409102, 41.783383513309793 ], [ -87.585242631409102, 41.783213651747893 ] ] ] } },
{ "type": "Feature", "properties": { "row": 11, "col": 14, "mostly_overlap": true, "overlap_ratio": 1.0, "type": "Land" }, "geometry": { "type": "Polygon", "coordinates": [ [ [ -87.585140714471962, 41.783213651747893 ], [ -87.585038797534821, 41.783213651747893 ], [ -87.585038797534821, 41.783383513309793 ], [ -87.585140714471962, 41.783383513309793 ], [ -87.585140714471962, 41.783213651747893 ] ] ] } },
{ "type": "Feature", "properties": { "row": 11, "col": 15, "mostly_overlap": true, "overlap_ratio": 1.0, "type": "Land" }, "geometry": { "type": "Polygon", "coordinates": [ [ [ -87.585038797534821, 41.783213651747893 ], [ -87.584936880597667, 41.783213651747893 ], [ -87.584936880597667, 41.783383513309793 ], [ -87.585038797534821, 41.783383513309793 ], [ -87.585038797534821, 41.783213651747893 ] ] ] } },
{ "type": "Feature", "properties": { "row": 11, "col": 16, "mostly_overlap": true, "overlap_ratio": 1.0, "type": "Land" }, "geometry": { "type": "Polygon", "coordinates": [ [ [ -87.584936880597667, 41.783213651747893 ], [ -87.584834963660526, 41.783213651747893 ], [ -87.584834963660526, 41.783383513309793 ], [ -87.584936880597667, 41.783383513309793 ], [ -87.584936880597667, 41.783213651747893 ] ] ] } },
{ "type": "Feature", "properties": { "row": 11, "col": 17, "mostly_overlap": true, "overlap_ratio": 1.0, "type": "Land" }, "geometry": { "type": "Polygon", "coordinates": [ [ [ -87.584834963660526, 41.783213651747893 ], [ -87.584733046723386, 41.783213651747893 ], [ -87.584733046723386, 41.783383513309793 ], [ -87.584834963660526, 41.783383513309793 ], [ -87.584834963660526, 41.783213651747893 ] ] ] } },
{ "type": "Feature", "properties": { "row": 11, "col": 18, "mostly_overlap": true, "overlap_ratio": 1.0, "type": "Land" }, "geometry": { "type": "Polygon", "coordinates": [ [ [ -87.584733046723386, 41.783213651747893 ], [ -87.584631129786246, 41.783213651747893 ], [ -87.584631129786246, 41.783383513309793 ], [ -87.584733046723386, 41.783383513309793 ], [ -87.584733046723386, 41.783213651747893 ] ] ] } },
{ "type": "Feature", "properties": { "row": 11, "col": 19, "mostly_overlap": true, "overlap_ratio": 1.0, "type": "Land" }, "geometry": { "type": "Polygon", "coordinates": [ [ [ -87.584631129786246, 41.783213651747893 ], [ -87.584529212849105, 41.783213651747893 ], [ -87.584529212849105, 41.783383513309793 ], [ -87.584631129786246, 41.783383513309793 ], [ -87.584631129786246, 41.783213651747893 ] ] ] } },
{ "type": "Feature", "properties": { "row": 11, "col": 20, "mostly_overlap": true, "overlap_ratio": 1.0, "type": "Land" }, "geometry": { "type": "Polygon", "coordinates": [ [ [ -87.584529212849105, 41.783213651747893 ], [ -87.584427295911965, 41.783213651747893 ], [ -87.584427295911965, 41.783383513309793 ], [ -87.584529212849105, 41.783383513309793 ], [ -87.584529212849105, 41.783213651747893 ] ] ] } },
{ "type": "Feature", "properties": { "row": 11, "col": 21, "mostly_overlap": true, "overlap_ratio": 1.0, "type": "Land" }, "geometry": { "type": "Polygon", "coordinates": [ [ [ -87.584427295911951, 41.783213651747893 ], [ -87.58432537897481, 41.783213651747893 ], [ -87.58432537897481, 41.783383513309793 ], [ -87.584427295911951, 41.783383513309793 ], [ -87.584427295911951, 41.783213651747893 ] ] ] } },
{ "type": "Feature", "properties": { "row": 11, "col": 22, "mostly_overlap": true, "overlap_ratio": 1.0, "type": "Land" }, "geometry": { "type": "Polygon", "coordinates": [ [ [ -87.58432537897481, 41.783213651747893 ], [ -87.58422346203767, 41.783213651747893 ], [ -87.58422346203767, 41.783383513309793 ], [ -87.58432537897481, 41.783383513309793 ], [ -87.58432537897481, 41.783213651747893 ] ] ] } },
{ "type": "Feature", "properties": { "row": 11, "col": 23, "mostly_overlap": false, "overlap_ratio": 0.3621, "type": "Water" }, "geometry": { "type": "Polygon", "coordinates": [ [ [ -87.58422346203767, 41.783213651747893 ], [ -87.58412154510053, 41.783213651747893 ], [ -87.58412154510053, 41.783383513309793 ], [ -87.58422346203767, 41.783383513309793 ], [ -87.58422346203767, 41.783213651747893 ] ] ] } },
{ "type": "Feature", "properties": { "row": 11, "col": 24, "mostly_overlap": false, "overlap_ratio": 0.0, "type": "Water" }, "geometry": { "type": "Polygon", "coordinates": [ [ [ -87.58412154510053, 41.783213651747893 ], [ -87.584019628163389, 41.783213651747893 ], [ -87.584019628163389, 41.783383513309793 ], [ -87.58412154510053, 41.783383513309793 ], [ -87.58412154510053, 41.783213651747893 ] ] ] } },
{ "type": "Feature", "properties": { "row": 11, "col": 25, "mostly_overlap": false, "overlap_ratio": 0.0, "type": "Water" }, "geometry": { "type": "Polygon", "coordinates": [ [ [ -87.584019628163389, 41.783213651747893 ], [ -87.583917711226249, 41.783213651747893 ], [ -87.583917711226249, 41.783383513309793 ], [ -87.584019628163389, 41.783383513309793 ], [ -87.584019628163389, 41.783213651747893 ] ] ] } },
{ "type": "Feature", "properties": { "row": 11, "col": 26, "mostly_overlap": false, "overlap_ratio": 0.0, "type": "Water" }, "geometry": { "type": "Polygon", "coordinates": [ [ [ -87.583917711226249, 41.783213651747893 ], [ -87.583815794289094, 41.783213651747893 ], [ -87.583815794289094, 41.783383513309793 ], [ -87.583917711226249, 41.783383513309793 ], [ -87.583917711226249, 41.783213651747893 ] ] ] } },
{ "type": "Feature", "properties": { "row": 11, "col": 27, "mostly_overlap": false, "overlap_ratio": 0.0, "type": "Water" }, "geometry": { "type": "Polygon", "coordinates": [ [ [ -87.583815794289094, 41.783213651747893 ], [ -87.583713877351954, 41.783213651747893 ], [ -87.583713877351954, 41.783383513309793 ], [ -87.583815794289094, 41.783383513309793 ], [ -87.583815794289094, 41.783213651747893 ] ] ] } },
{ "type": "Feature", "properties": { "row": 11, "col": 28, "mostly_overlap": false, "overlap_ratio": 0.0, "type": "Water" }, "geometry": { "type": "Polygon", "coordinates": [ [ [ -87.583713877351954, 41.783213651747893 ], [ -87.583611960414814, 41.783213651747893 ], [ -87.583611960414814, 41.783383513309793 ], [ -87.583713877351954, 41.783383513309793 ], [ -87.583713877351954, 41.783213651747893 ] ] ] } },
{ "type": "Feature", "properties": { "row": 11, "col": 29, "mostly_overlap": false, "overlap_ratio": 0.0, "type": "Water" }, "geometry": { "type": "Polygon", "coordinates": [ [ [ -87.583611960414814, 41.783213651747893 ], [ -87.583510043477673, 41.783213651747893 ], [ -87.583510043477673, 41.783383513309793 ], [ -87.583611960414814, 41.783383513309793 ], [ -87.583611960414814, 41.783213651747893 ] ] ] } },
{ "type": "Feature", "properties": { "row": 11, "col": 30, "mostly_overlap": false, "overlap_ratio": 0.0, "type": "Water" }, "geometry": { "type": "Polygon", "coordinates": [ [ [ -87.583510043477673, 41.783213651747893 ], [ -87.583408126540533, 41.783213651747893 ], [ -87.583408126540533, 41.783383513309793 ], [ -87.583510043477673, 41.783383513309793 ], [ -87.583510043477673, 41.783213651747893 ] ] ] } },
{ "type": "Feature", "properties": { "row": 11, "col": 31, "mostly_overlap": false, "overlap_ratio": 0.0, "type": "Water" }, "geometry": { "type": "Polygon", "coordinates": [ [ [ -87.583408126540533, 41.783213651747893 ], [ -87.583306209603393, 41.783213651747893 ], [ -87.583306209603393, 41.783383513309793 ], [ -87.583408126540533, 41.783383513309793 ], [ -87.583408126540533, 41.783213651747893 ] ] ] } },
{ "type": "Feature", "properties": { "row": 11, "col": 32, "mostly_overlap": false, "overlap_ratio": 0.0, "type": "Water" }, "geometry": { "type": "Polygon", "coordinates": [ [ [ -87.583306209603393, 41.783213651747893 ], [ -87.583204292666238, 41.783213651747893 ], [ -87.583204292666238, 41.783383513309793 ], [ -87.583306209603393, 41.783383513309793 ], [ -87.583306209603393, 41.783213651747893 ] ] ] } },
{ "type": "Feature", "properties": { "row": 11, "col": 33, "mostly_overlap": true, "overlap_ratio": 0.6826, "type": "Land" }, "geometry": { "type": "Polygon", "coordinates": [ [ [ -87.583204292666238, 41.783213651747893 ], [ -87.583102375729098, 41.783213651747893 ], [ -87.583102375729098, 41.783383513309793 ], [ -87.583204292666238, 41.783383513309793 ], [ -87.583204292666238, 41.783213651747893 ] ] ] } },
{ "type": "Feature", "properties": { "row": 11, "col": 34, "mostly_overlap": true, "overlap_ratio": 1.0, "type": "Land" }, "geometry": { "type": "Polygon", "coordinates": [ [ [ -87.583102375729098, 41.783213651747893 ], [ -87.583000458791957, 41.783213651747893 ], [ -87.583000458791957, 41.783383513309793 ], [ -87.583102375729098, 41.783383513309793 ], [ -87.583102375729098, 41.783213651747893 ] ] ] } },
{ "type": "Feature", "properties": { "row": 11, "col": 35, "mostly_overlap": true, "overlap_ratio": 1.0, "type": "Land" }, "geometry": { "type": "Polygon", "coordinates": [ [ [ -87.583000458791957, 41.783213651747893 ], [ -87.582898541854817, 41.783213651747893 ], [ -87.582898541854817, 41.783383513309793 ], [ -87.583000458791957, 41.783383513309793 ], [ -87.583000458791957, 41.783213651747893 ] ] ] } },
{ "type": "Feature", "properties": { "row": 11, "col": 36, "mostly_overlap": true, "overlap_ratio": 1.0, "type": "Land" }, "geometry": { "type": "Polygon", "coordinates": [ [ [ -87.582898541854817, 41.783213651747893 ], [ -87.582796624917677, 41.783213651747893 ], [ -87.582796624917677, 41.783383513309793 ], [ -87.582898541854817, 41.783383513309793 ], [ -87.582898541854817, 41.783213651747893 ] ] ] } },
{ "type": "Feature", "properties": { "row": 11, "col": 37, "mostly_overlap": true, "overlap_ratio": 1.0, "type": "Land" }, "geometry": { "type": "Polygon", "coordinates": [ [ [ -87.582796624917677, 41.783213651747893 ], [ -87.582694707980536, 41.783213651747893 ], [ -87.582694707980536, 41.783383513309793 ], [ -87.582796624917677, 41.783383513309793 ], [ -87.582796624917677, 41.783213651747893 ] ] ] } },
{ "type": "Feature", "properties": { "row": 11, "col": 38, "mostly_overlap": true, "overlap_ratio": 1.0, "type": "Land" }, "geometry": { "type": "Polygon", "coordinates": [ [ [ -87.582694707980536, 41.783213651747893 ], [ -87.582592791043382, 41.783213651747893 ], [ -87.582592791043382, 41.783383513309793 ], [ -87.582694707980536, 41.783383513309793 ], [ -87.582694707980536, 41.783213651747893 ] ] ] } },
{ "type": "Feature", "properties": { "row": 11, "col": 39, "mostly_overlap": true, "overlap_ratio": 1.0, "type": "Land" }, "geometry": { "type": "Polygon", "coordinates": [ [ [ -87.582592791043382, 41.783213651747893 ], [ -87.582490874106242, 41.783213651747893 ], [ -87.582490874106242, 41.783383513309793 ], [ -87.582592791043382, 41.783383513309793 ], [ -87.582592791043382, 41.783213651747893 ] ] ] } },
{ "type": "Feature", "properties": { "row": 11, "col": 40, "mostly_overlap": true, "overlap_ratio": 0.9896, "type": "Land" }, "geometry": { "type": "Polygon", "coordinates": [ [ [ -87.582490874106242, 41.783213651747893 ], [ -87.582388957169101, 41.783213651747893 ], [ -87.582388957169101, 41.783383513309793 ], [ -87.582490874106242, 41.783383513309793 ], [ -87.582490874106242, 41.783213651747893 ] ] ] } },
{ "type": "Feature", "properties": { "row": 12, "col": 1, "mostly_overlap": true, "overlap_ratio": 0.1608, "type": "Land" }, "geometry": { "type": "Polygon", "coordinates": [ [ [ -87.586465634654814, 41.783383513309793 ], [ -87.586363717717674, 41.783383513309793 ], [ -87.586363717717674, 41.783553374871701 ], [ -87.586465634654814, 41.783553374871701 ], [ -87.586465634654814, 41.783383513309793 ] ] ] } },
{ "type": "Feature", "properties": { "row": 12, "col": 2, "mostly_overlap": true, "overlap_ratio": 1.0, "type": "Land" }, "geometry": { "type": "Polygon", "coordinates": [ [ [ -87.586363717717674, 41.783383513309793 ], [ -87.586261800780534, 41.783383513309793 ], [ -87.586261800780534, 41.783553374871701 ], [ -87.586363717717674, 41.783553374871701 ], [ -87.586363717717674, 41.783383513309793 ] ] ] } },
{ "type": "Feature", "properties": { "row": 12, "col": 3, "mostly_overlap": true, "overlap_ratio": 1.0, "type": "Land" }, "geometry": { "type": "Polygon", "coordinates": [ [ [ -87.586261800780534, 41.783383513309793 ], [ -87.586159883843379, 41.783383513309793 ], [ -87.586159883843379, 41.783553374871701 ], [ -87.586261800780534, 41.783553374871701 ], [ -87.586261800780534, 41.783383513309793 ] ] ] } },
{ "type": "Feature", "properties": { "row": 12, "col": 4, "mostly_overlap": true, "overlap_ratio": 1.0, "type": "Land" }, "geometry": { "type": "Polygon", "coordinates": [ [ [ -87.586159883843379, 41.783383513309793 ], [ -87.586057966906239, 41.783383513309793 ], [ -87.586057966906239, 41.783553374871701 ], [ -87.586159883843379, 41.783553374871701 ], [ -87.586159883843379, 41.783383513309793 ] ] ] } },
{ "type": "Feature", "properties": { "row": 12, "col": 5, "mostly_overlap": true, "overlap_ratio": 1.0, "type": "Land" }, "geometry": { "type": "Polygon", "coordinates": [ [ [ -87.586057966906239, 41.783383513309793 ], [ -87.585956049969099, 41.783383513309793 ], [ -87.585956049969099, 41.783553374871701 ], [ -87.586057966906239, 41.783553374871701 ], [ -87.586057966906239, 41.783383513309793 ] ] ] } },
{ "type": "Feature", "properties": { "row": 12, "col": 6, "mostly_overlap": true, "overlap_ratio": 1.0, "type": "Land" }, "geometry": { "type": "Polygon", "coordinates": [ [ [ -87.585956049969099, 41.783383513309793 ], [ -87.585854133031958, 41.783383513309793 ], [ -87.585854133031958, 41.783553374871701 ], [ -87.585956049969099, 41.783553374871701 ], [ -87.585956049969099, 41.783383513309793 ] ] ] } },
{ "type": "Feature", "properties": { "row": 12, "col": 7, "mostly_overlap": true, "overlap_ratio": 1.0, "type": "Land" }, "geometry": { "type": "Polygon", "coordinates": [ [ [ -87.585854133031958, 41.783383513309793 ], [ -87.585752216094818, 41.783383513309793 ], [ -87.585752216094818, 41.783553374871701 ], [ -87.585854133031958, 41.783553374871701 ], [ -87.585854133031958, 41.783383513309793 ] ] ] } },
{ "type": "Feature", "properties": { "row": 12, "col": 8, "mostly_overlap": true, "overlap_ratio": 1.0, "type": "Land" }, "geometry": { "type": "Polygon", "coordinates": [ [ [ -87.585752216094818, 41.783383513309793 ], [ -87.585650299157678, 41.783383513309793 ], [ -87.585650299157678, 41.783553374871701 ], [ -87.585752216094818, 41.783553374871701 ], [ -87.585752216094818, 41.783383513309793 ] ] ] } },
{ "type": "Feature", "properties": { "row": 12, "col": 9, "mostly_overlap": true, "overlap_ratio": 1.0, "type": "Land" }, "geometry": { "type": "Polygon", "coordinates": [ [ [ -87.585650299157678, 41.783383513309793 ], [ -87.585548382220523, 41.783383513309793 ], [ -87.585548382220523, 41.783553374871701 ], [ -87.585650299157678, 41.783553374871701 ], [ -87.585650299157678, 41.783383513309793 ] ] ] } },
{ "type": "Feature", "properties": { "row": 12, "col": 10, "mostly_overlap": true, "overlap_ratio": 1.0, "type": "Land" }, "geometry": { "type": "Polygon", "coordinates": [ [ [ -87.585548382220523, 41.783383513309793 ], [ -87.585446465283383, 41.783383513309793 ], [ -87.585446465283383, 41.783553374871701 ], [ -87.585548382220523, 41.783553374871701 ], [ -87.585548382220523, 41.783383513309793 ] ] ] } },
{ "type": "Feature", "properties": { "row": 12, "col": 11, "mostly_overlap": true, "overlap_ratio": 1.0, "type": "Land" }, "geometry": { "type": "Polygon", "coordinates": [ [ [ -87.585446465283383, 41.783383513309793 ], [ -87.585344548346242, 41.783383513309793 ], [ -87.585344548346242, 41.783553374871701 ], [ -87.585446465283383, 41.783553374871701 ], [ -87.585446465283383, 41.783383513309793 ] ] ] } },
{ "type": "Feature", "properties": { "row": 12, "col": 12, "mostly_overlap": true, "overlap_ratio": 1.0, "type": "Land" }, "geometry": { "type": "Polygon", "coordinates": [ [ [ -87.585344548346242, 41.783383513309793 ], [ -87.585242631409102, 41.783383513309793 ], [ -87.585242631409102, 41.783553374871701 ], [ -87.585344548346242, 41.783553374871701 ], [ -87.585344548346242, 41.783383513309793 ] ] ] } },
{ "type": "Feature", "properties": { "row": 12, "col": 13, "mostly_overlap": true, "overlap_ratio": 1.0, "type": "Land" }, "geometry": { "type": "Polygon", "coordinates": [ [ [ -87.585242631409102, 41.783383513309793 ], [ -87.585140714471962, 41.783383513309793 ], [ -87.585140714471962, 41.783553374871701 ], [ -87.585242631409102, 41.783553374871701 ], [ -87.585242631409102, 41.783383513309793 ] ] ] } },
{ "type": "Feature", "properties": { "row": 12, "col": 14, "mostly_overlap": true, "overlap_ratio": 1.0, "type": "Land" }, "geometry": { "type": "Polygon", "coordinates": [ [ [ -87.585140714471962, 41.783383513309793 ], [ -87.585038797534821, 41.783383513309793 ], [ -87.585038797534821, 41.783553374871701 ], [ -87.585140714471962, 41.783553374871701 ], [ -87.585140714471962, 41.783383513309793 ] ] ] } },
{ "type": "Feature", "properties": { "row": 12, "col": 15, "mostly_overlap": true, "overlap_ratio": 1.0, "type": "Land" }, "geometry": { "type": "Polygon", "coordinates": [ [ [ -87.585038797534821, 41.783383513309793 ], [ -87.584936880597667, 41.783383513309793 ], [ -87.584936880597667, 41.783553374871701 ], [ -87.585038797534821, 41.783553374871701 ], [ -87.585038797534821, 41.783383513309793 ] ] ] } },
{ "type": "Feature", "properties": { "row": 12, "col": 16, "mostly_overlap": true, "overlap_ratio": 1.0, "type": "Land" }, "geometry": { "type": "Polygon", "coordinates": [ [ [ -87.584936880597667, 41.783383513309793 ], [ -87.584834963660526, 41.783383513309793 ], [ -87.584834963660526, 41.783553374871701 ], [ -87.584936880597667, 41.783553374871701 ], [ -87.584936880597667, 41.783383513309793 ] ] ] } },
{ "type": "Feature", "properties": { "row": 12, "col": 17, "mostly_overlap": true, "overlap_ratio": 1.0, "type": "Land" }, "geometry": { "type": "Polygon", "coordinates": [ [ [ -87.584834963660526, 41.783383513309793 ], [ -87.584733046723386, 41.783383513309793 ], [ -87.584733046723386, 41.783553374871701 ], [ -87.584834963660526, 41.783553374871701 ], [ -87.584834963660526, 41.783383513309793 ] ] ] } },
{ "type": "Feature", "properties": { "row": 12, "col": 18, "mostly_overlap": true, "overlap_ratio": 1.0, "type": "Land" }, "geometry": { "type": "Polygon", "coordinates": [ [ [ -87.584733046723386, 41.783383513309793 ], [ -87.584631129786246, 41.783383513309793 ], [ -87.584631129786246, 41.783553374871701 ], [ -87.584733046723386, 41.783553374871701 ], [ -87.584733046723386, 41.783383513309793 ] ] ] } },
{ "type": "Feature", "properties": { "row": 12, "col": 19, "mostly_overlap": true, "overlap_ratio": 1.0, "type": "Land" }, "geometry": { "type": "Polygon", "coordinates": [ [ [ -87.584631129786246, 41.783383513309793 ], [ -87.584529212849105, 41.783383513309793 ], [ -87.584529212849105, 41.783553374871701 ], [ -87.584631129786246, 41.783553374871701 ], [ -87.584631129786246, 41.783383513309793 ] ] ] } },
{ "type": "Feature", "properties": { "row": 12, "col": 20, "mostly_overlap": true, "overlap_ratio": 1.0, "type": "Land" }, "geometry": { "type": "Polygon", "coordinates": [ [ [ -87.584529212849105, 41.783383513309793 ], [ -87.584427295911965, 41.783383513309793 ], [ -87.584427295911965, 41.783553374871701 ], [ -87.584529212849105, 41.783553374871701 ], [ -87.584529212849105, 41.783383513309793 ] ] ] } },
{ "type": "Feature", "properties": { "row": 12, "col": 21, "mostly_overlap": true, "overlap_ratio": 1.0, "type": "Land" }, "geometry": { "type": "Polygon", "coordinates": [ [ [ -87.584427295911951, 41.783383513309793 ], [ -87.58432537897481, 41.783383513309793 ], [ -87.58432537897481, 41.783553374871701 ], [ -87.584427295911951, 41.783553374871701 ], [ -87.584427295911951, 41.783383513309793 ] ] ] } },
{ "type": "Feature", "properties": { "row": 12, "col": 22, "mostly_overlap": true, "overlap_ratio": 1.0, "type": "Land" }, "geometry": { "type": "Polygon", "coordinates": [ [ [ -87.58432537897481, 41.783383513309793 ], [ -87.58422346203767, 41.783383513309793 ], [ -87.58422346203767, 41.783553374871701 ], [ -87.58432537897481, 41.783553374871701 ], [ -87.58432537897481, 41.783383513309793 ] ] ] } },
{ "type": "Feature", "properties": { "row": 12, "col": 23, "mostly_overlap": true, "overlap_ratio": 0.5228, "type": "Land" }, "geometry": { "type": "Polygon", "coordinates": [ [ [ -87.58422346203767, 41.783383513309793 ], [ -87.58412154510053, 41.783383513309793 ], [ -87.58412154510053, 41.783553374871701 ], [ -87.58422346203767, 41.783553374871701 ], [ -87.58422346203767, 41.783383513309793 ] ] ] } },
{ "type": "Feature", "properties": { "row": 12, "col": 24, "mostly_overlap": false, "overlap_ratio": 0.0, "type": "Water" }, "geometry": { "type": "Polygon", "coordinates": [ [ [ -87.58412154510053, 41.783383513309793 ], [ -87.584019628163389, 41.783383513309793 ], [ -87.584019628163389, 41.783553374871701 ], [ -87.58412154510053, 41.783553374871701 ], [ -87.58412154510053, 41.783383513309793 ] ] ] } },
{ "type": "Feature", "properties": { "row": 12, "col": 25, "mostly_overlap": false, "overlap_ratio": 0.0, "type": "Water" }, "geometry": { "type": "Polygon", "coordinates": [ [ [ -87.584019628163389, 41.783383513309793 ], [ -87.583917711226249, 41.783383513309793 ], [ -87.583917711226249, 41.783553374871701 ], [ -87.584019628163389, 41.783553374871701 ], [ -87.584019628163389, 41.783383513309793 ] ] ] } },
{ "type": "Feature", "properties": { "row": 12, "col": 26, "mostly_overlap": false, "overlap_ratio": 0.0, "type": "Water" }, "geometry": { "type": "Polygon", "coordinates": [ [ [ -87.583917711226249, 41.783383513309793 ], [ -87.583815794289094, 41.783383513309793 ], [ -87.583815794289094, 41.783553374871701 ], [ -87.583917711226249, 41.783553374871701 ], [ -87.583917711226249, 41.783383513309793 ] ] ] } },
{ "type": "Feature", "properties": { "row": 12, "col": 27, "mostly_overlap": false, "overlap_ratio": 0.0, "type": "Water" }, "geometry": { "type": "Polygon", "coordinates": [ [ [ -87.583815794289094, 41.783383513309793 ], [ -87.583713877351954, 41.783383513309793 ], [ -87.583713877351954, 41.783553374871701 ], [ -87.583815794289094, 41.783553374871701 ], [ -87.583815794289094, 41.783383513309793 ] ] ] } },
{ "type": "Feature", "properties": { "row": 12, "col": 28, "mostly_overlap": false, "overlap_ratio": 0.0, "type": "Water" }, "geometry": { "type": "Polygon", "coordinates": [ [ [ -87.583713877351954, 41.783383513309793 ], [ -87.583611960414814, 41.783383513309793 ], [ -87.583611960414814, 41.783553374871701 ], [ -87.583713877351954, 41.783553374871701 ], [ -87.583713877351954, 41.783383513309793 ] ] ] } },
{ "type": "Feature", "properties": { "row": 12, "col": 29, "mostly_overlap": false, "overlap_ratio": 0.0, "type": "Water" }, "geometry": { "type": "Polygon", "coordinates": [ [ [ -87.583611960414814, 41.783383513309793 ], [ -87.583510043477673, 41.783383513309793 ], [ -87.583510043477673, 41.783553374871701 ], [ -87.583611960414814, 41.783553374871701 ], [ -87.583611960414814, 41.783383513309793 ] ] ] } },
{ "type": "Feature", "properties": { "row": 12, "col": 30, "mostly_overlap": false, "overlap_ratio": 0.0, "type": "Water" }, "geometry": { "type": "Polygon", "coordinates": [ [ [ -87.583510043477673, 41.783383513309793 ], [ -87.583408126540533, 41.783383513309793 ], [ -87.583408126540533, 41.783553374871701 ], [ -87.583510043477673, 41.783553374871701 ], [ -87.583510043477673, 41.783383513309793 ] ] ] } },
{ "type": "Feature", "properties": { "row": 12, "col": 31, "mostly_overlap": false, "overlap_ratio": 0.0, "type": "Water" }, "geometry": { "type": "Polygon", "coordinates": [ [ [ -87.583408126540533, 41.783383513309793 ], [ -87.583306209603393, 41.783383513309793 ], [ -87.583306209603393, 41.783553374871701 ], [ -87.583408126540533, 41.783553374871701 ], [ -87.583408126540533, 41.783383513309793 ] ] ] } },
{ "type": "Feature", "properties": { "row": 12, "col": 32, "mostly_overlap": false, "overlap_ratio": 0.0549, "type": "Water" }, "geometry": { "type": "Polygon", "coordinates": [ [ [ -87.583306209603393, 41.783383513309793 ], [ -87.583204292666238, 41.783383513309793 ], [ -87.583204292666238, 41.783553374871701 ], [ -87.583306209603393, 41.783553374871701 ], [ -87.583306209603393, 41.783383513309793 ] ] ] } },
{ "type": "Feature", "properties": { "row": 12, "col": 33, "mostly_overlap": true, "overlap_ratio": 0.9335, "type": "Land" }, "geometry": { "type": "Polygon", "coordinates": [ [ [ -87.583204292666238, 41.783383513309793 ], [ -87.583102375729098, 41.783383513309793 ], [ -87.583102375729098, 41.783553374871701 ], [ -87.583204292666238, 41.783553374871701 ], [ -87.583204292666238, 41.783383513309793 ] ] ] } },
{ "type": "Feature", "properties": { "row": 12, "col": 34, "mostly_overlap": true, "overlap_ratio": 1.0, "type": "Land" }, "geometry": { "type": "Polygon", "coordinates": [ [ [ -87.583102375729098, 41.783383513309793 ], [ -87.583000458791957, 41.783383513309793 ], [ -87.583000458791957, 41.783553374871701 ], [ -87.583102375729098, 41.783553374871701 ], [ -87.583102375729098, 41.783383513309793 ] ] ] } },
{ "type": "Feature", "properties": { "row": 12, "col": 35, "mostly_overlap": true, "overlap_ratio": 1.0, "type": "Land" }, "geometry": { "type": "Polygon", "coordinates": [ [ [ -87.583000458791957, 41.783383513309793 ], [ -87.582898541854817, 41.783383513309793 ], [ -87.582898541854817, 41.783553374871701 ], [ -87.583000458791957, 41.783553374871701 ], [ -87.583000458791957, 41.783383513309793 ] ] ] } },
{ "type": "Feature", "properties": { "row": 12, "col": 36, "mostly_overlap": true, "overlap_ratio": 1.0, "type": "Land" }, "geometry": { "type": "Polygon", "coordinates": [ [ [ -87.582898541854817, 41.783383513309793 ], [ -87.582796624917677, 41.783383513309793 ], [ -87.582796624917677, 41.783553374871701 ], [ -87.582898541854817, 41.783553374871701 ], [ -87.582898541854817, 41.783383513309793 ] ] ] } },
{ "type": "Feature", "properties": { "row": 12, "col": 37, "mostly_overlap": true, "overlap_ratio": 1.0, "type": "Land" }, "geometry": { "type": "Polygon", "coordinates": [ [ [ -87.582796624917677, 41.783383513309793 ], [ -87.582694707980536, 41.783383513309793 ], [ -87.582694707980536, 41.783553374871701 ], [ -87.582796624917677, 41.783553374871701 ], [ -87.582796624917677, 41.783383513309793 ] ] ] } },
{ "type": "Feature", "properties": { "row": 12, "col": 38, "mostly_overlap": true, "overlap_ratio": 1.0, "type": "Land" }, "geometry": { "type": "Polygon", "coordinates": [ [ [ -87.582694707980536, 41.783383513309793 ], [ -87.582592791043382, 41.783383513309793 ], [ -87.582592791043382, 41.783553374871701 ], [ -87.582694707980536, 41.783553374871701 ], [ -87.582694707980536, 41.783383513309793 ] ] ] } },
{ "type": "Feature", "properties": { "row": 12, "col": 39, "mostly_overlap": true, "overlap_ratio": 1.0, "type": "Land" }, "geometry": { "type": "Polygon", "coordinates": [ [ [ -87.582592791043382, 41.783383513309793 ], [ -87.582490874106242, 41.783383513309793 ], [ -87.582490874106242, 41.783553374871701 ], [ -87.582592791043382, 41.783553374871701 ], [ -87.582592791043382, 41.783383513309793 ] ] ] } },
{ "type": "Feature", "properties": { "row": 12, "col": 40, "mostly_overlap": true, "overlap_ratio": 0.9886, "type": "Land" }, "geometry": { "type": "Polygon", "coordinates": [ [ [ -87.582490874106242, 41.783383513309793 ], [ -87.582388957169101, 41.783383513309793 ], [ -87.582388957169101, 41.783553374871701 ], [ -87.582490874106242, 41.783553374871701 ], [ -87.582490874106242, 41.783383513309793 ] ] ] } },
{ "type": "Feature", "properties": { "row": 13, "col": 1, "mostly_overlap": true, "overlap_ratio": 0.2032, "type": "Land" }, "geometry": { "type": "Polygon", "coordinates": [ [ [ -87.586465634654814, 41.783553374871701 ], [ -87.586363717717674, 41.783553374871701 ], [ -87.586363717717674, 41.783723236433609 ], [ -87.586465634654814, 41.783723236433609 ], [ -87.586465634654814, 41.783553374871701 ] ] ] } },
{ "type": "Feature", "properties": { "row": 13, "col": 2, "mostly_overlap": true, "overlap_ratio": 1.0, "type": "Land" }, "geometry": { "type": "Polygon", "coordinates": [ [ [ -87.586363717717674, 41.783553374871701 ], [ -87.586261800780534, 41.783553374871701 ], [ -87.586261800780534, 41.783723236433609 ], [ -87.586363717717674, 41.783723236433609 ], [ -87.586363717717674, 41.783553374871701 ] ] ] } },
{ "type": "Feature", "properties": { "row": 13, "col": 3, "mostly_overlap": true, "overlap_ratio": 1.0, "type": "Land" }, "geometry": { "type": "Polygon", "coordinates": [ [ [ -87.586261800780534, 41.783553374871701 ], [ -87.586159883843379, 41.783553374871701 ], [ -87.586159883843379, 41.783723236433609 ], [ -87.586261800780534, 41.783723236433609 ], [ -87.586261800780534, 41.783553374871701 ] ] ] } },
{ "type": "Feature", "properties": { "row": 13, "col": 4, "mostly_overlap": true, "overlap_ratio": 1.0, "type": "Land" }, "geometry": { "type": "Polygon", "coordinates": [ [ [ -87.586159883843379, 41.783553374871701 ], [ -87.586057966906239, 41.783553374871701 ], [ -87.586057966906239, 41.783723236433609 ], [ -87.586159883843379, 41.783723236433609 ], [ -87.586159883843379, 41.783553374871701 ] ] ] } },
{ "type": "Feature", "properties": { "row": 13, "col": 5, "mostly_overlap": true, "overlap_ratio": 1.0, "type": "Land" }, "geometry": { "type": "Polygon", "coordinates": [ [ [ -87.586057966906239, 41.783553374871701 ], [ -87.585956049969099, 41.783553374871701 ], [ -87.585956049969099, 41.783723236433609 ], [ -87.586057966906239, 41.783723236433609 ], [ -87.586057966906239, 41.783553374871701 ] ] ] } },
{ "type": "Feature", "properties": { "row": 13, "col": 6, "mostly_overlap": true, "overlap_ratio": 1.0, "type": "Land" }, "geometry": { "type": "Polygon", "coordinates": [ [ [ -87.585956049969099, 41.783553374871701 ], [ -87.585854133031958, 41.783553374871701 ], [ -87.585854133031958, 41.783723236433609 ], [ -87.585956049969099, 41.783723236433609 ], [ -87.585956049969099, 41.783553374871701 ] ] ] } },
{ "type": "Feature", "properties": { "row": 13, "col": 7, "mostly_overlap": true, "overlap_ratio": 1.0, "type": "Land" }, "geometry": { "type": "Polygon", "coordinates": [ [ [ -87.585854133031958, 41.783553374871701 ], [ -87.585752216094818, 41.783553374871701 ], [ -87.585752216094818, 41.783723236433609 ], [ -87.585854133031958, 41.783723236433609 ], [ -87.585854133031958, 41.783553374871701 ] ] ] } },
{ "type": "Feature", "properties": { "row": 13, "col": 8, "mostly_overlap": true, "overlap_ratio": 1.0, "type": "Land" }, "geometry": { "type": "Polygon", "coordinates": [ [ [ -87.585752216094818, 41.783553374871701 ], [ -87.585650299157678, 41.783553374871701 ], [ -87.585650299157678, 41.783723236433609 ], [ -87.585752216094818, 41.783723236433609 ], [ -87.585752216094818, 41.783553374871701 ] ] ] } },
{ "type": "Feature", "properties": { "row": 13, "col": 9, "mostly_overlap": true, "overlap_ratio": 1.0, "type": "Land" }, "geometry": { "type": "Polygon", "coordinates": [ [ [ -87.585650299157678, 41.783553374871701 ], [ -87.585548382220523, 41.783553374871701 ], [ -87.585548382220523, 41.783723236433609 ], [ -87.585650299157678, 41.783723236433609 ], [ -87.585650299157678, 41.783553374871701 ] ] ] } },
{ "type": "Feature", "properties": { "row": 13, "col": 10, "mostly_overlap": true, "overlap_ratio": 1.0, "type": "Land" }, "geometry": { "type": "Polygon", "coordinates": [ [ [ -87.585548382220523, 41.783553374871701 ], [ -87.585446465283383, 41.783553374871701 ], [ -87.585446465283383, 41.783723236433609 ], [ -87.585548382220523, 41.783723236433609 ], [ -87.585548382220523, 41.783553374871701 ] ] ] } },
{ "type": "Feature", "properties": { "row": 13, "col": 11, "mostly_overlap": true, "overlap_ratio": 1.0, "type": "Land" }, "geometry": { "type": "Polygon", "coordinates": [ [ [ -87.585446465283383, 41.783553374871701 ], [ -87.585344548346242, 41.783553374871701 ], [ -87.585344548346242, 41.783723236433609 ], [ -87.585446465283383, 41.783723236433609 ], [ -87.585446465283383, 41.783553374871701 ] ] ] } },
{ "type": "Feature", "properties": { "row": 13, "col": 12, "mostly_overlap": true, "overlap_ratio": 1.0, "type": "Land" }, "geometry": { "type": "Polygon", "coordinates": [ [ [ -87.585344548346242, 41.783553374871701 ], [ -87.585242631409102, 41.783553374871701 ], [ -87.585242631409102, 41.783723236433609 ], [ -87.585344548346242, 41.783723236433609 ], [ -87.585344548346242, 41.783553374871701 ] ] ] } },
{ "type": "Feature", "properties": { "row": 13, "col": 13, "mostly_overlap": true, "overlap_ratio": 1.0, "type": "Land" }, "geometry": { "type": "Polygon", "coordinates": [ [ [ -87.585242631409102, 41.783553374871701 ], [ -87.585140714471962, 41.783553374871701 ], [ -87.585140714471962, 41.783723236433609 ], [ -87.585242631409102, 41.783723236433609 ], [ -87.585242631409102, 41.783553374871701 ] ] ] } },
{ "type": "Feature", "properties": { "row": 13, "col": 14, "mostly_overlap": true, "overlap_ratio": 1.0, "type": "Land" }, "geometry": { "type": "Polygon", "coordinates": [ [ [ -87.585140714471962, 41.783553374871701 ], [ -87.585038797534821, 41.783553374871701 ], [ -87.585038797534821, 41.783723236433609 ], [ -87.585140714471962, 41.783723236433609 ], [ -87.585140714471962, 41.783553374871701 ] ] ] } },
{ "type": "Feature", "properties": { "row": 13, "col": 15, "mostly_overlap": true, "overlap_ratio": 1.0, "type": "Land" }, "geometry": { "type": "Polygon", "coordinates": [ [ [ -87.585038797534821, 41.783553374871701 ], [ -87.584936880597667, 41.783553374871701 ], [ -87.584936880597667, 41.783723236433609 ], [ -87.585038797534821, 41.783723236433609 ], [ -87.585038797534821, 41.783553374871701 ] ] ] } },
{ "type": "Feature", "properties": { "row": 13, "col": 16, "mostly_overlap": true, "overlap_ratio": 1.0, "type": "Land" }, "geometry": { "type": "Polygon", "coordinates": [ [ [ -87.584936880597667, 41.783553374871701 ], [ -87.584834963660526, 41.783553374871701 ], [ -87.584834963660526, 41.783723236433609 ], [ -87.584936880597667, 41.783723236433609 ], [ -87.584936880597667, 41.783553374871701 ] ] ] } },
{ "type": "Feature", "properties": { "row": 13, "col": 17, "mostly_overlap": true, "overlap_ratio": 1.0, "type": "Land" }, "geometry": { "type": "Polygon", "coordinates": [ [ [ -87.584834963660526, 41.783553374871701 ], [ -87.584733046723386, 41.783553374871701 ], [ -87.584733046723386, 41.783723236433609 ], [ -87.584834963660526, 41.783723236433609 ], [ -87.584834963660526, 41.783553374871701 ] ] ] } },
{ "type": "Feature", "properties": { "row": 13, "col": 18, "mostly_overlap": true, "overlap_ratio": 1.0, "type": "Land" }, "geometry": { "type": "Polygon", "coordinates": [ [ [ -87.584733046723386, 41.783553374871701 ], [ -87.584631129786246, 41.783553374871701 ], [ -87.584631129786246, 41.783723236433609 ], [ -87.584733046723386, 41.783723236433609 ], [ -87.584733046723386, 41.783553374871701 ] ] ] } },
{ "type": "Feature", "properties": { "row": 13, "col": 19, "mostly_overlap": true, "overlap_ratio": 1.0, "type": "Land" }, "geometry": { "type": "Polygon", "coordinates": [ [ [ -87.584631129786246, 41.783553374871701 ], [ -87.584529212849105, 41.783553374871701 ], [ -87.584529212849105, 41.783723236433609 ], [ -87.584631129786246, 41.783723236433609 ], [ -87.584631129786246, 41.783553374871701 ] ] ] } },
{ "type": "Feature", "properties": { "row": 13, "col": 20, "mostly_overlap": true, "overlap_ratio": 1.0, "type": "Land" }, "geometry": { "type": "Polygon", "coordinates": [ [ [ -87.584529212849105, 41.783553374871701 ], [ -87.584427295911965, 41.783553374871701 ], [ -87.584427295911965, 41.783723236433609 ], [ -87.584529212849105, 41.783723236433609 ], [ -87.584529212849105, 41.783553374871701 ] ] ] } },
{ "type": "Feature", "properties": { "row": 13, "col": 21, "mostly_overlap": true, "overlap_ratio": 1.0, "type": "Land" }, "geometry": { "type": "Polygon", "coordinates": [ [ [ -87.584427295911951, 41.783553374871701 ], [ -87.58432537897481, 41.783553374871701 ], [ -87.58432537897481, 41.783723236433609 ], [ -87.584427295911951, 41.783723236433609 ], [ -87.584427295911951, 41.783553374871701 ] ] ] } },
{ "type": "Feature", "properties": { "row": 13, "col": 22, "mostly_overlap": true, "overlap_ratio": 1.0, "type": "Land" }, "geometry": { "type": "Polygon", "coordinates": [ [ [ -87.58432537897481, 41.783553374871701 ], [ -87.58422346203767, 41.783553374871701 ], [ -87.58422346203767, 41.783723236433609 ], [ -87.58432537897481, 41.783723236433609 ], [ -87.58432537897481, 41.783553374871701 ] ] ] } },
{ "type": "Feature", "properties": { "row": 13, "col": 23, "mostly_overlap": true, "overlap_ratio": 0.6231, "type": "Land" }, "geometry": { "type": "Polygon", "coordinates": [ [ [ -87.58422346203767, 41.783553374871701 ], [ -87.58412154510053, 41.783553374871701 ], [ -87.58412154510053, 41.783723236433609 ], [ -87.58422346203767, 41.783723236433609 ], [ -87.58422346203767, 41.783553374871701 ] ] ] } },
{ "type": "Feature", "properties": { "row": 13, "col": 24, "mostly_overlap": false, "overlap_ratio": 0.0, "type": "Water" }, "geometry": { "type": "Polygon", "coordinates": [ [ [ -87.58412154510053, 41.783553374871701 ], [ -87.584019628163389, 41.783553374871701 ], [ -87.584019628163389, 41.783723236433609 ], [ -87.58412154510053, 41.783723236433609 ], [ -87.58412154510053, 41.783553374871701 ] ] ] } },
{ "type": "Feature", "properties": { "row": 13, "col": 25, "mostly_overlap": false, "overlap_ratio": 0.0, "type": "Water" }, "geometry": { "type": "Polygon", "coordinates": [ [ [ -87.584019628163389, 41.783553374871701 ], [ -87.583917711226249, 41.783553374871701 ], [ -87.583917711226249, 41.783723236433609 ], [ -87.584019628163389, 41.783723236433609 ], [ -87.584019628163389, 41.783553374871701 ] ] ] } },
{ "type": "Feature", "properties": { "row": 13, "col": 26, "mostly_overlap": false, "overlap_ratio": 0.0, "type": "Water" }, "geometry": { "type": "Polygon", "coordinates": [ [ [ -87.583917711226249, 41.783553374871701 ], [ -87.583815794289094, 41.783553374871701 ], [ -87.583815794289094, 41.783723236433609 ], [ -87.583917711226249, 41.783723236433609 ], [ -87.583917711226249, 41.783553374871701 ] ] ] } },
{ "type": "Feature", "properties": { "row": 13, "col": 27, "mostly_overlap": false, "overlap_ratio": 0.0, "type": "Water" }, "geometry": { "type": "Polygon", "coordinates": [ [ [ -87.583815794289094, 41.783553374871701 ], [ -87.583713877351954, 41.783553374871701 ], [ -87.583713877351954, 41.783723236433609 ], [ -87.583815794289094, 41.783723236433609 ], [ -87.583815794289094, 41.783553374871701 ] ] ] } },
{ "type": "Feature", "properties": { "row": 13, "col": 28, "mostly_overlap": false, "overlap_ratio": 0.0, "type": "Water" }, "geometry": { "type": "Polygon", "coordinates": [ [ [ -87.583713877351954, 41.783553374871701 ], [ -87.583611960414814, 41.783553374871701 ], [ -87.583611960414814, 41.783723236433609 ], [ -87.583713877351954, 41.783723236433609 ], [ -87.583713877351954, 41.783553374871701 ] ] ] } },
{ "type": "Feature", "properties": { "row": 13, "col": 29, "mostly_overlap": false, "overlap_ratio": 0.0, "type": "Water" }, "geometry": { "type": "Polygon", "coordinates": [ [ [ -87.583611960414814, 41.783553374871701 ], [ -87.583510043477673, 41.783553374871701 ], [ -87.583510043477673, 41.783723236433609 ], [ -87.583611960414814, 41.783723236433609 ], [ -87.583611960414814, 41.783553374871701 ] ] ] } },
{ "type": "Feature", "properties": { "row": 13, "col": 30, "mostly_overlap": false, "overlap_ratio": 0.0, "type": "Water" }, "geometry": { "type": "Polygon", "coordinates": [ [ [ -87.583510043477673, 41.783553374871701 ], [ -87.583408126540533, 41.783553374871701 ], [ -87.583408126540533, 41.783723236433609 ], [ -87.583510043477673, 41.783723236433609 ], [ -87.583510043477673, 41.783553374871701 ] ] ] } },
{ "type": "Feature", "properties": { "row": 13, "col": 31, "mostly_overlap": false, "overlap_ratio": 0.0, "type": "Water" }, "geometry": { "type": "Polygon", "coordinates": [ [ [ -87.583408126540533, 41.783553374871701 ], [ -87.583306209603393, 41.783553374871701 ], [ -87.583306209603393, 41.783723236433609 ], [ -87.583408126540533, 41.783723236433609 ], [ -87.583408126540533, 41.783553374871701 ] ] ] } },
{ "type": "Feature", "properties": { "row": 13, "col": 32, "mostly_overlap": false, "overlap_ratio": 0.0002, "type": "Water" }, "geometry": { "type": "Polygon", "coordinates": [ [ [ -87.583306209603393, 41.783553374871701 ], [ -87.583204292666238, 41.783553374871701 ], [ -87.583204292666238, 41.783723236433609 ], [ -87.583306209603393, 41.783723236433609 ], [ -87.583306209603393, 41.783553374871701 ] ] ] } },
{ "type": "Feature", "properties": { "row": 13, "col": 33, "mostly_overlap": false, "overlap_ratio": 0.3874, "type": "Water" }, "geometry": { "type": "Polygon", "coordinates": [ [ [ -87.583204292666238, 41.783553374871701 ], [ -87.583102375729098, 41.783553374871701 ], [ -87.583102375729098, 41.783723236433609 ], [ -87.583204292666238, 41.783723236433609 ], [ -87.583204292666238, 41.783553374871701 ] ] ] } },
{ "type": "Feature", "properties": { "row": 13, "col": 34, "mostly_overlap": true, "overlap_ratio": 1.0, "type": "Land" }, "geometry": { "type": "Polygon", "coordinates": [ [ [ -87.583102375729098, 41.783553374871701 ], [ -87.583000458791957, 41.783553374871701 ], [ -87.583000458791957, 41.783723236433609 ], [ -87.583102375729098, 41.783723236433609 ], [ -87.583102375729098, 41.783553374871701 ] ] ] } },
{ "type": "Feature", "properties": { "row": 13, "col": 35, "mostly_overlap": true, "overlap_ratio": 1.0, "type": "Land" }, "geometry": { "type": "Polygon", "coordinates": [ [ [ -87.583000458791957, 41.783553374871701 ], [ -87.582898541854817, 41.783553374871701 ], [ -87.582898541854817, 41.783723236433609 ], [ -87.583000458791957, 41.783723236433609 ], [ -87.583000458791957, 41.783553374871701 ] ] ] } },
{ "type": "Feature", "properties": { "row": 13, "col": 36, "mostly_overlap": true, "overlap_ratio": 1.0, "type": "Land" }, "geometry": { "type": "Polygon", "coordinates": [ [ [ -87.582898541854817, 41.783553374871701 ], [ -87.582796624917677, 41.783553374871701 ], [ -87.582796624917677, 41.783723236433609 ], [ -87.582898541854817, 41.783723236433609 ], [ -87.582898541854817, 41.783553374871701 ] ] ] } },
{ "type": "Feature", "properties": { "row": 13, "col": 37, "mostly_overlap": true, "overlap_ratio": 1.0, "type": "Land" }, "geometry": { "type": "Polygon", "coordinates": [ [ [ -87.582796624917677, 41.783553374871701 ], [ -87.582694707980536, 41.783553374871701 ], [ -87.582694707980536, 41.783723236433609 ], [ -87.582796624917677, 41.783723236433609 ], [ -87.582796624917677, 41.783553374871701 ] ] ] } },
{ "type": "Feature", "properties": { "row": 13, "col": 38, "mostly_overlap": true, "overlap_ratio": 1.0, "type": "Land" }, "geometry": { "type": "Polygon", "coordinates": [ [ [ -87.582694707980536, 41.783553374871701 ], [ -87.582592791043382, 41.783553374871701 ], [ -87.582592791043382, 41.783723236433609 ], [ -87.582694707980536, 41.783723236433609 ], [ -87.582694707980536, 41.783553374871701 ] ] ] } },
{ "type": "Feature", "properties": { "row": 13, "col": 39, "mostly_overlap": true, "overlap_ratio": 1.0, "type": "Land" }, "geometry": { "type": "Polygon", "coordinates": [ [ [ -87.582592791043382, 41.783553374871701 ], [ -87.582490874106242, 41.783553374871701 ], [ -87.582490874106242, 41.783723236433609 ], [ -87.582592791043382, 41.783723236433609 ], [ -87.582592791043382, 41.783553374871701 ] ] ] } },
{ "type": "Feature", "properties": { "row": 13, "col": 40, "mostly_overlap": true, "overlap_ratio": 0.9876, "type": "Land" }, "geometry": { "type": "Polygon", "coordinates": [ [ [ -87.582490874106242, 41.783553374871701 ], [ -87.582388957169101, 41.783553374871701 ], [ -87.582388957169101, 41.783723236433609 ], [ -87.582490874106242, 41.783723236433609 ], [ -87.582490874106242, 41.783553374871701 ] ] ] } },
{ "type": "Feature", "properties": { "row": 14, "col": 1, "mostly_overlap": true, "overlap_ratio": 0.2456, "type": "Land" }, "geometry": { "type": "Polygon", "coordinates": [ [ [ -87.586465634654814, 41.783723236433609 ], [ -87.586363717717674, 41.783723236433609 ], [ -87.586363717717674, 41.783893097995509 ], [ -87.586465634654814, 41.783893097995509 ], [ -87.586465634654814, 41.783723236433609 ] ] ] } },
{ "type": "Feature", "properties": { "row": 14, "col": 2, "mostly_overlap": true, "overlap_ratio": 1.0, "type": "Land" }, "geometry": { "type": "Polygon", "coordinates": [ [ [ -87.586363717717674, 41.783723236433609 ], [ -87.586261800780534, 41.783723236433609 ], [ -87.586261800780534, 41.783893097995509 ], [ -87.586363717717674, 41.783893097995509 ], [ -87.586363717717674, 41.783723236433609 ] ] ] } },
{ "type": "Feature", "properties": { "row": 14, "col": 3, "mostly_overlap": true, "overlap_ratio": 1.0, "type": "Land" }, "geometry": { "type": "Polygon", "coordinates": [ [ [ -87.586261800780534, 41.783723236433609 ], [ -87.586159883843379, 41.783723236433609 ], [ -87.586159883843379, 41.783893097995509 ], [ -87.586261800780534, 41.783893097995509 ], [ -87.586261800780534, 41.783723236433609 ] ] ] } },
{ "type": "Feature", "properties": { "row": 14, "col": 4, "mostly_overlap": true, "overlap_ratio": 1.0, "type": "Land" }, "geometry": { "type": "Polygon", "coordinates": [ [ [ -87.586159883843379, 41.783723236433609 ], [ -87.586057966906239, 41.783723236433609 ], [ -87.586057966906239, 41.783893097995509 ], [ -87.586159883843379, 41.783893097995509 ], [ -87.586159883843379, 41.783723236433609 ] ] ] } },
{ "type": "Feature", "properties": { "row": 14, "col": 5, "mostly_overlap": true, "overlap_ratio": 1.0, "type": "Land" }, "geometry": { "type": "Polygon", "coordinates": [ [ [ -87.586057966906239, 41.783723236433609 ], [ -87.585956049969099, 41.783723236433609 ], [ -87.585956049969099, 41.783893097995509 ], [ -87.586057966906239, 41.783893097995509 ], [ -87.586057966906239, 41.783723236433609 ] ] ] } },
{ "type": "Feature", "properties": { "row": 14, "col": 6, "mostly_overlap": true, "overlap_ratio": 1.0, "type": "Land" }, "geometry": { "type": "Polygon", "coordinates": [ [ [ -87.585956049969099, 41.783723236433609 ], [ -87.585854133031958, 41.783723236433609 ], [ -87.585854133031958, 41.783893097995509 ], [ -87.585956049969099, 41.783893097995509 ], [ -87.585956049969099, 41.783723236433609 ] ] ] } },
{ "type": "Feature", "properties": { "row": 14, "col": 7, "mostly_overlap": true, "overlap_ratio": 1.0, "type": "Building" }, "geometry": { "type": "Polygon", "coordinates": [ [ [ -87.585854133031958, 41.783723236433609 ], [ -87.585752216094818, 41.783723236433609 ], [ -87.585752216094818, 41.783893097995509 ], [ -87.585854133031958, 41.783893097995509 ], [ -87.585854133031958, 41.783723236433609 ] ] ] } },
{ "type": "Feature", "properties": { "row": 14, "col": 8, "mostly_overlap": true, "overlap_ratio": 1.0, "type": "Building" }, "geometry": { "type": "Polygon", "coordinates": [ [ [ -87.585752216094818, 41.783723236433609 ], [ -87.585650299157678, 41.783723236433609 ], [ -87.585650299157678, 41.783893097995509 ], [ -87.585752216094818, 41.783893097995509 ], [ -87.585752216094818, 41.783723236433609 ] ] ] } },
{ "type": "Feature", "properties": { "row": 14, "col": 9, "mostly_overlap": true, "overlap_ratio": 1.0, "type": "Building" }, "geometry": { "type": "Polygon", "coordinates": [ [ [ -87.585650299157678, 41.783723236433609 ], [ -87.585548382220523, 41.783723236433609 ], [ -87.585548382220523, 41.783893097995509 ], [ -87.585650299157678, 41.783893097995509 ], [ -87.585650299157678, 41.783723236433609 ] ] ] } },
{ "type": "Feature", "properties": { "row": 14, "col": 10, "mostly_overlap": true, "overlap_ratio": 1.0, "type": "Building" }, "geometry": { "type": "Polygon", "coordinates": [ [ [ -87.585548382220523, 41.783723236433609 ], [ -87.585446465283383, 41.783723236433609 ], [ -87.585446465283383, 41.783893097995509 ], [ -87.585548382220523, 41.783893097995509 ], [ -87.585548382220523, 41.783723236433609 ] ] ] } },
{ "type": "Feature", "properties": { "row": 14, "col": 11, "mostly_overlap": true, "overlap_ratio": 1.0, "type": "Building" }, "geometry": { "type": "Polygon", "coordinates": [ [ [ -87.585446465283383, 41.783723236433609 ], [ -87.585344548346242, 41.783723236433609 ], [ -87.585344548346242, 41.783893097995509 ], [ -87.585446465283383, 41.783893097995509 ], [ -87.585446465283383, 41.783723236433609 ] ] ] } },
{ "type": "Feature", "properties": { "row": 14, "col": 12, "mostly_overlap": true, "overlap_ratio": 1.0, "type": "Building" }, "geometry": { "type": "Polygon", "coordinates": [ [ [ -87.585344548346242, 41.783723236433609 ], [ -87.585242631409102, 41.783723236433609 ], [ -87.585242631409102, 41.783893097995509 ], [ -87.585344548346242, 41.783893097995509 ], [ -87.585344548346242, 41.783723236433609 ] ] ] } },
{ "type": "Feature", "properties": { "row": 14, "col": 13, "mostly_overlap": true, "overlap_ratio": 1.0, "type": "Building" }, "geometry": { "type": "Polygon", "coordinates": [ [ [ -87.585242631409102, 41.783723236433609 ], [ -87.585140714471962, 41.783723236433609 ], [ -87.585140714471962, 41.783893097995509 ], [ -87.585242631409102, 41.783893097995509 ], [ -87.585242631409102, 41.783723236433609 ] ] ] } },
{ "type": "Feature", "properties": { "row": 14, "col": 14, "mostly_overlap": true, "overlap_ratio": 1.0, "type": "Land" }, "geometry": { "type": "Polygon", "coordinates": [ [ [ -87.585140714471962, 41.783723236433609 ], [ -87.585038797534821, 41.783723236433609 ], [ -87.585038797534821, 41.783893097995509 ], [ -87.585140714471962, 41.783893097995509 ], [ -87.585140714471962, 41.783723236433609 ] ] ] } },
{ "type": "Feature", "properties": { "row": 14, "col": 15, "mostly_overlap": true, "overlap_ratio": 1.0, "type": "Land" }, "geometry": { "type": "Polygon", "coordinates": [ [ [ -87.585038797534821, 41.783723236433609 ], [ -87.584936880597667, 41.783723236433609 ], [ -87.584936880597667, 41.783893097995509 ], [ -87.585038797534821, 41.783893097995509 ], [ -87.585038797534821, 41.783723236433609 ] ] ] } },
{ "type": "Feature", "properties": { "row": 14, "col": 16, "mostly_overlap": true, "overlap_ratio": 1.0, "type": "Land" }, "geometry": { "type": "Polygon", "coordinates": [ [ [ -87.584936880597667, 41.783723236433609 ], [ -87.584834963660526, 41.783723236433609 ], [ -87.584834963660526, 41.783893097995509 ], [ -87.584936880597667, 41.783893097995509 ], [ -87.584936880597667, 41.783723236433609 ] ] ] } },
{ "type": "Feature", "properties": { "row": 14, "col": 17, "mostly_overlap": true, "overlap_ratio": 1.0, "type": "Land" }, "geometry": { "type": "Polygon", "coordinates": [ [ [ -87.584834963660526, 41.783723236433609 ], [ -87.584733046723386, 41.783723236433609 ], [ -87.584733046723386, 41.783893097995509 ], [ -87.584834963660526, 41.783893097995509 ], [ -87.584834963660526, 41.783723236433609 ] ] ] } },
{ "type": "Feature", "properties": { "row": 14, "col": 18, "mostly_overlap": true, "overlap_ratio": 1.0, "type": "Land" }, "geometry": { "type": "Polygon", "coordinates": [ [ [ -87.584733046723386, 41.783723236433609 ], [ -87.584631129786246, 41.783723236433609 ], [ -87.584631129786246, 41.783893097995509 ], [ -87.584733046723386, 41.783893097995509 ], [ -87.584733046723386, 41.783723236433609 ] ] ] } },
{ "type": "Feature", "properties": { "row": 14, "col": 19, "mostly_overlap": true, "overlap_ratio": 1.0, "type": "Land" }, "geometry": { "type": "Polygon", "coordinates": [ [ [ -87.584631129786246, 41.783723236433609 ], [ -87.584529212849105, 41.783723236433609 ], [ -87.584529212849105, 41.783893097995509 ], [ -87.584631129786246, 41.783893097995509 ], [ -87.584631129786246, 41.783723236433609 ] ] ] } },
{ "type": "Feature", "properties": { "row": 14, "col": 20, "mostly_overlap": true, "overlap_ratio": 1.0, "type": "Land" }, "geometry": { "type": "Polygon", "coordinates": [ [ [ -87.584529212849105, 41.783723236433609 ], [ -87.584427295911965, 41.783723236433609 ], [ -87.584427295911965, 41.783893097995509 ], [ -87.584529212849105, 41.783893097995509 ], [ -87.584529212849105, 41.783723236433609 ] ] ] } },
{ "type": "Feature", "properties": { "row": 14, "col": 21, "mostly_overlap": true, "overlap_ratio": 1.0, "type": "Land" }, "geometry": { "type": "Polygon", "coordinates": [ [ [ -87.584427295911951, 41.783723236433609 ], [ -87.58432537897481, 41.783723236433609 ], [ -87.58432537897481, 41.783893097995509 ], [ -87.584427295911951, 41.783893097995509 ], [ -87.584427295911951, 41.783723236433609 ] ] ] } },
{ "type": "Feature", "properties": { "row": 14, "col": 22, "mostly_overlap": true, "overlap_ratio": 1.0, "type": "Land" }, "geometry": { "type": "Polygon", "coordinates": [ [ [ -87.58432537897481, 41.783723236433609 ], [ -87.58422346203767, 41.783723236433609 ], [ -87.58422346203767, 41.783893097995509 ], [ -87.58432537897481, 41.783893097995509 ], [ -87.58432537897481, 41.783723236433609 ] ] ] } },
{ "type": "Feature", "properties": { "row": 14, "col": 23, "mostly_overlap": true, "overlap_ratio": 0.6868, "type": "Land" }, "geometry": { "type": "Polygon", "coordinates": [ [ [ -87.58422346203767, 41.783723236433609 ], [ -87.58412154510053, 41.783723236433609 ], [ -87.58412154510053, 41.783893097995509 ], [ -87.58422346203767, 41.783893097995509 ], [ -87.58422346203767, 41.783723236433609 ] ] ] } },
{ "type": "Feature", "properties": { "row": 14, "col": 24, "mostly_overlap": false, "overlap_ratio": 0.0, "type": "Water" }, "geometry": { "type": "Polygon", "coordinates": [ [ [ -87.58412154510053, 41.783723236433609 ], [ -87.584019628163389, 41.783723236433609 ], [ -87.584019628163389, 41.783893097995509 ], [ -87.58412154510053, 41.783893097995509 ], [ -87.58412154510053, 41.783723236433609 ] ] ] } },
{ "type": "Feature", "properties": { "row": 14, "col": 25, "mostly_overlap": false, "overlap_ratio": 0.0, "type": "Water" }, "geometry": { "type": "Polygon", "coordinates": [ [ [ -87.584019628163389, 41.783723236433609 ], [ -87.583917711226249, 41.783723236433609 ], [ -87.583917711226249, 41.783893097995509 ], [ -87.584019628163389, 41.783893097995509 ], [ -87.584019628163389, 41.783723236433609 ] ] ] } },
{ "type": "Feature", "properties": { "row": 14, "col": 26, "mostly_overlap": false, "overlap_ratio": 0.0, "type": "Water" }, "geometry": { "type": "Polygon", "coordinates": [ [ [ -87.583917711226249, 41.783723236433609 ], [ -87.583815794289094, 41.783723236433609 ], [ -87.583815794289094, 41.783893097995509 ], [ -87.583917711226249, 41.783893097995509 ], [ -87.583917711226249, 41.783723236433609 ] ] ] } },
{ "type": "Feature", "properties": { "row": 14, "col": 27, "mostly_overlap": false, "overlap_ratio": 0.0, "type": "Water" }, "geometry": { "type": "Polygon", "coordinates": [ [ [ -87.583815794289094, 41.783723236433609 ], [ -87.583713877351954, 41.783723236433609 ], [ -87.583713877351954, 41.783893097995509 ], [ -87.583815794289094, 41.783893097995509 ], [ -87.583815794289094, 41.783723236433609 ] ] ] } },
{ "type": "Feature", "properties": { "row": 14, "col": 28, "mostly_overlap": false, "overlap_ratio": 0.0, "type": "Water" }, "geometry": { "type": "Polygon", "coordinates": [ [ [ -87.583713877351954, 41.783723236433609 ], [ -87.583611960414814, 41.783723236433609 ], [ -87.583611960414814, 41.783893097995509 ], [ -87.583713877351954, 41.783893097995509 ], [ -87.583713877351954, 41.783723236433609 ] ] ] } },
{ "type": "Feature", "properties": { "row": 14, "col": 29, "mostly_overlap": false, "overlap_ratio": 0.0, "type": "Water" }, "geometry": { "type": "Polygon", "coordinates": [ [ [ -87.583611960414814, 41.783723236433609 ], [ -87.583510043477673, 41.783723236433609 ], [ -87.583510043477673, 41.783893097995509 ], [ -87.583611960414814, 41.783893097995509 ], [ -87.583611960414814, 41.783723236433609 ] ] ] } },
{ "type": "Feature", "properties": { "row": 14, "col": 30, "mostly_overlap": false, "overlap_ratio": 0.0, "type": "Water" }, "geometry": { "type": "Polygon", "coordinates": [ [ [ -87.583510043477673, 41.783723236433609 ], [ -87.583408126540533, 41.783723236433609 ], [ -87.583408126540533, 41.783893097995509 ], [ -87.583510043477673, 41.783893097995509 ], [ -87.583510043477673, 41.783723236433609 ] ] ] } },
{ "type": "Feature", "properties": { "row": 14, "col": 31, "mostly_overlap": false, "overlap_ratio": 0.0, "type": "Water" }, "geometry": { "type": "Polygon", "coordinates": [ [ [ -87.583408126540533, 41.783723236433609 ], [ -87.583306209603393, 41.783723236433609 ], [ -87.583306209603393, 41.783893097995509 ], [ -87.583408126540533, 41.783893097995509 ], [ -87.583408126540533, 41.783723236433609 ] ] ] } },
{ "type": "Feature", "properties": { "row": 14, "col": 32, "mostly_overlap": false, "overlap_ratio": 0.107, "type": "Water" }, "geometry": { "type": "Polygon", "coordinates": [ [ [ -87.583306209603393, 41.783723236433609 ], [ -87.583204292666238, 41.783723236433609 ], [ -87.583204292666238, 41.783893097995509 ], [ -87.583306209603393, 41.783893097995509 ], [ -87.583306209603393, 41.783723236433609 ] ] ] } },
{ "type": "Feature", "properties": { "row": 14, "col": 33, "mostly_overlap": true, "overlap_ratio": 0.8823, "type": "Land" }, "geometry": { "type": "Polygon", "coordinates": [ [ [ -87.583204292666238, 41.783723236433609 ], [ -87.583102375729098, 41.783723236433609 ], [ -87.583102375729098, 41.783893097995509 ], [ -87.583204292666238, 41.783893097995509 ], [ -87.583204292666238, 41.783723236433609 ] ] ] } },
{ "type": "Feature", "properties": { "row": 14, "col": 34, "mostly_overlap": true, "overlap_ratio": 1.0, "type": "Land" }, "geometry": { "type": "Polygon", "coordinates": [ [ [ -87.583102375729098, 41.783723236433609 ], [ -87.583000458791957, 41.783723236433609 ], [ -87.583000458791957, 41.783893097995509 ], [ -87.583102375729098, 41.783893097995509 ], [ -87.583102375729098, 41.783723236433609 ] ] ] } },
{ "type": "Feature", "properties": { "row": 14, "col": 35, "mostly_overlap": true, "overlap_ratio": 1.0, "type": "Land" }, "geometry": { "type": "Polygon", "coordinates": [ [ [ -87.583000458791957, 41.783723236433609 ], [ -87.582898541854817, 41.783723236433609 ], [ -87.582898541854817, 41.783893097995509 ], [ -87.583000458791957, 41.783893097995509 ], [ -87.583000458791957, 41.783723236433609 ] ] ] } },
{ "type": "Feature", "properties": { "row": 14, "col": 36, "mostly_overlap": true, "overlap_ratio": 1.0, "type": "Land" }, "geometry": { "type": "Polygon", "coordinates": [ [ [ -87.582898541854817, 41.783723236433609 ], [ -87.582796624917677, 41.783723236433609 ], [ -87.582796624917677, 41.783893097995509 ], [ -87.582898541854817, 41.783893097995509 ], [ -87.582898541854817, 41.783723236433609 ] ] ] } },
{ "type": "Feature", "properties": { "row": 14, "col": 37, "mostly_overlap": true, "overlap_ratio": 1.0, "type": "Land" }, "geometry": { "type": "Polygon", "coordinates": [ [ [ -87.582796624917677, 41.783723236433609 ], [ -87.582694707980536, 41.783723236433609 ], [ -87.582694707980536, 41.783893097995509 ], [ -87.582796624917677, 41.783893097995509 ], [ -87.582796624917677, 41.783723236433609 ] ] ] } },
{ "type": "Feature", "properties": { "row": 14, "col": 38, "mostly_overlap": true, "overlap_ratio": 1.0, "type": "Land" }, "geometry": { "type": "Polygon", "coordinates": [ [ [ -87.582694707980536, 41.783723236433609 ], [ -87.582592791043382, 41.783723236433609 ], [ -87.582592791043382, 41.783893097995509 ], [ -87.582694707980536, 41.783893097995509 ], [ -87.582694707980536, 41.783723236433609 ] ] ] } },
{ "type": "Feature", "properties": { "row": 14, "col": 39, "mostly_overlap": true, "overlap_ratio": 1.0, "type": "Land" }, "geometry": { "type": "Polygon", "coordinates": [ [ [ -87.582592791043382, 41.783723236433609 ], [ -87.582490874106242, 41.783723236433609 ], [ -87.582490874106242, 41.783893097995509 ], [ -87.582592791043382, 41.783893097995509 ], [ -87.582592791043382, 41.783723236433609 ] ] ] } },
{ "type": "Feature", "properties": { "row": 14, "col": 40, "mostly_overlap": true, "overlap_ratio": 0.9866, "type": "Land" }, "geometry": { "type": "Polygon", "coordinates": [ [ [ -87.582490874106242, 41.783723236433609 ], [ -87.582388957169101, 41.783723236433609 ], [ -87.582388957169101, 41.783893097995509 ], [ -87.582490874106242, 41.783893097995509 ], [ -87.582490874106242, 41.783723236433609 ] ] ] } },
{ "type": "Feature", "properties": { "row": 15, "col": 1, "mostly_overlap": true, "overlap_ratio": 0.288, "type": "Land" }, "geometry": { "type": "Polygon", "coordinates": [ [ [ -87.586465634654814, 41.783893097995509 ], [ -87.586363717717674, 41.783893097995509 ], [ -87.586363717717674, 41.784062959557417 ], [ -87.586465634654814, 41.784062959557417 ], [ -87.586465634654814, 41.783893097995509 ] ] ] } },
{ "type": "Feature", "properties": { "row": 15, "col": 2, "mostly_overlap": true, "overlap_ratio": 1.0, "type": "Land" }, "geometry": { "type": "Polygon", "coordinates": [ [ [ -87.586363717717674, 41.783893097995509 ], [ -87.586261800780534, 41.783893097995509 ], [ -87.586261800780534, 41.784062959557417 ], [ -87.586363717717674, 41.784062959557417 ], [ -87.586363717717674, 41.783893097995509 ] ] ] } },
{ "type": "Feature", "properties": { "row": 15, "col": 3, "mostly_overlap": true, "overlap_ratio": 1.0, "type": "Land" }, "geometry": { "type": "Polygon", "coordinates": [ [ [ -87.586261800780534, 41.783893097995509 ], [ -87.586159883843379, 41.783893097995509 ], [ -87.586159883843379, 41.784062959557417 ], [ -87.586261800780534, 41.784062959557417 ], [ -87.586261800780534, 41.783893097995509 ] ] ] } },
{ "type": "Feature", "properties": { "row": 15, "col": 4, "mostly_overlap": true, "overlap_ratio": 1.0, "type": "Land" }, "geometry": { "type": "Polygon", "coordinates": [ [ [ -87.586159883843379, 41.783893097995509 ], [ -87.586057966906239, 41.783893097995509 ], [ -87.586057966906239, 41.784062959557417 ], [ -87.586159883843379, 41.784062959557417 ], [ -87.586159883843379, 41.783893097995509 ] ] ] } },
{ "type": "Feature", "properties": { "row": 15, "col": 5, "mostly_overlap": true, "overlap_ratio": 1.0, "type": "Land" }, "geometry": { "type": "Polygon", "coordinates": [ [ [ -87.586057966906239, 41.783893097995509 ], [ -87.585956049969099, 41.783893097995509 ], [ -87.585956049969099, 41.784062959557417 ], [ -87.586057966906239, 41.784062959557417 ], [ -87.586057966906239, 41.783893097995509 ] ] ] } },
{ "type": "Feature", "properties": { "row": 15, "col": 6, "mostly_overlap": true, "overlap_ratio": 1.0, "type": "Land" }, "geometry": { "type": "Polygon", "coordinates": [ [ [ -87.585956049969099, 41.783893097995509 ], [ -87.585854133031958, 41.783893097995509 ], [ -87.585854133031958, 41.784062959557417 ], [ -87.585956049969099, 41.784062959557417 ], [ -87.585956049969099, 41.783893097995509 ] ] ] } },
{ "type": "Feature", "properties": { "row": 15, "col": 7, "mostly_overlap": true, "overlap_ratio": 1.0, "type": "Building" }, "geometry": { "type": "Polygon", "coordinates": [ [ [ -87.585854133031958, 41.783893097995509 ], [ -87.585752216094818, 41.783893097995509 ], [ -87.585752216094818, 41.784062959557417 ], [ -87.585854133031958, 41.784062959557417 ], [ -87.585854133031958, 41.783893097995509 ] ] ] } },
{ "type": "Feature", "properties": { "row": 15, "col": 8, "mostly_overlap": true, "overlap_ratio": 1.0, "type": "Building" }, "geometry": { "type": "Polygon", "coordinates": [ [ [ -87.585752216094818, 41.783893097995509 ], [ -87.585650299157678, 41.783893097995509 ], [ -87.585650299157678, 41.784062959557417 ], [ -87.585752216094818, 41.784062959557417 ], [ -87.585752216094818, 41.783893097995509 ] ] ] } },
{ "type": "Feature", "properties": { "row": 15, "col": 9, "mostly_overlap": true, "overlap_ratio": 1.0, "type": "Building" }, "geometry": { "type": "Polygon", "coordinates": [ [ [ -87.585650299157678, 41.783893097995509 ], [ -87.585548382220523, 41.783893097995509 ], [ -87.585548382220523, 41.784062959557417 ], [ -87.585650299157678, 41.784062959557417 ], [ -87.585650299157678, 41.783893097995509 ] ] ] } },
{ "type": "Feature", "properties": { "row": 15, "col": 10, "mostly_overlap": true, "overlap_ratio": 1.0, "type": "Building" }, "geometry": { "type": "Polygon", "coordinates": [ [ [ -87.585548382220523, 41.783893097995509 ], [ -87.585446465283383, 41.783893097995509 ], [ -87.585446465283383, 41.784062959557417 ], [ -87.585548382220523, 41.784062959557417 ], [ -87.585548382220523, 41.783893097995509 ] ] ] } },
{ "type": "Feature", "properties": { "row": 15, "col": 11, "mostly_overlap": true, "overlap_ratio": 1.0, "type": "Building" }, "geometry": { "type": "Polygon", "coordinates": [ [ [ -87.585446465283383, 41.783893097995509 ], [ -87.585344548346242, 41.783893097995509 ], [ -87.585344548346242, 41.784062959557417 ], [ -87.585446465283383, 41.784062959557417 ], [ -87.585446465283383, 41.783893097995509 ] ] ] } },
{ "type": "Feature", "properties": { "row": 15, "col": 12, "mostly_overlap": true, "overlap_ratio": 1.0, "type": "Building" }, "geometry": { "type": "Polygon", "coordinates": [ [ [ -87.585344548346242, 41.783893097995509 ], [ -87.585242631409102, 41.783893097995509 ], [ -87.585242631409102, 41.784062959557417 ], [ -87.585344548346242, 41.784062959557417 ], [ -87.585344548346242, 41.783893097995509 ] ] ] } },
{ "type": "Feature", "properties": { "row": 15, "col": 13, "mostly_overlap": true, "overlap_ratio": 1.0, "type": "Building" }, "geometry": { "type": "Polygon", "coordinates": [ [ [ -87.585242631409102, 41.783893097995509 ], [ -87.585140714471962, 41.783893097995509 ], [ -87.585140714471962, 41.784062959557417 ], [ -87.585242631409102, 41.784062959557417 ], [ -87.585242631409102, 41.783893097995509 ] ] ] } },
{ "type": "Feature", "properties": { "row": 15, "col": 14, "mostly_overlap": true, "overlap_ratio": 1.0, "type": "Land" }, "geometry": { "type": "Polygon", "coordinates": [ [ [ -87.585140714471962, 41.783893097995509 ], [ -87.585038797534821, 41.783893097995509 ], [ -87.585038797534821, 41.784062959557417 ], [ -87.585140714471962, 41.784062959557417 ], [ -87.585140714471962, 41.783893097995509 ] ] ] } },
{ "type": "Feature", "properties": { "row": 15, "col": 15, "mostly_overlap": true, "overlap_ratio": 1.0, "type": "Land" }, "geometry": { "type": "Polygon", "coordinates": [ [ [ -87.585038797534821, 41.783893097995509 ], [ -87.584936880597667, 41.783893097995509 ], [ -87.584936880597667, 41.784062959557417 ], [ -87.585038797534821, 41.784062959557417 ], [ -87.585038797534821, 41.783893097995509 ] ] ] } },
{ "type": "Feature", "properties": { "row": 15, "col": 16, "mostly_overlap": true, "overlap_ratio": 1.0, "type": "Land" }, "geometry": { "type": "Polygon", "coordinates": [ [ [ -87.584936880597667, 41.783893097995509 ], [ -87.584834963660526, 41.783893097995509 ], [ -87.584834963660526, 41.784062959557417 ], [ -87.584936880597667, 41.784062959557417 ], [ -87.584936880597667, 41.783893097995509 ] ] ] } },
{ "type": "Feature", "properties": { "row": 15, "col": 17, "mostly_overlap": true, "overlap_ratio": 1.0, "type": "Land" }, "geometry": { "type": "Polygon", "coordinates": [ [ [ -87.584834963660526, 41.783893097995509 ], [ -87.584733046723386, 41.783893097995509 ], [ -87.584733046723386, 41.784062959557417 ], [ -87.584834963660526, 41.784062959557417 ], [ -87.584834963660526, 41.783893097995509 ] ] ] } },
{ "type": "Feature", "properties": { "row": 15, "col": 18, "mostly_overlap": true, "overlap_ratio": 1.0, "type": "Land" }, "geometry": { "type": "Polygon", "coordinates": [ [ [ -87.584733046723386, 41.783893097995509 ], [ -87.584631129786246, 41.783893097995509 ], [ -87.584631129786246, 41.784062959557417 ], [ -87.584733046723386, 41.784062959557417 ], [ -87.584733046723386, 41.783893097995509 ] ] ] } },
{ "type": "Feature", "properties": { "row": 15, "col": 19, "mostly_overlap": true, "overlap_ratio": 1.0, "type": "Land" }, "geometry": { "type": "Polygon", "coordinates": [ [ [ -87.584631129786246, 41.783893097995509 ], [ -87.584529212849105, 41.783893097995509 ], [ -87.584529212849105, 41.784062959557417 ], [ -87.584631129786246, 41.784062959557417 ], [ -87.584631129786246, 41.783893097995509 ] ] ] } },
{ "type": "Feature", "properties": { "row": 15, "col": 20, "mostly_overlap": true, "overlap_ratio": 1.0, "type": "Land" }, "geometry": { "type": "Polygon", "coordinates": [ [ [ -87.584529212849105, 41.783893097995509 ], [ -87.584427295911965, 41.783893097995509 ], [ -87.584427295911965, 41.784062959557417 ], [ -87.584529212849105, 41.784062959557417 ], [ -87.584529212849105, 41.783893097995509 ] ] ] } },
{ "type": "Feature", "properties": { "row": 15, "col": 21, "mostly_overlap": true, "overlap_ratio": 1.0, "type": "Land" }, "geometry": { "type": "Polygon", "coordinates": [ [ [ -87.584427295911951, 41.783893097995509 ], [ -87.58432537897481, 41.783893097995509 ], [ -87.58432537897481, 41.784062959557417 ], [ -87.584427295911951, 41.784062959557417 ], [ -87.584427295911951, 41.783893097995509 ] ] ] } },
{ "type": "Feature", "properties": { "row": 15, "col": 22, "mostly_overlap": true, "overlap_ratio": 1.0, "type": "Land" }, "geometry": { "type": "Polygon", "coordinates": [ [ [ -87.58432537897481, 41.783893097995509 ], [ -87.58422346203767, 41.783893097995509 ], [ -87.58422346203767, 41.784062959557417 ], [ -87.58432537897481, 41.784062959557417 ], [ -87.58432537897481, 41.783893097995509 ] ] ] } },
{ "type": "Feature", "properties": { "row": 15, "col": 23, "mostly_overlap": true, "overlap_ratio": 0.7072, "type": "Land" }, "geometry": { "type": "Polygon", "coordinates": [ [ [ -87.58422346203767, 41.783893097995509 ], [ -87.58412154510053, 41.783893097995509 ], [ -87.58412154510053, 41.784062959557417 ], [ -87.58422346203767, 41.784062959557417 ], [ -87.58422346203767, 41.783893097995509 ] ] ] } },
{ "type": "Feature", "properties": { "row": 15, "col": 24, "mostly_overlap": false, "overlap_ratio": 0.0, "type": "Water" }, "geometry": { "type": "Polygon", "coordinates": [ [ [ -87.58412154510053, 41.783893097995509 ], [ -87.584019628163389, 41.783893097995509 ], [ -87.584019628163389, 41.784062959557417 ], [ -87.58412154510053, 41.784062959557417 ], [ -87.58412154510053, 41.783893097995509 ] ] ] } },
{ "type": "Feature", "properties": { "row": 15, "col": 25, "mostly_overlap": false, "overlap_ratio": 0.0, "type": "Water" }, "geometry": { "type": "Polygon", "coordinates": [ [ [ -87.584019628163389, 41.783893097995509 ], [ -87.583917711226249, 41.783893097995509 ], [ -87.583917711226249, 41.784062959557417 ], [ -87.584019628163389, 41.784062959557417 ], [ -87.584019628163389, 41.783893097995509 ] ] ] } },
{ "type": "Feature", "properties": { "row": 15, "col": 26, "mostly_overlap": false, "overlap_ratio": 0.0, "type": "Water" }, "geometry": { "type": "Polygon", "coordinates": [ [ [ -87.583917711226249, 41.783893097995509 ], [ -87.583815794289094, 41.783893097995509 ], [ -87.583815794289094, 41.784062959557417 ], [ -87.583917711226249, 41.784062959557417 ], [ -87.583917711226249, 41.783893097995509 ] ] ] } },
{ "type": "Feature", "properties": { "row": 15, "col": 27, "mostly_overlap": false, "overlap_ratio": 0.0, "type": "Water" }, "geometry": { "type": "Polygon", "coordinates": [ [ [ -87.583815794289094, 41.783893097995509 ], [ -87.583713877351954, 41.783893097995509 ], [ -87.583713877351954, 41.784062959557417 ], [ -87.583815794289094, 41.784062959557417 ], [ -87.583815794289094, 41.783893097995509 ] ] ] } },
{ "type": "Feature", "properties": { "row": 15, "col": 28, "mostly_overlap": false, "overlap_ratio": 0.0, "type": "Water" }, "geometry": { "type": "Polygon", "coordinates": [ [ [ -87.583713877351954, 41.783893097995509 ], [ -87.583611960414814, 41.783893097995509 ], [ -87.583611960414814, 41.784062959557417 ], [ -87.583713877351954, 41.784062959557417 ], [ -87.583713877351954, 41.783893097995509 ] ] ] } },
{ "type": "Feature", "properties": { "row": 15, "col": 29, "mostly_overlap": false, "overlap_ratio": 0.0, "type": "Water" }, "geometry": { "type": "Polygon", "coordinates": [ [ [ -87.583611960414814, 41.783893097995509 ], [ -87.583510043477673, 41.783893097995509 ], [ -87.583510043477673, 41.784062959557417 ], [ -87.583611960414814, 41.784062959557417 ], [ -87.583611960414814, 41.783893097995509 ] ] ] } },
{ "type": "Feature", "properties": { "row": 15, "col": 30, "mostly_overlap": false, "overlap_ratio": 0.0, "type": "Water" }, "geometry": { "type": "Polygon", "coordinates": [ [ [ -87.583510043477673, 41.783893097995509 ], [ -87.583408126540533, 41.783893097995509 ], [ -87.583408126540533, 41.784062959557417 ], [ -87.583510043477673, 41.784062959557417 ], [ -87.583510043477673, 41.783893097995509 ] ] ] } },
{ "type": "Feature", "properties": { "row": 15, "col": 31, "mostly_overlap": false, "overlap_ratio": 0.0019, "type": "Water" }, "geometry": { "type": "Polygon", "coordinates": [ [ [ -87.583408126540533, 41.783893097995509 ], [ -87.583306209603393, 41.783893097995509 ], [ -87.583306209603393, 41.784062959557417 ], [ -87.583408126540533, 41.784062959557417 ], [ -87.583408126540533, 41.783893097995509 ] ] ] } },
{ "type": "Feature", "properties": { "row": 15, "col": 32, "mostly_overlap": true, "overlap_ratio": 0.7108, "type": "Land" }, "geometry": { "type": "Polygon", "coordinates": [ [ [ -87.583306209603393, 41.783893097995509 ], [ -87.583204292666238, 41.783893097995509 ], [ -87.583204292666238, 41.784062959557417 ], [ -87.583306209603393, 41.784062959557417 ], [ -87.583306209603393, 41.783893097995509 ] ] ] } },
{ "type": "Feature", "properties": { "row": 15, "col": 33, "mostly_overlap": true, "overlap_ratio": 1.0, "type": "Land" }, "geometry": { "type": "Polygon", "coordinates": [ [ [ -87.583204292666238, 41.783893097995509 ], [ -87.583102375729098, 41.783893097995509 ], [ -87.583102375729098, 41.784062959557417 ], [ -87.583204292666238, 41.784062959557417 ], [ -87.583204292666238, 41.783893097995509 ] ] ] } },
{ "type": "Feature", "properties": { "row": 15, "col": 34, "mostly_overlap": true, "overlap_ratio": 1.0, "type": "Land" }, "geometry": { "type": "Polygon", "coordinates": [ [ [ -87.583102375729098, 41.783893097995509 ], [ -87.583000458791957, 41.783893097995509 ], [ -87.583000458791957, 41.784062959557417 ], [ -87.583102375729098, 41.784062959557417 ], [ -87.583102375729098, 41.783893097995509 ] ] ] } },
{ "type": "Feature", "properties": { "row": 15, "col": 35, "mostly_overlap": true, "overlap_ratio": 1.0, "type": "Land" }, "geometry": { "type": "Polygon", "coordinates": [ [ [ -87.583000458791957, 41.783893097995509 ], [ -87.582898541854817, 41.783893097995509 ], [ -87.582898541854817, 41.784062959557417 ], [ -87.583000458791957, 41.784062959557417 ], [ -87.583000458791957, 41.783893097995509 ] ] ] } },
{ "type": "Feature", "properties": { "row": 15, "col": 36, "mostly_overlap": true, "overlap_ratio": 1.0, "type": "Land" }, "geometry": { "type": "Polygon", "coordinates": [ [ [ -87.582898541854817, 41.783893097995509 ], [ -87.582796624917677, 41.783893097995509 ], [ -87.582796624917677, 41.784062959557417 ], [ -87.582898541854817, 41.784062959557417 ], [ -87.582898541854817, 41.783893097995509 ] ] ] } },
{ "type": "Feature", "properties": { "row": 15, "col": 37, "mostly_overlap": true, "overlap_ratio": 1.0, "type": "Land" }, "geometry": { "type": "Polygon", "coordinates": [ [ [ -87.582796624917677, 41.783893097995509 ], [ -87.582694707980536, 41.783893097995509 ], [ -87.582694707980536, 41.784062959557417 ], [ -87.582796624917677, 41.784062959557417 ], [ -87.582796624917677, 41.783893097995509 ] ] ] } },
{ "type": "Feature", "properties": { "row": 15, "col": 38, "mostly_overlap": true, "overlap_ratio": 1.0, "type": "Land" }, "geometry": { "type": "Polygon", "coordinates": [ [ [ -87.582694707980536, 41.783893097995509 ], [ -87.582592791043382, 41.783893097995509 ], [ -87.582592791043382, 41.784062959557417 ], [ -87.582694707980536, 41.784062959557417 ], [ -87.582694707980536, 41.783893097995509 ] ] ] } },
{ "type": "Feature", "properties": { "row": 15, "col": 39, "mostly_overlap": true, "overlap_ratio": 1.0, "type": "Land" }, "geometry": { "type": "Polygon", "coordinates": [ [ [ -87.582592791043382, 41.783893097995509 ], [ -87.582490874106242, 41.783893097995509 ], [ -87.582490874106242, 41.784062959557417 ], [ -87.582592791043382, 41.784062959557417 ], [ -87.582592791043382, 41.783893097995509 ] ] ] } },
{ "type": "Feature", "properties": { "row": 15, "col": 40, "mostly_overlap": true, "overlap_ratio": 0.9856, "type": "Land" }, "geometry": { "type": "Polygon", "coordinates": [ [ [ -87.582490874106242, 41.783893097995509 ], [ -87.582388957169101, 41.783893097995509 ], [ -87.582388957169101, 41.784062959557417 ], [ -87.582490874106242, 41.784062959557417 ], [ -87.582490874106242, 41.783893097995509 ] ] ] } },
{ "type": "Feature", "properties": { "row": 16, "col": 1, "mostly_overlap": true, "overlap_ratio": 0.3304, "type": "Land" }, "geometry": { "type": "Polygon", "coordinates": [ [ [ -87.586465634654814, 41.784062959557417 ], [ -87.586363717717674, 41.784062959557417 ], [ -87.586363717717674, 41.784232821119318 ], [ -87.586465634654814, 41.784232821119318 ], [ -87.586465634654814, 41.784062959557417 ] ] ] } },
{ "type": "Feature", "properties": { "row": 16, "col": 2, "mostly_overlap": true, "overlap_ratio": 1.0, "type": "Land" }, "geometry": { "type": "Polygon", "coordinates": [ [ [ -87.586363717717674, 41.784062959557417 ], [ -87.586261800780534, 41.784062959557417 ], [ -87.586261800780534, 41.784232821119318 ], [ -87.586363717717674, 41.784232821119318 ], [ -87.586363717717674, 41.784062959557417 ] ] ] } },
{ "type": "Feature", "properties": { "row": 16, "col": 3, "mostly_overlap": true, "overlap_ratio": 1.0, "type": "Land" }, "geometry": { "type": "Polygon", "coordinates": [ [ [ -87.586261800780534, 41.784062959557417 ], [ -87.586159883843379, 41.784062959557417 ], [ -87.586159883843379, 41.784232821119318 ], [ -87.586261800780534, 41.784232821119318 ], [ -87.586261800780534, 41.784062959557417 ] ] ] } },
{ "type": "Feature", "properties": { "row": 16, "col": 4, "mostly_overlap": true, "overlap_ratio": 1.0, "type": "Land" }, "geometry": { "type": "Polygon", "coordinates": [ [ [ -87.586159883843379, 41.784062959557417 ], [ -87.586057966906239, 41.784062959557417 ], [ -87.586057966906239, 41.784232821119318 ], [ -87.586159883843379, 41.784232821119318 ], [ -87.586159883843379, 41.784062959557417 ] ] ] } },
{ "type": "Feature", "properties": { "row": 16, "col": 5, "mostly_overlap": true, "overlap_ratio": 1.0, "type": "Land" }, "geometry": { "type": "Polygon", "coordinates": [ [ [ -87.586057966906239, 41.784062959557417 ], [ -87.585956049969099, 41.784062959557417 ], [ -87.585956049969099, 41.784232821119318 ], [ -87.586057966906239, 41.784232821119318 ], [ -87.586057966906239, 41.784062959557417 ] ] ] } },
{ "type": "Feature", "properties": { "row": 16, "col": 6, "mostly_overlap": true, "overlap_ratio": 1.0, "type": "Land" }, "geometry": { "type": "Polygon", "coordinates": [ [ [ -87.585956049969099, 41.784062959557417 ], [ -87.585854133031958, 41.784062959557417 ], [ -87.585854133031958, 41.784232821119318 ], [ -87.585956049969099, 41.784232821119318 ], [ -87.585956049969099, 41.784062959557417 ] ] ] } },
{ "type": "Feature", "properties": { "row": 16, "col": 7, "mostly_overlap": true, "overlap_ratio": 1.0, "type": "Building" }, "geometry": { "type": "Polygon", "coordinates": [ [ [ -87.585854133031958, 41.784062959557417 ], [ -87.585752216094818, 41.784062959557417 ], [ -87.585752216094818, 41.784232821119318 ], [ -87.585854133031958, 41.784232821119318 ], [ -87.585854133031958, 41.784062959557417 ] ] ] } },
{ "type": "Feature", "properties": { "row": 16, "col": 8, "mostly_overlap": true, "overlap_ratio": 1.0, "type": "Building" }, "geometry": { "type": "Polygon", "coordinates": [ [ [ -87.585752216094818, 41.784062959557417 ], [ -87.585650299157678, 41.784062959557417 ], [ -87.585650299157678, 41.784232821119318 ], [ -87.585752216094818, 41.784232821119318 ], [ -87.585752216094818, 41.784062959557417 ] ] ] } },
{ "type": "Feature", "properties": { "row": 16, "col": 9, "mostly_overlap": true, "overlap_ratio": 1.0, "type": "Building" }, "geometry": { "type": "Polygon", "coordinates": [ [ [ -87.585650299157678, 41.784062959557417 ], [ -87.585548382220523, 41.784062959557417 ], [ -87.585548382220523, 41.784232821119318 ], [ -87.585650299157678, 41.784232821119318 ], [ -87.585650299157678, 41.784062959557417 ] ] ] } },
{ "type": "Feature", "properties": { "row": 16, "col": 10, "mostly_overlap": true, "overlap_ratio": 1.0, "type": "Building" }, "geometry": { "type": "Polygon", "coordinates": [ [ [ -87.585548382220523, 41.784062959557417 ], [ -87.585446465283383, 41.784062959557417 ], [ -87.585446465283383, 41.784232821119318 ], [ -87.585548382220523, 41.784232821119318 ], [ -87.585548382220523, 41.784062959557417 ] ] ] } },
{ "type": "Feature", "properties": { "row": 16, "col": 11, "mostly_overlap": true, "overlap_ratio": 1.0, "type": "Building" }, "geometry": { "type": "Polygon", "coordinates": [ [ [ -87.585446465283383, 41.784062959557417 ], [ -87.585344548346242, 41.784062959557417 ], [ -87.585344548346242, 41.784232821119318 ], [ -87.585446465283383, 41.784232821119318 ], [ -87.585446465283383, 41.784062959557417 ] ] ] } },
{ "type": "Feature", "properties": { "row": 16, "col": 12, "mostly_overlap": true, "overlap_ratio": 1.0, "type": "Building" }, "geometry": { "type": "Polygon", "coordinates": [ [ [ -87.585344548346242, 41.784062959557417 ], [ -87.585242631409102, 41.784062959557417 ], [ -87.585242631409102, 41.784232821119318 ], [ -87.585344548346242, 41.784232821119318 ], [ -87.585344548346242, 41.784062959557417 ] ] ] } },
{ "type": "Feature", "properties": { "row": 16, "col": 13, "mostly_overlap": true, "overlap_ratio": 1.0, "type": "Building" }, "geometry": { "type": "Polygon", "coordinates": [ [ [ -87.585242631409102, 41.784062959557417 ], [ -87.585140714471962, 41.784062959557417 ], [ -87.585140714471962, 41.784232821119318 ], [ -87.585242631409102, 41.784232821119318 ], [ -87.585242631409102, 41.784062959557417 ] ] ] } },
{ "type": "Feature", "properties": { "row": 16, "col": 14, "mostly_overlap": true, "overlap_ratio": 1.0, "type": "Land" }, "geometry": { "type": "Polygon", "coordinates": [ [ [ -87.585140714471962, 41.784062959557417 ], [ -87.585038797534821, 41.784062959557417 ], [ -87.585038797534821, 41.784232821119318 ], [ -87.585140714471962, 41.784232821119318 ], [ -87.585140714471962, 41.784062959557417 ] ] ] } },
{ "type": "Feature", "properties": { "row": 16, "col": 15, "mostly_overlap": true, "overlap_ratio": 1.0, "type": "Land" }, "geometry": { "type": "Polygon", "coordinates": [ [ [ -87.585038797534821, 41.784062959557417 ], [ -87.584936880597667, 41.784062959557417 ], [ -87.584936880597667, 41.784232821119318 ], [ -87.585038797534821, 41.784232821119318 ], [ -87.585038797534821, 41.784062959557417 ] ] ] } },
{ "type": "Feature", "properties": { "row": 16, "col": 16, "mostly_overlap": true, "overlap_ratio": 1.0, "type": "Land" }, "geometry": { "type": "Polygon", "coordinates": [ [ [ -87.584936880597667, 41.784062959557417 ], [ -87.584834963660526, 41.784062959557417 ], [ -87.584834963660526, 41.784232821119318 ], [ -87.584936880597667, 41.784232821119318 ], [ -87.584936880597667, 41.784062959557417 ] ] ] } },
{ "type": "Feature", "properties": { "row": 16, "col": 17, "mostly_overlap": true, "overlap_ratio": 1.0, "type": "Land" }, "geometry": { "type": "Polygon", "coordinates": [ [ [ -87.584834963660526, 41.784062959557417 ], [ -87.584733046723386, 41.784062959557417 ], [ -87.584733046723386, 41.784232821119318 ], [ -87.584834963660526, 41.784232821119318 ], [ -87.584834963660526, 41.784062959557417 ] ] ] } },
{ "type": "Feature", "properties": { "row": 16, "col": 18, "mostly_overlap": true, "overlap_ratio": 1.0, "type": "Land" }, "geometry": { "type": "Polygon", "coordinates": [ [ [ -87.584733046723386, 41.784062959557417 ], [ -87.584631129786246, 41.784062959557417 ], [ -87.584631129786246, 41.784232821119318 ], [ -87.584733046723386, 41.784232821119318 ], [ -87.584733046723386, 41.784062959557417 ] ] ] } },
{ "type": "Feature", "properties": { "row": 16, "col": 19, "mostly_overlap": true, "overlap_ratio": 1.0, "type": "Land" }, "geometry": { "type": "Polygon", "coordinates": [ [ [ -87.584631129786246, 41.784062959557417 ], [ -87.584529212849105, 41.784062959557417 ], [ -87.584529212849105, 41.784232821119318 ], [ -87.584631129786246, 41.784232821119318 ], [ -87.584631129786246, 41.784062959557417 ] ] ] } },
{ "type": "Feature", "properties": { "row": 16, "col": 20, "mostly_overlap": true, "overlap_ratio": 1.0, "type": "Land" }, "geometry": { "type": "Polygon", "coordinates": [ [ [ -87.584529212849105, 41.784062959557417 ], [ -87.584427295911965, 41.784062959557417 ], [ -87.584427295911965, 41.784232821119318 ], [ -87.584529212849105, 41.784232821119318 ], [ -87.584529212849105, 41.784062959557417 ] ] ] } },
{ "type": "Feature", "properties": { "row": 16, "col": 21, "mostly_overlap": true, "overlap_ratio": 1.0, "type": "Land" }, "geometry": { "type": "Polygon", "coordinates": [ [ [ -87.584427295911951, 41.784062959557417 ], [ -87.58432537897481, 41.784062959557417 ], [ -87.58432537897481, 41.784232821119318 ], [ -87.584427295911951, 41.784232821119318 ], [ -87.584427295911951, 41.784062959557417 ] ] ] } },
{ "type": "Feature", "properties": { "row": 16, "col": 22, "mostly_overlap": true, "overlap_ratio": 1.0, "type": "Land" }, "geometry": { "type": "Polygon", "coordinates": [ [ [ -87.58432537897481, 41.784062959557417 ], [ -87.58422346203767, 41.784062959557417 ], [ -87.58422346203767, 41.784232821119318 ], [ -87.58432537897481, 41.784232821119318 ], [ -87.58432537897481, 41.784062959557417 ] ] ] } },
{ "type": "Feature", "properties": { "row": 16, "col": 23, "mostly_overlap": true, "overlap_ratio": 0.7276, "type": "Land" }, "geometry": { "type": "Polygon", "coordinates": [ [ [ -87.58422346203767, 41.784062959557417 ], [ -87.58412154510053, 41.784062959557417 ], [ -87.58412154510053, 41.784232821119318 ], [ -87.58422346203767, 41.784232821119318 ], [ -87.58422346203767, 41.784062959557417 ] ] ] } },
{ "type": "Feature", "properties": { "row": 16, "col": 24, "mostly_overlap": false, "overlap_ratio": 0.0, "type": "Water" }, "geometry": { "type": "Polygon", "coordinates": [ [ [ -87.58412154510053, 41.784062959557417 ], [ -87.584019628163389, 41.784062959557417 ], [ -87.584019628163389, 41.784232821119318 ], [ -87.58412154510053, 41.784232821119318 ], [ -87.58412154510053, 41.784062959557417 ] ] ] } },
{ "type": "Feature", "properties": { "row": 16, "col": 25, "mostly_overlap": false, "overlap_ratio": 0.0, "type": "Water" }, "geometry": { "type": "Polygon", "coordinates": [ [ [ -87.584019628163389, 41.784062959557417 ], [ -87.583917711226249, 41.784062959557417 ], [ -87.583917711226249, 41.784232821119318 ], [ -87.584019628163389, 41.784232821119318 ], [ -87.584019628163389, 41.784062959557417 ] ] ] } },
{ "type": "Feature", "properties": { "row": 16, "col": 26, "mostly_overlap": false, "overlap_ratio": 0.0, "type": "Water" }, "geometry": { "type": "Polygon", "coordinates": [ [ [ -87.583917711226249, 41.784062959557417 ], [ -87.583815794289094, 41.784062959557417 ], [ -87.583815794289094, 41.784232821119318 ], [ -87.583917711226249, 41.784232821119318 ], [ -87.583917711226249, 41.784062959557417 ] ] ] } },
{ "type": "Feature", "properties": { "row": 16, "col": 27, "mostly_overlap": false, "overlap_ratio": 0.0, "type": "Water" }, "geometry": { "type": "Polygon", "coordinates": [ [ [ -87.583815794289094, 41.784062959557417 ], [ -87.583713877351954, 41.784062959557417 ], [ -87.583713877351954, 41.784232821119318 ], [ -87.583815794289094, 41.784232821119318 ], [ -87.583815794289094, 41.784062959557417 ] ] ] } },
{ "type": "Feature", "properties": { "row": 16, "col": 28, "mostly_overlap": false, "overlap_ratio": 0.0, "type": "Water" }, "geometry": { "type": "Polygon", "coordinates": [ [ [ -87.583713877351954, 41.784062959557417 ], [ -87.583611960414814, 41.784062959557417 ], [ -87.583611960414814, 41.784232821119318 ], [ -87.583713877351954, 41.784232821119318 ], [ -87.583713877351954, 41.784062959557417 ] ] ] } },
{ "type": "Feature", "properties": { "row": 16, "col": 29, "mostly_overlap": false, "overlap_ratio": 0.0, "type": "Water" }, "geometry": { "type": "Polygon", "coordinates": [ [ [ -87.583611960414814, 41.784062959557417 ], [ -87.583510043477673, 41.784062959557417 ], [ -87.583510043477673, 41.784232821119318 ], [ -87.583611960414814, 41.784232821119318 ], [ -87.583611960414814, 41.784062959557417 ] ] ] } },
{ "type": "Feature", "properties": { "row": 16, "col": 30, "mostly_overlap": false, "overlap_ratio": 0.0, "type": "Water" }, "geometry": { "type": "Polygon", "coordinates": [ [ [ -87.583510043477673, 41.784062959557417 ], [ -87.583408126540533, 41.784062959557417 ], [ -87.583408126540533, 41.784232821119318 ], [ -87.583510043477673, 41.784232821119318 ], [ -87.583510043477673, 41.784062959557417 ] ] ] } },
{ "type": "Feature", "properties": { "row": 16, "col": 31, "mostly_overlap": false, "overlap_ratio": 0.0, "type": "Water" }, "geometry": { "type": "Polygon", "coordinates": [ [ [ -87.583408126540533, 41.784062959557417 ], [ -87.583306209603393, 41.784062959557417 ], [ -87.583306209603393, 41.784232821119318 ], [ -87.583408126540533, 41.784232821119318 ], [ -87.583408126540533, 41.784062959557417 ] ] ] } },
{ "type": "Feature", "properties": { "row": 16, "col": 32, "mostly_overlap": false, "overlap_ratio": 0.0782, "type": "Water" }, "geometry": { "type": "Polygon", "coordinates": [ [ [ -87.583306209603393, 41.784062959557417 ], [ -87.583204292666238, 41.784062959557417 ], [ -87.583204292666238, 41.784232821119318 ], [ -87.583306209603393, 41.784232821119318 ], [ -87.583306209603393, 41.784062959557417 ] ] ] } },
{ "type": "Feature", "properties": { "row": 16, "col": 33, "mostly_overlap": true, "overlap_ratio": 0.9847, "type": "Land" }, "geometry": { "type": "Polygon", "coordinates": [ [ [ -87.583204292666238, 41.784062959557417 ], [ -87.583102375729098, 41.784062959557417 ], [ -87.583102375729098, 41.784232821119318 ], [ -87.583204292666238, 41.784232821119318 ], [ -87.583204292666238, 41.784062959557417 ] ] ] } },
{ "type": "Feature", "properties": { "row": 16, "col": 34, "mostly_overlap": true, "overlap_ratio": 1.0, "type": "Land" }, "geometry": { "type": "Polygon", "coordinates": [ [ [ -87.583102375729098, 41.784062959557417 ], [ -87.583000458791957, 41.784062959557417 ], [ -87.583000458791957, 41.784232821119318 ], [ -87.583102375729098, 41.784232821119318 ], [ -87.583102375729098, 41.784062959557417 ] ] ] } },
{ "type": "Feature", "properties": { "row": 16, "col": 35, "mostly_overlap": true, "overlap_ratio": 1.0, "type": "Land" }, "geometry": { "type": "Polygon", "coordinates": [ [ [ -87.583000458791957, 41.784062959557417 ], [ -87.582898541854817, 41.784062959557417 ], [ -87.582898541854817, 41.784232821119318 ], [ -87.583000458791957, 41.784232821119318 ], [ -87.583000458791957, 41.784062959557417 ] ] ] } },
{ "type": "Feature", "properties": { "row": 16, "col": 36, "mostly_overlap": true, "overlap_ratio": 1.0, "type": "Land" }, "geometry": { "type": "Polygon", "coordinates": [ [ [ -87.582898541854817, 41.784062959557417 ], [ -87.582796624917677, 41.784062959557417 ], [ -87.582796624917677, 41.784232821119318 ], [ -87.582898541854817, 41.784232821119318 ], [ -87.582898541854817, 41.784062959557417 ] ] ] } },
{ "type": "Feature", "properties": { "row": 16, "col": 37, "mostly_overlap": true, "overlap_ratio": 1.0, "type": "Land" }, "geometry": { "type": "Polygon", "coordinates": [ [ [ -87.582796624917677, 41.784062959557417 ], [ -87.582694707980536, 41.784062959557417 ], [ -87.582694707980536, 41.784232821119318 ], [ -87.582796624917677, 41.784232821119318 ], [ -87.582796624917677, 41.784062959557417 ] ] ] } },
{ "type": "Feature", "properties": { "row": 16, "col": 38, "mostly_overlap": true, "overlap_ratio": 1.0, "type": "Land" }, "geometry": { "type": "Polygon", "coordinates": [ [ [ -87.582694707980536, 41.784062959557417 ], [ -87.582592791043382, 41.784062959557417 ], [ -87.582592791043382, 41.784232821119318 ], [ -87.582694707980536, 41.784232821119318 ], [ -87.582694707980536, 41.784062959557417 ] ] ] } },
{ "type": "Feature", "properties": { "row": 16, "col": 39, "mostly_overlap": true, "overlap_ratio": 1.0, "type": "Land" }, "geometry": { "type": "Polygon", "coordinates": [ [ [ -87.582592791043382, 41.784062959557417 ], [ -87.582490874106242, 41.784062959557417 ], [ -87.582490874106242, 41.784232821119318 ], [ -87.582592791043382, 41.784232821119318 ], [ -87.582592791043382, 41.784062959557417 ] ] ] } },
{ "type": "Feature", "properties": { "row": 16, "col": 40, "mostly_overlap": true, "overlap_ratio": 0.9846, "type": "Land" }, "geometry": { "type": "Polygon", "coordinates": [ [ [ -87.582490874106242, 41.784062959557417 ], [ -87.582388957169101, 41.784062959557417 ], [ -87.582388957169101, 41.784232821119318 ], [ -87.582490874106242, 41.784232821119318 ], [ -87.582490874106242, 41.784062959557417 ] ] ] } },
{ "type": "Feature", "properties": { "row": 17, "col": 1, "mostly_overlap": true, "overlap_ratio": 0.3728, "type": "Land" }, "geometry": { "type": "Polygon", "coordinates": [ [ [ -87.586465634654814, 41.784232821119318 ], [ -87.586363717717674, 41.784232821119318 ], [ -87.586363717717674, 41.784402682681225 ], [ -87.586465634654814, 41.784402682681225 ], [ -87.586465634654814, 41.784232821119318 ] ] ] } },
{ "type": "Feature", "properties": { "row": 17, "col": 2, "mostly_overlap": true, "overlap_ratio": 1.0, "type": "Land" }, "geometry": { "type": "Polygon", "coordinates": [ [ [ -87.586363717717674, 41.784232821119318 ], [ -87.586261800780534, 41.784232821119318 ], [ -87.586261800780534, 41.784402682681225 ], [ -87.586363717717674, 41.784402682681225 ], [ -87.586363717717674, 41.784232821119318 ] ] ] } },
{ "type": "Feature", "properties": { "row": 17, "col": 3, "mostly_overlap": true, "overlap_ratio": 1.0, "type": "Land" }, "geometry": { "type": "Polygon", "coordinates": [ [ [ -87.586261800780534, 41.784232821119318 ], [ -87.586159883843379, 41.784232821119318 ], [ -87.586159883843379, 41.784402682681225 ], [ -87.586261800780534, 41.784402682681225 ], [ -87.586261800780534, 41.784232821119318 ] ] ] } },
{ "type": "Feature", "properties": { "row": 17, "col": 4, "mostly_overlap": true, "overlap_ratio": 1.0, "type": "Building" }, "geometry": { "type": "Polygon", "coordinates": [ [ [ -87.586159883843379, 41.784232821119318 ], [ -87.586057966906239, 41.784232821119318 ], [ -87.586057966906239, 41.784402682681225 ], [ -87.586159883843379, 41.784402682681225 ], [ -87.586159883843379, 41.784232821119318 ] ] ] } },
{ "type": "Feature", "properties": { "row": 17, "col": 5, "mostly_overlap": true, "overlap_ratio": 1.0, "type": "Building" }, "geometry": { "type": "Polygon", "coordinates": [ [ [ -87.586057966906239, 41.784232821119318 ], [ -87.585956049969099, 41.784232821119318 ], [ -87.585956049969099, 41.784402682681225 ], [ -87.586057966906239, 41.784402682681225 ], [ -87.586057966906239, 41.784232821119318 ] ] ] } },
{ "type": "Feature", "properties": { "row": 17, "col": 6, "mostly_overlap": true, "overlap_ratio": 1.0, "type": "Building" }, "geometry": { "type": "Polygon", "coordinates": [ [ [ -87.585956049969099, 41.784232821119318 ], [ -87.585854133031958, 41.784232821119318 ], [ -87.585854133031958, 41.784402682681225 ], [ -87.585956049969099, 41.784402682681225 ], [ -87.585956049969099, 41.784232821119318 ] ] ] } },
{ "type": "Feature", "properties": { "row": 17, "col": 7, "mostly_overlap": true, "overlap_ratio": 1.0, "type": "Building" }, "geometry": { "type": "Polygon", "coordinates": [ [ [ -87.585854133031958, 41.784232821119318 ], [ -87.585752216094818, 41.784232821119318 ], [ -87.585752216094818, 41.784402682681225 ], [ -87.585854133031958, 41.784402682681225 ], [ -87.585854133031958, 41.784232821119318 ] ] ] } },
{ "type": "Feature", "properties": { "row": 17, "col": 8, "mostly_overlap": true, "overlap_ratio": 1.0, "type": "Building" }, "geometry": { "type": "Polygon", "coordinates": [ [ [ -87.585752216094818, 41.784232821119318 ], [ -87.585650299157678, 41.784232821119318 ], [ -87.585650299157678, 41.784402682681225 ], [ -87.585752216094818, 41.784402682681225 ], [ -87.585752216094818, 41.784232821119318 ] ] ] } },
{ "type": "Feature", "properties": { "row": 17, "col": 9, "mostly_overlap": true, "overlap_ratio": 1.0, "type": "Building" }, "geometry": { "type": "Polygon", "coordinates": [ [ [ -87.585650299157678, 41.784232821119318 ], [ -87.585548382220523, 41.784232821119318 ], [ -87.585548382220523, 41.784402682681225 ], [ -87.585650299157678, 41.784402682681225 ], [ -87.585650299157678, 41.784232821119318 ] ] ] } },
{ "type": "Feature", "properties": { "row": 17, "col": 10, "mostly_overlap": true, "overlap_ratio": 1.0, "type": "Building" }, "geometry": { "type": "Polygon", "coordinates": [ [ [ -87.585548382220523, 41.784232821119318 ], [ -87.585446465283383, 41.784232821119318 ], [ -87.585446465283383, 41.784402682681225 ], [ -87.585548382220523, 41.784402682681225 ], [ -87.585548382220523, 41.784232821119318 ] ] ] } },
{ "type": "Feature", "properties": { "row": 17, "col": 11, "mostly_overlap": true, "overlap_ratio": 1.0, "type": "Building" }, "geometry": { "type": "Polygon", "coordinates": [ [ [ -87.585446465283383, 41.784232821119318 ], [ -87.585344548346242, 41.784232821119318 ], [ -87.585344548346242, 41.784402682681225 ], [ -87.585446465283383, 41.784402682681225 ], [ -87.585446465283383, 41.784232821119318 ] ] ] } },
{ "type": "Feature", "properties": { "row": 17, "col": 12, "mostly_overlap": true, "overlap_ratio": 1.0, "type": "Building" }, "geometry": { "type": "Polygon", "coordinates": [ [ [ -87.585344548346242, 41.784232821119318 ], [ -87.585242631409102, 41.784232821119318 ], [ -87.585242631409102, 41.784402682681225 ], [ -87.585344548346242, 41.784402682681225 ], [ -87.585344548346242, 41.784232821119318 ] ] ] } },
{ "type": "Feature", "properties": { "row": 17, "col": 13, "mostly_overlap": true, "overlap_ratio": 1.0, "type": "Building" }, "geometry": { "type": "Polygon", "coordinates": [ [ [ -87.585242631409102, 41.784232821119318 ], [ -87.585140714471962, 41.784232821119318 ], [ -87.585140714471962, 41.784402682681225 ], [ -87.585242631409102, 41.784402682681225 ], [ -87.585242631409102, 41.784232821119318 ] ] ] } },
{ "type": "Feature", "properties": { "row": 17, "col": 14, "mostly_overlap": true, "overlap_ratio": 1.0, "type": "Land" }, "geometry": { "type": "Polygon", "coordinates": [ [ [ -87.585140714471962, 41.784232821119318 ], [ -87.585038797534821, 41.784232821119318 ], [ -87.585038797534821, 41.784402682681225 ], [ -87.585140714471962, 41.784402682681225 ], [ -87.585140714471962, 41.784232821119318 ] ] ] } },
{ "type": "Feature", "properties": { "row": 17, "col": 15, "mostly_overlap": true, "overlap_ratio": 1.0, "type": "Land" }, "geometry": { "type": "Polygon", "coordinates": [ [ [ -87.585038797534821, 41.784232821119318 ], [ -87.584936880597667, 41.784232821119318 ], [ -87.584936880597667, 41.784402682681225 ], [ -87.585038797534821, 41.784402682681225 ], [ -87.585038797534821, 41.784232821119318 ] ] ] } },
{ "type": "Feature", "properties": { "row": 17, "col": 16, "mostly_overlap": true, "overlap_ratio": 1.0, "type": "Land" }, "geometry": { "type": "Polygon", "coordinates": [ [ [ -87.584936880597667, 41.784232821119318 ], [ -87.584834963660526, 41.784232821119318 ], [ -87.584834963660526, 41.784402682681225 ], [ -87.584936880597667, 41.784402682681225 ], [ -87.584936880597667, 41.784232821119318 ] ] ] } },
{ "type": "Feature", "properties": { "row": 17, "col": 17, "mostly_overlap": true, "overlap_ratio": 1.0, "type": "Land" }, "geometry": { "type": "Polygon", "coordinates": [ [ [ -87.584834963660526, 41.784232821119318 ], [ -87.584733046723386, 41.784232821119318 ], [ -87.584733046723386, 41.784402682681225 ], [ -87.584834963660526, 41.784402682681225 ], [ -87.584834963660526, 41.784232821119318 ] ] ] } },
{ "type": "Feature", "properties": { "row": 17, "col": 18, "mostly_overlap": true, "overlap_ratio": 1.0, "type": "Land" }, "geometry": { "type": "Polygon", "coordinates": [ [ [ -87.584733046723386, 41.784232821119318 ], [ -87.584631129786246, 41.784232821119318 ], [ -87.584631129786246, 41.784402682681225 ], [ -87.584733046723386, 41.784402682681225 ], [ -87.584733046723386, 41.784232821119318 ] ] ] } },
{ "type": "Feature", "properties": { "row": 17, "col": 19, "mostly_overlap": true, "overlap_ratio": 1.0, "type": "Land" }, "geometry": { "type": "Polygon", "coordinates": [ [ [ -87.584631129786246, 41.784232821119318 ], [ -87.584529212849105, 41.784232821119318 ], [ -87.584529212849105, 41.784402682681225 ], [ -87.584631129786246, 41.784402682681225 ], [ -87.584631129786246, 41.784232821119318 ] ] ] } },
{ "type": "Feature", "properties": { "row": 17, "col": 20, "mostly_overlap": true, "overlap_ratio": 1.0, "type": "Land" }, "geometry": { "type": "Polygon", "coordinates": [ [ [ -87.584529212849105, 41.784232821119318 ], [ -87.584427295911965, 41.784232821119318 ], [ -87.584427295911965, 41.784402682681225 ], [ -87.584529212849105, 41.784402682681225 ], [ -87.584529212849105, 41.784232821119318 ] ] ] } },
{ "type": "Feature", "properties": { "row": 17, "col": 21, "mostly_overlap": true, "overlap_ratio": 1.0, "type": "Land" }, "geometry": { "type": "Polygon", "coordinates": [ [ [ -87.584427295911951, 41.784232821119318 ], [ -87.58432537897481, 41.784232821119318 ], [ -87.58432537897481, 41.784402682681225 ], [ -87.584427295911951, 41.784402682681225 ], [ -87.584427295911951, 41.784232821119318 ] ] ] } },
{ "type": "Feature", "properties": { "row": 17, "col": 22, "mostly_overlap": true, "overlap_ratio": 1.0, "type": "Land" }, "geometry": { "type": "Polygon", "coordinates": [ [ [ -87.58432537897481, 41.784232821119318 ], [ -87.58422346203767, 41.784232821119318 ], [ -87.58422346203767, 41.784402682681225 ], [ -87.58432537897481, 41.784402682681225 ], [ -87.58432537897481, 41.784232821119318 ] ] ] } },
{ "type": "Feature", "properties": { "row": 17, "col": 23, "mostly_overlap": true, "overlap_ratio": 0.7494, "type": "Land" }, "geometry": { "type": "Polygon", "coordinates": [ [ [ -87.58422346203767, 41.784232821119318 ], [ -87.58412154510053, 41.784232821119318 ], [ -87.58412154510053, 41.784402682681225 ], [ -87.58422346203767, 41.784402682681225 ], [ -87.58422346203767, 41.784232821119318 ] ] ] } },
{ "type": "Feature", "properties": { "row": 17, "col": 24, "mostly_overlap": false, "overlap_ratio": 0.0, "type": "Water" }, "geometry": { "type": "Polygon", "coordinates": [ [ [ -87.58412154510053, 41.784232821119318 ], [ -87.584019628163389, 41.784232821119318 ], [ -87.584019628163389, 41.784402682681225 ], [ -87.58412154510053, 41.784402682681225 ], [ -87.58412154510053, 41.784232821119318 ] ] ] } },
{ "type": "Feature", "properties": { "row": 17, "col": 25, "mostly_overlap": false, "overlap_ratio": 0.0, "type": "Water" }, "geometry": { "type": "Polygon", "coordinates": [ [ [ -87.584019628163389, 41.784232821119318 ], [ -87.583917711226249, 41.784232821119318 ], [ -87.583917711226249, 41.784402682681225 ], [ -87.584019628163389, 41.784402682681225 ], [ -87.584019628163389, 41.784232821119318 ] ] ] } },
{ "type": "Feature", "properties": { "row": 17, "col": 26, "mostly_overlap": true, "overlap_ratio": 0.5405, "type": "Land" }, "geometry": { "type": "Polygon", "coordinates": [ [ [ -87.583917711226249, 41.784232821119318 ], [ -87.583815794289094, 41.784232821119318 ], [ -87.583815794289094, 41.784402682681225 ], [ -87.583917711226249, 41.784402682681225 ], [ -87.583917711226249, 41.784232821119318 ] ] ] } },
{ "type": "Feature", "properties": { "row": 17, "col": 27, "mostly_overlap": false, "overlap_ratio": 0.1775, "type": "Water" }, "geometry": { "type": "Polygon", "coordinates": [ [ [ -87.583815794289094, 41.784232821119318 ], [ -87.583713877351954, 41.784232821119318 ], [ -87.583713877351954, 41.784402682681225 ], [ -87.583815794289094, 41.784402682681225 ], [ -87.583815794289094, 41.784232821119318 ] ] ] } },
{ "type": "Feature", "properties": { "row": 17, "col": 28, "mostly_overlap": false, "overlap_ratio": 0.0, "type": "Water" }, "geometry": { "type": "Polygon", "coordinates": [ [ [ -87.583713877351954, 41.784232821119318 ], [ -87.583611960414814, 41.784232821119318 ], [ -87.583611960414814, 41.784402682681225 ], [ -87.583713877351954, 41.784402682681225 ], [ -87.583713877351954, 41.784232821119318 ] ] ] } },
{ "type": "Feature", "properties": { "row": 17, "col": 29, "mostly_overlap": false, "overlap_ratio": 0.0, "type": "Water" }, "geometry": { "type": "Polygon", "coordinates": [ [ [ -87.583611960414814, 41.784232821119318 ], [ -87.583510043477673, 41.784232821119318 ], [ -87.583510043477673, 41.784402682681225 ], [ -87.583611960414814, 41.784402682681225 ], [ -87.583611960414814, 41.784232821119318 ] ] ] } },
{ "type": "Feature", "properties": { "row": 17, "col": 30, "mostly_overlap": false, "overlap_ratio": 0.0, "type": "Water" }, "geometry": { "type": "Polygon", "coordinates": [ [ [ -87.583510043477673, 41.784232821119318 ], [ -87.583408126540533, 41.784232821119318 ], [ -87.583408126540533, 41.784402682681225 ], [ -87.583510043477673, 41.784402682681225 ], [ -87.583510043477673, 41.784232821119318 ] ] ] } },
{ "type": "Feature", "properties": { "row": 17, "col": 31, "mostly_overlap": false, "overlap_ratio": 0.0, "type": "Water" }, "geometry": { "type": "Polygon", "coordinates": [ [ [ -87.583408126540533, 41.784232821119318 ], [ -87.583306209603393, 41.784232821119318 ], [ -87.583306209603393, 41.784402682681225 ], [ -87.583408126540533, 41.784402682681225 ], [ -87.583408126540533, 41.784232821119318 ] ] ] } },
{ "type": "Feature", "properties": { "row": 17, "col": 32, "mostly_overlap": false, "overlap_ratio": 0.0, "type": "Water" }, "geometry": { "type": "Polygon", "coordinates": [ [ [ -87.583306209603393, 41.784232821119318 ], [ -87.583204292666238, 41.784232821119318 ], [ -87.583204292666238, 41.784402682681225 ], [ -87.583306209603393, 41.784402682681225 ], [ -87.583306209603393, 41.784232821119318 ] ] ] } },
{ "type": "Feature", "properties": { "row": 17, "col": 33, "mostly_overlap": true, "overlap_ratio": 0.8464, "type": "Land" }, "geometry": { "type": "Polygon", "coordinates": [ [ [ -87.583204292666238, 41.784232821119318 ], [ -87.583102375729098, 41.784232821119318 ], [ -87.583102375729098, 41.784402682681225 ], [ -87.583204292666238, 41.784402682681225 ], [ -87.583204292666238, 41.784232821119318 ] ] ] } },
{ "type": "Feature", "properties": { "row": 17, "col": 34, "mostly_overlap": true, "overlap_ratio": 1.0, "type": "Land" }, "geometry": { "type": "Polygon", "coordinates": [ [ [ -87.583102375729098, 41.784232821119318 ], [ -87.583000458791957, 41.784232821119318 ], [ -87.583000458791957, 41.784402682681225 ], [ -87.583102375729098, 41.784402682681225 ], [ -87.583102375729098, 41.784232821119318 ] ] ] } },
{ "type": "Feature", "properties": { "row": 17, "col": 35, "mostly_overlap": true, "overlap_ratio": 1.0, "type": "Land" }, "geometry": { "type": "Polygon", "coordinates": [ [ [ -87.583000458791957, 41.784232821119318 ], [ -87.582898541854817, 41.784232821119318 ], [ -87.582898541854817, 41.784402682681225 ], [ -87.583000458791957, 41.784402682681225 ], [ -87.583000458791957, 41.784232821119318 ] ] ] } },
{ "type": "Feature", "properties": { "row": 17, "col": 36, "mostly_overlap": true, "overlap_ratio": 1.0, "type": "Land" }, "geometry": { "type": "Polygon", "coordinates": [ [ [ -87.582898541854817, 41.784232821119318 ], [ -87.582796624917677, 41.784232821119318 ], [ -87.582796624917677, 41.784402682681225 ], [ -87.582898541854817, 41.784402682681225 ], [ -87.582898541854817, 41.784232821119318 ] ] ] } },
{ "type": "Feature", "properties": { "row": 17, "col": 37, "mostly_overlap": true, "overlap_ratio": 1.0, "type": "Land" }, "geometry": { "type": "Polygon", "coordinates": [ [ [ -87.582796624917677, 41.784232821119318 ], [ -87.582694707980536, 41.784232821119318 ], [ -87.582694707980536, 41.784402682681225 ], [ -87.582796624917677, 41.784402682681225 ], [ -87.582796624917677, 41.784232821119318 ] ] ] } },
{ "type": "Feature", "properties": { "row": 17, "col": 38, "mostly_overlap": true, "overlap_ratio": 1.0, "type": "Land" }, "geometry": { "type": "Polygon", "coordinates": [ [ [ -87.582694707980536, 41.784232821119318 ], [ -87.582592791043382, 41.784232821119318 ], [ -87.582592791043382, 41.784402682681225 ], [ -87.582694707980536, 41.784402682681225 ], [ -87.582694707980536, 41.784232821119318 ] ] ] } },
{ "type": "Feature", "properties": { "row": 17, "col": 39, "mostly_overlap": true, "overlap_ratio": 1.0, "type": "Land" }, "geometry": { "type": "Polygon", "coordinates": [ [ [ -87.582592791043382, 41.784232821119318 ], [ -87.582490874106242, 41.784232821119318 ], [ -87.582490874106242, 41.784402682681225 ], [ -87.582592791043382, 41.784402682681225 ], [ -87.582592791043382, 41.784232821119318 ] ] ] } },
{ "type": "Feature", "properties": { "row": 17, "col": 40, "mostly_overlap": true, "overlap_ratio": 0.9836, "type": "Land" }, "geometry": { "type": "Polygon", "coordinates": [ [ [ -87.582490874106242, 41.784232821119318 ], [ -87.582388957169101, 41.784232821119318 ], [ -87.582388957169101, 41.784402682681225 ], [ -87.582490874106242, 41.784402682681225 ], [ -87.582490874106242, 41.784232821119318 ] ] ] } },
{ "type": "Feature", "properties": { "row": 18, "col": 1, "mostly_overlap": true, "overlap_ratio": 0.4153, "type": "Land" }, "geometry": { "type": "Polygon", "coordinates": [ [ [ -87.586465634654814, 41.784402682681225 ], [ -87.586363717717674, 41.784402682681225 ], [ -87.586363717717674, 41.784572544243133 ], [ -87.586465634654814, 41.784572544243133 ], [ -87.586465634654814, 41.784402682681225 ] ] ] } },
{ "type": "Feature", "properties": { "row": 18, "col": 2, "mostly_overlap": true, "overlap_ratio": 1.0, "type": "Building" }, "geometry": { "type": "Polygon", "coordinates": [ [ [ -87.586363717717674, 41.784402682681225 ], [ -87.586261800780534, 41.784402682681225 ], [ -87.586261800780534, 41.784572544243133 ], [ -87.586363717717674, 41.784572544243133 ], [ -87.586363717717674, 41.784402682681225 ] ] ] } },
{ "type": "Feature", "properties": { "row": 18, "col": 3, "mostly_overlap": true, "overlap_ratio": 1.0, "type": "Building" }, "geometry": { "type": "Polygon", "coordinates": [ [ [ -87.586261800780534, 41.784402682681225 ], [ -87.586159883843379, 41.784402682681225 ], [ -87.586159883843379, 41.784572544243133 ], [ -87.586261800780534, 41.784572544243133 ], [ -87.586261800780534, 41.784402682681225 ] ] ] } },
{ "type": "Feature", "properties": { "row": 18, "col": 4, "mostly_overlap": true, "overlap_ratio": 1.0, "type": "Building" }, "geometry": { "type": "Polygon", "coordinates": [ [ [ -87.586159883843379, 41.784402682681225 ], [ -87.586057966906239, 41.784402682681225 ], [ -87.586057966906239, 41.784572544243133 ], [ -87.586159883843379, 41.784572544243133 ], [ -87.586159883843379, 41.784402682681225 ] ] ] } },
{ "type": "Feature", "properties": { "row": 18, "col": 5, "mostly_overlap": true, "overlap_ratio": 1.0, "type": "Building" }, "geometry": { "type": "Polygon", "coordinates": [ [ [ -87.586057966906239, 41.784402682681225 ], [ -87.585956049969099, 41.784402682681225 ], [ -87.585956049969099, 41.784572544243133 ], [ -87.586057966906239, 41.784572544243133 ], [ -87.586057966906239, 41.784402682681225 ] ] ] } },
{ "type": "Feature", "properties": { "row": 18, "col": 6, "mostly_overlap": true, "overlap_ratio": 1.0, "type": "Building" }, "geometry": { "type": "Polygon", "coordinates": [ [ [ -87.585956049969099, 41.784402682681225 ], [ -87.585854133031958, 41.784402682681225 ], [ -87.585854133031958, 41.784572544243133 ], [ -87.585956049969099, 41.784572544243133 ], [ -87.585956049969099, 41.784402682681225 ] ] ] } },
{ "type": "Feature", "properties": { "row": 18, "col": 7, "mostly_overlap": true, "overlap_ratio": 1.0, "type": "Building" }, "geometry": { "type": "Polygon", "coordinates": [ [ [ -87.585854133031958, 41.784402682681225 ], [ -87.585752216094818, 41.784402682681225 ], [ -87.585752216094818, 41.784572544243133 ], [ -87.585854133031958, 41.784572544243133 ], [ -87.585854133031958, 41.784402682681225 ] ] ] } },
{ "type": "Feature", "properties": { "row": 18, "col": 8, "mostly_overlap": true, "overlap_ratio": 1.0, "type": "Building" }, "geometry": { "type": "Polygon", "coordinates": [ [ [ -87.585752216094818, 41.784402682681225 ], [ -87.585650299157678, 41.784402682681225 ], [ -87.585650299157678, 41.784572544243133 ], [ -87.585752216094818, 41.784572544243133 ], [ -87.585752216094818, 41.784402682681225 ] ] ] } },
{ "type": "Feature", "properties": { "row": 18, "col": 9, "mostly_overlap": true, "overlap_ratio": 1.0, "type": "Building" }, "geometry": { "type": "Polygon", "coordinates": [ [ [ -87.585650299157678, 41.784402682681225 ], [ -87.585548382220523, 41.784402682681225 ], [ -87.585548382220523, 41.784572544243133 ], [ -87.585650299157678, 41.784572544243133 ], [ -87.585650299157678, 41.784402682681225 ] ] ] } },
{ "type": "Feature", "properties": { "row": 18, "col": 10, "mostly_overlap": true, "overlap_ratio": 1.0, "type": "Building" }, "geometry": { "type": "Polygon", "coordinates": [ [ [ -87.585548382220523, 41.784402682681225 ], [ -87.585446465283383, 41.784402682681225 ], [ -87.585446465283383, 41.784572544243133 ], [ -87.585548382220523, 41.784572544243133 ], [ -87.585548382220523, 41.784402682681225 ] ] ] } },
{ "type": "Feature", "properties": { "row": 18, "col": 11, "mostly_overlap": true, "overlap_ratio": 1.0, "type": "Building" }, "geometry": { "type": "Polygon", "coordinates": [ [ [ -87.585446465283383, 41.784402682681225 ], [ -87.585344548346242, 41.784402682681225 ], [ -87.585344548346242, 41.784572544243133 ], [ -87.585446465283383, 41.784572544243133 ], [ -87.585446465283383, 41.784402682681225 ] ] ] } },
{ "type": "Feature", "properties": { "row": 18, "col": 12, "mostly_overlap": true, "overlap_ratio": 1.0, "type": "Building" }, "geometry": { "type": "Polygon", "coordinates": [ [ [ -87.585344548346242, 41.784402682681225 ], [ -87.585242631409102, 41.784402682681225 ], [ -87.585242631409102, 41.784572544243133 ], [ -87.585344548346242, 41.784572544243133 ], [ -87.585344548346242, 41.784402682681225 ] ] ] } },
{ "type": "Feature", "properties": { "row": 18, "col": 13, "mostly_overlap": true, "overlap_ratio": 1.0, "type": "Building" }, "geometry": { "type": "Polygon", "coordinates": [ [ [ -87.585242631409102, 41.784402682681225 ], [ -87.585140714471962, 41.784402682681225 ], [ -87.585140714471962, 41.784572544243133 ], [ -87.585242631409102, 41.784572544243133 ], [ -87.585242631409102, 41.784402682681225 ] ] ] } },
{ "type": "Feature", "properties": { "row": 18, "col": 14, "mostly_overlap": true, "overlap_ratio": 1.0, "type": "Land" }, "geometry": { "type": "Polygon", "coordinates": [ [ [ -87.585140714471962, 41.784402682681225 ], [ -87.585038797534821, 41.784402682681225 ], [ -87.585038797534821, 41.784572544243133 ], [ -87.585140714471962, 41.784572544243133 ], [ -87.585140714471962, 41.784402682681225 ] ] ] } },
{ "type": "Feature", "properties": { "row": 18, "col": 15, "mostly_overlap": true, "overlap_ratio": 1.0, "type": "Land" }, "geometry": { "type": "Polygon", "coordinates": [ [ [ -87.585038797534821, 41.784402682681225 ], [ -87.584936880597667, 41.784402682681225 ], [ -87.584936880597667, 41.784572544243133 ], [ -87.585038797534821, 41.784572544243133 ], [ -87.585038797534821, 41.784402682681225 ] ] ] } },
{ "type": "Feature", "properties": { "row": 18, "col": 16, "mostly_overlap": true, "overlap_ratio": 1.0, "type": "Land" }, "geometry": { "type": "Polygon", "coordinates": [ [ [ -87.584936880597667, 41.784402682681225 ], [ -87.584834963660526, 41.784402682681225 ], [ -87.584834963660526, 41.784572544243133 ], [ -87.584936880597667, 41.784572544243133 ], [ -87.584936880597667, 41.784402682681225 ] ] ] } },
{ "type": "Feature", "properties": { "row": 18, "col": 17, "mostly_overlap": true, "overlap_ratio": 1.0, "type": "Land" }, "geometry": { "type": "Polygon", "coordinates": [ [ [ -87.584834963660526, 41.784402682681225 ], [ -87.584733046723386, 41.784402682681225 ], [ -87.584733046723386, 41.784572544243133 ], [ -87.584834963660526, 41.784572544243133 ], [ -87.584834963660526, 41.784402682681225 ] ] ] } },
{ "type": "Feature", "properties": { "row": 18, "col": 18, "mostly_overlap": true, "overlap_ratio": 1.0, "type": "Land" }, "geometry": { "type": "Polygon", "coordinates": [ [ [ -87.584733046723386, 41.784402682681225 ], [ -87.584631129786246, 41.784402682681225 ], [ -87.584631129786246, 41.784572544243133 ], [ -87.584733046723386, 41.784572544243133 ], [ -87.584733046723386, 41.784402682681225 ] ] ] } },
{ "type": "Feature", "properties": { "row": 18, "col": 19, "mostly_overlap": true, "overlap_ratio": 1.0, "type": "Land" }, "geometry": { "type": "Polygon", "coordinates": [ [ [ -87.584631129786246, 41.784402682681225 ], [ -87.584529212849105, 41.784402682681225 ], [ -87.584529212849105, 41.784572544243133 ], [ -87.584631129786246, 41.784572544243133 ], [ -87.584631129786246, 41.784402682681225 ] ] ] } },
{ "type": "Feature", "properties": { "row": 18, "col": 20, "mostly_overlap": true, "overlap_ratio": 1.0, "type": "Land" }, "geometry": { "type": "Polygon", "coordinates": [ [ [ -87.584529212849105, 41.784402682681225 ], [ -87.584427295911965, 41.784402682681225 ], [ -87.584427295911965, 41.784572544243133 ], [ -87.584529212849105, 41.784572544243133 ], [ -87.584529212849105, 41.784402682681225 ] ] ] } },
{ "type": "Feature", "properties": { "row": 18, "col": 21, "mostly_overlap": true, "overlap_ratio": 1.0, "type": "Land" }, "geometry": { "type": "Polygon", "coordinates": [ [ [ -87.584427295911951, 41.784402682681225 ], [ -87.58432537897481, 41.784402682681225 ], [ -87.58432537897481, 41.784572544243133 ], [ -87.584427295911951, 41.784572544243133 ], [ -87.584427295911951, 41.784402682681225 ] ] ] } },
{ "type": "Feature", "properties": { "row": 18, "col": 22, "mostly_overlap": true, "overlap_ratio": 1.0, "type": "Land" }, "geometry": { "type": "Polygon", "coordinates": [ [ [ -87.58432537897481, 41.784402682681225 ], [ -87.58422346203767, 41.784402682681225 ], [ -87.58422346203767, 41.784572544243133 ], [ -87.58432537897481, 41.784572544243133 ], [ -87.58432537897481, 41.784402682681225 ] ] ] } },
{ "type": "Feature", "properties": { "row": 18, "col": 23, "mostly_overlap": true, "overlap_ratio": 0.8649, "type": "Land" }, "geometry": { "type": "Polygon", "coordinates": [ [ [ -87.58422346203767, 41.784402682681225 ], [ -87.58412154510053, 41.784402682681225 ], [ -87.58412154510053, 41.784572544243133 ], [ -87.58422346203767, 41.784572544243133 ], [ -87.58422346203767, 41.784402682681225 ] ] ] } },
{ "type": "Feature", "properties": { "row": 18, "col": 24, "mostly_overlap": false, "overlap_ratio": 0.0, "type": "Water" }, "geometry": { "type": "Polygon", "coordinates": [ [ [ -87.58412154510053, 41.784402682681225 ], [ -87.584019628163389, 41.784402682681225 ], [ -87.584019628163389, 41.784572544243133 ], [ -87.58412154510053, 41.784572544243133 ], [ -87.58412154510053, 41.784402682681225 ] ] ] } },
{ "type": "Feature", "properties": { "row": 18, "col": 25, "mostly_overlap": false, "overlap_ratio": 0.0, "type": "Water" }, "geometry": { "type": "Polygon", "coordinates": [ [ [ -87.584019628163389, 41.784402682681225 ], [ -87.583917711226249, 41.784402682681225 ], [ -87.583917711226249, 41.784572544243133 ], [ -87.584019628163389, 41.784572544243133 ], [ -87.584019628163389, 41.784402682681225 ] ] ] } },
{ "type": "Feature", "properties": { "row": 18, "col": 26, "mostly_overlap": false, "overlap_ratio": 0.3956, "type": "Water" }, "geometry": { "type": "Polygon", "coordinates": [ [ [ -87.583917711226249, 41.784402682681225 ], [ -87.583815794289094, 41.784402682681225 ], [ -87.583815794289094, 41.784572544243133 ], [ -87.583917711226249, 41.784572544243133 ], [ -87.583917711226249, 41.784402682681225 ] ] ] } },
{ "type": "Feature", "properties": { "row": 18, "col": 27, "mostly_overlap": true, "overlap_ratio": 0.787, "type": "Land" }, "geometry": { "type": "Polygon", "coordinates": [ [ [ -87.583815794289094, 41.784402682681225 ], [ -87.583713877351954, 41.784402682681225 ], [ -87.583713877351954, 41.784572544243133 ], [ -87.583815794289094, 41.784572544243133 ], [ -87.583815794289094, 41.784402682681225 ] ] ] } },
{ "type": "Feature", "properties": { "row": 18, "col": 28, "mostly_overlap": false, "overlap_ratio": 0.0991, "type": "Water" }, "geometry": { "type": "Polygon", "coordinates": [ [ [ -87.583713877351954, 41.784402682681225 ], [ -87.583611960414814, 41.784402682681225 ], [ -87.583611960414814, 41.784572544243133 ], [ -87.583713877351954, 41.784572544243133 ], [ -87.583713877351954, 41.784402682681225 ] ] ] } },
{ "type": "Feature", "properties": { "row": 18, "col": 29, "mostly_overlap": false, "overlap_ratio": 0.0, "type": "Water" }, "geometry": { "type": "Polygon", "coordinates": [ [ [ -87.583611960414814, 41.784402682681225 ], [ -87.583510043477673, 41.784402682681225 ], [ -87.583510043477673, 41.784572544243133 ], [ -87.583611960414814, 41.784572544243133 ], [ -87.583611960414814, 41.784402682681225 ] ] ] } },
{ "type": "Feature", "properties": { "row": 18, "col": 30, "mostly_overlap": false, "overlap_ratio": 0.0, "type": "Water" }, "geometry": { "type": "Polygon", "coordinates": [ [ [ -87.583510043477673, 41.784402682681225 ], [ -87.583408126540533, 41.784402682681225 ], [ -87.583408126540533, 41.784572544243133 ], [ -87.583510043477673, 41.784572544243133 ], [ -87.583510043477673, 41.784402682681225 ] ] ] } },
{ "type": "Feature", "properties": { "row": 18, "col": 31, "mostly_overlap": false, "overlap_ratio": 0.0, "type": "Water" }, "geometry": { "type": "Polygon", "coordinates": [ [ [ -87.583408126540533, 41.784402682681225 ], [ -87.583306209603393, 41.784402682681225 ], [ -87.583306209603393, 41.784572544243133 ], [ -87.583408126540533, 41.784572544243133 ], [ -87.583408126540533, 41.784402682681225 ] ] ] } },
{ "type": "Feature", "properties": { "row": 18, "col": 32, "mostly_overlap": false, "overlap_ratio": 0.0, "type": "Water" }, "geometry": { "type": "Polygon", "coordinates": [ [ [ -87.583306209603393, 41.784402682681225 ], [ -87.583204292666238, 41.784402682681225 ], [ -87.583204292666238, 41.784572544243133 ], [ -87.583306209603393, 41.784572544243133 ], [ -87.583306209603393, 41.784402682681225 ] ] ] } },
{ "type": "Feature", "properties": { "row": 18, "col": 33, "mostly_overlap": true, "overlap_ratio": 0.5936, "type": "Land" }, "geometry": { "type": "Polygon", "coordinates": [ [ [ -87.583204292666238, 41.784402682681225 ], [ -87.583102375729098, 41.784402682681225 ], [ -87.583102375729098, 41.784572544243133 ], [ -87.583204292666238, 41.784572544243133 ], [ -87.583204292666238, 41.784402682681225 ] ] ] } },
{ "type": "Feature", "properties": { "row": 18, "col": 34, "mostly_overlap": true, "overlap_ratio": 1.0, "type": "Land" }, "geometry": { "type": "Polygon", "coordinates": [ [ [ -87.583102375729098, 41.784402682681225 ], [ -87.583000458791957, 41.784402682681225 ], [ -87.583000458791957, 41.784572544243133 ], [ -87.583102375729098, 41.784572544243133 ], [ -87.583102375729098, 41.784402682681225 ] ] ] } },
{ "type": "Feature", "properties": { "row": 18, "col": 35, "mostly_overlap": true, "overlap_ratio": 1.0, "type": "Land" }, "geometry": { "type": "Polygon", "coordinates": [ [ [ -87.583000458791957, 41.784402682681225 ], [ -87.582898541854817, 41.784402682681225 ], [ -87.582898541854817, 41.784572544243133 ], [ -87.583000458791957, 41.784572544243133 ], [ -87.583000458791957, 41.784402682681225 ] ] ] } },
{ "type": "Feature", "properties": { "row": 18, "col": 36, "mostly_overlap": true, "overlap_ratio": 1.0, "type": "Land" }, "geometry": { "type": "Polygon", "coordinates": [ [ [ -87.582898541854817, 41.784402682681225 ], [ -87.582796624917677, 41.784402682681225 ], [ -87.582796624917677, 41.784572544243133 ], [ -87.582898541854817, 41.784572544243133 ], [ -87.582898541854817, 41.784402682681225 ] ] ] } },
{ "type": "Feature", "properties": { "row": 18, "col": 37, "mostly_overlap": true, "overlap_ratio": 1.0, "type": "Land" }, "geometry": { "type": "Polygon", "coordinates": [ [ [ -87.582796624917677, 41.784402682681225 ], [ -87.582694707980536, 41.784402682681225 ], [ -87.582694707980536, 41.784572544243133 ], [ -87.582796624917677, 41.784572544243133 ], [ -87.582796624917677, 41.784402682681225 ] ] ] } },
{ "type": "Feature", "properties": { "row": 18, "col": 38, "mostly_overlap": true, "overlap_ratio": 1.0, "type": "Land" }, "geometry": { "type": "Polygon", "coordinates": [ [ [ -87.582694707980536, 41.784402682681225 ], [ -87.582592791043382, 41.784402682681225 ], [ -87.582592791043382, 41.784572544243133 ], [ -87.582694707980536, 41.784572544243133 ], [ -87.582694707980536, 41.784402682681225 ] ] ] } },
{ "type": "Feature", "properties": { "row": 18, "col": 39, "mostly_overlap": true, "overlap_ratio": 1.0, "type": "Land" }, "geometry": { "type": "Polygon", "coordinates": [ [ [ -87.582592791043382, 41.784402682681225 ], [ -87.582490874106242, 41.784402682681225 ], [ -87.582490874106242, 41.784572544243133 ], [ -87.582592791043382, 41.784572544243133 ], [ -87.582592791043382, 41.784402682681225 ] ] ] } },
{ "type": "Feature", "properties": { "row": 18, "col": 40, "mostly_overlap": true, "overlap_ratio": 0.9826, "type": "Land" }, "geometry": { "type": "Polygon", "coordinates": [ [ [ -87.582490874106242, 41.784402682681225 ], [ -87.582388957169101, 41.784402682681225 ], [ -87.582388957169101, 41.784572544243133 ], [ -87.582490874106242, 41.784572544243133 ], [ -87.582490874106242, 41.784402682681225 ] ] ] } },
{ "type": "Feature", "properties": { "row": 19, "col": 1, "mostly_overlap": true, "overlap_ratio": 0.4577, "type": "Land" }, "geometry": { "type": "Polygon", "coordinates": [ [ [ -87.586465634654814, 41.784572544243133 ], [ -87.586363717717674, 41.784572544243133 ], [ -87.586363717717674, 41.784742405805034 ], [ -87.586465634654814, 41.784742405805034 ], [ -87.586465634654814, 41.784572544243133 ] ] ] } },
{ "type": "Feature", "properties": { "row": 19, "col": 2, "mostly_overlap": true, "overlap_ratio": 1.0, "type": "Building" }, "geometry": { "type": "Polygon", "coordinates": [ [ [ -87.586363717717674, 41.784572544243133 ], [ -87.586261800780534, 41.784572544243133 ], [ -87.586261800780534, 41.784742405805034 ], [ -87.586363717717674, 41.784742405805034 ], [ -87.586363717717674, 41.784572544243133 ] ] ] } },
{ "type": "Feature", "properties": { "row": 19, "col": 3, "mostly_overlap": true, "overlap_ratio": 1.0, "type": "Building" }, "geometry": { "type": "Polygon", "coordinates": [ [ [ -87.586261800780534, 41.784572544243133 ], [ -87.586159883843379, 41.784572544243133 ], [ -87.586159883843379, 41.784742405805034 ], [ -87.586261800780534, 41.784742405805034 ], [ -87.586261800780534, 41.784572544243133 ] ] ] } },
{ "type": "Feature", "properties": { "row": 19, "col": 4, "mostly_overlap": true, "overlap_ratio": 1.0, "type": "Building" }, "geometry": { "type": "Polygon", "coordinates": [ [ [ -87.586159883843379, 41.784572544243133 ], [ -87.586057966906239, 41.784572544243133 ], [ -87.586057966906239, 41.784742405805034 ], [ -87.586159883843379, 41.784742405805034 ], [ -87.586159883843379, 41.784572544243133 ] ] ] } },
{ "type": "Feature", "properties": { "row": 19, "col": 5, "mostly_overlap": true, "overlap_ratio": 1.0, "type": "Building" }, "geometry": { "type": "Polygon", "coordinates": [ [ [ -87.586057966906239, 41.784572544243133 ], [ -87.585956049969099, 41.784572544243133 ], [ -87.585956049969099, 41.784742405805034 ], [ -87.586057966906239, 41.784742405805034 ], [ -87.586057966906239, 41.784572544243133 ] ] ] } },
{ "type": "Feature", "properties": { "row": 19, "col": 6, "mostly_overlap": true, "overlap_ratio": 1.0, "type": "Building" }, "geometry": { "type": "Polygon", "coordinates": [ [ [ -87.585956049969099, 41.784572544243133 ], [ -87.585854133031958, 41.784572544243133 ], [ -87.585854133031958, 41.784742405805034 ], [ -87.585956049969099, 41.784742405805034 ], [ -87.585956049969099, 41.784572544243133 ] ] ] } },
{ "type": "Feature", "properties": { "row": 19, "col": 7, "mostly_overlap": true, "overlap_ratio": 1.0, "type": "Building" }, "geometry": { "type": "Polygon", "coordinates": [ [ [ -87.585854133031958, 41.784572544243133 ], [ -87.585752216094818, 41.784572544243133 ], [ -87.585752216094818, 41.784742405805034 ], [ -87.585854133031958, 41.784742405805034 ], [ -87.585854133031958, 41.784572544243133 ] ] ] } },
{ "type": "Feature", "properties": { "row": 19, "col": 8, "mostly_overlap": true, "overlap_ratio": 1.0, "type": "Building" }, "geometry": { "type": "Polygon", "coordinates": [ [ [ -87.585752216094818, 41.784572544243133 ], [ -87.585650299157678, 41.784572544243133 ], [ -87.585650299157678, 41.784742405805034 ], [ -87.585752216094818, 41.784742405805034 ], [ -87.585752216094818, 41.784572544243133 ] ] ] } },
{ "type": "Feature", "properties": { "row": 19, "col": 9, "mostly_overlap": true, "overlap_ratio": 1.0, "type": "Building" }, "geometry": { "type": "Polygon", "coordinates": [ [ [ -87.585650299157678, 41.784572544243133 ], [ -87.585548382220523, 41.784572544243133 ], [ -87.585548382220523, 41.784742405805034 ], [ -87.585650299157678, 41.784742405805034 ], [ -87.585650299157678, 41.784572544243133 ] ] ] } },
{ "type": "Feature", "properties": { "row": 19, "col": 10, "mostly_overlap": true, "overlap_ratio": 1.0, "type": "Building" }, "geometry": { "type": "Polygon", "coordinates": [ [ [ -87.585548382220523, 41.784572544243133 ], [ -87.585446465283383, 41.784572544243133 ], [ -87.585446465283383, 41.784742405805034 ], [ -87.585548382220523, 41.784742405805034 ], [ -87.585548382220523, 41.784572544243133 ] ] ] } },
{ "type": "Feature", "properties": { "row": 19, "col": 11, "mostly_overlap": true, "overlap_ratio": 1.0, "type": "Building" }, "geometry": { "type": "Polygon", "coordinates": [ [ [ -87.585446465283383, 41.784572544243133 ], [ -87.585344548346242, 41.784572544243133 ], [ -87.585344548346242, 41.784742405805034 ], [ -87.585446465283383, 41.784742405805034 ], [ -87.585446465283383, 41.784572544243133 ] ] ] } },
{ "type": "Feature", "properties": { "row": 19, "col": 12, "mostly_overlap": true, "overlap_ratio": 1.0, "type": "Building" }, "geometry": { "type": "Polygon", "coordinates": [ [ [ -87.585344548346242, 41.784572544243133 ], [ -87.585242631409102, 41.784572544243133 ], [ -87.585242631409102, 41.784742405805034 ], [ -87.585344548346242, 41.784742405805034 ], [ -87.585344548346242, 41.784572544243133 ] ] ] } },
{ "type": "Feature", "properties": { "row": 19, "col": 13, "mostly_overlap": true, "overlap_ratio": 1.0, "type": "Building" }, "geometry": { "type": "Polygon", "coordinates": [ [ [ -87.585242631409102, 41.784572544243133 ], [ -87.585140714471962, 41.784572544243133 ], [ -87.585140714471962, 41.784742405805034 ], [ -87.585242631409102, 41.784742405805034 ], [ -87.585242631409102, 41.784572544243133 ] ] ] } },
{ "type": "Feature", "properties": { "row": 19, "col": 14, "mostly_overlap": true, "overlap_ratio": 1.0, "type": "Land" }, "geometry": { "type": "Polygon", "coordinates": [ [ [ -87.585140714471962, 41.784572544243133 ], [ -87.585038797534821, 41.784572544243133 ], [ -87.585038797534821, 41.784742405805034 ], [ -87.585140714471962, 41.784742405805034 ], [ -87.585140714471962, 41.784572544243133 ] ] ] } },
{ "type": "Feature", "properties": { "row": 19, "col": 15, "mostly_overlap": true, "overlap_ratio": 1.0, "type": "Land" }, "geometry": { "type": "Polygon", "coordinates": [ [ [ -87.585038797534821, 41.784572544243133 ], [ -87.584936880597667, 41.784572544243133 ], [ -87.584936880597667, 41.784742405805034 ], [ -87.585038797534821, 41.784742405805034 ], [ -87.585038797534821, 41.784572544243133 ] ] ] } },
{ "type": "Feature", "properties": { "row": 19, "col": 16, "mostly_overlap": true, "overlap_ratio": 1.0, "type": "Land" }, "geometry": { "type": "Polygon", "coordinates": [ [ [ -87.584936880597667, 41.784572544243133 ], [ -87.584834963660526, 41.784572544243133 ], [ -87.584834963660526, 41.784742405805034 ], [ -87.584936880597667, 41.784742405805034 ], [ -87.584936880597667, 41.784572544243133 ] ] ] } },
{ "type": "Feature", "properties": { "row": 19, "col": 17, "mostly_overlap": true, "overlap_ratio": 1.0, "type": "Land" }, "geometry": { "type": "Polygon", "coordinates": [ [ [ -87.584834963660526, 41.784572544243133 ], [ -87.584733046723386, 41.784572544243133 ], [ -87.584733046723386, 41.784742405805034 ], [ -87.584834963660526, 41.784742405805034 ], [ -87.584834963660526, 41.784572544243133 ] ] ] } },
{ "type": "Feature", "properties": { "row": 19, "col": 18, "mostly_overlap": true, "overlap_ratio": 1.0, "type": "Land" }, "geometry": { "type": "Polygon", "coordinates": [ [ [ -87.584733046723386, 41.784572544243133 ], [ -87.584631129786246, 41.784572544243133 ], [ -87.584631129786246, 41.784742405805034 ], [ -87.584733046723386, 41.784742405805034 ], [ -87.584733046723386, 41.784572544243133 ] ] ] } },
{ "type": "Feature", "properties": { "row": 19, "col": 19, "mostly_overlap": true, "overlap_ratio": 1.0, "type": "Land" }, "geometry": { "type": "Polygon", "coordinates": [ [ [ -87.584631129786246, 41.784572544243133 ], [ -87.584529212849105, 41.784572544243133 ], [ -87.584529212849105, 41.784742405805034 ], [ -87.584631129786246, 41.784742405805034 ], [ -87.584631129786246, 41.784572544243133 ] ] ] } },
{ "type": "Feature", "properties": { "row": 19, "col": 20, "mostly_overlap": true, "overlap_ratio": 1.0, "type": "Land" }, "geometry": { "type": "Polygon", "coordinates": [ [ [ -87.584529212849105, 41.784572544243133 ], [ -87.584427295911965, 41.784572544243133 ], [ -87.584427295911965, 41.784742405805034 ], [ -87.584529212849105, 41.784742405805034 ], [ -87.584529212849105, 41.784572544243133 ] ] ] } },
{ "type": "Feature", "properties": { "row": 19, "col": 21, "mostly_overlap": true, "overlap_ratio": 1.0, "type": "Land" }, "geometry": { "type": "Polygon", "coordinates": [ [ [ -87.584427295911951, 41.784572544243133 ], [ -87.58432537897481, 41.784572544243133 ], [ -87.58432537897481, 41.784742405805034 ], [ -87.584427295911951, 41.784742405805034 ], [ -87.584427295911951, 41.784572544243133 ] ] ] } },
{ "type": "Feature", "properties": { "row": 19, "col": 22, "mostly_overlap": true, "overlap_ratio": 0.9129, "type": "Land" }, "geometry": { "type": "Polygon", "coordinates": [ [ [ -87.58432537897481, 41.784572544243133 ], [ -87.58422346203767, 41.784572544243133 ], [ -87.58422346203767, 41.784742405805034 ], [ -87.58432537897481, 41.784742405805034 ], [ -87.58432537897481, 41.784572544243133 ] ] ] } },
{ "type": "Feature", "properties": { "row": 19, "col": 23, "mostly_overlap": false, "overlap_ratio": 0.4553, "type": "Water" }, "geometry": { "type": "Polygon", "coordinates": [ [ [ -87.58422346203767, 41.784572544243133 ], [ -87.58412154510053, 41.784572544243133 ], [ -87.58412154510053, 41.784742405805034 ], [ -87.58422346203767, 41.784742405805034 ], [ -87.58422346203767, 41.784572544243133 ] ] ] } },
{ "type": "Feature", "properties": { "row": 19, "col": 24, "mostly_overlap": false, "overlap_ratio": 0.0, "type": "Water" }, "geometry": { "type": "Polygon", "coordinates": [ [ [ -87.58412154510053, 41.784572544243133 ], [ -87.584019628163389, 41.784572544243133 ], [ -87.584019628163389, 41.784742405805034 ], [ -87.58412154510053, 41.784742405805034 ], [ -87.58412154510053, 41.784572544243133 ] ] ] } },
{ "type": "Feature", "properties": { "row": 19, "col": 25, "mostly_overlap": false, "overlap_ratio": 0.0, "type": "Water" }, "geometry": { "type": "Polygon", "coordinates": [ [ [ -87.584019628163389, 41.784572544243133 ], [ -87.583917711226249, 41.784572544243133 ], [ -87.583917711226249, 41.784742405805034 ], [ -87.584019628163389, 41.784742405805034 ], [ -87.584019628163389, 41.784572544243133 ] ] ] } },
{ "type": "Feature", "properties": { "row": 19, "col": 26, "mostly_overlap": false, "overlap_ratio": 0.0907, "type": "Water" }, "geometry": { "type": "Polygon", "coordinates": [ [ [ -87.583917711226249, 41.784572544243133 ], [ -87.583815794289094, 41.784572544243133 ], [ -87.583815794289094, 41.784742405805034 ], [ -87.583917711226249, 41.784742405805034 ], [ -87.583917711226249, 41.784572544243133 ] ] ] } },
{ "type": "Feature", "properties": { "row": 19, "col": 27, "mostly_overlap": true, "overlap_ratio": 0.9042, "type": "Land" }, "geometry": { "type": "Polygon", "coordinates": [ [ [ -87.583815794289094, 41.784572544243133 ], [ -87.583713877351954, 41.784572544243133 ], [ -87.583713877351954, 41.784742405805034 ], [ -87.583815794289094, 41.784742405805034 ], [ -87.583815794289094, 41.784572544243133 ] ] ] } },
{ "type": "Feature", "properties": { "row": 19, "col": 28, "mostly_overlap": false, "overlap_ratio": 0.1855, "type": "Water" }, "geometry": { "type": "Polygon", "coordinates": [ [ [ -87.583713877351954, 41.784572544243133 ], [ -87.583611960414814, 41.784572544243133 ], [ -87.583611960414814, 41.784742405805034 ], [ -87.583713877351954, 41.784742405805034 ], [ -87.583713877351954, 41.784572544243133 ] ] ] } },
{ "type": "Feature", "properties": { "row": 19, "col": 29, "mostly_overlap": false, "overlap_ratio": 0.0, "type": "Water" }, "geometry": { "type": "Polygon", "coordinates": [ [ [ -87.583611960414814, 41.784572544243133 ], [ -87.583510043477673, 41.784572544243133 ], [ -87.583510043477673, 41.784742405805034 ], [ -87.583611960414814, 41.784742405805034 ], [ -87.583611960414814, 41.784572544243133 ] ] ] } },
{ "type": "Feature", "properties": { "row": 19, "col": 30, "mostly_overlap": false, "overlap_ratio": 0.0, "type": "Water" }, "geometry": { "type": "Polygon", "coordinates": [ [ [ -87.583510043477673, 41.784572544243133 ], [ -87.583408126540533, 41.784572544243133 ], [ -87.583408126540533, 41.784742405805034 ], [ -87.583510043477673, 41.784742405805034 ], [ -87.583510043477673, 41.784572544243133 ] ] ] } },
{ "type": "Feature", "properties": { "row": 19, "col": 31, "mostly_overlap": false, "overlap_ratio": 0.0, "type": "Water" }, "geometry": { "type": "Polygon", "coordinates": [ [ [ -87.583408126540533, 41.784572544243133 ], [ -87.583306209603393, 41.784572544243133 ], [ -87.583306209603393, 41.784742405805034 ], [ -87.583408126540533, 41.784742405805034 ], [ -87.583408126540533, 41.784572544243133 ] ] ] } },
{ "type": "Feature", "properties": { "row": 19, "col": 32, "mostly_overlap": false, "overlap_ratio": 0.0, "type": "Water" }, "geometry": { "type": "Polygon", "coordinates": [ [ [ -87.583306209603393, 41.784572544243133 ], [ -87.583204292666238, 41.784572544243133 ], [ -87.583204292666238, 41.784742405805034 ], [ -87.583306209603393, 41.784742405805034 ], [ -87.583306209603393, 41.784572544243133 ] ] ] } },
{ "type": "Feature", "properties": { "row": 19, "col": 33, "mostly_overlap": false, "overlap_ratio": 0.2801, "type": "Water" }, "geometry": { "type": "Polygon", "coordinates": [ [ [ -87.583204292666238, 41.784572544243133 ], [ -87.583102375729098, 41.784572544243133 ], [ -87.583102375729098, 41.784742405805034 ], [ -87.583204292666238, 41.784742405805034 ], [ -87.583204292666238, 41.784572544243133 ] ] ] } },
{ "type": "Feature", "properties": { "row": 19, "col": 34, "mostly_overlap": true, "overlap_ratio": 1.0, "type": "Land" }, "geometry": { "type": "Polygon", "coordinates": [ [ [ -87.583102375729098, 41.784572544243133 ], [ -87.583000458791957, 41.784572544243133 ], [ -87.583000458791957, 41.784742405805034 ], [ -87.583102375729098, 41.784742405805034 ], [ -87.583102375729098, 41.784572544243133 ] ] ] } },
{ "type": "Feature", "properties": { "row": 19, "col": 35, "mostly_overlap": true, "overlap_ratio": 1.0, "type": "Land" }, "geometry": { "type": "Polygon", "coordinates": [ [ [ -87.583000458791957, 41.784572544243133 ], [ -87.582898541854817, 41.784572544243133 ], [ -87.582898541854817, 41.784742405805034 ], [ -87.583000458791957, 41.784742405805034 ], [ -87.583000458791957, 41.784572544243133 ] ] ] } },
{ "type": "Feature", "properties": { "row": 19, "col": 36, "mostly_overlap": true, "overlap_ratio": 1.0, "type": "Land" }, "geometry": { "type": "Polygon", "coordinates": [ [ [ -87.582898541854817, 41.784572544243133 ], [ -87.582796624917677, 41.784572544243133 ], [ -87.582796624917677, 41.784742405805034 ], [ -87.582898541854817, 41.784742405805034 ], [ -87.582898541854817, 41.784572544243133 ] ] ] } },
{ "type": "Feature", "properties": { "row": 19, "col": 37, "mostly_overlap": true, "overlap_ratio": 1.0, "type": "Land" }, "geometry": { "type": "Polygon", "coordinates": [ [ [ -87.582796624917677, 41.784572544243133 ], [ -87.582694707980536, 41.784572544243133 ], [ -87.582694707980536, 41.784742405805034 ], [ -87.582796624917677, 41.784742405805034 ], [ -87.582796624917677, 41.784572544243133 ] ] ] } },
{ "type": "Feature", "properties": { "row": 19, "col": 38, "mostly_overlap": true, "overlap_ratio": 1.0, "type": "Land" }, "geometry": { "type": "Polygon", "coordinates": [ [ [ -87.582694707980536, 41.784572544243133 ], [ -87.582592791043382, 41.784572544243133 ], [ -87.582592791043382, 41.784742405805034 ], [ -87.582694707980536, 41.784742405805034 ], [ -87.582694707980536, 41.784572544243133 ] ] ] } },
{ "type": "Feature", "properties": { "row": 19, "col": 39, "mostly_overlap": true, "overlap_ratio": 1.0, "type": "Land" }, "geometry": { "type": "Polygon", "coordinates": [ [ [ -87.582592791043382, 41.784572544243133 ], [ -87.582490874106242, 41.784572544243133 ], [ -87.582490874106242, 41.784742405805034 ], [ -87.582592791043382, 41.784742405805034 ], [ -87.582592791043382, 41.784572544243133 ] ] ] } },
{ "type": "Feature", "properties": { "row": 19, "col": 40, "mostly_overlap": true, "overlap_ratio": 0.9816, "type": "Land" }, "geometry": { "type": "Polygon", "coordinates": [ [ [ -87.582490874106242, 41.784572544243133 ], [ -87.582388957169101, 41.784572544243133 ], [ -87.582388957169101, 41.784742405805034 ], [ -87.582490874106242, 41.784742405805034 ], [ -87.582490874106242, 41.784572544243133 ] ] ] } },
{ "type": "Feature", "properties": { "row": 20, "col": 1, "mostly_overlap": true, "overlap_ratio": 0.5001, "type": "Land" }, "geometry": { "type": "Polygon", "coordinates": [ [ [ -87.586465634654814, 41.784742405805034 ], [ -87.586363717717674, 41.784742405805034 ], [ -87.586363717717674, 41.784912267366941 ], [ -87.586465634654814, 41.784912267366941 ], [ -87.586465634654814, 41.784742405805034 ] ] ] } },
{ "type": "Feature", "properties": { "row": 20, "col": 2, "mostly_overlap": true, "overlap_ratio": 1.0, "type": "Land" }, "geometry": { "type": "Polygon", "coordinates": [ [ [ -87.586363717717674, 41.784742405805034 ], [ -87.586261800780534, 41.784742405805034 ], [ -87.586261800780534, 41.784912267366941 ], [ -87.586363717717674, 41.784912267366941 ], [ -87.586363717717674, 41.784742405805034 ] ] ] } },
{ "type": "Feature", "properties": { "row": 20, "col": 3, "mostly_overlap": true, "overlap_ratio": 1.0, "type": "Land" }, "geometry": { "type": "Polygon", "coordinates": [ [ [ -87.586261800780534, 41.784742405805034 ], [ -87.586159883843379, 41.784742405805034 ], [ -87.586159883843379, 41.784912267366941 ], [ -87.586261800780534, 41.784912267366941 ], [ -87.586261800780534, 41.784742405805034 ] ] ] } },
{ "type": "Feature", "properties": { "row": 20, "col": 4, "mostly_overlap": true, "overlap_ratio": 1.0, "type": "Building" }, "geometry": { "type": "Polygon", "coordinates": [ [ [ -87.586159883843379, 41.784742405805034 ], [ -87.586057966906239, 41.784742405805034 ], [ -87.586057966906239, 41.784912267366941 ], [ -87.586159883843379, 41.784912267366941 ], [ -87.586159883843379, 41.784742405805034 ] ] ] } },
{ "type": "Feature", "properties": { "row": 20, "col": 5, "mostly_overlap": true, "overlap_ratio": 1.0, "type": "Building" }, "geometry": { "type": "Polygon", "coordinates": [ [ [ -87.586057966906239, 41.784742405805034 ], [ -87.585956049969099, 41.784742405805034 ], [ -87.585956049969099, 41.784912267366941 ], [ -87.586057966906239, 41.784912267366941 ], [ -87.586057966906239, 41.784742405805034 ] ] ] } },
{ "type": "Feature", "properties": { "row": 20, "col": 6, "mostly_overlap": true, "overlap_ratio": 1.0, "type": "Building" }, "geometry": { "type": "Polygon", "coordinates": [ [ [ -87.585956049969099, 41.784742405805034 ], [ -87.585854133031958, 41.784742405805034 ], [ -87.585854133031958, 41.784912267366941 ], [ -87.585956049969099, 41.784912267366941 ], [ -87.585956049969099, 41.784742405805034 ] ] ] } },
{ "type": "Feature", "properties": { "row": 20, "col": 7, "mostly_overlap": true, "overlap_ratio": 1.0, "type": "Building" }, "geometry": { "type": "Polygon", "coordinates": [ [ [ -87.585854133031958, 41.784742405805034 ], [ -87.585752216094818, 41.784742405805034 ], [ -87.585752216094818, 41.784912267366941 ], [ -87.585854133031958, 41.784912267366941 ], [ -87.585854133031958, 41.784742405805034 ] ] ] } },
{ "type": "Feature", "properties": { "row": 20, "col": 8, "mostly_overlap": true, "overlap_ratio": 1.0, "type": "Building" }, "geometry": { "type": "Polygon", "coordinates": [ [ [ -87.585752216094818, 41.784742405805034 ], [ -87.585650299157678, 41.784742405805034 ], [ -87.585650299157678, 41.784912267366941 ], [ -87.585752216094818, 41.784912267366941 ], [ -87.585752216094818, 41.784742405805034 ] ] ] } },
{ "type": "Feature", "properties": { "row": 20, "col": 9, "mostly_overlap": true, "overlap_ratio": 1.0, "type": "Building" }, "geometry": { "type": "Polygon", "coordinates": [ [ [ -87.585650299157678, 41.784742405805034 ], [ -87.585548382220523, 41.784742405805034 ], [ -87.585548382220523, 41.784912267366941 ], [ -87.585650299157678, 41.784912267366941 ], [ -87.585650299157678, 41.784742405805034 ] ] ] } },
{ "type": "Feature", "properties": { "row": 20, "col": 10, "mostly_overlap": true, "overlap_ratio": 1.0, "type": "Building" }, "geometry": { "type": "Polygon", "coordinates": [ [ [ -87.585548382220523, 41.784742405805034 ], [ -87.585446465283383, 41.784742405805034 ], [ -87.585446465283383, 41.784912267366941 ], [ -87.585548382220523, 41.784912267366941 ], [ -87.585548382220523, 41.784742405805034 ] ] ] } },
{ "type": "Feature", "properties": { "row": 20, "col": 11, "mostly_overlap": true, "overlap_ratio": 1.0, "type": "Building" }, "geometry": { "type": "Polygon", "coordinates": [ [ [ -87.585446465283383, 41.784742405805034 ], [ -87.585344548346242, 41.784742405805034 ], [ -87.585344548346242, 41.784912267366941 ], [ -87.585446465283383, 41.784912267366941 ], [ -87.585446465283383, 41.784742405805034 ] ] ] } },
{ "type": "Feature", "properties": { "row": 20, "col": 12, "mostly_overlap": true, "overlap_ratio": 1.0, "type": "Building" }, "geometry": { "type": "Polygon", "coordinates": [ [ [ -87.585344548346242, 41.784742405805034 ], [ -87.585242631409102, 41.784742405805034 ], [ -87.585242631409102, 41.784912267366941 ], [ -87.585344548346242, 41.784912267366941 ], [ -87.585344548346242, 41.784742405805034 ] ] ] } },
{ "type": "Feature", "properties": { "row": 20, "col": 13, "mostly_overlap": true, "overlap_ratio": 1.0, "type": "Building" }, "geometry": { "type": "Polygon", "coordinates": [ [ [ -87.585242631409102, 41.784742405805034 ], [ -87.585140714471962, 41.784742405805034 ], [ -87.585140714471962, 41.784912267366941 ], [ -87.585242631409102, 41.784912267366941 ], [ -87.585242631409102, 41.784742405805034 ] ] ] } },
{ "type": "Feature", "properties": { "row": 20, "col": 14, "mostly_overlap": true, "overlap_ratio": 1.0, "type": "Land" }, "geometry": { "type": "Polygon", "coordinates": [ [ [ -87.585140714471962, 41.784742405805034 ], [ -87.585038797534821, 41.784742405805034 ], [ -87.585038797534821, 41.784912267366941 ], [ -87.585140714471962, 41.784912267366941 ], [ -87.585140714471962, 41.784742405805034 ] ] ] } },
{ "type": "Feature", "properties": { "row": 20, "col": 15, "mostly_overlap": true, "overlap_ratio": 1.0, "type": "Land" }, "geometry": { "type": "Polygon", "coordinates": [ [ [ -87.585038797534821, 41.784742405805034 ], [ -87.584936880597667, 41.784742405805034 ], [ -87.584936880597667, 41.784912267366941 ], [ -87.585038797534821, 41.784912267366941 ], [ -87.585038797534821, 41.784742405805034 ] ] ] } },
{ "type": "Feature", "properties": { "row": 20, "col": 16, "mostly_overlap": true, "overlap_ratio": 1.0, "type": "Land" }, "geometry": { "type": "Polygon", "coordinates": [ [ [ -87.584936880597667, 41.784742405805034 ], [ -87.584834963660526, 41.784742405805034 ], [ -87.584834963660526, 41.784912267366941 ], [ -87.584936880597667, 41.784912267366941 ], [ -87.584936880597667, 41.784742405805034 ] ] ] } },
{ "type": "Feature", "properties": { "row": 20, "col": 17, "mostly_overlap": true, "overlap_ratio": 1.0, "type": "Land" }, "geometry": { "type": "Polygon", "coordinates": [ [ [ -87.584834963660526, 41.784742405805034 ], [ -87.584733046723386, 41.784742405805034 ], [ -87.584733046723386, 41.784912267366941 ], [ -87.584834963660526, 41.784912267366941 ], [ -87.584834963660526, 41.784742405805034 ] ] ] } },
{ "type": "Feature", "properties": { "row": 20, "col": 18, "mostly_overlap": true, "overlap_ratio": 1.0, "type": "Land" }, "geometry": { "type": "Polygon", "coordinates": [ [ [ -87.584733046723386, 41.784742405805034 ], [ -87.584631129786246, 41.784742405805034 ], [ -87.584631129786246, 41.784912267366941 ], [ -87.584733046723386, 41.784912267366941 ], [ -87.584733046723386, 41.784742405805034 ] ] ] } },
{ "type": "Feature", "properties": { "row": 20, "col": 19, "mostly_overlap": true, "overlap_ratio": 1.0, "type": "Land" }, "geometry": { "type": "Polygon", "coordinates": [ [ [ -87.584631129786246, 41.784742405805034 ], [ -87.584529212849105, 41.784742405805034 ], [ -87.584529212849105, 41.784912267366941 ], [ -87.584631129786246, 41.784912267366941 ], [ -87.584631129786246, 41.784742405805034 ] ] ] } },
{ "type": "Feature", "properties": { "row": 20, "col": 20, "mostly_overlap": true, "overlap_ratio": 1.0, "type": "Land" }, "geometry": { "type": "Polygon", "coordinates": [ [ [ -87.584529212849105, 41.784742405805034 ], [ -87.584427295911965, 41.784742405805034 ], [ -87.584427295911965, 41.784912267366941 ], [ -87.584529212849105, 41.784912267366941 ], [ -87.584529212849105, 41.784742405805034 ] ] ] } },
{ "type": "Feature", "properties": { "row": 20, "col": 21, "mostly_overlap": true, "overlap_ratio": 1.0, "type": "Land" }, "geometry": { "type": "Polygon", "coordinates": [ [ [ -87.584427295911951, 41.784742405805034 ], [ -87.58432537897481, 41.784742405805034 ], [ -87.58432537897481, 41.784912267366941 ], [ -87.584427295911951, 41.784912267366941 ], [ -87.584427295911951, 41.784742405805034 ] ] ] } },
{ "type": "Feature", "properties": { "row": 20, "col": 22, "mostly_overlap": false, "overlap_ratio": 0.467, "type": "Water" }, "geometry": { "type": "Polygon", "coordinates": [ [ [ -87.58432537897481, 41.784742405805034 ], [ -87.58422346203767, 41.784742405805034 ], [ -87.58422346203767, 41.784912267366941 ], [ -87.58432537897481, 41.784912267366941 ], [ -87.58432537897481, 41.784742405805034 ] ] ] } },
{ "type": "Feature", "properties": { "row": 20, "col": 23, "mostly_overlap": false, "overlap_ratio": 0.0, "type": "Water" }, "geometry": { "type": "Polygon", "coordinates": [ [ [ -87.58422346203767, 41.784742405805034 ], [ -87.58412154510053, 41.784742405805034 ], [ -87.58412154510053, 41.784912267366941 ], [ -87.58422346203767, 41.784912267366941 ], [ -87.58422346203767, 41.784742405805034 ] ] ] } },
{ "type": "Feature", "properties": { "row": 20, "col": 24, "mostly_overlap": false, "overlap_ratio": 0.0, "type": "Water" }, "geometry": { "type": "Polygon", "coordinates": [ [ [ -87.58412154510053, 41.784742405805034 ], [ -87.584019628163389, 41.784742405805034 ], [ -87.584019628163389, 41.784912267366941 ], [ -87.58412154510053, 41.784912267366941 ], [ -87.58412154510053, 41.784742405805034 ] ] ] } },
{ "type": "Feature", "properties": { "row": 20, "col": 25, "mostly_overlap": false, "overlap_ratio": 0.0, "type": "Water" }, "geometry": { "type": "Polygon", "coordinates": [ [ [ -87.584019628163389, 41.784742405805034 ], [ -87.583917711226249, 41.784742405805034 ], [ -87.583917711226249, 41.784912267366941 ], [ -87.584019628163389, 41.784912267366941 ], [ -87.584019628163389, 41.784742405805034 ] ] ] } },
{ "type": "Feature", "properties": { "row": 20, "col": 26, "mostly_overlap": false, "overlap_ratio": 0.0, "type": "Water" }, "geometry": { "type": "Polygon", "coordinates": [ [ [ -87.583917711226249, 41.784742405805034 ], [ -87.583815794289094, 41.784742405805034 ], [ -87.583815794289094, 41.784912267366941 ], [ -87.583917711226249, 41.784912267366941 ], [ -87.583917711226249, 41.784742405805034 ] ] ] } },
{ "type": "Feature", "properties": { "row": 20, "col": 27, "mostly_overlap": false, "overlap_ratio": 0.4534, "type": "Water" }, "geometry": { "type": "Polygon", "coordinates": [ [ [ -87.583815794289094, 41.784742405805034 ], [ -87.583713877351954, 41.784742405805034 ], [ -87.583713877351954, 41.784912267366941 ], [ -87.583815794289094, 41.784912267366941 ], [ -87.583815794289094, 41.784742405805034 ] ] ] } },
{ "type": "Feature", "properties": { "row": 20, "col": 28, "mostly_overlap": false, "overlap_ratio": 0.2724, "type": "Water" }, "geometry": { "type": "Polygon", "coordinates": [ [ [ -87.583713877351954, 41.784742405805034 ], [ -87.583611960414814, 41.784742405805034 ], [ -87.583611960414814, 41.784912267366941 ], [ -87.583713877351954, 41.784912267366941 ], [ -87.583713877351954, 41.784742405805034 ] ] ] } },
{ "type": "Feature", "properties": { "row": 20, "col": 29, "mostly_overlap": false, "overlap_ratio": 0.0, "type": "Water" }, "geometry": { "type": "Polygon", "coordinates": [ [ [ -87.583611960414814, 41.784742405805034 ], [ -87.583510043477673, 41.784742405805034 ], [ -87.583510043477673, 41.784912267366941 ], [ -87.583611960414814, 41.784912267366941 ], [ -87.583611960414814, 41.784742405805034 ] ] ] } },
{ "type": "Feature", "properties": { "row": 20, "col": 30, "mostly_overlap": false, "overlap_ratio": 0.0, "type": "Water" }, "geometry": { "type": "Polygon", "coordinates": [ [ [ -87.583510043477673, 41.784742405805034 ], [ -87.583408126540533, 41.784742405805034 ], [ -87.583408126540533, 41.784912267366941 ], [ -87.583510043477673, 41.784912267366941 ], [ -87.583510043477673, 41.784742405805034 ] ] ] } },
{ "type": "Feature", "properties": { "row": 20, "col": 31, "mostly_overlap": false, "overlap_ratio": 0.0, "type": "Water" }, "geometry": { "type": "Polygon", "coordinates": [ [ [ -87.583408126540533, 41.784742405805034 ], [ -87.583306209603393, 41.784742405805034 ], [ -87.583306209603393, 41.784912267366941 ], [ -87.583408126540533, 41.784912267366941 ], [ -87.583408126540533, 41.784742405805034 ] ] ] } },
{ "type": "Feature", "properties": { "row": 20, "col": 32, "mostly_overlap": false, "overlap_ratio": 0.0, "type": "Water" }, "geometry": { "type": "Polygon", "coordinates": [ [ [ -87.583306209603393, 41.784742405805034 ], [ -87.583204292666238, 41.784742405805034 ], [ -87.583204292666238, 41.784912267366941 ], [ -87.583306209603393, 41.784912267366941 ], [ -87.583306209603393, 41.784742405805034 ] ] ] } },
{ "type": "Feature", "properties": { "row": 20, "col": 33, "mostly_overlap": false, "overlap_ratio": 0.3415, "type": "Water" }, "geometry": { "type": "Polygon", "coordinates": [ [ [ -87.583204292666238, 41.784742405805034 ], [ -87.583102375729098, 41.784742405805034 ], [ -87.583102375729098, 41.784912267366941 ], [ -87.583204292666238, 41.784912267366941 ], [ -87.583204292666238, 41.784742405805034 ] ] ] } },
{ "type": "Feature", "properties": { "row": 20, "col": 34, "mostly_overlap": true, "overlap_ratio": 1.0, "type": "Land" }, "geometry": { "type": "Polygon", "coordinates": [ [ [ -87.583102375729098, 41.784742405805034 ], [ -87.583000458791957, 41.784742405805034 ], [ -87.583000458791957, 41.784912267366941 ], [ -87.583102375729098, 41.784912267366941 ], [ -87.583102375729098, 41.784742405805034 ] ] ] } },
{ "type": "Feature", "properties": { "row": 20, "col": 35, "mostly_overlap": true, "overlap_ratio": 1.0, "type": "Land" }, "geometry": { "type": "Polygon", "coordinates": [ [ [ -87.583000458791957, 41.784742405805034 ], [ -87.582898541854817, 41.784742405805034 ], [ -87.582898541854817, 41.784912267366941 ], [ -87.583000458791957, 41.784912267366941 ], [ -87.583000458791957, 41.784742405805034 ] ] ] } },
{ "type": "Feature", "properties": { "row": 20, "col": 36, "mostly_overlap": true, "overlap_ratio": 1.0, "type": "Land" }, "geometry": { "type": "Polygon", "coordinates": [ [ [ -87.582898541854817, 41.784742405805034 ], [ -87.582796624917677, 41.784742405805034 ], [ -87.582796624917677, 41.784912267366941 ], [ -87.582898541854817, 41.784912267366941 ], [ -87.582898541854817, 41.784742405805034 ] ] ] } },
{ "type": "Feature", "properties": { "row": 20, "col": 37, "mostly_overlap": true, "overlap_ratio": 1.0, "type": "Land" }, "geometry": { "type": "Polygon", "coordinates": [ [ [ -87.582796624917677, 41.784742405805034 ], [ -87.582694707980536, 41.784742405805034 ], [ -87.582694707980536, 41.784912267366941 ], [ -87.582796624917677, 41.784912267366941 ], [ -87.582796624917677, 41.784742405805034 ] ] ] } },
{ "type": "Feature", "properties": { "row": 20, "col": 38, "mostly_overlap": true, "overlap_ratio": 1.0, "type": "Land" }, "geometry": { "type": "Polygon", "coordinates": [ [ [ -87.582694707980536, 41.784742405805034 ], [ -87.582592791043382, 41.784742405805034 ], [ -87.582592791043382, 41.784912267366941 ], [ -87.582694707980536, 41.784912267366941 ], [ -87.582694707980536, 41.784742405805034 ] ] ] } },
{ "type": "Feature", "properties": { "row": 20, "col": 39, "mostly_overlap": true, "overlap_ratio": 1.0, "type": "Land" }, "geometry": { "type": "Polygon", "coordinates": [ [ [ -87.582592791043382, 41.784742405805034 ], [ -87.582490874106242, 41.784742405805034 ], [ -87.582490874106242, 41.784912267366941 ], [ -87.582592791043382, 41.784912267366941 ], [ -87.582592791043382, 41.784742405805034 ] ] ] } },
{ "type": "Feature", "properties": { "row": 20, "col": 40, "mostly_overlap": true, "overlap_ratio": 0.9806, "type": "Land" }, "geometry": { "type": "Polygon", "coordinates": [ [ [ -87.582490874106242, 41.784742405805034 ], [ -87.582388957169101, 41.784742405805034 ], [ -87.582388957169101, 41.784912267366941 ], [ -87.582490874106242, 41.784912267366941 ], [ -87.582490874106242, 41.784742405805034 ] ] ] } },
{ "type": "Feature", "properties": { "row": 21, "col": 1, "mostly_overlap": true, "overlap_ratio": 0.5425, "type": "Land" }, "geometry": { "type": "Polygon", "coordinates": [ [ [ -87.586465634654814, 41.784912267366941 ], [ -87.586363717717674, 41.784912267366941 ], [ -87.586363717717674, 41.785082128928842 ], [ -87.586465634654814, 41.785082128928842 ], [ -87.586465634654814, 41.784912267366941 ] ] ] } },
{ "type": "Feature", "properties": { "row": 21, "col": 2, "mostly_overlap": true, "overlap_ratio": 1.0, "type": "Land" }, "geometry": { "type": "Polygon", "coordinates": [ [ [ -87.586363717717674, 41.784912267366941 ], [ -87.586261800780534, 41.784912267366941 ], [ -87.586261800780534, 41.785082128928842 ], [ -87.586363717717674, 41.785082128928842 ], [ -87.586363717717674, 41.784912267366941 ] ] ] } },
{ "type": "Feature", "properties": { "row": 21, "col": 3, "mostly_overlap": true, "overlap_ratio": 1.0, "type": "Land" }, "geometry": { "type": "Polygon", "coordinates": [ [ [ -87.586261800780534, 41.784912267366941 ], [ -87.586159883843379, 41.784912267366941 ], [ -87.586159883843379, 41.785082128928842 ], [ -87.586261800780534, 41.785082128928842 ], [ -87.586261800780534, 41.784912267366941 ] ] ] } },
{ "type": "Feature", "properties": { "row": 21, "col": 4, "mostly_overlap": true, "overlap_ratio": 1.0, "type": "Building" }, "geometry": { "type": "Polygon", "coordinates": [ [ [ -87.586159883843379, 41.784912267366941 ], [ -87.586057966906239, 41.784912267366941 ], [ -87.586057966906239, 41.785082128928842 ], [ -87.586159883843379, 41.785082128928842 ], [ -87.586159883843379, 41.784912267366941 ] ] ] } },
{ "type": "Feature", "properties": { "row": 21, "col": 5, "mostly_overlap": true, "overlap_ratio": 1.0, "type": "Building" }, "geometry": { "type": "Polygon", "coordinates": [ [ [ -87.586057966906239, 41.784912267366941 ], [ -87.585956049969099, 41.784912267366941 ], [ -87.585956049969099, 41.785082128928842 ], [ -87.586057966906239, 41.785082128928842 ], [ -87.586057966906239, 41.784912267366941 ] ] ] } },
{ "type": "Feature", "properties": { "row": 21, "col": 6, "mostly_overlap": true, "overlap_ratio": 1.0, "type": "Building" }, "geometry": { "type": "Polygon", "coordinates": [ [ [ -87.585956049969099, 41.784912267366941 ], [ -87.585854133031958, 41.784912267366941 ], [ -87.585854133031958, 41.785082128928842 ], [ -87.585956049969099, 41.785082128928842 ], [ -87.585956049969099, 41.784912267366941 ] ] ] } },
{ "type": "Feature", "properties": { "row": 21, "col": 7, "mostly_overlap": true, "overlap_ratio": 1.0, "type": "Building" }, "geometry": { "type": "Polygon", "coordinates": [ [ [ -87.585854133031958, 41.784912267366941 ], [ -87.585752216094818, 41.784912267366941 ], [ -87.585752216094818, 41.785082128928842 ], [ -87.585854133031958, 41.785082128928842 ], [ -87.585854133031958, 41.784912267366941 ] ] ] } },
{ "type": "Feature", "properties": { "row": 21, "col": 8, "mostly_overlap": true, "overlap_ratio": 1.0, "type": "Building" }, "geometry": { "type": "Polygon", "coordinates": [ [ [ -87.585752216094818, 41.784912267366941 ], [ -87.585650299157678, 41.784912267366941 ], [ -87.585650299157678, 41.785082128928842 ], [ -87.585752216094818, 41.785082128928842 ], [ -87.585752216094818, 41.784912267366941 ] ] ] } },
{ "type": "Feature", "properties": { "row": 21, "col": 9, "mostly_overlap": true, "overlap_ratio": 1.0, "type": "Building" }, "geometry": { "type": "Polygon", "coordinates": [ [ [ -87.585650299157678, 41.784912267366941 ], [ -87.585548382220523, 41.784912267366941 ], [ -87.585548382220523, 41.785082128928842 ], [ -87.585650299157678, 41.785082128928842 ], [ -87.585650299157678, 41.784912267366941 ] ] ] } },
{ "type": "Feature", "properties": { "row": 21, "col": 10, "mostly_overlap": true, "overlap_ratio": 1.0, "type": "Building" }, "geometry": { "type": "Polygon", "coordinates": [ [ [ -87.585548382220523, 41.784912267366941 ], [ -87.585446465283383, 41.784912267366941 ], [ -87.585446465283383, 41.785082128928842 ], [ -87.585548382220523, 41.785082128928842 ], [ -87.585548382220523, 41.784912267366941 ] ] ] } },
{ "type": "Feature", "properties": { "row": 21, "col": 11, "mostly_overlap": true, "overlap_ratio": 1.0, "type": "Building" }, "geometry": { "type": "Polygon", "coordinates": [ [ [ -87.585446465283383, 41.784912267366941 ], [ -87.585344548346242, 41.784912267366941 ], [ -87.585344548346242, 41.785082128928842 ], [ -87.585446465283383, 41.785082128928842 ], [ -87.585446465283383, 41.784912267366941 ] ] ] } },
{ "type": "Feature", "properties": { "row": 21, "col": 12, "mostly_overlap": true, "overlap_ratio": 1.0, "type": "Building" }, "geometry": { "type": "Polygon", "coordinates": [ [ [ -87.585344548346242, 41.784912267366941 ], [ -87.585242631409102, 41.784912267366941 ], [ -87.585242631409102, 41.785082128928842 ], [ -87.585344548346242, 41.785082128928842 ], [ -87.585344548346242, 41.784912267366941 ] ] ] } },
{ "type": "Feature", "properties": { "row": 21, "col": 13, "mostly_overlap": true, "overlap_ratio": 1.0, "type": "Building" }, "geometry": { "type": "Polygon", "coordinates": [ [ [ -87.585242631409102, 41.784912267366941 ], [ -87.585140714471962, 41.784912267366941 ], [ -87.585140714471962, 41.785082128928842 ], [ -87.585242631409102, 41.785082128928842 ], [ -87.585242631409102, 41.784912267366941 ] ] ] } },
{ "type": "Feature", "properties": { "row": 21, "col": 14, "mostly_overlap": true, "overlap_ratio": 1.0, "type": "Land" }, "geometry": { "type": "Polygon", "coordinates": [ [ [ -87.585140714471962, 41.784912267366941 ], [ -87.585038797534821, 41.784912267366941 ], [ -87.585038797534821, 41.785082128928842 ], [ -87.585140714471962, 41.785082128928842 ], [ -87.585140714471962, 41.784912267366941 ] ] ] } },
{ "type": "Feature", "properties": { "row": 21, "col": 15, "mostly_overlap": true, "overlap_ratio": 1.0, "type": "Land" }, "geometry": { "type": "Polygon", "coordinates": [ [ [ -87.585038797534821, 41.784912267366941 ], [ -87.584936880597667, 41.784912267366941 ], [ -87.584936880597667, 41.785082128928842 ], [ -87.585038797534821, 41.785082128928842 ], [ -87.585038797534821, 41.784912267366941 ] ] ] } },
{ "type": "Feature", "properties": { "row": 21, "col": 16, "mostly_overlap": true, "overlap_ratio": 1.0, "type": "Land" }, "geometry": { "type": "Polygon", "coordinates": [ [ [ -87.584936880597667, 41.784912267366941 ], [ -87.584834963660526, 41.784912267366941 ], [ -87.584834963660526, 41.785082128928842 ], [ -87.584936880597667, 41.785082128928842 ], [ -87.584936880597667, 41.784912267366941 ] ] ] } },
{ "type": "Feature", "properties": { "row": 21, "col": 17, "mostly_overlap": true, "overlap_ratio": 1.0, "type": "Land" }, "geometry": { "type": "Polygon", "coordinates": [ [ [ -87.584834963660526, 41.784912267366941 ], [ -87.584733046723386, 41.784912267366941 ], [ -87.584733046723386, 41.785082128928842 ], [ -87.584834963660526, 41.785082128928842 ], [ -87.584834963660526, 41.784912267366941 ] ] ] } },
{ "type": "Feature", "properties": { "row": 21, "col": 18, "mostly_overlap": true, "overlap_ratio": 1.0, "type": "Land" }, "geometry": { "type": "Polygon", "coordinates": [ [ [ -87.584733046723386, 41.784912267366941 ], [ -87.584631129786246, 41.784912267366941 ], [ -87.584631129786246, 41.785082128928842 ], [ -87.584733046723386, 41.785082128928842 ], [ -87.584733046723386, 41.784912267366941 ] ] ] } },
{ "type": "Feature", "properties": { "row": 21, "col": 19, "mostly_overlap": true, "overlap_ratio": 1.0, "type": "Land" }, "geometry": { "type": "Polygon", "coordinates": [ [ [ -87.584631129786246, 41.784912267366941 ], [ -87.584529212849105, 41.784912267366941 ], [ -87.584529212849105, 41.785082128928842 ], [ -87.584631129786246, 41.785082128928842 ], [ -87.584631129786246, 41.784912267366941 ] ] ] } },
{ "type": "Feature", "properties": { "row": 21, "col": 20, "mostly_overlap": true, "overlap_ratio": 1.0, "type": "Land" }, "geometry": { "type": "Polygon", "coordinates": [ [ [ -87.584529212849105, 41.784912267366941 ], [ -87.584427295911965, 41.784912267366941 ], [ -87.584427295911965, 41.785082128928842 ], [ -87.584529212849105, 41.785082128928842 ], [ -87.584529212849105, 41.784912267366941 ] ] ] } },
{ "type": "Feature", "properties": { "row": 21, "col": 21, "mostly_overlap": true, "overlap_ratio": 1.0, "type": "Land" }, "geometry": { "type": "Polygon", "coordinates": [ [ [ -87.584427295911951, 41.784912267366941 ], [ -87.58432537897481, 41.784912267366941 ], [ -87.58432537897481, 41.785082128928842 ], [ -87.584427295911951, 41.785082128928842 ], [ -87.584427295911951, 41.784912267366941 ] ] ] } },
{ "type": "Feature", "properties": { "row": 21, "col": 22, "mostly_overlap": true, "overlap_ratio": 0.6373, "type": "Land" }, "geometry": { "type": "Polygon", "coordinates": [ [ [ -87.58432537897481, 41.784912267366941 ], [ -87.58422346203767, 41.784912267366941 ], [ -87.58422346203767, 41.785082128928842 ], [ -87.58432537897481, 41.785082128928842 ], [ -87.58432537897481, 41.784912267366941 ] ] ] } },
{ "type": "Feature", "properties": { "row": 21, "col": 23, "mostly_overlap": false, "overlap_ratio": 0.0, "type": "Water" }, "geometry": { "type": "Polygon", "coordinates": [ [ [ -87.58422346203767, 41.784912267366941 ], [ -87.58412154510053, 41.784912267366941 ], [ -87.58412154510053, 41.785082128928842 ], [ -87.58422346203767, 41.785082128928842 ], [ -87.58422346203767, 41.784912267366941 ] ] ] } },
{ "type": "Feature", "properties": { "row": 21, "col": 24, "mostly_overlap": false, "overlap_ratio": 0.0, "type": "Water" }, "geometry": { "type": "Polygon", "coordinates": [ [ [ -87.58412154510053, 41.784912267366941 ], [ -87.584019628163389, 41.784912267366941 ], [ -87.584019628163389, 41.785082128928842 ], [ -87.58412154510053, 41.785082128928842 ], [ -87.58412154510053, 41.784912267366941 ] ] ] } },
{ "type": "Feature", "properties": { "row": 21, "col": 25, "mostly_overlap": false, "overlap_ratio": 0.0, "type": "Water" }, "geometry": { "type": "Polygon", "coordinates": [ [ [ -87.584019628163389, 41.784912267366941 ], [ -87.583917711226249, 41.784912267366941 ], [ -87.583917711226249, 41.785082128928842 ], [ -87.584019628163389, 41.785082128928842 ], [ -87.584019628163389, 41.784912267366941 ] ] ] } },
{ "type": "Feature", "properties": { "row": 21, "col": 26, "mostly_overlap": false, "overlap_ratio": 0.0, "type": "Water" }, "geometry": { "type": "Polygon", "coordinates": [ [ [ -87.583917711226249, 41.784912267366941 ], [ -87.583815794289094, 41.784912267366941 ], [ -87.583815794289094, 41.785082128928842 ], [ -87.583917711226249, 41.785082128928842 ], [ -87.583917711226249, 41.784912267366941 ] ] ] } },
{ "type": "Feature", "properties": { "row": 21, "col": 27, "mostly_overlap": false, "overlap_ratio": 0.0, "type": "Water" }, "geometry": { "type": "Polygon", "coordinates": [ [ [ -87.583815794289094, 41.784912267366941 ], [ -87.583713877351954, 41.784912267366941 ], [ -87.583713877351954, 41.785082128928842 ], [ -87.583815794289094, 41.785082128928842 ], [ -87.583815794289094, 41.784912267366941 ] ] ] } },
{ "type": "Feature", "properties": { "row": 21, "col": 28, "mostly_overlap": false, "overlap_ratio": 0.0, "type": "Water" }, "geometry": { "type": "Polygon", "coordinates": [ [ [ -87.583713877351954, 41.784912267366941 ], [ -87.583611960414814, 41.784912267366941 ], [ -87.583611960414814, 41.785082128928842 ], [ -87.583713877351954, 41.785082128928842 ], [ -87.583713877351954, 41.784912267366941 ] ] ] } },
{ "type": "Feature", "properties": { "row": 21, "col": 29, "mostly_overlap": false, "overlap_ratio": 0.0, "type": "Water" }, "geometry": { "type": "Polygon", "coordinates": [ [ [ -87.583611960414814, 41.784912267366941 ], [ -87.583510043477673, 41.784912267366941 ], [ -87.583510043477673, 41.785082128928842 ], [ -87.583611960414814, 41.785082128928842 ], [ -87.583611960414814, 41.784912267366941 ] ] ] } },
{ "type": "Feature", "properties": { "row": 21, "col": 30, "mostly_overlap": false, "overlap_ratio": 0.0, "type": "Water" }, "geometry": { "type": "Polygon", "coordinates": [ [ [ -87.583510043477673, 41.784912267366941 ], [ -87.583408126540533, 41.784912267366941 ], [ -87.583408126540533, 41.785082128928842 ], [ -87.583510043477673, 41.785082128928842 ], [ -87.583510043477673, 41.784912267366941 ] ] ] } },
{ "type": "Feature", "properties": { "row": 21, "col": 31, "mostly_overlap": false, "overlap_ratio": 0.0403, "type": "Water" }, "geometry": { "type": "Polygon", "coordinates": [ [ [ -87.583408126540533, 41.784912267366941 ], [ -87.583306209603393, 41.784912267366941 ], [ -87.583306209603393, 41.785082128928842 ], [ -87.583408126540533, 41.785082128928842 ], [ -87.583408126540533, 41.784912267366941 ] ] ] } },
{ "type": "Feature", "properties": { "row": 21, "col": 32, "mostly_overlap": true, "overlap_ratio": 0.6272, "type": "Land" }, "geometry": { "type": "Polygon", "coordinates": [ [ [ -87.583306209603393, 41.784912267366941 ], [ -87.583204292666238, 41.784912267366941 ], [ -87.583204292666238, 41.785082128928842 ], [ -87.583306209603393, 41.785082128928842 ], [ -87.583306209603393, 41.784912267366941 ] ] ] } },
{ "type": "Feature", "properties": { "row": 21, "col": 33, "mostly_overlap": true, "overlap_ratio": 0.998, "type": "Land" }, "geometry": { "type": "Polygon", "coordinates": [ [ [ -87.583204292666238, 41.784912267366941 ], [ -87.583102375729098, 41.784912267366941 ], [ -87.583102375729098, 41.785082128928842 ], [ -87.583204292666238, 41.785082128928842 ], [ -87.583204292666238, 41.784912267366941 ] ] ] } },
{ "type": "Feature", "properties": { "row": 21, "col": 34, "mostly_overlap": true, "overlap_ratio": 1.0, "type": "Land" }, "geometry": { "type": "Polygon", "coordinates": [ [ [ -87.583102375729098, 41.784912267366941 ], [ -87.583000458791957, 41.784912267366941 ], [ -87.583000458791957, 41.785082128928842 ], [ -87.583102375729098, 41.785082128928842 ], [ -87.583102375729098, 41.784912267366941 ] ] ] } },
{ "type": "Feature", "properties": { "row": 21, "col": 35, "mostly_overlap": true, "overlap_ratio": 1.0, "type": "Land" }, "geometry": { "type": "Polygon", "coordinates": [ [ [ -87.583000458791957, 41.784912267366941 ], [ -87.582898541854817, 41.784912267366941 ], [ -87.582898541854817, 41.785082128928842 ], [ -87.583000458791957, 41.785082128928842 ], [ -87.583000458791957, 41.784912267366941 ] ] ] } },
{ "type": "Feature", "properties": { "row": 21, "col": 36, "mostly_overlap": true, "overlap_ratio": 1.0, "type": "Land" }, "geometry": { "type": "Polygon", "coordinates": [ [ [ -87.582898541854817, 41.784912267366941 ], [ -87.582796624917677, 41.784912267366941 ], [ -87.582796624917677, 41.785082128928842 ], [ -87.582898541854817, 41.785082128928842 ], [ -87.582898541854817, 41.784912267366941 ] ] ] } },
{ "type": "Feature", "properties": { "row": 21, "col": 37, "mostly_overlap": true, "overlap_ratio": 1.0, "type": "Land" }, "geometry": { "type": "Polygon", "coordinates": [ [ [ -87.582796624917677, 41.784912267366941 ], [ -87.582694707980536, 41.784912267366941 ], [ -87.582694707980536, 41.785082128928842 ], [ -87.582796624917677, 41.785082128928842 ], [ -87.582796624917677, 41.784912267366941 ] ] ] } },
{ "type": "Feature", "properties": { "row": 21, "col": 38, "mostly_overlap": true, "overlap_ratio": 1.0, "type": "Land" }, "geometry": { "type": "Polygon", "coordinates": [ [ [ -87.582694707980536, 41.784912267366941 ], [ -87.582592791043382, 41.784912267366941 ], [ -87.582592791043382, 41.785082128928842 ], [ -87.582694707980536, 41.785082128928842 ], [ -87.582694707980536, 41.784912267366941 ] ] ] } },
{ "type": "Feature", "properties": { "row": 21, "col": 39, "mostly_overlap": true, "overlap_ratio": 1.0, "type": "Land" }, "geometry": { "type": "Polygon", "coordinates": [ [ [ -87.582592791043382, 41.784912267366941 ], [ -87.582490874106242, 41.784912267366941 ], [ -87.582490874106242, 41.785082128928842 ], [ -87.582592791043382, 41.785082128928842 ], [ -87.582592791043382, 41.784912267366941 ] ] ] } },
{ "type": "Feature", "properties": { "row": 21, "col": 40, "mostly_overlap": true, "overlap_ratio": 0.9796, "type": "Land" }, "geometry": { "type": "Polygon", "coordinates": [ [ [ -87.582490874106242, 41.784912267366941 ], [ -87.582388957169101, 41.784912267366941 ], [ -87.582388957169101, 41.785082128928842 ], [ -87.582490874106242, 41.785082128928842 ], [ -87.582490874106242, 41.784912267366941 ] ] ] } },
{ "type": "Feature", "properties": { "row": 22, "col": 1, "mostly_overlap": true, "overlap_ratio": 0.5849, "type": "Land" }, "geometry": { "type": "Polygon", "coordinates": [ [ [ -87.586465634654814, 41.785082128928842 ], [ -87.586363717717674, 41.785082128928842 ], [ -87.586363717717674, 41.78525199049075 ], [ -87.586465634654814, 41.78525199049075 ], [ -87.586465634654814, 41.785082128928842 ] ] ] } },
{ "type": "Feature", "properties": { "row": 22, "col": 2, "mostly_overlap": true, "overlap_ratio": 1.0, "type": "Land" }, "geometry": { "type": "Polygon", "coordinates": [ [ [ -87.586363717717674, 41.785082128928842 ], [ -87.586261800780534, 41.785082128928842 ], [ -87.586261800780534, 41.78525199049075 ], [ -87.586363717717674, 41.78525199049075 ], [ -87.586363717717674, 41.785082128928842 ] ] ] } },
{ "type": "Feature", "properties": { "row": 22, "col": 3, "mostly_overlap": true, "overlap_ratio": 1.0, "type": "Land" }, "geometry": { "type": "Polygon", "coordinates": [ [ [ -87.586261800780534, 41.785082128928842 ], [ -87.586159883843379, 41.785082128928842 ], [ -87.586159883843379, 41.78525199049075 ], [ -87.586261800780534, 41.78525199049075 ], [ -87.586261800780534, 41.785082128928842 ] ] ] } },
{ "type": "Feature", "properties": { "row": 22, "col": 4, "mostly_overlap": true, "overlap_ratio": 1.0, "type": "Building" }, "geometry": { "type": "Polygon", "coordinates": [ [ [ -87.586159883843379, 41.785082128928842 ], [ -87.586057966906239, 41.785082128928842 ], [ -87.586057966906239, 41.78525199049075 ], [ -87.586159883843379, 41.78525199049075 ], [ -87.586159883843379, 41.785082128928842 ] ] ] } },
{ "type": "Feature", "properties": { "row": 22, "col": 5, "mostly_overlap": true, "overlap_ratio": 1.0, "type": "Building" }, "geometry": { "type": "Polygon", "coordinates": [ [ [ -87.586057966906239, 41.785082128928842 ], [ -87.585956049969099, 41.785082128928842 ], [ -87.585956049969099, 41.78525199049075 ], [ -87.586057966906239, 41.78525199049075 ], [ -87.586057966906239, 41.785082128928842 ] ] ] } },
{ "type": "Feature", "properties": { "row": 22, "col": 6, "mostly_overlap": true, "overlap_ratio": 1.0, "type": "Building" }, "geometry": { "type": "Polygon", "coordinates": [ [ [ -87.585956049969099, 41.785082128928842 ], [ -87.585854133031958, 41.785082128928842 ], [ -87.585854133031958, 41.78525199049075 ], [ -87.585956049969099, 41.78525199049075 ], [ -87.585956049969099, 41.785082128928842 ] ] ] } },
{ "type": "Feature", "properties": { "row": 22, "col": 7, "mostly_overlap": true, "overlap_ratio": 1.0, "type": "Building" }, "geometry": { "type": "Polygon", "coordinates": [ [ [ -87.585854133031958, 41.785082128928842 ], [ -87.585752216094818, 41.785082128928842 ], [ -87.585752216094818, 41.78525199049075 ], [ -87.585854133031958, 41.78525199049075 ], [ -87.585854133031958, 41.785082128928842 ] ] ] } },
{ "type": "Feature", "properties": { "row": 22, "col": 8, "mostly_overlap": true, "overlap_ratio": 1.0, "type": "Building" }, "geometry": { "type": "Polygon", "coordinates": [ [ [ -87.585752216094818, 41.785082128928842 ], [ -87.585650299157678, 41.785082128928842 ], [ -87.585650299157678, 41.78525199049075 ], [ -87.585752216094818, 41.78525199049075 ], [ -87.585752216094818, 41.785082128928842 ] ] ] } },
{ "type": "Feature", "properties": { "row": 22, "col": 9, "mostly_overlap": true, "overlap_ratio": 1.0, "type": "Building" }, "geometry": { "type": "Polygon", "coordinates": [ [ [ -87.585650299157678, 41.785082128928842 ], [ -87.585548382220523, 41.785082128928842 ], [ -87.585548382220523, 41.78525199049075 ], [ -87.585650299157678, 41.78525199049075 ], [ -87.585650299157678, 41.785082128928842 ] ] ] } },
{ "type": "Feature", "properties": { "row": 22, "col": 10, "mostly_overlap": true, "overlap_ratio": 1.0, "type": "Building" }, "geometry": { "type": "Polygon", "coordinates": [ [ [ -87.585548382220523, 41.785082128928842 ], [ -87.585446465283383, 41.785082128928842 ], [ -87.585446465283383, 41.78525199049075 ], [ -87.585548382220523, 41.78525199049075 ], [ -87.585548382220523, 41.785082128928842 ] ] ] } },
{ "type": "Feature", "properties": { "row": 22, "col": 11, "mostly_overlap": true, "overlap_ratio": 1.0, "type": "Building" }, "geometry": { "type": "Polygon", "coordinates": [ [ [ -87.585446465283383, 41.785082128928842 ], [ -87.585344548346242, 41.785082128928842 ], [ -87.585344548346242, 41.78525199049075 ], [ -87.585446465283383, 41.78525199049075 ], [ -87.585446465283383, 41.785082128928842 ] ] ] } },
{ "type": "Feature", "properties": { "row": 22, "col": 12, "mostly_overlap": true, "overlap_ratio": 1.0, "type": "Land" }, "geometry": { "type": "Polygon", "coordinates": [ [ [ -87.585344548346242, 41.785082128928842 ], [ -87.585242631409102, 41.785082128928842 ], [ -87.585242631409102, 41.78525199049075 ], [ -87.585344548346242, 41.78525199049075 ], [ -87.585344548346242, 41.785082128928842 ] ] ] } },
{ "type": "Feature", "properties": { "row": 22, "col": 13, "mostly_overlap": true, "overlap_ratio": 1.0, "type": "Land" }, "geometry": { "type": "Polygon", "coordinates": [ [ [ -87.585242631409102, 41.785082128928842 ], [ -87.585140714471962, 41.785082128928842 ], [ -87.585140714471962, 41.78525199049075 ], [ -87.585242631409102, 41.78525199049075 ], [ -87.585242631409102, 41.785082128928842 ] ] ] } },
{ "type": "Feature", "properties": { "row": 22, "col": 14, "mostly_overlap": true, "overlap_ratio": 1.0, "type": "Land" }, "geometry": { "type": "Polygon", "coordinates": [ [ [ -87.585140714471962, 41.785082128928842 ], [ -87.585038797534821, 41.785082128928842 ], [ -87.585038797534821, 41.78525199049075 ], [ -87.585140714471962, 41.78525199049075 ], [ -87.585140714471962, 41.785082128928842 ] ] ] } },
{ "type": "Feature", "properties": { "row": 22, "col": 15, "mostly_overlap": true, "overlap_ratio": 1.0, "type": "Land" }, "geometry": { "type": "Polygon", "coordinates": [ [ [ -87.585038797534821, 41.785082128928842 ], [ -87.584936880597667, 41.785082128928842 ], [ -87.584936880597667, 41.78525199049075 ], [ -87.585038797534821, 41.78525199049075 ], [ -87.585038797534821, 41.785082128928842 ] ] ] } },
{ "type": "Feature", "properties": { "row": 22, "col": 16, "mostly_overlap": true, "overlap_ratio": 1.0, "type": "Land" }, "geometry": { "type": "Polygon", "coordinates": [ [ [ -87.584936880597667, 41.785082128928842 ], [ -87.584834963660526, 41.785082128928842 ], [ -87.584834963660526, 41.78525199049075 ], [ -87.584936880597667, 41.78525199049075 ], [ -87.584936880597667, 41.785082128928842 ] ] ] } },
{ "type": "Feature", "properties": { "row": 22, "col": 17, "mostly_overlap": true, "overlap_ratio": 1.0, "type": "Land" }, "geometry": { "type": "Polygon", "coordinates": [ [ [ -87.584834963660526, 41.785082128928842 ], [ -87.584733046723386, 41.785082128928842 ], [ -87.584733046723386, 41.78525199049075 ], [ -87.584834963660526, 41.78525199049075 ], [ -87.584834963660526, 41.785082128928842 ] ] ] } },
{ "type": "Feature", "properties": { "row": 22, "col": 18, "mostly_overlap": true, "overlap_ratio": 1.0, "type": "Land" }, "geometry": { "type": "Polygon", "coordinates": [ [ [ -87.584733046723386, 41.785082128928842 ], [ -87.584631129786246, 41.785082128928842 ], [ -87.584631129786246, 41.78525199049075 ], [ -87.584733046723386, 41.78525199049075 ], [ -87.584733046723386, 41.785082128928842 ] ] ] } },
{ "type": "Feature", "properties": { "row": 22, "col": 19, "mostly_overlap": true, "overlap_ratio": 1.0, "type": "Land" }, "geometry": { "type": "Polygon", "coordinates": [ [ [ -87.584631129786246, 41.785082128928842 ], [ -87.584529212849105, 41.785082128928842 ], [ -87.584529212849105, 41.78525199049075 ], [ -87.584631129786246, 41.78525199049075 ], [ -87.584631129786246, 41.785082128928842 ] ] ] } },
{ "type": "Feature", "properties": { "row": 22, "col": 20, "mostly_overlap": true, "overlap_ratio": 1.0, "type": "Land" }, "geometry": { "type": "Polygon", "coordinates": [ [ [ -87.584529212849105, 41.785082128928842 ], [ -87.584427295911965, 41.785082128928842 ], [ -87.584427295911965, 41.78525199049075 ], [ -87.584529212849105, 41.78525199049075 ], [ -87.584529212849105, 41.785082128928842 ] ] ] } },
{ "type": "Feature", "properties": { "row": 22, "col": 21, "mostly_overlap": true, "overlap_ratio": 0.6129, "type": "Land" }, "geometry": { "type": "Polygon", "coordinates": [ [ [ -87.584427295911951, 41.785082128928842 ], [ -87.58432537897481, 41.785082128928842 ], [ -87.58432537897481, 41.78525199049075 ], [ -87.584427295911951, 41.78525199049075 ], [ -87.584427295911951, 41.785082128928842 ] ] ] } },
{ "type": "Feature", "properties": { "row": 22, "col": 22, "mostly_overlap": false, "overlap_ratio": 0.1247, "type": "Water" }, "geometry": { "type": "Polygon", "coordinates": [ [ [ -87.58432537897481, 41.785082128928842 ], [ -87.58422346203767, 41.785082128928842 ], [ -87.58422346203767, 41.78525199049075 ], [ -87.58432537897481, 41.78525199049075 ], [ -87.58432537897481, 41.785082128928842 ] ] ] } },
{ "type": "Feature", "properties": { "row": 22, "col": 23, "mostly_overlap": false, "overlap_ratio": 0.0, "type": "Water" }, "geometry": { "type": "Polygon", "coordinates": [ [ [ -87.58422346203767, 41.785082128928842 ], [ -87.58412154510053, 41.785082128928842 ], [ -87.58412154510053, 41.78525199049075 ], [ -87.58422346203767, 41.78525199049075 ], [ -87.58422346203767, 41.785082128928842 ] ] ] } },
{ "type": "Feature", "properties": { "row": 22, "col": 24, "mostly_overlap": false, "overlap_ratio": 0.0, "type": "Water" }, "geometry": { "type": "Polygon", "coordinates": [ [ [ -87.58412154510053, 41.785082128928842 ], [ -87.584019628163389, 41.785082128928842 ], [ -87.584019628163389, 41.78525199049075 ], [ -87.58412154510053, 41.78525199049075 ], [ -87.58412154510053, 41.785082128928842 ] ] ] } },
{ "type": "Feature", "properties": { "row": 22, "col": 25, "mostly_overlap": false, "overlap_ratio": 0.0, "type": "Water" }, "geometry": { "type": "Polygon", "coordinates": [ [ [ -87.584019628163389, 41.785082128928842 ], [ -87.583917711226249, 41.785082128928842 ], [ -87.583917711226249, 41.78525199049075 ], [ -87.584019628163389, 41.78525199049075 ], [ -87.584019628163389, 41.785082128928842 ] ] ] } },
{ "type": "Feature", "properties": { "row": 22, "col": 26, "mostly_overlap": false, "overlap_ratio": 0.0, "type": "Water" }, "geometry": { "type": "Polygon", "coordinates": [ [ [ -87.583917711226249, 41.785082128928842 ], [ -87.583815794289094, 41.785082128928842 ], [ -87.583815794289094, 41.78525199049075 ], [ -87.583917711226249, 41.78525199049075 ], [ -87.583917711226249, 41.785082128928842 ] ] ] } },
{ "type": "Feature", "properties": { "row": 22, "col": 27, "mostly_overlap": false, "overlap_ratio": 0.0, "type": "Water" }, "geometry": { "type": "Polygon", "coordinates": [ [ [ -87.583815794289094, 41.785082128928842 ], [ -87.583713877351954, 41.785082128928842 ], [ -87.583713877351954, 41.78525199049075 ], [ -87.583815794289094, 41.78525199049075 ], [ -87.583815794289094, 41.785082128928842 ] ] ] } },
{ "type": "Feature", "properties": { "row": 22, "col": 28, "mostly_overlap": false, "overlap_ratio": 0.0, "type": "Water" }, "geometry": { "type": "Polygon", "coordinates": [ [ [ -87.583713877351954, 41.785082128928842 ], [ -87.583611960414814, 41.785082128928842 ], [ -87.583611960414814, 41.78525199049075 ], [ -87.583713877351954, 41.78525199049075 ], [ -87.583713877351954, 41.785082128928842 ] ] ] } },
{ "type": "Feature", "properties": { "row": 22, "col": 29, "mostly_overlap": false, "overlap_ratio": 0.0, "type": "Water" }, "geometry": { "type": "Polygon", "coordinates": [ [ [ -87.583611960414814, 41.785082128928842 ], [ -87.583510043477673, 41.785082128928842 ], [ -87.583510043477673, 41.78525199049075 ], [ -87.583611960414814, 41.78525199049075 ], [ -87.583611960414814, 41.785082128928842 ] ] ] } },
{ "type": "Feature", "properties": { "row": 22, "col": 30, "mostly_overlap": false, "overlap_ratio": 0.0, "type": "Water" }, "geometry": { "type": "Polygon", "coordinates": [ [ [ -87.583510043477673, 41.785082128928842 ], [ -87.583408126540533, 41.785082128928842 ], [ -87.583408126540533, 41.78525199049075 ], [ -87.583510043477673, 41.78525199049075 ], [ -87.583510043477673, 41.785082128928842 ] ] ] } },
{ "type": "Feature", "properties": { "row": 22, "col": 31, "mostly_overlap": false, "overlap_ratio": 0.4248, "type": "Water" }, "geometry": { "type": "Polygon", "coordinates": [ [ [ -87.583408126540533, 41.785082128928842 ], [ -87.583306209603393, 41.785082128928842 ], [ -87.583306209603393, 41.78525199049075 ], [ -87.583408126540533, 41.78525199049075 ], [ -87.583408126540533, 41.785082128928842 ] ] ] } },
{ "type": "Feature", "properties": { "row": 22, "col": 32, "mostly_overlap": true, "overlap_ratio": 1.0, "type": "Land" }, "geometry": { "type": "Polygon", "coordinates": [ [ [ -87.583306209603393, 41.785082128928842 ], [ -87.583204292666238, 41.785082128928842 ], [ -87.583204292666238, 41.78525199049075 ], [ -87.583306209603393, 41.78525199049075 ], [ -87.583306209603393, 41.785082128928842 ] ] ] } },
{ "type": "Feature", "properties": { "row": 22, "col": 33, "mostly_overlap": true, "overlap_ratio": 1.0, "type": "Land" }, "geometry": { "type": "Polygon", "coordinates": [ [ [ -87.583204292666238, 41.785082128928842 ], [ -87.583102375729098, 41.785082128928842 ], [ -87.583102375729098, 41.78525199049075 ], [ -87.583204292666238, 41.78525199049075 ], [ -87.583204292666238, 41.785082128928842 ] ] ] } },
{ "type": "Feature", "properties": { "row": 22, "col": 34, "mostly_overlap": true, "overlap_ratio": 1.0, "type": "Land" }, "geometry": { "type": "Polygon", "coordinates": [ [ [ -87.583102375729098, 41.785082128928842 ], [ -87.583000458791957, 41.785082128928842 ], [ -87.583000458791957, 41.78525199049075 ], [ -87.583102375729098, 41.78525199049075 ], [ -87.583102375729098, 41.785082128928842 ] ] ] } },
{ "type": "Feature", "properties": { "row": 22, "col": 35, "mostly_overlap": true, "overlap_ratio": 1.0, "type": "Land" }, "geometry": { "type": "Polygon", "coordinates": [ [ [ -87.583000458791957, 41.785082128928842 ], [ -87.582898541854817, 41.785082128928842 ], [ -87.582898541854817, 41.78525199049075 ], [ -87.583000458791957, 41.78525199049075 ], [ -87.583000458791957, 41.785082128928842 ] ] ] } },
{ "type": "Feature", "properties": { "row": 22, "col": 36, "mostly_overlap": true, "overlap_ratio": 1.0, "type": "Land" }, "geometry": { "type": "Polygon", "coordinates": [ [ [ -87.582898541854817, 41.785082128928842 ], [ -87.582796624917677, 41.785082128928842 ], [ -87.582796624917677, 41.78525199049075 ], [ -87.582898541854817, 41.78525199049075 ], [ -87.582898541854817, 41.785082128928842 ] ] ] } },
{ "type": "Feature", "properties": { "row": 22, "col": 37, "mostly_overlap": true, "overlap_ratio": 1.0, "type": "Land" }, "geometry": { "type": "Polygon", "coordinates": [ [ [ -87.582796624917677, 41.785082128928842 ], [ -87.582694707980536, 41.785082128928842 ], [ -87.582694707980536, 41.78525199049075 ], [ -87.582796624917677, 41.78525199049075 ], [ -87.582796624917677, 41.785082128928842 ] ] ] } },
{ "type": "Feature", "properties": { "row": 22, "col": 38, "mostly_overlap": true, "overlap_ratio": 1.0, "type": "Land" }, "geometry": { "type": "Polygon", "coordinates": [ [ [ -87.582694707980536, 41.785082128928842 ], [ -87.582592791043382, 41.785082128928842 ], [ -87.582592791043382, 41.78525199049075 ], [ -87.582694707980536, 41.78525199049075 ], [ -87.582694707980536, 41.785082128928842 ] ] ] } },
{ "type": "Feature", "properties": { "row": 22, "col": 39, "mostly_overlap": true, "overlap_ratio": 1.0, "type": "Land" }, "geometry": { "type": "Polygon", "coordinates": [ [ [ -87.582592791043382, 41.785082128928842 ], [ -87.582490874106242, 41.785082128928842 ], [ -87.582490874106242, 41.78525199049075 ], [ -87.582592791043382, 41.78525199049075 ], [ -87.582592791043382, 41.785082128928842 ] ] ] } },
{ "type": "Feature", "properties": { "row": 22, "col": 40, "mostly_overlap": true, "overlap_ratio": 0.9786, "type": "Land" }, "geometry": { "type": "Polygon", "coordinates": [ [ [ -87.582490874106242, 41.785082128928842 ], [ -87.582388957169101, 41.785082128928842 ], [ -87.582388957169101, 41.78525199049075 ], [ -87.582490874106242, 41.78525199049075 ], [ -87.582490874106242, 41.785082128928842 ] ] ] } },
{ "type": "Feature", "properties": { "row": 23, "col": 1, "mostly_overlap": true, "overlap_ratio": 0.6273, "type": "Land" }, "geometry": { "type": "Polygon", "coordinates": [ [ [ -87.586465634654814, 41.78525199049075 ], [ -87.586363717717674, 41.78525199049075 ], [ -87.586363717717674, 41.78542185205265 ], [ -87.586465634654814, 41.78542185205265 ], [ -87.586465634654814, 41.78525199049075 ] ] ] } },
{ "type": "Feature", "properties": { "row": 23, "col": 2, "mostly_overlap": true, "overlap_ratio": 1.0, "type": "Land" }, "geometry": { "type": "Polygon", "coordinates": [ [ [ -87.586363717717674, 41.78525199049075 ], [ -87.586261800780534, 41.78525199049075 ], [ -87.586261800780534, 41.78542185205265 ], [ -87.586363717717674, 41.78542185205265 ], [ -87.586363717717674, 41.78525199049075 ] ] ] } },
{ "type": "Feature", "properties": { "row": 23, "col": 3, "mostly_overlap": true, "overlap_ratio": 1.0, "type": "Land" }, "geometry": { "type": "Polygon", "coordinates": [ [ [ -87.586261800780534, 41.78525199049075 ], [ -87.586159883843379, 41.78525199049075 ], [ -87.586159883843379, 41.78542185205265 ], [ -87.586261800780534, 41.78542185205265 ], [ -87.586261800780534, 41.78525199049075 ] ] ] } },
{ "type": "Feature", "properties": { "row": 23, "col": 4, "mostly_overlap": true, "overlap_ratio": 1.0, "type": "Building" }, "geometry": { "type": "Polygon", "coordinates": [ [ [ -87.586159883843379, 41.78525199049075 ], [ -87.586057966906239, 41.78525199049075 ], [ -87.586057966906239, 41.78542185205265 ], [ -87.586159883843379, 41.78542185205265 ], [ -87.586159883843379, 41.78525199049075 ] ] ] } },
{ "type": "Feature", "properties": { "row": 23, "col": 5, "mostly_overlap": true, "overlap_ratio": 1.0, "type": "Building" }, "geometry": { "type": "Polygon", "coordinates": [ [ [ -87.586057966906239, 41.78525199049075 ], [ -87.585956049969099, 41.78525199049075 ], [ -87.585956049969099, 41.78542185205265 ], [ -87.586057966906239, 41.78542185205265 ], [ -87.586057966906239, 41.78525199049075 ] ] ] } },
{ "type": "Feature", "properties": { "row": 23, "col": 6, "mostly_overlap": true, "overlap_ratio": 1.0, "type": "Building" }, "geometry": { "type": "Polygon", "coordinates": [ [ [ -87.585956049969099, 41.78525199049075 ], [ -87.585854133031958, 41.78525199049075 ], [ -87.585854133031958, 41.78542185205265 ], [ -87.585956049969099, 41.78542185205265 ], [ -87.585956049969099, 41.78525199049075 ] ] ] } },
{ "type": "Feature", "properties": { "row": 23, "col": 7, "mostly_overlap": true, "overlap_ratio": 1.0, "type": "Building" }, "geometry": { "type": "Polygon", "coordinates": [ [ [ -87.585854133031958, 41.78525199049075 ], [ -87.585752216094818, 41.78525199049075 ], [ -87.585752216094818, 41.78542185205265 ], [ -87.585854133031958, 41.78542185205265 ], [ -87.585854133031958, 41.78525199049075 ] ] ] } },
{ "type": "Feature", "properties": { "row": 23, "col": 8, "mostly_overlap": true, "overlap_ratio": 1.0, "type": "Building" }, "geometry": { "type": "Polygon", "coordinates": [ [ [ -87.585752216094818, 41.78525199049075 ], [ -87.585650299157678, 41.78525199049075 ], [ -87.585650299157678, 41.78542185205265 ], [ -87.585752216094818, 41.78542185205265 ], [ -87.585752216094818, 41.78525199049075 ] ] ] } },
{ "type": "Feature", "properties": { "row": 23, "col": 9, "mostly_overlap": true, "overlap_ratio": 1.0, "type": "Building" }, "geometry": { "type": "Polygon", "coordinates": [ [ [ -87.585650299157678, 41.78525199049075 ], [ -87.585548382220523, 41.78525199049075 ], [ -87.585548382220523, 41.78542185205265 ], [ -87.585650299157678, 41.78542185205265 ], [ -87.585650299157678, 41.78525199049075 ] ] ] } },
{ "type": "Feature", "properties": { "row": 23, "col": 10, "mostly_overlap": true, "overlap_ratio": 1.0, "type": "Building" }, "geometry": { "type": "Polygon", "coordinates": [ [ [ -87.585548382220523, 41.78525199049075 ], [ -87.585446465283383, 41.78525199049075 ], [ -87.585446465283383, 41.78542185205265 ], [ -87.585548382220523, 41.78542185205265 ], [ -87.585548382220523, 41.78525199049075 ] ] ] } },
{ "type": "Feature", "properties": { "row": 23, "col": 11, "mostly_overlap": true, "overlap_ratio": 1.0, "type": "Building" }, "geometry": { "type": "Polygon", "coordinates": [ [ [ -87.585446465283383, 41.78525199049075 ], [ -87.585344548346242, 41.78525199049075 ], [ -87.585344548346242, 41.78542185205265 ], [ -87.585446465283383, 41.78542185205265 ], [ -87.585446465283383, 41.78525199049075 ] ] ] } },
{ "type": "Feature", "properties": { "row": 23, "col": 12, "mostly_overlap": true, "overlap_ratio": 1.0, "type": "Land" }, "geometry": { "type": "Polygon", "coordinates": [ [ [ -87.585344548346242, 41.78525199049075 ], [ -87.585242631409102, 41.78525199049075 ], [ -87.585242631409102, 41.78542185205265 ], [ -87.585344548346242, 41.78542185205265 ], [ -87.585344548346242, 41.78525199049075 ] ] ] } },
{ "type": "Feature", "properties": { "row": 23, "col": 13, "mostly_overlap": true, "overlap_ratio": 1.0, "type": "Land" }, "geometry": { "type": "Polygon", "coordinates": [ [ [ -87.585242631409102, 41.78525199049075 ], [ -87.585140714471962, 41.78525199049075 ], [ -87.585140714471962, 41.78542185205265 ], [ -87.585242631409102, 41.78542185205265 ], [ -87.585242631409102, 41.78525199049075 ] ] ] } },
{ "type": "Feature", "properties": { "row": 23, "col": 14, "mostly_overlap": true, "overlap_ratio": 1.0, "type": "Land" }, "geometry": { "type": "Polygon", "coordinates": [ [ [ -87.585140714471962, 41.78525199049075 ], [ -87.585038797534821, 41.78525199049075 ], [ -87.585038797534821, 41.78542185205265 ], [ -87.585140714471962, 41.78542185205265 ], [ -87.585140714471962, 41.78525199049075 ] ] ] } },
{ "type": "Feature", "properties": { "row": 23, "col": 15, "mostly_overlap": true, "overlap_ratio": 1.0, "type": "Land" }, "geometry": { "type": "Polygon", "coordinates": [ [ [ -87.585038797534821, 41.78525199049075 ], [ -87.584936880597667, 41.78525199049075 ], [ -87.584936880597667, 41.78542185205265 ], [ -87.585038797534821, 41.78542185205265 ], [ -87.585038797534821, 41.78525199049075 ] ] ] } },
{ "type": "Feature", "properties": { "row": 23, "col": 16, "mostly_overlap": true, "overlap_ratio": 1.0, "type": "Land" }, "geometry": { "type": "Polygon", "coordinates": [ [ [ -87.584936880597667, 41.78525199049075 ], [ -87.584834963660526, 41.78525199049075 ], [ -87.584834963660526, 41.78542185205265 ], [ -87.584936880597667, 41.78542185205265 ], [ -87.584936880597667, 41.78525199049075 ] ] ] } },
{ "type": "Feature", "properties": { "row": 23, "col": 17, "mostly_overlap": true, "overlap_ratio": 1.0, "type": "Land" }, "geometry": { "type": "Polygon", "coordinates": [ [ [ -87.584834963660526, 41.78525199049075 ], [ -87.584733046723386, 41.78525199049075 ], [ -87.584733046723386, 41.78542185205265 ], [ -87.584834963660526, 41.78542185205265 ], [ -87.584834963660526, 41.78525199049075 ] ] ] } },
{ "type": "Feature", "properties": { "row": 23, "col": 18, "mostly_overlap": true, "overlap_ratio": 1.0, "type": "Land" }, "geometry": { "type": "Polygon", "coordinates": [ [ [ -87.584733046723386, 41.78525199049075 ], [ -87.584631129786246, 41.78525199049075 ], [ -87.584631129786246, 41.78542185205265 ], [ -87.584733046723386, 41.78542185205265 ], [ -87.584733046723386, 41.78525199049075 ] ] ] } },
{ "type": "Feature", "properties": { "row": 23, "col": 19, "mostly_overlap": true, "overlap_ratio": 1.0, "type": "Land" }, "geometry": { "type": "Polygon", "coordinates": [ [ [ -87.584631129786246, 41.78525199049075 ], [ -87.584529212849105, 41.78525199049075 ], [ -87.584529212849105, 41.78542185205265 ], [ -87.584631129786246, 41.78542185205265 ], [ -87.584631129786246, 41.78525199049075 ] ] ] } },
{ "type": "Feature", "properties": { "row": 23, "col": 20, "mostly_overlap": true, "overlap_ratio": 0.8247, "type": "Land" }, "geometry": { "type": "Polygon", "coordinates": [ [ [ -87.584529212849105, 41.78525199049075 ], [ -87.584427295911965, 41.78525199049075 ], [ -87.584427295911965, 41.78542185205265 ], [ -87.584529212849105, 41.78542185205265 ], [ -87.584529212849105, 41.78525199049075 ] ] ] } },
{ "type": "Feature", "properties": { "row": 23, "col": 21, "mostly_overlap": false, "overlap_ratio": 0.0162, "type": "Water" }, "geometry": { "type": "Polygon", "coordinates": [ [ [ -87.584427295911951, 41.78525199049075 ], [ -87.58432537897481, 41.78525199049075 ], [ -87.58432537897481, 41.78542185205265 ], [ -87.584427295911951, 41.78542185205265 ], [ -87.584427295911951, 41.78525199049075 ] ] ] } },
{ "type": "Feature", "properties": { "row": 23, "col": 22, "mostly_overlap": false, "overlap_ratio": 0.0, "type": "Water" }, "geometry": { "type": "Polygon", "coordinates": [ [ [ -87.58432537897481, 41.78525199049075 ], [ -87.58422346203767, 41.78525199049075 ], [ -87.58422346203767, 41.78542185205265 ], [ -87.58432537897481, 41.78542185205265 ], [ -87.58432537897481, 41.78525199049075 ] ] ] } },
{ "type": "Feature", "properties": { "row": 23, "col": 23, "mostly_overlap": false, "overlap_ratio": 0.0, "type": "Water" }, "geometry": { "type": "Polygon", "coordinates": [ [ [ -87.58422346203767, 41.78525199049075 ], [ -87.58412154510053, 41.78525199049075 ], [ -87.58412154510053, 41.78542185205265 ], [ -87.58422346203767, 41.78542185205265 ], [ -87.58422346203767, 41.78525199049075 ] ] ] } },
{ "type": "Feature", "properties": { "row": 23, "col": 24, "mostly_overlap": false, "overlap_ratio": 0.0, "type": "Water" }, "geometry": { "type": "Polygon", "coordinates": [ [ [ -87.58412154510053, 41.78525199049075 ], [ -87.584019628163389, 41.78525199049075 ], [ -87.584019628163389, 41.78542185205265 ], [ -87.58412154510053, 41.78542185205265 ], [ -87.58412154510053, 41.78525199049075 ] ] ] } },
{ "type": "Feature", "properties": { "row": 23, "col": 25, "mostly_overlap": false, "overlap_ratio": 0.0, "type": "Water" }, "geometry": { "type": "Polygon", "coordinates": [ [ [ -87.584019628163389, 41.78525199049075 ], [ -87.583917711226249, 41.78525199049075 ], [ -87.583917711226249, 41.78542185205265 ], [ -87.584019628163389, 41.78542185205265 ], [ -87.584019628163389, 41.78525199049075 ] ] ] } },
{ "type": "Feature", "properties": { "row": 23, "col": 26, "mostly_overlap": false, "overlap_ratio": 0.0, "type": "Water" }, "geometry": { "type": "Polygon", "coordinates": [ [ [ -87.583917711226249, 41.78525199049075 ], [ -87.583815794289094, 41.78525199049075 ], [ -87.583815794289094, 41.78542185205265 ], [ -87.583917711226249, 41.78542185205265 ], [ -87.583917711226249, 41.78525199049075 ] ] ] } },
{ "type": "Feature", "properties": { "row": 23, "col": 27, "mostly_overlap": false, "overlap_ratio": 0.0, "type": "Water" }, "geometry": { "type": "Polygon", "coordinates": [ [ [ -87.583815794289094, 41.78525199049075 ], [ -87.583713877351954, 41.78525199049075 ], [ -87.583713877351954, 41.78542185205265 ], [ -87.583815794289094, 41.78542185205265 ], [ -87.583815794289094, 41.78525199049075 ] ] ] } },
{ "type": "Feature", "properties": { "row": 23, "col": 28, "mostly_overlap": false, "overlap_ratio": 0.0, "type": "Water" }, "geometry": { "type": "Polygon", "coordinates": [ [ [ -87.583713877351954, 41.78525199049075 ], [ -87.583611960414814, 41.78525199049075 ], [ -87.583611960414814, 41.78542185205265 ], [ -87.583713877351954, 41.78542185205265 ], [ -87.583713877351954, 41.78525199049075 ] ] ] } },
{ "type": "Feature", "properties": { "row": 23, "col": 29, "mostly_overlap": false, "overlap_ratio": 0.0, "type": "Water" }, "geometry": { "type": "Polygon", "coordinates": [ [ [ -87.583611960414814, 41.78525199049075 ], [ -87.583510043477673, 41.78525199049075 ], [ -87.583510043477673, 41.78542185205265 ], [ -87.583611960414814, 41.78542185205265 ], [ -87.583611960414814, 41.78525199049075 ] ] ] } },
{ "type": "Feature", "properties": { "row": 23, "col": 30, "mostly_overlap": false, "overlap_ratio": 0.0, "type": "Water" }, "geometry": { "type": "Polygon", "coordinates": [ [ [ -87.583510043477673, 41.78525199049075 ], [ -87.583408126540533, 41.78525199049075 ], [ -87.583408126540533, 41.78542185205265 ], [ -87.583510043477673, 41.78542185205265 ], [ -87.583510043477673, 41.78525199049075 ] ] ] } },
{ "type": "Feature", "properties": { "row": 23, "col": 31, "mostly_overlap": false, "overlap_ratio": 0.433, "type": "Water" }, "geometry": { "type": "Polygon", "coordinates": [ [ [ -87.583408126540533, 41.78525199049075 ], [ -87.583306209603393, 41.78525199049075 ], [ -87.583306209603393, 41.78542185205265 ], [ -87.583408126540533, 41.78542185205265 ], [ -87.583408126540533, 41.78525199049075 ] ] ] } },
{ "type": "Feature", "properties": { "row": 23, "col": 32, "mostly_overlap": true, "overlap_ratio": 1.0, "type": "Land" }, "geometry": { "type": "Polygon", "coordinates": [ [ [ -87.583306209603393, 41.78525199049075 ], [ -87.583204292666238, 41.78525199049075 ], [ -87.583204292666238, 41.78542185205265 ], [ -87.583306209603393, 41.78542185205265 ], [ -87.583306209603393, 41.78525199049075 ] ] ] } },
{ "type": "Feature", "properties": { "row": 23, "col": 33, "mostly_overlap": true, "overlap_ratio": 1.0, "type": "Land" }, "geometry": { "type": "Polygon", "coordinates": [ [ [ -87.583204292666238, 41.78525199049075 ], [ -87.583102375729098, 41.78525199049075 ], [ -87.583102375729098, 41.78542185205265 ], [ -87.583204292666238, 41.78542185205265 ], [ -87.583204292666238, 41.78525199049075 ] ] ] } },
{ "type": "Feature", "properties": { "row": 23, "col": 34, "mostly_overlap": true, "overlap_ratio": 1.0, "type": "Land" }, "geometry": { "type": "Polygon", "coordinates": [ [ [ -87.583102375729098, 41.78525199049075 ], [ -87.583000458791957, 41.78525199049075 ], [ -87.583000458791957, 41.78542185205265 ], [ -87.583102375729098, 41.78542185205265 ], [ -87.583102375729098, 41.78525199049075 ] ] ] } },
{ "type": "Feature", "properties": { "row": 23, "col": 35, "mostly_overlap": true, "overlap_ratio": 1.0, "type": "Land" }, "geometry": { "type": "Polygon", "coordinates": [ [ [ -87.583000458791957, 41.78525199049075 ], [ -87.582898541854817, 41.78525199049075 ], [ -87.582898541854817, 41.78542185205265 ], [ -87.583000458791957, 41.78542185205265 ], [ -87.583000458791957, 41.78525199049075 ] ] ] } },
{ "type": "Feature", "properties": { "row": 23, "col": 36, "mostly_overlap": true, "overlap_ratio": 1.0, "type": "Land" }, "geometry": { "type": "Polygon", "coordinates": [ [ [ -87.582898541854817, 41.78525199049075 ], [ -87.582796624917677, 41.78525199049075 ], [ -87.582796624917677, 41.78542185205265 ], [ -87.582898541854817, 41.78542185205265 ], [ -87.582898541854817, 41.78525199049075 ] ] ] } },
{ "type": "Feature", "properties": { "row": 23, "col": 37, "mostly_overlap": true, "overlap_ratio": 1.0, "type": "Land" }, "geometry": { "type": "Polygon", "coordinates": [ [ [ -87.582796624917677, 41.78525199049075 ], [ -87.582694707980536, 41.78525199049075 ], [ -87.582694707980536, 41.78542185205265 ], [ -87.582796624917677, 41.78542185205265 ], [ -87.582796624917677, 41.78525199049075 ] ] ] } },
{ "type": "Feature", "properties": { "row": 23, "col": 38, "mostly_overlap": true, "overlap_ratio": 1.0, "type": "Land" }, "geometry": { "type": "Polygon", "coordinates": [ [ [ -87.582694707980536, 41.78525199049075 ], [ -87.582592791043382, 41.78525199049075 ], [ -87.582592791043382, 41.78542185205265 ], [ -87.582694707980536, 41.78542185205265 ], [ -87.582694707980536, 41.78525199049075 ] ] ] } },
{ "type": "Feature", "properties": { "row": 23, "col": 39, "mostly_overlap": true, "overlap_ratio": 1.0, "type": "Land" }, "geometry": { "type": "Polygon", "coordinates": [ [ [ -87.582592791043382, 41.78525199049075 ], [ -87.582490874106242, 41.78525199049075 ], [ -87.582490874106242, 41.78542185205265 ], [ -87.582592791043382, 41.78542185205265 ], [ -87.582592791043382, 41.78525199049075 ] ] ] } },
{ "type": "Feature", "properties": { "row": 23, "col": 40, "mostly_overlap": true, "overlap_ratio": 0.9776, "type": "Land" }, "geometry": { "type": "Polygon", "coordinates": [ [ [ -87.582490874106242, 41.78525199049075 ], [ -87.582388957169101, 41.78525199049075 ], [ -87.582388957169101, 41.78542185205265 ], [ -87.582490874106242, 41.78542185205265 ], [ -87.582490874106242, 41.78525199049075 ] ] ] } },
{ "type": "Feature", "properties": { "row": 24, "col": 1, "mostly_overlap": true, "overlap_ratio": 0.6697, "type": "Land" }, "geometry": { "type": "Polygon", "coordinates": [ [ [ -87.586465634654814, 41.78542185205265 ], [ -87.586363717717674, 41.78542185205265 ], [ -87.586363717717674, 41.785591713614558 ], [ -87.586465634654814, 41.785591713614558 ], [ -87.586465634654814, 41.78542185205265 ] ] ] } },
{ "type": "Feature", "properties": { "row": 24, "col": 2, "mostly_overlap": true, "overlap_ratio": 1.0, "type": "Land" }, "geometry": { "type": "Polygon", "coordinates": [ [ [ -87.586363717717674, 41.78542185205265 ], [ -87.586261800780534, 41.78542185205265 ], [ -87.586261800780534, 41.785591713614558 ], [ -87.586363717717674, 41.785591713614558 ], [ -87.586363717717674, 41.78542185205265 ] ] ] } },
{ "type": "Feature", "properties": { "row": 24, "col": 3, "mostly_overlap": true, "overlap_ratio": 1.0, "type": "Land" }, "geometry": { "type": "Polygon", "coordinates": [ [ [ -87.586261800780534, 41.78542185205265 ], [ -87.586159883843379, 41.78542185205265 ], [ -87.586159883843379, 41.785591713614558 ], [ -87.586261800780534, 41.785591713614558 ], [ -87.586261800780534, 41.78542185205265 ] ] ] } },
{ "type": "Feature", "properties": { "row": 24, "col": 4, "mostly_overlap": true, "overlap_ratio": 1.0, "type": "Land" }, "geometry": { "type": "Polygon", "coordinates": [ [ [ -87.586159883843379, 41.78542185205265 ], [ -87.586057966906239, 41.78542185205265 ], [ -87.586057966906239, 41.785591713614558 ], [ -87.586159883843379, 41.785591713614558 ], [ -87.586159883843379, 41.78542185205265 ] ] ] } },
{ "type": "Feature", "properties": { "row": 24, "col": 5, "mostly_overlap": true, "overlap_ratio": 1.0, "type": "Land" }, "geometry": { "type": "Polygon", "coordinates": [ [ [ -87.586057966906239, 41.78542185205265 ], [ -87.585956049969099, 41.78542185205265 ], [ -87.585956049969099, 41.785591713614558 ], [ -87.586057966906239, 41.785591713614558 ], [ -87.586057966906239, 41.78542185205265 ] ] ] } },
{ "type": "Feature", "properties": { "row": 24, "col": 6, "mostly_overlap": true, "overlap_ratio": 1.0, "type": "Land" }, "geometry": { "type": "Polygon", "coordinates": [ [ [ -87.585956049969099, 41.78542185205265 ], [ -87.585854133031958, 41.78542185205265 ], [ -87.585854133031958, 41.785591713614558 ], [ -87.585956049969099, 41.785591713614558 ], [ -87.585956049969099, 41.78542185205265 ] ] ] } },
{ "type": "Feature", "properties": { "row": 24, "col": 7, "mostly_overlap": true, "overlap_ratio": 1.0, "type": "Building" }, "geometry": { "type": "Polygon", "coordinates": [ [ [ -87.585854133031958, 41.78542185205265 ], [ -87.585752216094818, 41.78542185205265 ], [ -87.585752216094818, 41.785591713614558 ], [ -87.585854133031958, 41.785591713614558 ], [ -87.585854133031958, 41.78542185205265 ] ] ] } },
{ "type": "Feature", "properties": { "row": 24, "col": 8, "mostly_overlap": true, "overlap_ratio": 1.0, "type": "Building" }, "geometry": { "type": "Polygon", "coordinates": [ [ [ -87.585752216094818, 41.78542185205265 ], [ -87.585650299157678, 41.78542185205265 ], [ -87.585650299157678, 41.785591713614558 ], [ -87.585752216094818, 41.785591713614558 ], [ -87.585752216094818, 41.78542185205265 ] ] ] } },
{ "type": "Feature", "properties": { "row": 24, "col": 9, "mostly_overlap": true, "overlap_ratio": 1.0, "type": "Building" }, "geometry": { "type": "Polygon", "coordinates": [ [ [ -87.585650299157678, 41.78542185205265 ], [ -87.585548382220523, 41.78542185205265 ], [ -87.585548382220523, 41.785591713614558 ], [ -87.585650299157678, 41.785591713614558 ], [ -87.585650299157678, 41.78542185205265 ] ] ] } },
{ "type": "Feature", "properties": { "row": 24, "col": 10, "mostly_overlap": true, "overlap_ratio": 1.0, "type": "Building" }, "geometry": { "type": "Polygon", "coordinates": [ [ [ -87.585548382220523, 41.78542185205265 ], [ -87.585446465283383, 41.78542185205265 ], [ -87.585446465283383, 41.785591713614558 ], [ -87.585548382220523, 41.785591713614558 ], [ -87.585548382220523, 41.78542185205265 ] ] ] } },
{ "type": "Feature", "properties": { "row": 24, "col": 11, "mostly_overlap": true, "overlap_ratio": 1.0, "type": "Building" }, "geometry": { "type": "Polygon", "coordinates": [ [ [ -87.585446465283383, 41.78542185205265 ], [ -87.585344548346242, 41.78542185205265 ], [ -87.585344548346242, 41.785591713614558 ], [ -87.585446465283383, 41.785591713614558 ], [ -87.585446465283383, 41.78542185205265 ] ] ] } },
{ "type": "Feature", "properties": { "row": 24, "col": 12, "mostly_overlap": true, "overlap_ratio": 1.0, "type": "Land" }, "geometry": { "type": "Polygon", "coordinates": [ [ [ -87.585344548346242, 41.78542185205265 ], [ -87.585242631409102, 41.78542185205265 ], [ -87.585242631409102, 41.785591713614558 ], [ -87.585344548346242, 41.785591713614558 ], [ -87.585344548346242, 41.78542185205265 ] ] ] } },
{ "type": "Feature", "properties": { "row": 24, "col": 13, "mostly_overlap": true, "overlap_ratio": 1.0, "type": "Land" }, "geometry": { "type": "Polygon", "coordinates": [ [ [ -87.585242631409102, 41.78542185205265 ], [ -87.585140714471962, 41.78542185205265 ], [ -87.585140714471962, 41.785591713614558 ], [ -87.585242631409102, 41.785591713614558 ], [ -87.585242631409102, 41.78542185205265 ] ] ] } },
{ "type": "Feature", "properties": { "row": 24, "col": 14, "mostly_overlap": true, "overlap_ratio": 1.0, "type": "Land" }, "geometry": { "type": "Polygon", "coordinates": [ [ [ -87.585140714471962, 41.78542185205265 ], [ -87.585038797534821, 41.78542185205265 ], [ -87.585038797534821, 41.785591713614558 ], [ -87.585140714471962, 41.785591713614558 ], [ -87.585140714471962, 41.78542185205265 ] ] ] } },
{ "type": "Feature", "properties": { "row": 24, "col": 15, "mostly_overlap": true, "overlap_ratio": 1.0, "type": "Land" }, "geometry": { "type": "Polygon", "coordinates": [ [ [ -87.585038797534821, 41.78542185205265 ], [ -87.584936880597667, 41.78542185205265 ], [ -87.584936880597667, 41.785591713614558 ], [ -87.585038797534821, 41.785591713614558 ], [ -87.585038797534821, 41.78542185205265 ] ] ] } },
{ "type": "Feature", "properties": { "row": 24, "col": 16, "mostly_overlap": true, "overlap_ratio": 1.0, "type": "Land" }, "geometry": { "type": "Polygon", "coordinates": [ [ [ -87.584936880597667, 41.78542185205265 ], [ -87.584834963660526, 41.78542185205265 ], [ -87.584834963660526, 41.785591713614558 ], [ -87.584936880597667, 41.785591713614558 ], [ -87.584936880597667, 41.78542185205265 ] ] ] } },
{ "type": "Feature", "properties": { "row": 24, "col": 17, "mostly_overlap": true, "overlap_ratio": 1.0, "type": "Land" }, "geometry": { "type": "Polygon", "coordinates": [ [ [ -87.584834963660526, 41.78542185205265 ], [ -87.584733046723386, 41.78542185205265 ], [ -87.584733046723386, 41.785591713614558 ], [ -87.584834963660526, 41.785591713614558 ], [ -87.584834963660526, 41.78542185205265 ] ] ] } },
{ "type": "Feature", "properties": { "row": 24, "col": 18, "mostly_overlap": true, "overlap_ratio": 1.0, "type": "Land" }, "geometry": { "type": "Polygon", "coordinates": [ [ [ -87.584733046723386, 41.78542185205265 ], [ -87.584631129786246, 41.78542185205265 ], [ -87.584631129786246, 41.785591713614558 ], [ -87.584733046723386, 41.785591713614558 ], [ -87.584733046723386, 41.78542185205265 ] ] ] } },
{ "type": "Feature", "properties": { "row": 24, "col": 19, "mostly_overlap": true, "overlap_ratio": 0.9995, "type": "Land" }, "geometry": { "type": "Polygon", "coordinates": [ [ [ -87.584631129786246, 41.78542185205265 ], [ -87.584529212849105, 41.78542185205265 ], [ -87.584529212849105, 41.785591713614558 ], [ -87.584631129786246, 41.785591713614558 ], [ -87.584631129786246, 41.78542185205265 ] ] ] } },
{ "type": "Feature", "properties": { "row": 24, "col": 20, "mostly_overlap": false, "overlap_ratio": 0.2634, "type": "Water" }, "geometry": { "type": "Polygon", "coordinates": [ [ [ -87.584529212849105, 41.78542185205265 ], [ -87.584427295911965, 41.78542185205265 ], [ -87.584427295911965, 41.785591713614558 ], [ -87.584529212849105, 41.785591713614558 ], [ -87.584529212849105, 41.78542185205265 ] ] ] } },
{ "type": "Feature", "properties": { "row": 24, "col": 21, "mostly_overlap": false, "overlap_ratio": 0.0, "type": "Water" }, "geometry": { "type": "Polygon", "coordinates": [ [ [ -87.584427295911951, 41.78542185205265 ], [ -87.58432537897481, 41.78542185205265 ], [ -87.58432537897481, 41.785591713614558 ], [ -87.584427295911951, 41.785591713614558 ], [ -87.584427295911951, 41.78542185205265 ] ] ] } },
{ "type": "Feature", "properties": { "row": 24, "col": 22, "mostly_overlap": false, "overlap_ratio": 0.0, "type": "Water" }, "geometry": { "type": "Polygon", "coordinates": [ [ [ -87.58432537897481, 41.78542185205265 ], [ -87.58422346203767, 41.78542185205265 ], [ -87.58422346203767, 41.785591713614558 ], [ -87.58432537897481, 41.785591713614558 ], [ -87.58432537897481, 41.78542185205265 ] ] ] } },
{ "type": "Feature", "properties": { "row": 24, "col": 23, "mostly_overlap": false, "overlap_ratio": 0.0669, "type": "Water" }, "geometry": { "type": "Polygon", "coordinates": [ [ [ -87.58422346203767, 41.78542185205265 ], [ -87.58412154510053, 41.78542185205265 ], [ -87.58412154510053, 41.785591713614558 ], [ -87.58422346203767, 41.785591713614558 ], [ -87.58422346203767, 41.78542185205265 ] ] ] } },
{ "type": "Feature", "properties": { "row": 24, "col": 24, "mostly_overlap": false, "overlap_ratio": 0.1205, "type": "Water" }, "geometry": { "type": "Polygon", "coordinates": [ [ [ -87.58412154510053, 41.78542185205265 ], [ -87.584019628163389, 41.78542185205265 ], [ -87.584019628163389, 41.785591713614558 ], [ -87.58412154510053, 41.785591713614558 ], [ -87.58412154510053, 41.78542185205265 ] ] ] } },
{ "type": "Feature", "properties": { "row": 24, "col": 25, "mostly_overlap": false, "overlap_ratio": 0.0, "type": "Water" }, "geometry": { "type": "Polygon", "coordinates": [ [ [ -87.584019628163389, 41.78542185205265 ], [ -87.583917711226249, 41.78542185205265 ], [ -87.583917711226249, 41.785591713614558 ], [ -87.584019628163389, 41.785591713614558 ], [ -87.584019628163389, 41.78542185205265 ] ] ] } },
{ "type": "Feature", "properties": { "row": 24, "col": 26, "mostly_overlap": false, "overlap_ratio": 0.0, "type": "Water" }, "geometry": { "type": "Polygon", "coordinates": [ [ [ -87.583917711226249, 41.78542185205265 ], [ -87.583815794289094, 41.78542185205265 ], [ -87.583815794289094, 41.785591713614558 ], [ -87.583917711226249, 41.785591713614558 ], [ -87.583917711226249, 41.78542185205265 ] ] ] } },
{ "type": "Feature", "properties": { "row": 24, "col": 27, "mostly_overlap": false, "overlap_ratio": 0.0, "type": "Water" }, "geometry": { "type": "Polygon", "coordinates": [ [ [ -87.583815794289094, 41.78542185205265 ], [ -87.583713877351954, 41.78542185205265 ], [ -87.583713877351954, 41.785591713614558 ], [ -87.583815794289094, 41.785591713614558 ], [ -87.583815794289094, 41.78542185205265 ] ] ] } },
{ "type": "Feature", "properties": { "row": 24, "col": 28, "mostly_overlap": false, "overlap_ratio": 0.0, "type": "Water" }, "geometry": { "type": "Polygon", "coordinates": [ [ [ -87.583713877351954, 41.78542185205265 ], [ -87.583611960414814, 41.78542185205265 ], [ -87.583611960414814, 41.785591713614558 ], [ -87.583713877351954, 41.785591713614558 ], [ -87.583713877351954, 41.78542185205265 ] ] ] } },
{ "type": "Feature", "properties": { "row": 24, "col": 29, "mostly_overlap": false, "overlap_ratio": 0.0, "type": "Water" }, "geometry": { "type": "Polygon", "coordinates": [ [ [ -87.583611960414814, 41.78542185205265 ], [ -87.583510043477673, 41.78542185205265 ], [ -87.583510043477673, 41.785591713614558 ], [ -87.583611960414814, 41.785591713614558 ], [ -87.583611960414814, 41.78542185205265 ] ] ] } },
{ "type": "Feature", "properties": { "row": 24, "col": 30, "mostly_overlap": false, "overlap_ratio": 0.2838, "type": "Water" }, "geometry": { "type": "Polygon", "coordinates": [ [ [ -87.583510043477673, 41.78542185205265 ], [ -87.583408126540533, 41.78542185205265 ], [ -87.583408126540533, 41.785591713614558 ], [ -87.583510043477673, 41.785591713614558 ], [ -87.583510043477673, 41.78542185205265 ] ] ] } },
{ "type": "Feature", "properties": { "row": 24, "col": 31, "mostly_overlap": true, "overlap_ratio": 0.9919, "type": "Land" }, "geometry": { "type": "Polygon", "coordinates": [ [ [ -87.583408126540533, 41.78542185205265 ], [ -87.583306209603393, 41.78542185205265 ], [ -87.583306209603393, 41.785591713614558 ], [ -87.583408126540533, 41.785591713614558 ], [ -87.583408126540533, 41.78542185205265 ] ] ] } },
{ "type": "Feature", "properties": { "row": 24, "col": 32, "mostly_overlap": true, "overlap_ratio": 1.0, "type": "Land" }, "geometry": { "type": "Polygon", "coordinates": [ [ [ -87.583306209603393, 41.78542185205265 ], [ -87.583204292666238, 41.78542185205265 ], [ -87.583204292666238, 41.785591713614558 ], [ -87.583306209603393, 41.785591713614558 ], [ -87.583306209603393, 41.78542185205265 ] ] ] } },
{ "type": "Feature", "properties": { "row": 24, "col": 33, "mostly_overlap": true, "overlap_ratio": 1.0, "type": "Land" }, "geometry": { "type": "Polygon", "coordinates": [ [ [ -87.583204292666238, 41.78542185205265 ], [ -87.583102375729098, 41.78542185205265 ], [ -87.583102375729098, 41.785591713614558 ], [ -87.583204292666238, 41.785591713614558 ], [ -87.583204292666238, 41.78542185205265 ] ] ] } },
{ "type": "Feature", "properties": { "row": 24, "col": 34, "mostly_overlap": true, "overlap_ratio": 1.0, "type": "Land" }, "geometry": { "type": "Polygon", "coordinates": [ [ [ -87.583102375729098, 41.78542185205265 ], [ -87.583000458791957, 41.78542185205265 ], [ -87.583000458791957, 41.785591713614558 ], [ -87.583102375729098, 41.785591713614558 ], [ -87.583102375729098, 41.78542185205265 ] ] ] } },
{ "type": "Feature", "properties": { "row": 24, "col": 35, "mostly_overlap": true, "overlap_ratio": 1.0, "type": "Land" }, "geometry": { "type": "Polygon", "coordinates": [ [ [ -87.583000458791957, 41.78542185205265 ], [ -87.582898541854817, 41.78542185205265 ], [ -87.582898541854817, 41.785591713614558 ], [ -87.583000458791957, 41.785591713614558 ], [ -87.583000458791957, 41.78542185205265 ] ] ] } },
{ "type": "Feature", "properties": { "row": 24, "col": 36, "mostly_overlap": true, "overlap_ratio": 1.0, "type": "Land" }, "geometry": { "type": "Polygon", "coordinates": [ [ [ -87.582898541854817, 41.78542185205265 ], [ -87.582796624917677, 41.78542185205265 ], [ -87.582796624917677, 41.785591713614558 ], [ -87.582898541854817, 41.785591713614558 ], [ -87.582898541854817, 41.78542185205265 ] ] ] } },
{ "type": "Feature", "properties": { "row": 24, "col": 37, "mostly_overlap": true, "overlap_ratio": 1.0, "type": "Land" }, "geometry": { "type": "Polygon", "coordinates": [ [ [ -87.582796624917677, 41.78542185205265 ], [ -87.582694707980536, 41.78542185205265 ], [ -87.582694707980536, 41.785591713614558 ], [ -87.582796624917677, 41.785591713614558 ], [ -87.582796624917677, 41.78542185205265 ] ] ] } },
{ "type": "Feature", "properties": { "row": 24, "col": 38, "mostly_overlap": true, "overlap_ratio": 1.0, "type": "Land" }, "geometry": { "type": "Polygon", "coordinates": [ [ [ -87.582694707980536, 41.78542185205265 ], [ -87.582592791043382, 41.78542185205265 ], [ -87.582592791043382, 41.785591713614558 ], [ -87.582694707980536, 41.785591713614558 ], [ -87.582694707980536, 41.78542185205265 ] ] ] } },
{ "type": "Feature", "properties": { "row": 24, "col": 39, "mostly_overlap": true, "overlap_ratio": 1.0, "type": "Land" }, "geometry": { "type": "Polygon", "coordinates": [ [ [ -87.582592791043382, 41.78542185205265 ], [ -87.582490874106242, 41.78542185205265 ], [ -87.582490874106242, 41.785591713614558 ], [ -87.582592791043382, 41.785591713614558 ], [ -87.582592791043382, 41.78542185205265 ] ] ] } },
{ "type": "Feature", "properties": { "row": 24, "col": 40, "mostly_overlap": true, "overlap_ratio": 0.9766, "type": "Land" }, "geometry": { "type": "Polygon", "coordinates": [ [ [ -87.582490874106242, 41.78542185205265 ], [ -87.582388957169101, 41.78542185205265 ], [ -87.582388957169101, 41.785591713614558 ], [ -87.582490874106242, 41.785591713614558 ], [ -87.582490874106242, 41.78542185205265 ] ] ] } },
{ "type": "Feature", "properties": { "row": 25, "col": 1, "mostly_overlap": true, "overlap_ratio": 0.7121, "type": "Land" }, "geometry": { "type": "Polygon", "coordinates": [ [ [ -87.586465634654814, 41.785591713614558 ], [ -87.586363717717674, 41.785591713614558 ], [ -87.586363717717674, 41.785761575176465 ], [ -87.586465634654814, 41.785761575176465 ], [ -87.586465634654814, 41.785591713614558 ] ] ] } },
{ "type": "Feature", "properties": { "row": 25, "col": 2, "mostly_overlap": true, "overlap_ratio": 1.0, "type": "Land" }, "geometry": { "type": "Polygon", "coordinates": [ [ [ -87.586363717717674, 41.785591713614558 ], [ -87.586261800780534, 41.785591713614558 ], [ -87.586261800780534, 41.785761575176465 ], [ -87.586363717717674, 41.785761575176465 ], [ -87.586363717717674, 41.785591713614558 ] ] ] } },
{ "type": "Feature", "properties": { "row": 25, "col": 3, "mostly_overlap": true, "overlap_ratio": 1.0, "type": "Land" }, "geometry": { "type": "Polygon", "coordinates": [ [ [ -87.586261800780534, 41.785591713614558 ], [ -87.586159883843379, 41.785591713614558 ], [ -87.586159883843379, 41.785761575176465 ], [ -87.586261800780534, 41.785761575176465 ], [ -87.586261800780534, 41.785591713614558 ] ] ] } },
{ "type": "Feature", "properties": { "row": 25, "col": 4, "mostly_overlap": true, "overlap_ratio": 1.0, "type": "Land" }, "geometry": { "type": "Polygon", "coordinates": [ [ [ -87.586159883843379, 41.785591713614558 ], [ -87.586057966906239, 41.785591713614558 ], [ -87.586057966906239, 41.785761575176465 ], [ -87.586159883843379, 41.785761575176465 ], [ -87.586159883843379, 41.785591713614558 ] ] ] } },
{ "type": "Feature", "properties": { "row": 25, "col": 5, "mostly_overlap": true, "overlap_ratio": 1.0, "type": "Land" }, "geometry": { "type": "Polygon", "coordinates": [ [ [ -87.586057966906239, 41.785591713614558 ], [ -87.585956049969099, 41.785591713614558 ], [ -87.585956049969099, 41.785761575176465 ], [ -87.586057966906239, 41.785761575176465 ], [ -87.586057966906239, 41.785591713614558 ] ] ] } },
{ "type": "Feature", "properties": { "row": 25, "col": 6, "mostly_overlap": true, "overlap_ratio": 1.0, "type": "Land" }, "geometry": { "type": "Polygon", "coordinates": [ [ [ -87.585956049969099, 41.785591713614558 ], [ -87.585854133031958, 41.785591713614558 ], [ -87.585854133031958, 41.785761575176465 ], [ -87.585956049969099, 41.785761575176465 ], [ -87.585956049969099, 41.785591713614558 ] ] ] } },
{ "type": "Feature", "properties": { "row": 25, "col": 7, "mostly_overlap": true, "overlap_ratio": 1.0, "type": "Building" }, "geometry": { "type": "Polygon", "coordinates": [ [ [ -87.585854133031958, 41.785591713614558 ], [ -87.585752216094818, 41.785591713614558 ], [ -87.585752216094818, 41.785761575176465 ], [ -87.585854133031958, 41.785761575176465 ], [ -87.585854133031958, 41.785591713614558 ] ] ] } },
{ "type": "Feature", "properties": { "row": 25, "col": 8, "mostly_overlap": true, "overlap_ratio": 1.0, "type": "Building" }, "geometry": { "type": "Polygon", "coordinates": [ [ [ -87.585752216094818, 41.785591713614558 ], [ -87.585650299157678, 41.785591713614558 ], [ -87.585650299157678, 41.785761575176465 ], [ -87.585752216094818, 41.785761575176465 ], [ -87.585752216094818, 41.785591713614558 ] ] ] } },
{ "type": "Feature", "properties": { "row": 25, "col": 9, "mostly_overlap": true, "overlap_ratio": 1.0, "type": "Building" }, "geometry": { "type": "Polygon", "coordinates": [ [ [ -87.585650299157678, 41.785591713614558 ], [ -87.585548382220523, 41.785591713614558 ], [ -87.585548382220523, 41.785761575176465 ], [ -87.585650299157678, 41.785761575176465 ], [ -87.585650299157678, 41.785591713614558 ] ] ] } },
{ "type": "Feature", "properties": { "row": 25, "col": 10, "mostly_overlap": true, "overlap_ratio": 1.0, "type": "Building" }, "geometry": { "type": "Polygon", "coordinates": [ [ [ -87.585548382220523, 41.785591713614558 ], [ -87.585446465283383, 41.785591713614558 ], [ -87.585446465283383, 41.785761575176465 ], [ -87.585548382220523, 41.785761575176465 ], [ -87.585548382220523, 41.785591713614558 ] ] ] } },
{ "type": "Feature", "properties": { "row": 25, "col": 11, "mostly_overlap": true, "overlap_ratio": 1.0, "type": "Building" }, "geometry": { "type": "Polygon", "coordinates": [ [ [ -87.585446465283383, 41.785591713614558 ], [ -87.585344548346242, 41.785591713614558 ], [ -87.585344548346242, 41.785761575176465 ], [ -87.585446465283383, 41.785761575176465 ], [ -87.585446465283383, 41.785591713614558 ] ] ] } },
{ "type": "Feature", "properties": { "row": 25, "col": 12, "mostly_overlap": true, "overlap_ratio": 1.0, "type": "Land" }, "geometry": { "type": "Polygon", "coordinates": [ [ [ -87.585344548346242, 41.785591713614558 ], [ -87.585242631409102, 41.785591713614558 ], [ -87.585242631409102, 41.785761575176465 ], [ -87.585344548346242, 41.785761575176465 ], [ -87.585344548346242, 41.785591713614558 ] ] ] } },
{ "type": "Feature", "properties": { "row": 25, "col": 13, "mostly_overlap": true, "overlap_ratio": 1.0, "type": "Land" }, "geometry": { "type": "Polygon", "coordinates": [ [ [ -87.585242631409102, 41.785591713614558 ], [ -87.585140714471962, 41.785591713614558 ], [ -87.585140714471962, 41.785761575176465 ], [ -87.585242631409102, 41.785761575176465 ], [ -87.585242631409102, 41.785591713614558 ] ] ] } },
{ "type": "Feature", "properties": { "row": 25, "col": 14, "mostly_overlap": true, "overlap_ratio": 1.0, "type": "Land" }, "geometry": { "type": "Polygon", "coordinates": [ [ [ -87.585140714471962, 41.785591713614558 ], [ -87.585038797534821, 41.785591713614558 ], [ -87.585038797534821, 41.785761575176465 ], [ -87.585140714471962, 41.785761575176465 ], [ -87.585140714471962, 41.785591713614558 ] ] ] } },
{ "type": "Feature", "properties": { "row": 25, "col": 15, "mostly_overlap": true, "overlap_ratio": 1.0, "type": "Land" }, "geometry": { "type": "Polygon", "coordinates": [ [ [ -87.585038797534821, 41.785591713614558 ], [ -87.584936880597667, 41.785591713614558 ], [ -87.584936880597667, 41.785761575176465 ], [ -87.585038797534821, 41.785761575176465 ], [ -87.585038797534821, 41.785591713614558 ] ] ] } },
{ "type": "Feature", "properties": { "row": 25, "col": 16, "mostly_overlap": true, "overlap_ratio": 1.0, "type": "Land" }, "geometry": { "type": "Polygon", "coordinates": [ [ [ -87.584936880597667, 41.785591713614558 ], [ -87.584834963660526, 41.785591713614558 ], [ -87.584834963660526, 41.785761575176465 ], [ -87.584936880597667, 41.785761575176465 ], [ -87.584936880597667, 41.785591713614558 ] ] ] } },
{ "type": "Feature", "properties": { "row": 25, "col": 17, "mostly_overlap": true, "overlap_ratio": 1.0, "type": "Land" }, "geometry": { "type": "Polygon", "coordinates": [ [ [ -87.584834963660526, 41.785591713614558 ], [ -87.584733046723386, 41.785591713614558 ], [ -87.584733046723386, 41.785761575176465 ], [ -87.584834963660526, 41.785761575176465 ], [ -87.584834963660526, 41.785591713614558 ] ] ] } },
{ "type": "Feature", "properties": { "row": 25, "col": 18, "mostly_overlap": true, "overlap_ratio": 1.0, "type": "Land" }, "geometry": { "type": "Polygon", "coordinates": [ [ [ -87.584733046723386, 41.785591713614558 ], [ -87.584631129786246, 41.785591713614558 ], [ -87.584631129786246, 41.785761575176465 ], [ -87.584733046723386, 41.785761575176465 ], [ -87.584733046723386, 41.785591713614558 ] ] ] } },
{ "type": "Feature", "properties": { "row": 25, "col": 19, "mostly_overlap": true, "overlap_ratio": 0.9809, "type": "Land" }, "geometry": { "type": "Polygon", "coordinates": [ [ [ -87.584631129786246, 41.785591713614558 ], [ -87.584529212849105, 41.785591713614558 ], [ -87.584529212849105, 41.785761575176465 ], [ -87.584631129786246, 41.785761575176465 ], [ -87.584631129786246, 41.785591713614558 ] ] ] } },
{ "type": "Feature", "properties": { "row": 25, "col": 20, "mostly_overlap": false, "overlap_ratio": 0.0515, "type": "Water" }, "geometry": { "type": "Polygon", "coordinates": [ [ [ -87.584529212849105, 41.785591713614558 ], [ -87.584427295911965, 41.785591713614558 ], [ -87.584427295911965, 41.785761575176465 ], [ -87.584529212849105, 41.785761575176465 ], [ -87.584529212849105, 41.785591713614558 ] ] ] } },
{ "type": "Feature", "properties": { "row": 25, "col": 21, "mostly_overlap": false, "overlap_ratio": 0.0, "type": "Water" }, "geometry": { "type": "Polygon", "coordinates": [ [ [ -87.584427295911951, 41.785591713614558 ], [ -87.58432537897481, 41.785591713614558 ], [ -87.58432537897481, 41.785761575176465 ], [ -87.584427295911951, 41.785761575176465 ], [ -87.584427295911951, 41.785591713614558 ] ] ] } },
{ "type": "Feature", "properties": { "row": 25, "col": 22, "mostly_overlap": false, "overlap_ratio": 0.0, "type": "Water" }, "geometry": { "type": "Polygon", "coordinates": [ [ [ -87.58432537897481, 41.785591713614558 ], [ -87.58422346203767, 41.785591713614558 ], [ -87.58422346203767, 41.785761575176465 ], [ -87.58432537897481, 41.785761575176465 ], [ -87.58432537897481, 41.785591713614558 ] ] ] } },
{ "type": "Feature", "properties": { "row": 25, "col": 23, "mostly_overlap": false, "overlap_ratio": 0.0303, "type": "Water" }, "geometry": { "type": "Polygon", "coordinates": [ [ [ -87.58422346203767, 41.785591713614558 ], [ -87.58412154510053, 41.785591713614558 ], [ -87.58412154510053, 41.785761575176465 ], [ -87.58422346203767, 41.785761575176465 ], [ -87.58422346203767, 41.785591713614558 ] ] ] } },
{ "type": "Feature", "properties": { "row": 25, "col": 24, "mostly_overlap": true, "overlap_ratio": 0.7379, "type": "Land" }, "geometry": { "type": "Polygon", "coordinates": [ [ [ -87.58412154510053, 41.785591713614558 ], [ -87.584019628163389, 41.785591713614558 ], [ -87.584019628163389, 41.785761575176465 ], [ -87.58412154510053, 41.785761575176465 ], [ -87.58412154510053, 41.785591713614558 ] ] ] } },
{ "type": "Feature", "properties": { "row": 25, "col": 25, "mostly_overlap": false, "overlap_ratio": 0.1768, "type": "Water" }, "geometry": { "type": "Polygon", "coordinates": [ [ [ -87.584019628163389, 41.785591713614558 ], [ -87.583917711226249, 41.785591713614558 ], [ -87.583917711226249, 41.785761575176465 ], [ -87.584019628163389, 41.785761575176465 ], [ -87.584019628163389, 41.785591713614558 ] ] ] } },
{ "type": "Feature", "properties": { "row": 25, "col": 26, "mostly_overlap": false, "overlap_ratio": 0.0, "type": "Water" }, "geometry": { "type": "Polygon", "coordinates": [ [ [ -87.583917711226249, 41.785591713614558 ], [ -87.583815794289094, 41.785591713614558 ], [ -87.583815794289094, 41.785761575176465 ], [ -87.583917711226249, 41.785761575176465 ], [ -87.583917711226249, 41.785591713614558 ] ] ] } },
{ "type": "Feature", "properties": { "row": 25, "col": 27, "mostly_overlap": false, "overlap_ratio": 0.0, "type": "Water" }, "geometry": { "type": "Polygon", "coordinates": [ [ [ -87.583815794289094, 41.785591713614558 ], [ -87.583713877351954, 41.785591713614558 ], [ -87.583713877351954, 41.785761575176465 ], [ -87.583815794289094, 41.785761575176465 ], [ -87.583815794289094, 41.785591713614558 ] ] ] } },
{ "type": "Feature", "properties": { "row": 25, "col": 28, "mostly_overlap": false, "overlap_ratio": 0.0, "type": "Water" }, "geometry": { "type": "Polygon", "coordinates": [ [ [ -87.583713877351954, 41.785591713614558 ], [ -87.583611960414814, 41.785591713614558 ], [ -87.583611960414814, 41.785761575176465 ], [ -87.583713877351954, 41.785761575176465 ], [ -87.583713877351954, 41.785591713614558 ] ] ] } },
{ "type": "Feature", "properties": { "row": 25, "col": 29, "mostly_overlap": false, "overlap_ratio": 0.0, "type": "Water" }, "geometry": { "type": "Polygon", "coordinates": [ [ [ -87.583611960414814, 41.785591713614558 ], [ -87.583510043477673, 41.785591713614558 ], [ -87.583510043477673, 41.785761575176465 ], [ -87.583611960414814, 41.785761575176465 ], [ -87.583611960414814, 41.785591713614558 ] ] ] } },
{ "type": "Feature", "properties": { "row": 25, "col": 30, "mostly_overlap": false, "overlap_ratio": 0.4939, "type": "Water" }, "geometry": { "type": "Polygon", "coordinates": [ [ [ -87.583510043477673, 41.785591713614558 ], [ -87.583408126540533, 41.785591713614558 ], [ -87.583408126540533, 41.785761575176465 ], [ -87.583510043477673, 41.785761575176465 ], [ -87.583510043477673, 41.785591713614558 ] ] ] } },
{ "type": "Feature", "properties": { "row": 25, "col": 31, "mostly_overlap": true, "overlap_ratio": 1.0, "type": "Land" }, "geometry": { "type": "Polygon", "coordinates": [ [ [ -87.583408126540533, 41.785591713614558 ], [ -87.583306209603393, 41.785591713614558 ], [ -87.583306209603393, 41.785761575176465 ], [ -87.583408126540533, 41.785761575176465 ], [ -87.583408126540533, 41.785591713614558 ] ] ] } },
{ "type": "Feature", "properties": { "row": 25, "col": 32, "mostly_overlap": true, "overlap_ratio": 1.0, "type": "Land" }, "geometry": { "type": "Polygon", "coordinates": [ [ [ -87.583306209603393, 41.785591713614558 ], [ -87.583204292666238, 41.785591713614558 ], [ -87.583204292666238, 41.785761575176465 ], [ -87.583306209603393, 41.785761575176465 ], [ -87.583306209603393, 41.785591713614558 ] ] ] } },
{ "type": "Feature", "properties": { "row": 25, "col": 33, "mostly_overlap": true, "overlap_ratio": 1.0, "type": "Land" }, "geometry": { "type": "Polygon", "coordinates": [ [ [ -87.583204292666238, 41.785591713614558 ], [ -87.583102375729098, 41.785591713614558 ], [ -87.583102375729098, 41.785761575176465 ], [ -87.583204292666238, 41.785761575176465 ], [ -87.583204292666238, 41.785591713614558 ] ] ] } },
{ "type": "Feature", "properties": { "row": 25, "col": 34, "mostly_overlap": true, "overlap_ratio": 1.0, "type": "Land" }, "geometry": { "type": "Polygon", "coordinates": [ [ [ -87.583102375729098, 41.785591713614558 ], [ -87.583000458791957, 41.785591713614558 ], [ -87.583000458791957, 41.785761575176465 ], [ -87.583102375729098, 41.785761575176465 ], [ -87.583102375729098, 41.785591713614558 ] ] ] } },
{ "type": "Feature", "properties": { "row": 25, "col": 35, "mostly_overlap": true, "overlap_ratio": 1.0, "type": "Land" }, "geometry": { "type": "Polygon", "coordinates": [ [ [ -87.583000458791957, 41.785591713614558 ], [ -87.582898541854817, 41.785591713614558 ], [ -87.582898541854817, 41.785761575176465 ], [ -87.583000458791957, 41.785761575176465 ], [ -87.583000458791957, 41.785591713614558 ] ] ] } },
{ "type": "Feature", "properties": { "row": 25, "col": 36, "mostly_overlap": true, "overlap_ratio": 1.0, "type": "Land" }, "geometry": { "type": "Polygon", "coordinates": [ [ [ -87.582898541854817, 41.785591713614558 ], [ -87.582796624917677, 41.785591713614558 ], [ -87.582796624917677, 41.785761575176465 ], [ -87.582898541854817, 41.785761575176465 ], [ -87.582898541854817, 41.785591713614558 ] ] ] } },
{ "type": "Feature", "properties": { "row": 25, "col": 37, "mostly_overlap": true, "overlap_ratio": 1.0, "type": "Land" }, "geometry": { "type": "Polygon", "coordinates": [ [ [ -87.582796624917677, 41.785591713614558 ], [ -87.582694707980536, 41.785591713614558 ], [ -87.582694707980536, 41.785761575176465 ], [ -87.582796624917677, 41.785761575176465 ], [ -87.582796624917677, 41.785591713614558 ] ] ] } },
{ "type": "Feature", "properties": { "row": 25, "col": 38, "mostly_overlap": true, "overlap_ratio": 1.0, "type": "Land" }, "geometry": { "type": "Polygon", "coordinates": [ [ [ -87.582694707980536, 41.785591713614558 ], [ -87.582592791043382, 41.785591713614558 ], [ -87.582592791043382, 41.785761575176465 ], [ -87.582694707980536, 41.785761575176465 ], [ -87.582694707980536, 41.785591713614558 ] ] ] } },
{ "type": "Feature", "properties": { "row": 25, "col": 39, "mostly_overlap": true, "overlap_ratio": 1.0, "type": "Land" }, "geometry": { "type": "Polygon", "coordinates": [ [ [ -87.582592791043382, 41.785591713614558 ], [ -87.582490874106242, 41.785591713614558 ], [ -87.582490874106242, 41.785761575176465 ], [ -87.582592791043382, 41.785761575176465 ], [ -87.582592791043382, 41.785591713614558 ] ] ] } },
{ "type": "Feature", "properties": { "row": 25, "col": 40, "mostly_overlap": true, "overlap_ratio": 0.9756, "type": "Land" }, "geometry": { "type": "Polygon", "coordinates": [ [ [ -87.582490874106242, 41.785591713614558 ], [ -87.582388957169101, 41.785591713614558 ], [ -87.582388957169101, 41.785761575176465 ], [ -87.582490874106242, 41.785761575176465 ], [ -87.582490874106242, 41.785591713614558 ] ] ] } },
{ "type": "Feature", "properties": { "row": 26, "col": 1, "mostly_overlap": true, "overlap_ratio": 0.7532, "type": "Land" }, "geometry": { "type": "Polygon", "coordinates": [ [ [ -87.586465634654814, 41.785761575176465 ], [ -87.586363717717674, 41.785761575176465 ], [ -87.586363717717674, 41.785931436738366 ], [ -87.586465634654814, 41.785931436738366 ], [ -87.586465634654814, 41.785761575176465 ] ] ] } },
{ "type": "Feature", "properties": { "row": 26, "col": 2, "mostly_overlap": true, "overlap_ratio": 1.0, "type": "Land" }, "geometry": { "type": "Polygon", "coordinates": [ [ [ -87.586363717717674, 41.785761575176465 ], [ -87.586261800780534, 41.785761575176465 ], [ -87.586261800780534, 41.785931436738366 ], [ -87.586363717717674, 41.785931436738366 ], [ -87.586363717717674, 41.785761575176465 ] ] ] } },
{ "type": "Feature", "properties": { "row": 26, "col": 3, "mostly_overlap": true, "overlap_ratio": 1.0, "type": "Land" }, "geometry": { "type": "Polygon", "coordinates": [ [ [ -87.586261800780534, 41.785761575176465 ], [ -87.586159883843379, 41.785761575176465 ], [ -87.586159883843379, 41.785931436738366 ], [ -87.586261800780534, 41.785931436738366 ], [ -87.586261800780534, 41.785761575176465 ] ] ] } },
{ "type": "Feature", "properties": { "row": 26, "col": 4, "mostly_overlap": true, "overlap_ratio": 1.0, "type": "Land" }, "geometry": { "type": "Polygon", "coordinates": [ [ [ -87.586159883843379, 41.785761575176465 ], [ -87.586057966906239, 41.785761575176465 ], [ -87.586057966906239, 41.785931436738366 ], [ -87.586159883843379, 41.785931436738366 ], [ -87.586159883843379, 41.785761575176465 ] ] ] } },
{ "type": "Feature", "properties": { "row": 26, "col": 5, "mostly_overlap": true, "overlap_ratio": 1.0, "type": "Land" }, "geometry": { "type": "Polygon", "coordinates": [ [ [ -87.586057966906239, 41.785761575176465 ], [ -87.585956049969099, 41.785761575176465 ], [ -87.585956049969099, 41.785931436738366 ], [ -87.586057966906239, 41.785931436738366 ], [ -87.586057966906239, 41.785761575176465 ] ] ] } },
{ "type": "Feature", "properties": { "row": 26, "col": 6, "mostly_overlap": true, "overlap_ratio": 1.0, "type": "Land" }, "geometry": { "type": "Polygon", "coordinates": [ [ [ -87.585956049969099, 41.785761575176465 ], [ -87.585854133031958, 41.785761575176465 ], [ -87.585854133031958, 41.785931436738366 ], [ -87.585956049969099, 41.785931436738366 ], [ -87.585956049969099, 41.785761575176465 ] ] ] } },
{ "type": "Feature", "properties": { "row": 26, "col": 7, "mostly_overlap": true, "overlap_ratio": 1.0, "type": "Building" }, "geometry": { "type": "Polygon", "coordinates": [ [ [ -87.585854133031958, 41.785761575176465 ], [ -87.585752216094818, 41.785761575176465 ], [ -87.585752216094818, 41.785931436738366 ], [ -87.585854133031958, 41.785931436738366 ], [ -87.585854133031958, 41.785761575176465 ] ] ] } },
{ "type": "Feature", "properties": { "row": 26, "col": 8, "mostly_overlap": true, "overlap_ratio": 1.0, "type": "Building" }, "geometry": { "type": "Polygon", "coordinates": [ [ [ -87.585752216094818, 41.785761575176465 ], [ -87.585650299157678, 41.785761575176465 ], [ -87.585650299157678, 41.785931436738366 ], [ -87.585752216094818, 41.785931436738366 ], [ -87.585752216094818, 41.785761575176465 ] ] ] } },
{ "type": "Feature", "properties": { "row": 26, "col": 9, "mostly_overlap": true, "overlap_ratio": 1.0, "type": "Building" }, "geometry": { "type": "Polygon", "coordinates": [ [ [ -87.585650299157678, 41.785761575176465 ], [ -87.585548382220523, 41.785761575176465 ], [ -87.585548382220523, 41.785931436738366 ], [ -87.585650299157678, 41.785931436738366 ], [ -87.585650299157678, 41.785761575176465 ] ] ] } },
{ "type": "Feature", "properties": { "row": 26, "col": 10, "mostly_overlap": true, "overlap_ratio": 1.0, "type": "Building" }, "geometry": { "type": "Polygon", "coordinates": [ [ [ -87.585548382220523, 41.785761575176465 ], [ -87.585446465283383, 41.785761575176465 ], [ -87.585446465283383, 41.785931436738366 ], [ -87.585548382220523, 41.785931436738366 ], [ -87.585548382220523, 41.785761575176465 ] ] ] } },
{ "type": "Feature", "properties": { "row": 26, "col": 11, "mostly_overlap": true, "overlap_ratio": 1.0, "type": "Building" }, "geometry": { "type": "Polygon", "coordinates": [ [ [ -87.585446465283383, 41.785761575176465 ], [ -87.585344548346242, 41.785761575176465 ], [ -87.585344548346242, 41.785931436738366 ], [ -87.585446465283383, 41.785931436738366 ], [ -87.585446465283383, 41.785761575176465 ] ] ] } },
{ "type": "Feature", "properties": { "row": 26, "col": 12, "mostly_overlap": true, "overlap_ratio": 1.0, "type": "Land" }, "geometry": { "type": "Polygon", "coordinates": [ [ [ -87.585344548346242, 41.785761575176465 ], [ -87.585242631409102, 41.785761575176465 ], [ -87.585242631409102, 41.785931436738366 ], [ -87.585344548346242, 41.785931436738366 ], [ -87.585344548346242, 41.785761575176465 ] ] ] } },
{ "type": "Feature", "properties": { "row": 26, "col": 13, "mostly_overlap": true, "overlap_ratio": 1.0, "type": "Land" }, "geometry": { "type": "Polygon", "coordinates": [ [ [ -87.585242631409102, 41.785761575176465 ], [ -87.585140714471962, 41.785761575176465 ], [ -87.585140714471962, 41.785931436738366 ], [ -87.585242631409102, 41.785931436738366 ], [ -87.585242631409102, 41.785761575176465 ] ] ] } },
{ "type": "Feature", "properties": { "row": 26, "col": 14, "mostly_overlap": true, "overlap_ratio": 1.0, "type": "Land" }, "geometry": { "type": "Polygon", "coordinates": [ [ [ -87.585140714471962, 41.785761575176465 ], [ -87.585038797534821, 41.785761575176465 ], [ -87.585038797534821, 41.785931436738366 ], [ -87.585140714471962, 41.785931436738366 ], [ -87.585140714471962, 41.785761575176465 ] ] ] } },
{ "type": "Feature", "properties": { "row": 26, "col": 15, "mostly_overlap": true, "overlap_ratio": 1.0, "type": "Land" }, "geometry": { "type": "Polygon", "coordinates": [ [ [ -87.585038797534821, 41.785761575176465 ], [ -87.584936880597667, 41.785761575176465 ], [ -87.584936880597667, 41.785931436738366 ], [ -87.585038797534821, 41.785931436738366 ], [ -87.585038797534821, 41.785761575176465 ] ] ] } },
{ "type": "Feature", "properties": { "row": 26, "col": 16, "mostly_overlap": true, "overlap_ratio": 1.0, "type": "Land" }, "geometry": { "type": "Polygon", "coordinates": [ [ [ -87.584936880597667, 41.785761575176465 ], [ -87.584834963660526, 41.785761575176465 ], [ -87.584834963660526, 41.785931436738366 ], [ -87.584936880597667, 41.785931436738366 ], [ -87.584936880597667, 41.785761575176465 ] ] ] } },
{ "type": "Feature", "properties": { "row": 26, "col": 17, "mostly_overlap": true, "overlap_ratio": 1.0, "type": "Land" }, "geometry": { "type": "Polygon", "coordinates": [ [ [ -87.584834963660526, 41.785761575176465 ], [ -87.584733046723386, 41.785761575176465 ], [ -87.584733046723386, 41.785931436738366 ], [ -87.584834963660526, 41.785931436738366 ], [ -87.584834963660526, 41.785761575176465 ] ] ] } },
{ "type": "Feature", "properties": { "row": 26, "col": 18, "mostly_overlap": true, "overlap_ratio": 1.0, "type": "Land" }, "geometry": { "type": "Polygon", "coordinates": [ [ [ -87.584733046723386, 41.785761575176465 ], [ -87.584631129786246, 41.785761575176465 ], [ -87.584631129786246, 41.785931436738366 ], [ -87.584733046723386, 41.785931436738366 ], [ -87.584733046723386, 41.785761575176465 ] ] ] } },
{ "type": "Feature", "properties": { "row": 26, "col": 19, "mostly_overlap": true, "overlap_ratio": 1.0, "type": "Land" }, "geometry": { "type": "Polygon", "coordinates": [ [ [ -87.584631129786246, 41.785761575176465 ], [ -87.584529212849105, 41.785761575176465 ], [ -87.584529212849105, 41.785931436738366 ], [ -87.584631129786246, 41.785931436738366 ], [ -87.584631129786246, 41.785761575176465 ] ] ] } },
{ "type": "Feature", "properties": { "row": 26, "col": 20, "mostly_overlap": false, "overlap_ratio": 0.3208, "type": "Water" }, "geometry": { "type": "Polygon", "coordinates": [ [ [ -87.584529212849105, 41.785761575176465 ], [ -87.584427295911965, 41.785761575176465 ], [ -87.584427295911965, 41.785931436738366 ], [ -87.584529212849105, 41.785931436738366 ], [ -87.584529212849105, 41.785761575176465 ] ] ] } },
{ "type": "Feature", "properties": { "row": 26, "col": 21, "mostly_overlap": false, "overlap_ratio": 0.0, "type": "Water" }, "geometry": { "type": "Polygon", "coordinates": [ [ [ -87.584427295911951, 41.785761575176465 ], [ -87.58432537897481, 41.785761575176465 ], [ -87.58432537897481, 41.785931436738366 ], [ -87.584427295911951, 41.785931436738366 ], [ -87.584427295911951, 41.785761575176465 ] ] ] } },
{ "type": "Feature", "properties": { "row": 26, "col": 22, "mostly_overlap": false, "overlap_ratio": 0.0, "type": "Water" }, "geometry": { "type": "Polygon", "coordinates": [ [ [ -87.58432537897481, 41.785761575176465 ], [ -87.58422346203767, 41.785761575176465 ], [ -87.58422346203767, 41.785931436738366 ], [ -87.58432537897481, 41.785931436738366 ], [ -87.58432537897481, 41.785761575176465 ] ] ] } },
{ "type": "Feature", "properties": { "row": 26, "col": 23, "mostly_overlap": false, "overlap_ratio": 0.1138, "type": "Water" }, "geometry": { "type": "Polygon", "coordinates": [ [ [ -87.58422346203767, 41.785761575176465 ], [ -87.58412154510053, 41.785761575176465 ], [ -87.58412154510053, 41.785931436738366 ], [ -87.58422346203767, 41.785931436738366 ], [ -87.58422346203767, 41.785761575176465 ] ] ] } },
{ "type": "Feature", "properties": { "row": 26, "col": 24, "mostly_overlap": true, "overlap_ratio": 0.7159, "type": "Land" }, "geometry": { "type": "Polygon", "coordinates": [ [ [ -87.58412154510053, 41.785761575176465 ], [ -87.584019628163389, 41.785761575176465 ], [ -87.584019628163389, 41.785931436738366 ], [ -87.58412154510053, 41.785931436738366 ], [ -87.58412154510053, 41.785761575176465 ] ] ] } },
{ "type": "Feature", "properties": { "row": 26, "col": 25, "mostly_overlap": false, "overlap_ratio": 0.0715, "type": "Water" }, "geometry": { "type": "Polygon", "coordinates": [ [ [ -87.584019628163389, 41.785761575176465 ], [ -87.583917711226249, 41.785761575176465 ], [ -87.583917711226249, 41.785931436738366 ], [ -87.584019628163389, 41.785931436738366 ], [ -87.584019628163389, 41.785761575176465 ] ] ] } },
{ "type": "Feature", "properties": { "row": 26, "col": 26, "mostly_overlap": false, "overlap_ratio": 0.0, "type": "Water" }, "geometry": { "type": "Polygon", "coordinates": [ [ [ -87.583917711226249, 41.785761575176465 ], [ -87.583815794289094, 41.785761575176465 ], [ -87.583815794289094, 41.785931436738366 ], [ -87.583917711226249, 41.785931436738366 ], [ -87.583917711226249, 41.785761575176465 ] ] ] } },
{ "type": "Feature", "properties": { "row": 26, "col": 27, "mostly_overlap": false, "overlap_ratio": 0.0, "type": "Water" }, "geometry": { "type": "Polygon", "coordinates": [ [ [ -87.583815794289094, 41.785761575176465 ], [ -87.583713877351954, 41.785761575176465 ], [ -87.583713877351954, 41.785931436738366 ], [ -87.583815794289094, 41.785931436738366 ], [ -87.583815794289094, 41.785761575176465 ] ] ] } },
{ "type": "Feature", "properties": { "row": 26, "col": 28, "mostly_overlap": false, "overlap_ratio": 0.0, "type": "Water" }, "geometry": { "type": "Polygon", "coordinates": [ [ [ -87.583713877351954, 41.785761575176465 ], [ -87.583611960414814, 41.785761575176465 ], [ -87.583611960414814, 41.785931436738366 ], [ -87.583713877351954, 41.785931436738366 ], [ -87.583713877351954, 41.785761575176465 ] ] ] } },
{ "type": "Feature", "properties": { "row": 26, "col": 29, "mostly_overlap": false, "overlap_ratio": 0.0, "type": "Water" }, "geometry": { "type": "Polygon", "coordinates": [ [ [ -87.583611960414814, 41.785761575176465 ], [ -87.583510043477673, 41.785761575176465 ], [ -87.583510043477673, 41.785931436738366 ], [ -87.583611960414814, 41.785931436738366 ], [ -87.583611960414814, 41.785761575176465 ] ] ] } },
{ "type": "Feature", "properties": { "row": 26, "col": 30, "mostly_overlap": false, "overlap_ratio": 0.4411, "type": "Water" }, "geometry": { "type": "Polygon", "coordinates": [ [ [ -87.583510043477673, 41.785761575176465 ], [ -87.583408126540533, 41.785761575176465 ], [ -87.583408126540533, 41.785931436738366 ], [ -87.583510043477673, 41.785931436738366 ], [ -87.583510043477673, 41.785761575176465 ] ] ] } },
{ "type": "Feature", "properties": { "row": 26, "col": 31, "mostly_overlap": true, "overlap_ratio": 1.0, "type": "Land" }, "geometry": { "type": "Polygon", "coordinates": [ [ [ -87.583408126540533, 41.785761575176465 ], [ -87.583306209603393, 41.785761575176465 ], [ -87.583306209603393, 41.785931436738366 ], [ -87.583408126540533, 41.785931436738366 ], [ -87.583408126540533, 41.785761575176465 ] ] ] } },
{ "type": "Feature", "properties": { "row": 26, "col": 32, "mostly_overlap": true, "overlap_ratio": 1.0, "type": "Land" }, "geometry": { "type": "Polygon", "coordinates": [ [ [ -87.583306209603393, 41.785761575176465 ], [ -87.583204292666238, 41.785761575176465 ], [ -87.583204292666238, 41.785931436738366 ], [ -87.583306209603393, 41.785931436738366 ], [ -87.583306209603393, 41.785761575176465 ] ] ] } },
{ "type": "Feature", "properties": { "row": 26, "col": 33, "mostly_overlap": true, "overlap_ratio": 1.0, "type": "Land" }, "geometry": { "type": "Polygon", "coordinates": [ [ [ -87.583204292666238, 41.785761575176465 ], [ -87.583102375729098, 41.785761575176465 ], [ -87.583102375729098, 41.785931436738366 ], [ -87.583204292666238, 41.785931436738366 ], [ -87.583204292666238, 41.785761575176465 ] ] ] } },
{ "type": "Feature", "properties": { "row": 26, "col": 34, "mostly_overlap": true, "overlap_ratio": 1.0, "type": "Land" }, "geometry": { "type": "Polygon", "coordinates": [ [ [ -87.583102375729098, 41.785761575176465 ], [ -87.583000458791957, 41.785761575176465 ], [ -87.583000458791957, 41.785931436738366 ], [ -87.583102375729098, 41.785931436738366 ], [ -87.583102375729098, 41.785761575176465 ] ] ] } },
{ "type": "Feature", "properties": { "row": 26, "col": 35, "mostly_overlap": true, "overlap_ratio": 1.0, "type": "Land" }, "geometry": { "type": "Polygon", "coordinates": [ [ [ -87.583000458791957, 41.785761575176465 ], [ -87.582898541854817, 41.785761575176465 ], [ -87.582898541854817, 41.785931436738366 ], [ -87.583000458791957, 41.785931436738366 ], [ -87.583000458791957, 41.785761575176465 ] ] ] } },
{ "type": "Feature", "properties": { "row": 26, "col": 36, "mostly_overlap": true, "overlap_ratio": 1.0, "type": "Land" }, "geometry": { "type": "Polygon", "coordinates": [ [ [ -87.582898541854817, 41.785761575176465 ], [ -87.582796624917677, 41.785761575176465 ], [ -87.582796624917677, 41.785931436738366 ], [ -87.582898541854817, 41.785931436738366 ], [ -87.582898541854817, 41.785761575176465 ] ] ] } },
{ "type": "Feature", "properties": { "row": 26, "col": 37, "mostly_overlap": true, "overlap_ratio": 1.0, "type": "Land" }, "geometry": { "type": "Polygon", "coordinates": [ [ [ -87.582796624917677, 41.785761575176465 ], [ -87.582694707980536, 41.785761575176465 ], [ -87.582694707980536, 41.785931436738366 ], [ -87.582796624917677, 41.785931436738366 ], [ -87.582796624917677, 41.785761575176465 ] ] ] } },
{ "type": "Feature", "properties": { "row": 26, "col": 38, "mostly_overlap": true, "overlap_ratio": 1.0, "type": "Land" }, "geometry": { "type": "Polygon", "coordinates": [ [ [ -87.582694707980536, 41.785761575176465 ], [ -87.582592791043382, 41.785761575176465 ], [ -87.582592791043382, 41.785931436738366 ], [ -87.582694707980536, 41.785931436738366 ], [ -87.582694707980536, 41.785761575176465 ] ] ] } },
{ "type": "Feature", "properties": { "row": 26, "col": 39, "mostly_overlap": true, "overlap_ratio": 1.0, "type": "Land" }, "geometry": { "type": "Polygon", "coordinates": [ [ [ -87.582592791043382, 41.785761575176465 ], [ -87.582490874106242, 41.785761575176465 ], [ -87.582490874106242, 41.785931436738366 ], [ -87.582592791043382, 41.785931436738366 ], [ -87.582592791043382, 41.785761575176465 ] ] ] } },
{ "type": "Feature", "properties": { "row": 26, "col": 40, "mostly_overlap": true, "overlap_ratio": 0.9614, "type": "Land" }, "geometry": { "type": "Polygon", "coordinates": [ [ [ -87.582490874106242, 41.785761575176465 ], [ -87.582388957169101, 41.785761575176465 ], [ -87.582388957169101, 41.785931436738366 ], [ -87.582490874106242, 41.785931436738366 ], [ -87.582490874106242, 41.785761575176465 ] ] ] } },
{ "type": "Feature", "properties": { "row": 27, "col": 1, "mostly_overlap": true, "overlap_ratio": 0.7831, "type": "Land" }, "geometry": { "type": "Polygon", "coordinates": [ [ [ -87.586465634654814, 41.785931436738366 ], [ -87.586363717717674, 41.785931436738366 ], [ -87.586363717717674, 41.786101298300274 ], [ -87.586465634654814, 41.786101298300274 ], [ -87.586465634654814, 41.785931436738366 ] ] ] } },
{ "type": "Feature", "properties": { "row": 27, "col": 2, "mostly_overlap": true, "overlap_ratio": 1.0, "type": "Land" }, "geometry": { "type": "Polygon", "coordinates": [ [ [ -87.586363717717674, 41.785931436738366 ], [ -87.586261800780534, 41.785931436738366 ], [ -87.586261800780534, 41.786101298300274 ], [ -87.586363717717674, 41.786101298300274 ], [ -87.586363717717674, 41.785931436738366 ] ] ] } },
{ "type": "Feature", "properties": { "row": 27, "col": 3, "mostly_overlap": true, "overlap_ratio": 1.0, "type": "Land" }, "geometry": { "type": "Polygon", "coordinates": [ [ [ -87.586261800780534, 41.785931436738366 ], [ -87.586159883843379, 41.785931436738366 ], [ -87.586159883843379, 41.786101298300274 ], [ -87.586261800780534, 41.786101298300274 ], [ -87.586261800780534, 41.785931436738366 ] ] ] } },
{ "type": "Feature", "properties": { "row": 27, "col": 4, "mostly_overlap": true, "overlap_ratio": 1.0, "type": "Land" }, "geometry": { "type": "Polygon", "coordinates": [ [ [ -87.586159883843379, 41.785931436738366 ], [ -87.586057966906239, 41.785931436738366 ], [ -87.586057966906239, 41.786101298300274 ], [ -87.586159883843379, 41.786101298300274 ], [ -87.586159883843379, 41.785931436738366 ] ] ] } },
{ "type": "Feature", "properties": { "row": 27, "col": 5, "mostly_overlap": true, "overlap_ratio": 1.0, "type": "Land" }, "geometry": { "type": "Polygon", "coordinates": [ [ [ -87.586057966906239, 41.785931436738366 ], [ -87.585956049969099, 41.785931436738366 ], [ -87.585956049969099, 41.786101298300274 ], [ -87.586057966906239, 41.786101298300274 ], [ -87.586057966906239, 41.785931436738366 ] ] ] } },
{ "type": "Feature", "properties": { "row": 27, "col": 6, "mostly_overlap": true, "overlap_ratio": 1.0, "type": "Land" }, "geometry": { "type": "Polygon", "coordinates": [ [ [ -87.585956049969099, 41.785931436738366 ], [ -87.585854133031958, 41.785931436738366 ], [ -87.585854133031958, 41.786101298300274 ], [ -87.585956049969099, 41.786101298300274 ], [ -87.585956049969099, 41.785931436738366 ] ] ] } },
{ "type": "Feature", "properties": { "row": 27, "col": 7, "mostly_overlap": true, "overlap_ratio": 1.0, "type": "Land" }, "geometry": { "type": "Polygon", "coordinates": [ [ [ -87.585854133031958, 41.785931436738366 ], [ -87.585752216094818, 41.785931436738366 ], [ -87.585752216094818, 41.786101298300274 ], [ -87.585854133031958, 41.786101298300274 ], [ -87.585854133031958, 41.785931436738366 ] ] ] } },
{ "type": "Feature", "properties": { "row": 27, "col": 8, "mostly_overlap": true, "overlap_ratio": 1.0, "type": "Land" }, "geometry": { "type": "Polygon", "coordinates": [ [ [ -87.585752216094818, 41.785931436738366 ], [ -87.585650299157678, 41.785931436738366 ], [ -87.585650299157678, 41.786101298300274 ], [ -87.585752216094818, 41.786101298300274 ], [ -87.585752216094818, 41.785931436738366 ] ] ] } },
{ "type": "Feature", "properties": { "row": 27, "col": 9, "mostly_overlap": true, "overlap_ratio": 1.0, "type": "Land" }, "geometry": { "type": "Polygon", "coordinates": [ [ [ -87.585650299157678, 41.785931436738366 ], [ -87.585548382220523, 41.785931436738366 ], [ -87.585548382220523, 41.786101298300274 ], [ -87.585650299157678, 41.786101298300274 ], [ -87.585650299157678, 41.785931436738366 ] ] ] } },
{ "type": "Feature", "properties": { "row": 27, "col": 10, "mostly_overlap": true, "overlap_ratio": 1.0, "type": "Land" }, "geometry": { "type": "Polygon", "coordinates": [ [ [ -87.585548382220523, 41.785931436738366 ], [ -87.585446465283383, 41.785931436738366 ], [ -87.585446465283383, 41.786101298300274 ], [ -87.585548382220523, 41.786101298300274 ], [ -87.585548382220523, 41.785931436738366 ] ] ] } },
{ "type": "Feature", "properties": { "row": 27, "col": 11, "mostly_overlap": true, "overlap_ratio": 1.0, "type": "Land" }, "geometry": { "type": "Polygon", "coordinates": [ [ [ -87.585446465283383, 41.785931436738366 ], [ -87.585344548346242, 41.785931436738366 ], [ -87.585344548346242, 41.786101298300274 ], [ -87.585446465283383, 41.786101298300274 ], [ -87.585446465283383, 41.785931436738366 ] ] ] } },
{ "type": "Feature", "properties": { "row": 27, "col": 12, "mostly_overlap": true, "overlap_ratio": 1.0, "type": "Land" }, "geometry": { "type": "Polygon", "coordinates": [ [ [ -87.585344548346242, 41.785931436738366 ], [ -87.585242631409102, 41.785931436738366 ], [ -87.585242631409102, 41.786101298300274 ], [ -87.585344548346242, 41.786101298300274 ], [ -87.585344548346242, 41.785931436738366 ] ] ] } },
{ "type": "Feature", "properties": { "row": 27, "col": 13, "mostly_overlap": true, "overlap_ratio": 1.0, "type": "Land" }, "geometry": { "type": "Polygon", "coordinates": [ [ [ -87.585242631409102, 41.785931436738366 ], [ -87.585140714471962, 41.785931436738366 ], [ -87.585140714471962, 41.786101298300274 ], [ -87.585242631409102, 41.786101298300274 ], [ -87.585242631409102, 41.785931436738366 ] ] ] } },
{ "type": "Feature", "properties": { "row": 27, "col": 14, "mostly_overlap": true, "overlap_ratio": 1.0, "type": "Land" }, "geometry": { "type": "Polygon", "coordinates": [ [ [ -87.585140714471962, 41.785931436738366 ], [ -87.585038797534821, 41.785931436738366 ], [ -87.585038797534821, 41.786101298300274 ], [ -87.585140714471962, 41.786101298300274 ], [ -87.585140714471962, 41.785931436738366 ] ] ] } },
{ "type": "Feature", "properties": { "row": 27, "col": 15, "mostly_overlap": true, "overlap_ratio": 1.0, "type": "Land" }, "geometry": { "type": "Polygon", "coordinates": [ [ [ -87.585038797534821, 41.785931436738366 ], [ -87.584936880597667, 41.785931436738366 ], [ -87.584936880597667, 41.786101298300274 ], [ -87.585038797534821, 41.786101298300274 ], [ -87.585038797534821, 41.785931436738366 ] ] ] } },
{ "type": "Feature", "properties": { "row": 27, "col": 16, "mostly_overlap": true, "overlap_ratio": 1.0, "type": "Land" }, "geometry": { "type": "Polygon", "coordinates": [ [ [ -87.584936880597667, 41.785931436738366 ], [ -87.584834963660526, 41.785931436738366 ], [ -87.584834963660526, 41.786101298300274 ], [ -87.584936880597667, 41.786101298300274 ], [ -87.584936880597667, 41.785931436738366 ] ] ] } },
{ "type": "Feature", "properties": { "row": 27, "col": 17, "mostly_overlap": true, "overlap_ratio": 1.0, "type": "Land" }, "geometry": { "type": "Polygon", "coordinates": [ [ [ -87.584834963660526, 41.785931436738366 ], [ -87.584733046723386, 41.785931436738366 ], [ -87.584733046723386, 41.786101298300274 ], [ -87.584834963660526, 41.786101298300274 ], [ -87.584834963660526, 41.785931436738366 ] ] ] } },
{ "type": "Feature", "properties": { "row": 27, "col": 18, "mostly_overlap": true, "overlap_ratio": 1.0, "type": "Land" }, "geometry": { "type": "Polygon", "coordinates": [ [ [ -87.584733046723386, 41.785931436738366 ], [ -87.584631129786246, 41.785931436738366 ], [ -87.584631129786246, 41.786101298300274 ], [ -87.584733046723386, 41.786101298300274 ], [ -87.584733046723386, 41.785931436738366 ] ] ] } },
{ "type": "Feature", "properties": { "row": 27, "col": 19, "mostly_overlap": true, "overlap_ratio": 0.8402, "type": "Land" }, "geometry": { "type": "Polygon", "coordinates": [ [ [ -87.584631129786246, 41.785931436738366 ], [ -87.584529212849105, 41.785931436738366 ], [ -87.584529212849105, 41.786101298300274 ], [ -87.584631129786246, 41.786101298300274 ], [ -87.584631129786246, 41.785931436738366 ] ] ] } },
{ "type": "Feature", "properties": { "row": 27, "col": 20, "mostly_overlap": false, "overlap_ratio": 0.0314, "type": "Water" }, "geometry": { "type": "Polygon", "coordinates": [ [ [ -87.584529212849105, 41.785931436738366 ], [ -87.584427295911965, 41.785931436738366 ], [ -87.584427295911965, 41.786101298300274 ], [ -87.584529212849105, 41.786101298300274 ], [ -87.584529212849105, 41.785931436738366 ] ] ] } },
{ "type": "Feature", "properties": { "row": 27, "col": 21, "mostly_overlap": false, "overlap_ratio": 0.0, "type": "Water" }, "geometry": { "type": "Polygon", "coordinates": [ [ [ -87.584427295911951, 41.785931436738366 ], [ -87.58432537897481, 41.785931436738366 ], [ -87.58432537897481, 41.786101298300274 ], [ -87.584427295911951, 41.786101298300274 ], [ -87.584427295911951, 41.785931436738366 ] ] ] } },
{ "type": "Feature", "properties": { "row": 27, "col": 22, "mostly_overlap": false, "overlap_ratio": 0.0002, "type": "Water" }, "geometry": { "type": "Polygon", "coordinates": [ [ [ -87.58432537897481, 41.785931436738366 ], [ -87.58422346203767, 41.785931436738366 ], [ -87.58422346203767, 41.786101298300274 ], [ -87.58432537897481, 41.786101298300274 ], [ -87.58432537897481, 41.785931436738366 ] ] ] } },
{ "type": "Feature", "properties": { "row": 27, "col": 23, "mostly_overlap": true, "overlap_ratio": 0.6745, "type": "Land" }, "geometry": { "type": "Polygon", "coordinates": [ [ [ -87.58422346203767, 41.785931436738366 ], [ -87.58412154510053, 41.785931436738366 ], [ -87.58412154510053, 41.786101298300274 ], [ -87.58422346203767, 41.786101298300274 ], [ -87.58422346203767, 41.785931436738366 ] ] ] } },
{ "type": "Feature", "properties": { "row": 27, "col": 24, "mostly_overlap": true, "overlap_ratio": 0.995, "type": "Land" }, "geometry": { "type": "Polygon", "coordinates": [ [ [ -87.58412154510053, 41.785931436738366 ], [ -87.584019628163389, 41.785931436738366 ], [ -87.584019628163389, 41.786101298300274 ], [ -87.58412154510053, 41.786101298300274 ], [ -87.58412154510053, 41.785931436738366 ] ] ] } },
{ "type": "Feature", "properties": { "row": 27, "col": 25, "mostly_overlap": false, "overlap_ratio": 0.0991, "type": "Water" }, "geometry": { "type": "Polygon", "coordinates": [ [ [ -87.584019628163389, 41.785931436738366 ], [ -87.583917711226249, 41.785931436738366 ], [ -87.583917711226249, 41.786101298300274 ], [ -87.584019628163389, 41.786101298300274 ], [ -87.584019628163389, 41.785931436738366 ] ] ] } },
{ "type": "Feature", "properties": { "row": 27, "col": 26, "mostly_overlap": false, "overlap_ratio": 0.0, "type": "Water" }, "geometry": { "type": "Polygon", "coordinates": [ [ [ -87.583917711226249, 41.785931436738366 ], [ -87.583815794289094, 41.785931436738366 ], [ -87.583815794289094, 41.786101298300274 ], [ -87.583917711226249, 41.786101298300274 ], [ -87.583917711226249, 41.785931436738366 ] ] ] } },
{ "type": "Feature", "properties": { "row": 27, "col": 27, "mostly_overlap": false, "overlap_ratio": 0.0, "type": "Water" }, "geometry": { "type": "Polygon", "coordinates": [ [ [ -87.583815794289094, 41.785931436738366 ], [ -87.583713877351954, 41.785931436738366 ], [ -87.583713877351954, 41.786101298300274 ], [ -87.583815794289094, 41.786101298300274 ], [ -87.583815794289094, 41.785931436738366 ] ] ] } },
{ "type": "Feature", "properties": { "row": 27, "col": 28, "mostly_overlap": false, "overlap_ratio": 0.0, "type": "Water" }, "geometry": { "type": "Polygon", "coordinates": [ [ [ -87.583713877351954, 41.785931436738366 ], [ -87.583611960414814, 41.785931436738366 ], [ -87.583611960414814, 41.786101298300274 ], [ -87.583713877351954, 41.786101298300274 ], [ -87.583713877351954, 41.785931436738366 ] ] ] } },
{ "type": "Feature", "properties": { "row": 27, "col": 29, "mostly_overlap": false, "overlap_ratio": 0.0, "type": "Water" }, "geometry": { "type": "Polygon", "coordinates": [ [ [ -87.583611960414814, 41.785931436738366 ], [ -87.583510043477673, 41.785931436738366 ], [ -87.583510043477673, 41.786101298300274 ], [ -87.583611960414814, 41.786101298300274 ], [ -87.583611960414814, 41.785931436738366 ] ] ] } },
{ "type": "Feature", "properties": { "row": 27, "col": 30, "mostly_overlap": false, "overlap_ratio": 0.4292, "type": "Water" }, "geometry": { "type": "Polygon", "coordinates": [ [ [ -87.583510043477673, 41.785931436738366 ], [ -87.583408126540533, 41.785931436738366 ], [ -87.583408126540533, 41.786101298300274 ], [ -87.583510043477673, 41.786101298300274 ], [ -87.583510043477673, 41.785931436738366 ] ] ] } },
{ "type": "Feature", "properties": { "row": 27, "col": 31, "mostly_overlap": true, "overlap_ratio": 1.0, "type": "Land" }, "geometry": { "type": "Polygon", "coordinates": [ [ [ -87.583408126540533, 41.785931436738366 ], [ -87.583306209603393, 41.785931436738366 ], [ -87.583306209603393, 41.786101298300274 ], [ -87.583408126540533, 41.786101298300274 ], [ -87.583408126540533, 41.785931436738366 ] ] ] } },
{ "type": "Feature", "properties": { "row": 27, "col": 32, "mostly_overlap": true, "overlap_ratio": 1.0, "type": "Land" }, "geometry": { "type": "Polygon", "coordinates": [ [ [ -87.583306209603393, 41.785931436738366 ], [ -87.583204292666238, 41.785931436738366 ], [ -87.583204292666238, 41.786101298300274 ], [ -87.583306209603393, 41.786101298300274 ], [ -87.583306209603393, 41.785931436738366 ] ] ] } },
{ "type": "Feature", "properties": { "row": 27, "col": 33, "mostly_overlap": true, "overlap_ratio": 1.0, "type": "Land" }, "geometry": { "type": "Polygon", "coordinates": [ [ [ -87.583204292666238, 41.785931436738366 ], [ -87.583102375729098, 41.785931436738366 ], [ -87.583102375729098, 41.786101298300274 ], [ -87.583204292666238, 41.786101298300274 ], [ -87.583204292666238, 41.785931436738366 ] ] ] } },
{ "type": "Feature", "properties": { "row": 27, "col": 34, "mostly_overlap": true, "overlap_ratio": 1.0, "type": "Land" }, "geometry": { "type": "Polygon", "coordinates": [ [ [ -87.583102375729098, 41.785931436738366 ], [ -87.583000458791957, 41.785931436738366 ], [ -87.583000458791957, 41.786101298300274 ], [ -87.583102375729098, 41.786101298300274 ], [ -87.583102375729098, 41.785931436738366 ] ] ] } },
{ "type": "Feature", "properties": { "row": 27, "col": 35, "mostly_overlap": true, "overlap_ratio": 1.0, "type": "Land" }, "geometry": { "type": "Polygon", "coordinates": [ [ [ -87.583000458791957, 41.785931436738366 ], [ -87.582898541854817, 41.785931436738366 ], [ -87.582898541854817, 41.786101298300274 ], [ -87.583000458791957, 41.786101298300274 ], [ -87.583000458791957, 41.785931436738366 ] ] ] } },
{ "type": "Feature", "properties": { "row": 27, "col": 36, "mostly_overlap": true, "overlap_ratio": 1.0, "type": "Land" }, "geometry": { "type": "Polygon", "coordinates": [ [ [ -87.582898541854817, 41.785931436738366 ], [ -87.582796624917677, 41.785931436738366 ], [ -87.582796624917677, 41.786101298300274 ], [ -87.582898541854817, 41.786101298300274 ], [ -87.582898541854817, 41.785931436738366 ] ] ] } },
{ "type": "Feature", "properties": { "row": 27, "col": 37, "mostly_overlap": true, "overlap_ratio": 1.0, "type": "Land" }, "geometry": { "type": "Polygon", "coordinates": [ [ [ -87.582796624917677, 41.785931436738366 ], [ -87.582694707980536, 41.785931436738366 ], [ -87.582694707980536, 41.786101298300274 ], [ -87.582796624917677, 41.786101298300274 ], [ -87.582796624917677, 41.785931436738366 ] ] ] } },
{ "type": "Feature", "properties": { "row": 27, "col": 38, "mostly_overlap": true, "overlap_ratio": 1.0, "type": "Land" }, "geometry": { "type": "Polygon", "coordinates": [ [ [ -87.582694707980536, 41.785931436738366 ], [ -87.582592791043382, 41.785931436738366 ], [ -87.582592791043382, 41.786101298300274 ], [ -87.582694707980536, 41.786101298300274 ], [ -87.582694707980536, 41.785931436738366 ] ] ] } },
{ "type": "Feature", "properties": { "row": 27, "col": 39, "mostly_overlap": true, "overlap_ratio": 1.0, "type": "Land" }, "geometry": { "type": "Polygon", "coordinates": [ [ [ -87.582592791043382, 41.785931436738366 ], [ -87.582490874106242, 41.785931436738366 ], [ -87.582490874106242, 41.786101298300274 ], [ -87.582592791043382, 41.786101298300274 ], [ -87.582592791043382, 41.785931436738366 ] ] ] } },
{ "type": "Feature", "properties": { "row": 27, "col": 40, "mostly_overlap": true, "overlap_ratio": 0.6309, "type": "Land" }, "geometry": { "type": "Polygon", "coordinates": [ [ [ -87.582490874106242, 41.785931436738366 ], [ -87.582388957169101, 41.785931436738366 ], [ -87.582388957169101, 41.786101298300274 ], [ -87.582490874106242, 41.786101298300274 ], [ -87.582490874106242, 41.785931436738366 ] ] ] } },
{ "type": "Feature", "properties": { "row": 28, "col": 1, "mostly_overlap": true, "overlap_ratio": 0.8106, "type": "Land" }, "geometry": { "type": "Polygon", "coordinates": [ [ [ -87.586465634654814, 41.786101298300274 ], [ -87.586363717717674, 41.786101298300274 ], [ -87.586363717717674, 41.786271159862174 ], [ -87.586465634654814, 41.786271159862174 ], [ -87.586465634654814, 41.786101298300274 ] ] ] } },
{ "type": "Feature", "properties": { "row": 28, "col": 2, "mostly_overlap": true, "overlap_ratio": 1.0, "type": "Land" }, "geometry": { "type": "Polygon", "coordinates": [ [ [ -87.586363717717674, 41.786101298300274 ], [ -87.586261800780534, 41.786101298300274 ], [ -87.586261800780534, 41.786271159862174 ], [ -87.586363717717674, 41.786271159862174 ], [ -87.586363717717674, 41.786101298300274 ] ] ] } },
{ "type": "Feature", "properties": { "row": 28, "col": 3, "mostly_overlap": true, "overlap_ratio": 1.0, "type": "Land" }, "geometry": { "type": "Polygon", "coordinates": [ [ [ -87.586261800780534, 41.786101298300274 ], [ -87.586159883843379, 41.786101298300274 ], [ -87.586159883843379, 41.786271159862174 ], [ -87.586261800780534, 41.786271159862174 ], [ -87.586261800780534, 41.786101298300274 ] ] ] } },
{ "type": "Feature", "properties": { "row": 28, "col": 4, "mostly_overlap": true, "overlap_ratio": 1.0, "type": "Building" }, "geometry": { "type": "Polygon", "coordinates": [ [ [ -87.586159883843379, 41.786101298300274 ], [ -87.586057966906239, 41.786101298300274 ], [ -87.586057966906239, 41.786271159862174 ], [ -87.586159883843379, 41.786271159862174 ], [ -87.586159883843379, 41.786101298300274 ] ] ] } },
{ "type": "Feature", "properties": { "row": 28, "col": 5, "mostly_overlap": true, "overlap_ratio": 1.0, "type": "Building" }, "geometry": { "type": "Polygon", "coordinates": [ [ [ -87.586057966906239, 41.786101298300274 ], [ -87.585956049969099, 41.786101298300274 ], [ -87.585956049969099, 41.786271159862174 ], [ -87.586057966906239, 41.786271159862174 ], [ -87.586057966906239, 41.786101298300274 ] ] ] } },
{ "type": "Feature", "properties": { "row": 28, "col": 6, "mostly_overlap": true, "overlap_ratio": 1.0, "type": "Building" }, "geometry": { "type": "Polygon", "coordinates": [ [ [ -87.585956049969099, 41.786101298300274 ], [ -87.585854133031958, 41.786101298300274 ], [ -87.585854133031958, 41.786271159862174 ], [ -87.585956049969099, 41.786271159862174 ], [ -87.585956049969099, 41.786101298300274 ] ] ] } },
{ "type": "Feature", "properties": { "row": 28, "col": 7, "mostly_overlap": true, "overlap_ratio": 1.0, "type": "Building" }, "geometry": { "type": "Polygon", "coordinates": [ [ [ -87.585854133031958, 41.786101298300274 ], [ -87.585752216094818, 41.786101298300274 ], [ -87.585752216094818, 41.786271159862174 ], [ -87.585854133031958, 41.786271159862174 ], [ -87.585854133031958, 41.786101298300274 ] ] ] } },
{ "type": "Feature", "properties": { "row": 28, "col": 8, "mostly_overlap": true, "overlap_ratio": 1.0, "type": "Building" }, "geometry": { "type": "Polygon", "coordinates": [ [ [ -87.585752216094818, 41.786101298300274 ], [ -87.585650299157678, 41.786101298300274 ], [ -87.585650299157678, 41.786271159862174 ], [ -87.585752216094818, 41.786271159862174 ], [ -87.585752216094818, 41.786101298300274 ] ] ] } },
{ "type": "Feature", "properties": { "row": 28, "col": 9, "mostly_overlap": true, "overlap_ratio": 1.0, "type": "Building" }, "geometry": { "type": "Polygon", "coordinates": [ [ [ -87.585650299157678, 41.786101298300274 ], [ -87.585548382220523, 41.786101298300274 ], [ -87.585548382220523, 41.786271159862174 ], [ -87.585650299157678, 41.786271159862174 ], [ -87.585650299157678, 41.786101298300274 ] ] ] } },
{ "type": "Feature", "properties": { "row": 28, "col": 10, "mostly_overlap": true, "overlap_ratio": 1.0, "type": "Building" }, "geometry": { "type": "Polygon", "coordinates": [ [ [ -87.585548382220523, 41.786101298300274 ], [ -87.585446465283383, 41.786101298300274 ], [ -87.585446465283383, 41.786271159862174 ], [ -87.585548382220523, 41.786271159862174 ], [ -87.585548382220523, 41.786101298300274 ] ] ] } },
{ "type": "Feature", "properties": { "row": 28, "col": 11, "mostly_overlap": true, "overlap_ratio": 1.0, "type": "Building" }, "geometry": { "type": "Polygon", "coordinates": [ [ [ -87.585446465283383, 41.786101298300274 ], [ -87.585344548346242, 41.786101298300274 ], [ -87.585344548346242, 41.786271159862174 ], [ -87.585446465283383, 41.786271159862174 ], [ -87.585446465283383, 41.786101298300274 ] ] ] } },
{ "type": "Feature", "properties": { "row": 28, "col": 12, "mostly_overlap": true, "overlap_ratio": 1.0, "type": "Land" }, "geometry": { "type": "Polygon", "coordinates": [ [ [ -87.585344548346242, 41.786101298300274 ], [ -87.585242631409102, 41.786101298300274 ], [ -87.585242631409102, 41.786271159862174 ], [ -87.585344548346242, 41.786271159862174 ], [ -87.585344548346242, 41.786101298300274 ] ] ] } },
{ "type": "Feature", "properties": { "row": 28, "col": 13, "mostly_overlap": true, "overlap_ratio": 1.0, "type": "Land" }, "geometry": { "type": "Polygon", "coordinates": [ [ [ -87.585242631409102, 41.786101298300274 ], [ -87.585140714471962, 41.786101298300274 ], [ -87.585140714471962, 41.786271159862174 ], [ -87.585242631409102, 41.786271159862174 ], [ -87.585242631409102, 41.786101298300274 ] ] ] } },
{ "type": "Feature", "properties": { "row": 28, "col": 14, "mostly_overlap": true, "overlap_ratio": 1.0, "type": "Land" }, "geometry": { "type": "Polygon", "coordinates": [ [ [ -87.585140714471962, 41.786101298300274 ], [ -87.585038797534821, 41.786101298300274 ], [ -87.585038797534821, 41.786271159862174 ], [ -87.585140714471962, 41.786271159862174 ], [ -87.585140714471962, 41.786101298300274 ] ] ] } },
{ "type": "Feature", "properties": { "row": 28, "col": 15, "mostly_overlap": true, "overlap_ratio": 1.0, "type": "Land" }, "geometry": { "type": "Polygon", "coordinates": [ [ [ -87.585038797534821, 41.786101298300274 ], [ -87.584936880597667, 41.786101298300274 ], [ -87.584936880597667, 41.786271159862174 ], [ -87.585038797534821, 41.786271159862174 ], [ -87.585038797534821, 41.786101298300274 ] ] ] } },
{ "type": "Feature", "properties": { "row": 28, "col": 16, "mostly_overlap": true, "overlap_ratio": 1.0, "type": "Land" }, "geometry": { "type": "Polygon", "coordinates": [ [ [ -87.584936880597667, 41.786101298300274 ], [ -87.584834963660526, 41.786101298300274 ], [ -87.584834963660526, 41.786271159862174 ], [ -87.584936880597667, 41.786271159862174 ], [ -87.584936880597667, 41.786101298300274 ] ] ] } },
{ "type": "Feature", "properties": { "row": 28, "col": 17, "mostly_overlap": true, "overlap_ratio": 1.0, "type": "Land" }, "geometry": { "type": "Polygon", "coordinates": [ [ [ -87.584834963660526, 41.786101298300274 ], [ -87.584733046723386, 41.786101298300274 ], [ -87.584733046723386, 41.786271159862174 ], [ -87.584834963660526, 41.786271159862174 ], [ -87.584834963660526, 41.786101298300274 ] ] ] } },
{ "type": "Feature", "properties": { "row": 28, "col": 18, "mostly_overlap": true, "overlap_ratio": 0.9924, "type": "Land" }, "geometry": { "type": "Polygon", "coordinates": [ [ [ -87.584733046723386, 41.786101298300274 ], [ -87.584631129786246, 41.786101298300274 ], [ -87.584631129786246, 41.786271159862174 ], [ -87.584733046723386, 41.786271159862174 ], [ -87.584733046723386, 41.786101298300274 ] ] ] } },
{ "type": "Feature", "properties": { "row": 28, "col": 19, "mostly_overlap": false, "overlap_ratio": 0.1596, "type": "Water" }, "geometry": { "type": "Polygon", "coordinates": [ [ [ -87.584631129786246, 41.786101298300274 ], [ -87.584529212849105, 41.786101298300274 ], [ -87.584529212849105, 41.786271159862174 ], [ -87.584631129786246, 41.786271159862174 ], [ -87.584631129786246, 41.786101298300274 ] ] ] } },
{ "type": "Feature", "properties": { "row": 28, "col": 20, "mostly_overlap": false, "overlap_ratio": 0.0, "type": "Water" }, "geometry": { "type": "Polygon", "coordinates": [ [ [ -87.584529212849105, 41.786101298300274 ], [ -87.584427295911965, 41.786101298300274 ], [ -87.584427295911965, 41.786271159862174 ], [ -87.584529212849105, 41.786271159862174 ], [ -87.584529212849105, 41.786101298300274 ] ] ] } },
{ "type": "Feature", "properties": { "row": 28, "col": 21, "mostly_overlap": false, "overlap_ratio": 0.0, "type": "Water" }, "geometry": { "type": "Polygon", "coordinates": [ [ [ -87.584427295911951, 41.786101298300274 ], [ -87.58432537897481, 41.786101298300274 ], [ -87.58432537897481, 41.786271159862174 ], [ -87.584427295911951, 41.786271159862174 ], [ -87.584427295911951, 41.786101298300274 ] ] ] } },
{ "type": "Feature", "properties": { "row": 28, "col": 22, "mostly_overlap": false, "overlap_ratio": 0.0061, "type": "Water" }, "geometry": { "type": "Polygon", "coordinates": [ [ [ -87.58432537897481, 41.786101298300274 ], [ -87.58422346203767, 41.786101298300274 ], [ -87.58422346203767, 41.786271159862174 ], [ -87.58432537897481, 41.786271159862174 ], [ -87.58432537897481, 41.786101298300274 ] ] ] } },
{ "type": "Feature", "properties": { "row": 28, "col": 23, "mostly_overlap": false, "overlap_ratio": 0.3627, "type": "Water" }, "geometry": { "type": "Polygon", "coordinates": [ [ [ -87.58422346203767, 41.786101298300274 ], [ -87.58412154510053, 41.786101298300274 ], [ -87.58412154510053, 41.786271159862174 ], [ -87.58422346203767, 41.786271159862174 ], [ -87.58422346203767, 41.786101298300274 ] ] ] } },
{ "type": "Feature", "properties": { "row": 28, "col": 24, "mostly_overlap": true, "overlap_ratio": 0.5642, "type": "Land" }, "geometry": { "type": "Polygon", "coordinates": [ [ [ -87.58412154510053, 41.786101298300274 ], [ -87.584019628163389, 41.786101298300274 ], [ -87.584019628163389, 41.786271159862174 ], [ -87.58412154510053, 41.786271159862174 ], [ -87.58412154510053, 41.786101298300274 ] ] ] } },
{ "type": "Feature", "properties": { "row": 28, "col": 25, "mostly_overlap": false, "overlap_ratio": 0.1315, "type": "Water" }, "geometry": { "type": "Polygon", "coordinates": [ [ [ -87.584019628163389, 41.786101298300274 ], [ -87.583917711226249, 41.786101298300274 ], [ -87.583917711226249, 41.786271159862174 ], [ -87.584019628163389, 41.786271159862174 ], [ -87.584019628163389, 41.786101298300274 ] ] ] } },
{ "type": "Feature", "properties": { "row": 28, "col": 26, "mostly_overlap": false, "overlap_ratio": 0.0, "type": "Water" }, "geometry": { "type": "Polygon", "coordinates": [ [ [ -87.583917711226249, 41.786101298300274 ], [ -87.583815794289094, 41.786101298300274 ], [ -87.583815794289094, 41.786271159862174 ], [ -87.583917711226249, 41.786271159862174 ], [ -87.583917711226249, 41.786101298300274 ] ] ] } },
{ "type": "Feature", "properties": { "row": 28, "col": 27, "mostly_overlap": false, "overlap_ratio": 0.0, "type": "Water" }, "geometry": { "type": "Polygon", "coordinates": [ [ [ -87.583815794289094, 41.786101298300274 ], [ -87.583713877351954, 41.786101298300274 ], [ -87.583713877351954, 41.786271159862174 ], [ -87.583815794289094, 41.786271159862174 ], [ -87.583815794289094, 41.786101298300274 ] ] ] } },
{ "type": "Feature", "properties": { "row": 28, "col": 28, "mostly_overlap": false, "overlap_ratio": 0.0, "type": "Water" }, "geometry": { "type": "Polygon", "coordinates": [ [ [ -87.583713877351954, 41.786101298300274 ], [ -87.583611960414814, 41.786101298300274 ], [ -87.583611960414814, 41.786271159862174 ], [ -87.583713877351954, 41.786271159862174 ], [ -87.583713877351954, 41.786101298300274 ] ] ] } },
{ "type": "Feature", "properties": { "row": 28, "col": 29, "mostly_overlap": false, "overlap_ratio": 0.0, "type": "Water" }, "geometry": { "type": "Polygon", "coordinates": [ [ [ -87.583611960414814, 41.786101298300274 ], [ -87.583510043477673, 41.786101298300274 ], [ -87.583510043477673, 41.786271159862174 ], [ -87.583611960414814, 41.786271159862174 ], [ -87.583611960414814, 41.786101298300274 ] ] ] } },
{ "type": "Feature", "properties": { "row": 28, "col": 30, "mostly_overlap": true, "overlap_ratio": 0.6026, "type": "Land" }, "geometry": { "type": "Polygon", "coordinates": [ [ [ -87.583510043477673, 41.786101298300274 ], [ -87.583408126540533, 41.786101298300274 ], [ -87.583408126540533, 41.786271159862174 ], [ -87.583510043477673, 41.786271159862174 ], [ -87.583510043477673, 41.786101298300274 ] ] ] } },
{ "type": "Feature", "properties": { "row": 28, "col": 31, "mostly_overlap": true, "overlap_ratio": 1.0, "type": "Land" }, "geometry": { "type": "Polygon", "coordinates": [ [ [ -87.583408126540533, 41.786101298300274 ], [ -87.583306209603393, 41.786101298300274 ], [ -87.583306209603393, 41.786271159862174 ], [ -87.583408126540533, 41.786271159862174 ], [ -87.583408126540533, 41.786101298300274 ] ] ] } },
{ "type": "Feature", "properties": { "row": 28, "col": 32, "mostly_overlap": true, "overlap_ratio": 1.0, "type": "Land" }, "geometry": { "type": "Polygon", "coordinates": [ [ [ -87.583306209603393, 41.786101298300274 ], [ -87.583204292666238, 41.786101298300274 ], [ -87.583204292666238, 41.786271159862174 ], [ -87.583306209603393, 41.786271159862174 ], [ -87.583306209603393, 41.786101298300274 ] ] ] } },
{ "type": "Feature", "properties": { "row": 28, "col": 33, "mostly_overlap": true, "overlap_ratio": 1.0, "type": "Land" }, "geometry": { "type": "Polygon", "coordinates": [ [ [ -87.583204292666238, 41.786101298300274 ], [ -87.583102375729098, 41.786101298300274 ], [ -87.583102375729098, 41.786271159862174 ], [ -87.583204292666238, 41.786271159862174 ], [ -87.583204292666238, 41.786101298300274 ] ] ] } },
{ "type": "Feature", "properties": { "row": 28, "col": 34, "mostly_overlap": true, "overlap_ratio": 1.0, "type": "Land" }, "geometry": { "type": "Polygon", "coordinates": [ [ [ -87.583102375729098, 41.786101298300274 ], [ -87.583000458791957, 41.786101298300274 ], [ -87.583000458791957, 41.786271159862174 ], [ -87.583102375729098, 41.786271159862174 ], [ -87.583102375729098, 41.786101298300274 ] ] ] } },
{ "type": "Feature", "properties": { "row": 28, "col": 35, "mostly_overlap": true, "overlap_ratio": 1.0, "type": "Land" }, "geometry": { "type": "Polygon", "coordinates": [ [ [ -87.583000458791957, 41.786101298300274 ], [ -87.582898541854817, 41.786101298300274 ], [ -87.582898541854817, 41.786271159862174 ], [ -87.583000458791957, 41.786271159862174 ], [ -87.583000458791957, 41.786101298300274 ] ] ] } },
{ "type": "Feature", "properties": { "row": 28, "col": 36, "mostly_overlap": true, "overlap_ratio": 1.0, "type": "Land" }, "geometry": { "type": "Polygon", "coordinates": [ [ [ -87.582898541854817, 41.786101298300274 ], [ -87.582796624917677, 41.786101298300274 ], [ -87.582796624917677, 41.786271159862174 ], [ -87.582898541854817, 41.786271159862174 ], [ -87.582898541854817, 41.786101298300274 ] ] ] } },
{ "type": "Feature", "properties": { "row": 28, "col": 37, "mostly_overlap": true, "overlap_ratio": 1.0, "type": "Land" }, "geometry": { "type": "Polygon", "coordinates": [ [ [ -87.582796624917677, 41.786101298300274 ], [ -87.582694707980536, 41.786101298300274 ], [ -87.582694707980536, 41.786271159862174 ], [ -87.582796624917677, 41.786271159862174 ], [ -87.582796624917677, 41.786101298300274 ] ] ] } },
{ "type": "Feature", "properties": { "row": 28, "col": 38, "mostly_overlap": true, "overlap_ratio": 1.0, "type": "Land" }, "geometry": { "type": "Polygon", "coordinates": [ [ [ -87.582694707980536, 41.786101298300274 ], [ -87.582592791043382, 41.786101298300274 ], [ -87.582592791043382, 41.786271159862174 ], [ -87.582694707980536, 41.786271159862174 ], [ -87.582694707980536, 41.786101298300274 ] ] ] } },
{ "type": "Feature", "properties": { "row": 28, "col": 39, "mostly_overlap": true, "overlap_ratio": 1.0, "type": "Land" }, "geometry": { "type": "Polygon", "coordinates": [ [ [ -87.582592791043382, 41.786101298300274 ], [ -87.582490874106242, 41.786101298300274 ], [ -87.582490874106242, 41.786271159862174 ], [ -87.582592791043382, 41.786271159862174 ], [ -87.582592791043382, 41.786101298300274 ] ] ] } },
{ "type": "Feature", "properties": { "row": 28, "col": 40, "mostly_overlap": true, "overlap_ratio": 0.8138, "type": "Land" }, "geometry": { "type": "Polygon", "coordinates": [ [ [ -87.582490874106242, 41.786101298300274 ], [ -87.582388957169101, 41.786101298300274 ], [ -87.582388957169101, 41.786271159862174 ], [ -87.582490874106242, 41.786271159862174 ], [ -87.582490874106242, 41.786101298300274 ] ] ] } },
{ "type": "Feature", "properties": { "row": 29, "col": 1, "mostly_overlap": true, "overlap_ratio": 0.838, "type": "Land" }, "geometry": { "type": "Polygon", "coordinates": [ [ [ -87.586465634654814, 41.786271159862174 ], [ -87.586363717717674, 41.786271159862174 ], [ -87.586363717717674, 41.786441021424082 ], [ -87.586465634654814, 41.786441021424082 ], [ -87.586465634654814, 41.786271159862174 ] ] ] } },
{ "type": "Feature", "properties": { "row": 29, "col": 2, "mostly_overlap": true, "overlap_ratio": 1.0, "type": "Land" }, "geometry": { "type": "Polygon", "coordinates": [ [ [ -87.586363717717674, 41.786271159862174 ], [ -87.586261800780534, 41.786271159862174 ], [ -87.586261800780534, 41.786441021424082 ], [ -87.586363717717674, 41.786441021424082 ], [ -87.586363717717674, 41.786271159862174 ] ] ] } },
{ "type": "Feature", "properties": { "row": 29, "col": 3, "mostly_overlap": true, "overlap_ratio": 1.0, "type": "Land" }, "geometry": { "type": "Polygon", "coordinates": [ [ [ -87.586261800780534, 41.786271159862174 ], [ -87.586159883843379, 41.786271159862174 ], [ -87.586159883843379, 41.786441021424082 ], [ -87.586261800780534, 41.786441021424082 ], [ -87.586261800780534, 41.786271159862174 ] ] ] } },
{ "type": "Feature", "properties": { "row": 29, "col": 4, "mostly_overlap": true, "overlap_ratio": 1.0, "type": "Building" }, "geometry": { "type": "Polygon", "coordinates": [ [ [ -87.586159883843379, 41.786271159862174 ], [ -87.586057966906239, 41.786271159862174 ], [ -87.586057966906239, 41.786441021424082 ], [ -87.586159883843379, 41.786441021424082 ], [ -87.586159883843379, 41.786271159862174 ] ] ] } },
{ "type": "Feature", "properties": { "row": 29, "col": 5, "mostly_overlap": true, "overlap_ratio": 1.0, "type": "Building" }, "geometry": { "type": "Polygon", "coordinates": [ [ [ -87.586057966906239, 41.786271159862174 ], [ -87.585956049969099, 41.786271159862174 ], [ -87.585956049969099, 41.786441021424082 ], [ -87.586057966906239, 41.786441021424082 ], [ -87.586057966906239, 41.786271159862174 ] ] ] } },
{ "type": "Feature", "properties": { "row": 29, "col": 6, "mostly_overlap": true, "overlap_ratio": 1.0, "type": "Building" }, "geometry": { "type": "Polygon", "coordinates": [ [ [ -87.585956049969099, 41.786271159862174 ], [ -87.585854133031958, 41.786271159862174 ], [ -87.585854133031958, 41.786441021424082 ], [ -87.585956049969099, 41.786441021424082 ], [ -87.585956049969099, 41.786271159862174 ] ] ] } },
{ "type": "Feature", "properties": { "row": 29, "col": 7, "mostly_overlap": true, "overlap_ratio": 1.0, "type": "Building" }, "geometry": { "type": "Polygon", "coordinates": [ [ [ -87.585854133031958, 41.786271159862174 ], [ -87.585752216094818, 41.786271159862174 ], [ -87.585752216094818, 41.786441021424082 ], [ -87.585854133031958, 41.786441021424082 ], [ -87.585854133031958, 41.786271159862174 ] ] ] } },
{ "type": "Feature", "properties": { "row": 29, "col": 8, "mostly_overlap": true, "overlap_ratio": 1.0, "type": "Building" }, "geometry": { "type": "Polygon", "coordinates": [ [ [ -87.585752216094818, 41.786271159862174 ], [ -87.585650299157678, 41.786271159862174 ], [ -87.585650299157678, 41.786441021424082 ], [ -87.585752216094818, 41.786441021424082 ], [ -87.585752216094818, 41.786271159862174 ] ] ] } },
{ "type": "Feature", "properties": { "row": 29, "col": 9, "mostly_overlap": true, "overlap_ratio": 1.0, "type": "Building" }, "geometry": { "type": "Polygon", "coordinates": [ [ [ -87.585650299157678, 41.786271159862174 ], [ -87.585548382220523, 41.786271159862174 ], [ -87.585548382220523, 41.786441021424082 ], [ -87.585650299157678, 41.786441021424082 ], [ -87.585650299157678, 41.786271159862174 ] ] ] } },
{ "type": "Feature", "properties": { "row": 29, "col": 10, "mostly_overlap": true, "overlap_ratio": 1.0, "type": "Building" }, "geometry": { "type": "Polygon", "coordinates": [ [ [ -87.585548382220523, 41.786271159862174 ], [ -87.585446465283383, 41.786271159862174 ], [ -87.585446465283383, 41.786441021424082 ], [ -87.585548382220523, 41.786441021424082 ], [ -87.585548382220523, 41.786271159862174 ] ] ] } },
{ "type": "Feature", "properties": { "row": 29, "col": 11, "mostly_overlap": true, "overlap_ratio": 1.0, "type": "Building" }, "geometry": { "type": "Polygon", "coordinates": [ [ [ -87.585446465283383, 41.786271159862174 ], [ -87.585344548346242, 41.786271159862174 ], [ -87.585344548346242, 41.786441021424082 ], [ -87.585446465283383, 41.786441021424082 ], [ -87.585446465283383, 41.786271159862174 ] ] ] } },
{ "type": "Feature", "properties": { "row": 29, "col": 12, "mostly_overlap": true, "overlap_ratio": 1.0, "type": "Land" }, "geometry": { "type": "Polygon", "coordinates": [ [ [ -87.585344548346242, 41.786271159862174 ], [ -87.585242631409102, 41.786271159862174 ], [ -87.585242631409102, 41.786441021424082 ], [ -87.585344548346242, 41.786441021424082 ], [ -87.585344548346242, 41.786271159862174 ] ] ] } },
{ "type": "Feature", "properties": { "row": 29, "col": 13, "mostly_overlap": true, "overlap_ratio": 1.0, "type": "Land" }, "geometry": { "type": "Polygon", "coordinates": [ [ [ -87.585242631409102, 41.786271159862174 ], [ -87.585140714471962, 41.786271159862174 ], [ -87.585140714471962, 41.786441021424082 ], [ -87.585242631409102, 41.786441021424082 ], [ -87.585242631409102, 41.786271159862174 ] ] ] } },
{ "type": "Feature", "properties": { "row": 29, "col": 14, "mostly_overlap": true, "overlap_ratio": 1.0, "type": "Land" }, "geometry": { "type": "Polygon", "coordinates": [ [ [ -87.585140714471962, 41.786271159862174 ], [ -87.585038797534821, 41.786271159862174 ], [ -87.585038797534821, 41.786441021424082 ], [ -87.585140714471962, 41.786441021424082 ], [ -87.585140714471962, 41.786271159862174 ] ] ] } },
{ "type": "Feature", "properties": { "row": 29, "col": 15, "mostly_overlap": true, "overlap_ratio": 1.0, "type": "Land" }, "geometry": { "type": "Polygon", "coordinates": [ [ [ -87.585038797534821, 41.786271159862174 ], [ -87.584936880597667, 41.786271159862174 ], [ -87.584936880597667, 41.786441021424082 ], [ -87.585038797534821, 41.786441021424082 ], [ -87.585038797534821, 41.786271159862174 ] ] ] } },
{ "type": "Feature", "properties": { "row": 29, "col": 16, "mostly_overlap": true, "overlap_ratio": 1.0, "type": "Land" }, "geometry": { "type": "Polygon", "coordinates": [ [ [ -87.584936880597667, 41.786271159862174 ], [ -87.584834963660526, 41.786271159862174 ], [ -87.584834963660526, 41.786441021424082 ], [ -87.584936880597667, 41.786441021424082 ], [ -87.584936880597667, 41.786271159862174 ] ] ] } },
{ "type": "Feature", "properties": { "row": 29, "col": 17, "mostly_overlap": true, "overlap_ratio": 1.0, "type": "Land" }, "geometry": { "type": "Polygon", "coordinates": [ [ [ -87.584834963660526, 41.786271159862174 ], [ -87.584733046723386, 41.786271159862174 ], [ -87.584733046723386, 41.786441021424082 ], [ -87.584834963660526, 41.786441021424082 ], [ -87.584834963660526, 41.786271159862174 ] ] ] } },
{ "type": "Feature", "properties": { "row": 29, "col": 18, "mostly_overlap": true, "overlap_ratio": 1.0, "type": "Land" }, "geometry": { "type": "Polygon", "coordinates": [ [ [ -87.584733046723386, 41.786271159862174 ], [ -87.584631129786246, 41.786271159862174 ], [ -87.584631129786246, 41.786441021424082 ], [ -87.584733046723386, 41.786441021424082 ], [ -87.584733046723386, 41.786271159862174 ] ] ] } },
{ "type": "Feature", "properties": { "row": 29, "col": 19, "mostly_overlap": false, "overlap_ratio": 0.3693, "type": "Water" }, "geometry": { "type": "Polygon", "coordinates": [ [ [ -87.584631129786246, 41.786271159862174 ], [ -87.584529212849105, 41.786271159862174 ], [ -87.584529212849105, 41.786441021424082 ], [ -87.584631129786246, 41.786441021424082 ], [ -87.584631129786246, 41.786271159862174 ] ] ] } },
{ "type": "Feature", "properties": { "row": 29, "col": 20, "mostly_overlap": false, "overlap_ratio": 0.0, "type": "Water" }, "geometry": { "type": "Polygon", "coordinates": [ [ [ -87.584529212849105, 41.786271159862174 ], [ -87.584427295911965, 41.786271159862174 ], [ -87.584427295911965, 41.786441021424082 ], [ -87.584529212849105, 41.786441021424082 ], [ -87.584529212849105, 41.786271159862174 ] ] ] } },
{ "type": "Feature", "properties": { "row": 29, "col": 21, "mostly_overlap": false, "overlap_ratio": 0.0, "type": "Water" }, "geometry": { "type": "Polygon", "coordinates": [ [ [ -87.584427295911951, 41.786271159862174 ], [ -87.58432537897481, 41.786271159862174 ], [ -87.58432537897481, 41.786441021424082 ], [ -87.584427295911951, 41.786441021424082 ], [ -87.584427295911951, 41.786271159862174 ] ] ] } },
{ "type": "Feature", "properties": { "row": 29, "col": 22, "mostly_overlap": false, "overlap_ratio": 0.0, "type": "Water" }, "geometry": { "type": "Polygon", "coordinates": [ [ [ -87.58432537897481, 41.786271159862174 ], [ -87.58422346203767, 41.786271159862174 ], [ -87.58422346203767, 41.786441021424082 ], [ -87.58432537897481, 41.786441021424082 ], [ -87.58432537897481, 41.786271159862174 ] ] ] } },
{ "type": "Feature", "properties": { "row": 29, "col": 23, "mostly_overlap": false, "overlap_ratio": 0.0141, "type": "Water" }, "geometry": { "type": "Polygon", "coordinates": [ [ [ -87.58422346203767, 41.786271159862174 ], [ -87.58412154510053, 41.786271159862174 ], [ -87.58412154510053, 41.786441021424082 ], [ -87.58422346203767, 41.786441021424082 ], [ -87.58422346203767, 41.786271159862174 ] ] ] } },
{ "type": "Feature", "properties": { "row": 29, "col": 24, "mostly_overlap": false, "overlap_ratio": 0.3847, "type": "Water" }, "geometry": { "type": "Polygon", "coordinates": [ [ [ -87.58412154510053, 41.786271159862174 ], [ -87.584019628163389, 41.786271159862174 ], [ -87.584019628163389, 41.786441021424082 ], [ -87.58412154510053, 41.786441021424082 ], [ -87.58412154510053, 41.786271159862174 ] ] ] } },
{ "type": "Feature", "properties": { "row": 29, "col": 25, "mostly_overlap": false, "overlap_ratio": 0.0281, "type": "Water" }, "geometry": { "type": "Polygon", "coordinates": [ [ [ -87.584019628163389, 41.786271159862174 ], [ -87.583917711226249, 41.786271159862174 ], [ -87.583917711226249, 41.786441021424082 ], [ -87.584019628163389, 41.786441021424082 ], [ -87.584019628163389, 41.786271159862174 ] ] ] } },
{ "type": "Feature", "properties": { "row": 29, "col": 26, "mostly_overlap": false, "overlap_ratio": 0.0, "type": "Water" }, "geometry": { "type": "Polygon", "coordinates": [ [ [ -87.583917711226249, 41.786271159862174 ], [ -87.583815794289094, 41.786271159862174 ], [ -87.583815794289094, 41.786441021424082 ], [ -87.583917711226249, 41.786441021424082 ], [ -87.583917711226249, 41.786271159862174 ] ] ] } },
{ "type": "Feature", "properties": { "row": 29, "col": 27, "mostly_overlap": false, "overlap_ratio": 0.0, "type": "Water" }, "geometry": { "type": "Polygon", "coordinates": [ [ [ -87.583815794289094, 41.786271159862174 ], [ -87.583713877351954, 41.786271159862174 ], [ -87.583713877351954, 41.786441021424082 ], [ -87.583815794289094, 41.786441021424082 ], [ -87.583815794289094, 41.786271159862174 ] ] ] } },
{ "type": "Feature", "properties": { "row": 29, "col": 28, "mostly_overlap": false, "overlap_ratio": 0.0, "type": "Water" }, "geometry": { "type": "Polygon", "coordinates": [ [ [ -87.583713877351954, 41.786271159862174 ], [ -87.583611960414814, 41.786271159862174 ], [ -87.583611960414814, 41.786441021424082 ], [ -87.583713877351954, 41.786441021424082 ], [ -87.583713877351954, 41.786271159862174 ] ] ] } },
{ "type": "Feature", "properties": { "row": 29, "col": 29, "mostly_overlap": false, "overlap_ratio": 0.0104, "type": "Water" }, "geometry": { "type": "Polygon", "coordinates": [ [ [ -87.583611960414814, 41.786271159862174 ], [ -87.583510043477673, 41.786271159862174 ], [ -87.583510043477673, 41.786441021424082 ], [ -87.583611960414814, 41.786441021424082 ], [ -87.583611960414814, 41.786271159862174 ] ] ] } },
{ "type": "Feature", "properties": { "row": 29, "col": 30, "mostly_overlap": true, "overlap_ratio": 0.8377, "type": "Land" }, "geometry": { "type": "Polygon", "coordinates": [ [ [ -87.583510043477673, 41.786271159862174 ], [ -87.583408126540533, 41.786271159862174 ], [ -87.583408126540533, 41.786441021424082 ], [ -87.583510043477673, 41.786441021424082 ], [ -87.583510043477673, 41.786271159862174 ] ] ] } },
{ "type": "Feature", "properties": { "row": 29, "col": 31, "mostly_overlap": true, "overlap_ratio": 1.0, "type": "Land" }, "geometry": { "type": "Polygon", "coordinates": [ [ [ -87.583408126540533, 41.786271159862174 ], [ -87.583306209603393, 41.786271159862174 ], [ -87.583306209603393, 41.786441021424082 ], [ -87.583408126540533, 41.786441021424082 ], [ -87.583408126540533, 41.786271159862174 ] ] ] } },
{ "type": "Feature", "properties": { "row": 29, "col": 32, "mostly_overlap": true, "overlap_ratio": 1.0, "type": "Land" }, "geometry": { "type": "Polygon", "coordinates": [ [ [ -87.583306209603393, 41.786271159862174 ], [ -87.583204292666238, 41.786271159862174 ], [ -87.583204292666238, 41.786441021424082 ], [ -87.583306209603393, 41.786441021424082 ], [ -87.583306209603393, 41.786271159862174 ] ] ] } },
{ "type": "Feature", "properties": { "row": 29, "col": 33, "mostly_overlap": true, "overlap_ratio": 1.0, "type": "Land" }, "geometry": { "type": "Polygon", "coordinates": [ [ [ -87.583204292666238, 41.786271159862174 ], [ -87.583102375729098, 41.786271159862174 ], [ -87.583102375729098, 41.786441021424082 ], [ -87.583204292666238, 41.786441021424082 ], [ -87.583204292666238, 41.786271159862174 ] ] ] } },
{ "type": "Feature", "properties": { "row": 29, "col": 34, "mostly_overlap": true, "overlap_ratio": 1.0, "type": "Land" }, "geometry": { "type": "Polygon", "coordinates": [ [ [ -87.583102375729098, 41.786271159862174 ], [ -87.583000458791957, 41.786271159862174 ], [ -87.583000458791957, 41.786441021424082 ], [ -87.583102375729098, 41.786441021424082 ], [ -87.583102375729098, 41.786271159862174 ] ] ] } },
{ "type": "Feature", "properties": { "row": 29, "col": 35, "mostly_overlap": true, "overlap_ratio": 1.0, "type": "Land" }, "geometry": { "type": "Polygon", "coordinates": [ [ [ -87.583000458791957, 41.786271159862174 ], [ -87.582898541854817, 41.786271159862174 ], [ -87.582898541854817, 41.786441021424082 ], [ -87.583000458791957, 41.786441021424082 ], [ -87.583000458791957, 41.786271159862174 ] ] ] } },
{ "type": "Feature", "properties": { "row": 29, "col": 36, "mostly_overlap": true, "overlap_ratio": 1.0, "type": "Land" }, "geometry": { "type": "Polygon", "coordinates": [ [ [ -87.582898541854817, 41.786271159862174 ], [ -87.582796624917677, 41.786271159862174 ], [ -87.582796624917677, 41.786441021424082 ], [ -87.582898541854817, 41.786441021424082 ], [ -87.582898541854817, 41.786271159862174 ] ] ] } },
{ "type": "Feature", "properties": { "row": 29, "col": 37, "mostly_overlap": true, "overlap_ratio": 1.0, "type": "Land" }, "geometry": { "type": "Polygon", "coordinates": [ [ [ -87.582796624917677, 41.786271159862174 ], [ -87.582694707980536, 41.786271159862174 ], [ -87.582694707980536, 41.786441021424082 ], [ -87.582796624917677, 41.786441021424082 ], [ -87.582796624917677, 41.786271159862174 ] ] ] } },
{ "type": "Feature", "properties": { "row": 29, "col": 38, "mostly_overlap": true, "overlap_ratio": 1.0, "type": "Land" }, "geometry": { "type": "Polygon", "coordinates": [ [ [ -87.582694707980536, 41.786271159862174 ], [ -87.582592791043382, 41.786271159862174 ], [ -87.582592791043382, 41.786441021424082 ], [ -87.582694707980536, 41.786441021424082 ], [ -87.582694707980536, 41.786271159862174 ] ] ] } },
{ "type": "Feature", "properties": { "row": 29, "col": 39, "mostly_overlap": true, "overlap_ratio": 1.0, "type": "Land" }, "geometry": { "type": "Polygon", "coordinates": [ [ [ -87.582592791043382, 41.786271159862174 ], [ -87.582490874106242, 41.786271159862174 ], [ -87.582490874106242, 41.786441021424082 ], [ -87.582592791043382, 41.786441021424082 ], [ -87.582592791043382, 41.786271159862174 ] ] ] } },
{ "type": "Feature", "properties": { "row": 29, "col": 40, "mostly_overlap": true, "overlap_ratio": 0.9351, "type": "Land" }, "geometry": { "type": "Polygon", "coordinates": [ [ [ -87.582490874106242, 41.786271159862174 ], [ -87.582388957169101, 41.786271159862174 ], [ -87.582388957169101, 41.786441021424082 ], [ -87.582490874106242, 41.786441021424082 ], [ -87.582490874106242, 41.786271159862174 ] ] ] } },
{ "type": "Feature", "properties": { "row": 30, "col": 1, "mostly_overlap": true, "overlap_ratio": 0.8655, "type": "Land" }, "geometry": { "type": "Polygon", "coordinates": [ [ [ -87.586465634654814, 41.786441021424082 ], [ -87.586363717717674, 41.786441021424082 ], [ -87.586363717717674, 41.78661088298599 ], [ -87.586465634654814, 41.78661088298599 ], [ -87.586465634654814, 41.786441021424082 ] ] ] } },
{ "type": "Feature", "properties": { "row": 30, "col": 2, "mostly_overlap": true, "overlap_ratio": 1.0, "type": "Land" }, "geometry": { "type": "Polygon", "coordinates": [ [ [ -87.586363717717674, 41.786441021424082 ], [ -87.586261800780534, 41.786441021424082 ], [ -87.586261800780534, 41.78661088298599 ], [ -87.586363717717674, 41.78661088298599 ], [ -87.586363717717674, 41.786441021424082 ] ] ] } },
{ "type": "Feature", "properties": { "row": 30, "col": 3, "mostly_overlap": true, "overlap_ratio": 1.0, "type": "Land" }, "geometry": { "type": "Polygon", "coordinates": [ [ [ -87.586261800780534, 41.786441021424082 ], [ -87.586159883843379, 41.786441021424082 ], [ -87.586159883843379, 41.78661088298599 ], [ -87.586261800780534, 41.78661088298599 ], [ -87.586261800780534, 41.786441021424082 ] ] ] } },
{ "type": "Feature", "properties": { "row": 30, "col": 4, "mostly_overlap": true, "overlap_ratio": 1.0, "type": "Land" }, "geometry": { "type": "Polygon", "coordinates": [ [ [ -87.586159883843379, 41.786441021424082 ], [ -87.586057966906239, 41.786441021424082 ], [ -87.586057966906239, 41.78661088298599 ], [ -87.586159883843379, 41.78661088298599 ], [ -87.586159883843379, 41.786441021424082 ] ] ] } },
{ "type": "Feature", "properties": { "row": 30, "col": 5, "mostly_overlap": true, "overlap_ratio": 1.0, "type": "Land" }, "geometry": { "type": "Polygon", "coordinates": [ [ [ -87.586057966906239, 41.786441021424082 ], [ -87.585956049969099, 41.786441021424082 ], [ -87.585956049969099, 41.78661088298599 ], [ -87.586057966906239, 41.78661088298599 ], [ -87.586057966906239, 41.786441021424082 ] ] ] } },
{ "type": "Feature", "properties": { "row": 30, "col": 6, "mostly_overlap": true, "overlap_ratio": 1.0, "type": "Land" }, "geometry": { "type": "Polygon", "coordinates": [ [ [ -87.585956049969099, 41.786441021424082 ], [ -87.585854133031958, 41.786441021424082 ], [ -87.585854133031958, 41.78661088298599 ], [ -87.585956049969099, 41.78661088298599 ], [ -87.585956049969099, 41.786441021424082 ] ] ] } },
{ "type": "Feature", "properties": { "row": 30, "col": 7, "mostly_overlap": true, "overlap_ratio": 1.0, "type": "Building" }, "geometry": { "type": "Polygon", "coordinates": [ [ [ -87.585854133031958, 41.786441021424082 ], [ -87.585752216094818, 41.786441021424082 ], [ -87.585752216094818, 41.78661088298599 ], [ -87.585854133031958, 41.78661088298599 ], [ -87.585854133031958, 41.786441021424082 ] ] ] } },
{ "type": "Feature", "properties": { "row": 30, "col": 8, "mostly_overlap": true, "overlap_ratio": 1.0, "type": "Building" }, "geometry": { "type": "Polygon", "coordinates": [ [ [ -87.585752216094818, 41.786441021424082 ], [ -87.585650299157678, 41.786441021424082 ], [ -87.585650299157678, 41.78661088298599 ], [ -87.585752216094818, 41.78661088298599 ], [ -87.585752216094818, 41.786441021424082 ] ] ] } },
{ "type": "Feature", "properties": { "row": 30, "col": 9, "mostly_overlap": true, "overlap_ratio": 1.0, "type": "Building" }, "geometry": { "type": "Polygon", "coordinates": [ [ [ -87.585650299157678, 41.786441021424082 ], [ -87.585548382220523, 41.786441021424082 ], [ -87.585548382220523, 41.78661088298599 ], [ -87.585650299157678, 41.78661088298599 ], [ -87.585650299157678, 41.786441021424082 ] ] ] } },
{ "type": "Feature", "properties": { "row": 30, "col": 10, "mostly_overlap": true, "overlap_ratio": 1.0, "type": "Land" }, "geometry": { "type": "Polygon", "coordinates": [ [ [ -87.585548382220523, 41.786441021424082 ], [ -87.585446465283383, 41.786441021424082 ], [ -87.585446465283383, 41.78661088298599 ], [ -87.585548382220523, 41.78661088298599 ], [ -87.585548382220523, 41.786441021424082 ] ] ] } },
{ "type": "Feature", "properties": { "row": 30, "col": 11, "mostly_overlap": true, "overlap_ratio": 1.0, "type": "Land" }, "geometry": { "type": "Polygon", "coordinates": [ [ [ -87.585446465283383, 41.786441021424082 ], [ -87.585344548346242, 41.786441021424082 ], [ -87.585344548346242, 41.78661088298599 ], [ -87.585446465283383, 41.78661088298599 ], [ -87.585446465283383, 41.786441021424082 ] ] ] } },
{ "type": "Feature", "properties": { "row": 30, "col": 12, "mostly_overlap": true, "overlap_ratio": 1.0, "type": "Land" }, "geometry": { "type": "Polygon", "coordinates": [ [ [ -87.585344548346242, 41.786441021424082 ], [ -87.585242631409102, 41.786441021424082 ], [ -87.585242631409102, 41.78661088298599 ], [ -87.585344548346242, 41.78661088298599 ], [ -87.585344548346242, 41.786441021424082 ] ] ] } },
{ "type": "Feature", "properties": { "row": 30, "col": 13, "mostly_overlap": true, "overlap_ratio": 1.0, "type": "Land" }, "geometry": { "type": "Polygon", "coordinates": [ [ [ -87.585242631409102, 41.786441021424082 ], [ -87.585140714471962, 41.786441021424082 ], [ -87.585140714471962, 41.78661088298599 ], [ -87.585242631409102, 41.78661088298599 ], [ -87.585242631409102, 41.786441021424082 ] ] ] } },
{ "type": "Feature", "properties": { "row": 30, "col": 14, "mostly_overlap": true, "overlap_ratio": 1.0, "type": "Land" }, "geometry": { "type": "Polygon", "coordinates": [ [ [ -87.585140714471962, 41.786441021424082 ], [ -87.585038797534821, 41.786441021424082 ], [ -87.585038797534821, 41.78661088298599 ], [ -87.585140714471962, 41.78661088298599 ], [ -87.585140714471962, 41.786441021424082 ] ] ] } },
{ "type": "Feature", "properties": { "row": 30, "col": 15, "mostly_overlap": true, "overlap_ratio": 1.0, "type": "Land" }, "geometry": { "type": "Polygon", "coordinates": [ [ [ -87.585038797534821, 41.786441021424082 ], [ -87.584936880597667, 41.786441021424082 ], [ -87.584936880597667, 41.78661088298599 ], [ -87.585038797534821, 41.78661088298599 ], [ -87.585038797534821, 41.786441021424082 ] ] ] } },
{ "type": "Feature", "properties": { "row": 30, "col": 16, "mostly_overlap": true, "overlap_ratio": 1.0, "type": "Land" }, "geometry": { "type": "Polygon", "coordinates": [ [ [ -87.584936880597667, 41.786441021424082 ], [ -87.584834963660526, 41.786441021424082 ], [ -87.584834963660526, 41.78661088298599 ], [ -87.584936880597667, 41.78661088298599 ], [ -87.584936880597667, 41.786441021424082 ] ] ] } },
{ "type": "Feature", "properties": { "row": 30, "col": 17, "mostly_overlap": true, "overlap_ratio": 1.0, "type": "Land" }, "geometry": { "type": "Polygon", "coordinates": [ [ [ -87.584834963660526, 41.786441021424082 ], [ -87.584733046723386, 41.786441021424082 ], [ -87.584733046723386, 41.78661088298599 ], [ -87.584834963660526, 41.78661088298599 ], [ -87.584834963660526, 41.786441021424082 ] ] ] } },
{ "type": "Feature", "properties": { "row": 30, "col": 18, "mostly_overlap": true, "overlap_ratio": 0.9991, "type": "Land" }, "geometry": { "type": "Polygon", "coordinates": [ [ [ -87.584733046723386, 41.786441021424082 ], [ -87.584631129786246, 41.786441021424082 ], [ -87.584631129786246, 41.78661088298599 ], [ -87.584733046723386, 41.78661088298599 ], [ -87.584733046723386, 41.786441021424082 ] ] ] } },
{ "type": "Feature", "properties": { "row": 30, "col": 19, "mostly_overlap": false, "overlap_ratio": 0.3568, "type": "Water" }, "geometry": { "type": "Polygon", "coordinates": [ [ [ -87.584631129786246, 41.786441021424082 ], [ -87.584529212849105, 41.786441021424082 ], [ -87.584529212849105, 41.78661088298599 ], [ -87.584631129786246, 41.78661088298599 ], [ -87.584631129786246, 41.786441021424082 ] ] ] } },
{ "type": "Feature", "properties": { "row": 30, "col": 20, "mostly_overlap": false, "overlap_ratio": 0.0, "type": "Water" }, "geometry": { "type": "Polygon", "coordinates": [ [ [ -87.584529212849105, 41.786441021424082 ], [ -87.584427295911965, 41.786441021424082 ], [ -87.584427295911965, 41.78661088298599 ], [ -87.584529212849105, 41.78661088298599 ], [ -87.584529212849105, 41.786441021424082 ] ] ] } },
{ "type": "Feature", "properties": { "row": 30, "col": 21, "mostly_overlap": false, "overlap_ratio": 0.0, "type": "Water" }, "geometry": { "type": "Polygon", "coordinates": [ [ [ -87.584427295911951, 41.786441021424082 ], [ -87.58432537897481, 41.786441021424082 ], [ -87.58432537897481, 41.78661088298599 ], [ -87.584427295911951, 41.78661088298599 ], [ -87.584427295911951, 41.786441021424082 ] ] ] } },
{ "type": "Feature", "properties": { "row": 30, "col": 22, "mostly_overlap": false, "overlap_ratio": 0.0, "type": "Water" }, "geometry": { "type": "Polygon", "coordinates": [ [ [ -87.58432537897481, 41.786441021424082 ], [ -87.58422346203767, 41.786441021424082 ], [ -87.58422346203767, 41.78661088298599 ], [ -87.58432537897481, 41.78661088298599 ], [ -87.58432537897481, 41.786441021424082 ] ] ] } },
{ "type": "Feature", "properties": { "row": 30, "col": 23, "mostly_overlap": false, "overlap_ratio": 0.0, "type": "Water" }, "geometry": { "type": "Polygon", "coordinates": [ [ [ -87.58422346203767, 41.786441021424082 ], [ -87.58412154510053, 41.786441021424082 ], [ -87.58412154510053, 41.78661088298599 ], [ -87.58422346203767, 41.78661088298599 ], [ -87.58422346203767, 41.786441021424082 ] ] ] } },
{ "type": "Feature", "properties": { "row": 30, "col": 24, "mostly_overlap": false, "overlap_ratio": 0.0, "type": "Water" }, "geometry": { "type": "Polygon", "coordinates": [ [ [ -87.58412154510053, 41.786441021424082 ], [ -87.584019628163389, 41.786441021424082 ], [ -87.584019628163389, 41.78661088298599 ], [ -87.58412154510053, 41.78661088298599 ], [ -87.58412154510053, 41.786441021424082 ] ] ] } },
{ "type": "Feature", "properties": { "row": 30, "col": 25, "mostly_overlap": false, "overlap_ratio": 0.0, "type": "Water" }, "geometry": { "type": "Polygon", "coordinates": [ [ [ -87.584019628163389, 41.786441021424082 ], [ -87.583917711226249, 41.786441021424082 ], [ -87.583917711226249, 41.78661088298599 ], [ -87.584019628163389, 41.78661088298599 ], [ -87.584019628163389, 41.786441021424082 ] ] ] } },
{ "type": "Feature", "properties": { "row": 30, "col": 26, "mostly_overlap": false, "overlap_ratio": 0.0, "type": "Water" }, "geometry": { "type": "Polygon", "coordinates": [ [ [ -87.583917711226249, 41.786441021424082 ], [ -87.583815794289094, 41.786441021424082 ], [ -87.583815794289094, 41.78661088298599 ], [ -87.583917711226249, 41.78661088298599 ], [ -87.583917711226249, 41.786441021424082 ] ] ] } },
{ "type": "Feature", "properties": { "row": 30, "col": 27, "mostly_overlap": false, "overlap_ratio": 0.0, "type": "Water" }, "geometry": { "type": "Polygon", "coordinates": [ [ [ -87.583815794289094, 41.786441021424082 ], [ -87.583713877351954, 41.786441021424082 ], [ -87.583713877351954, 41.78661088298599 ], [ -87.583815794289094, 41.78661088298599 ], [ -87.583815794289094, 41.786441021424082 ] ] ] } },
{ "type": "Feature", "properties": { "row": 30, "col": 28, "mostly_overlap": false, "overlap_ratio": 0.0, "type": "Water" }, "geometry": { "type": "Polygon", "coordinates": [ [ [ -87.583713877351954, 41.786441021424082 ], [ -87.583611960414814, 41.786441021424082 ], [ -87.583611960414814, 41.78661088298599 ], [ -87.583713877351954, 41.78661088298599 ], [ -87.583713877351954, 41.786441021424082 ] ] ] } },
{ "type": "Feature", "properties": { "row": 30, "col": 29, "mostly_overlap": false, "overlap_ratio": 0.3039, "type": "Water" }, "geometry": { "type": "Polygon", "coordinates": [ [ [ -87.583611960414814, 41.786441021424082 ], [ -87.583510043477673, 41.786441021424082 ], [ -87.583510043477673, 41.78661088298599 ], [ -87.583611960414814, 41.78661088298599 ], [ -87.583611960414814, 41.786441021424082 ] ] ] } },
{ "type": "Feature", "properties": { "row": 30, "col": 30, "mostly_overlap": true, "overlap_ratio": 1.0, "type": "Land" }, "geometry": { "type": "Polygon", "coordinates": [ [ [ -87.583510043477673, 41.786441021424082 ], [ -87.583408126540533, 41.786441021424082 ], [ -87.583408126540533, 41.78661088298599 ], [ -87.583510043477673, 41.78661088298599 ], [ -87.583510043477673, 41.786441021424082 ] ] ] } },
{ "type": "Feature", "properties": { "row": 30, "col": 31, "mostly_overlap": true, "overlap_ratio": 1.0, "type": "Land" }, "geometry": { "type": "Polygon", "coordinates": [ [ [ -87.583408126540533, 41.786441021424082 ], [ -87.583306209603393, 41.786441021424082 ], [ -87.583306209603393, 41.78661088298599 ], [ -87.583408126540533, 41.78661088298599 ], [ -87.583408126540533, 41.786441021424082 ] ] ] } },
{ "type": "Feature", "properties": { "row": 30, "col": 32, "mostly_overlap": true, "overlap_ratio": 1.0, "type": "Land" }, "geometry": { "type": "Polygon", "coordinates": [ [ [ -87.583306209603393, 41.786441021424082 ], [ -87.583204292666238, 41.786441021424082 ], [ -87.583204292666238, 41.78661088298599 ], [ -87.583306209603393, 41.78661088298599 ], [ -87.583306209603393, 41.786441021424082 ] ] ] } },
{ "type": "Feature", "properties": { "row": 30, "col": 33, "mostly_overlap": true, "overlap_ratio": 1.0, "type": "Land" }, "geometry": { "type": "Polygon", "coordinates": [ [ [ -87.583204292666238, 41.786441021424082 ], [ -87.583102375729098, 41.786441021424082 ], [ -87.583102375729098, 41.78661088298599 ], [ -87.583204292666238, 41.78661088298599 ], [ -87.583204292666238, 41.786441021424082 ] ] ] } },
{ "type": "Feature", "properties": { "row": 30, "col": 34, "mostly_overlap": true, "overlap_ratio": 1.0, "type": "Land" }, "geometry": { "type": "Polygon", "coordinates": [ [ [ -87.583102375729098, 41.786441021424082 ], [ -87.583000458791957, 41.786441021424082 ], [ -87.583000458791957, 41.78661088298599 ], [ -87.583102375729098, 41.78661088298599 ], [ -87.583102375729098, 41.786441021424082 ] ] ] } },
{ "type": "Feature", "properties": { "row": 30, "col": 35, "mostly_overlap": true, "overlap_ratio": 1.0, "type": "Land" }, "geometry": { "type": "Polygon", "coordinates": [ [ [ -87.583000458791957, 41.786441021424082 ], [ -87.582898541854817, 41.786441021424082 ], [ -87.582898541854817, 41.78661088298599 ], [ -87.583000458791957, 41.78661088298599 ], [ -87.583000458791957, 41.786441021424082 ] ] ] } },
{ "type": "Feature", "properties": { "row": 30, "col": 36, "mostly_overlap": true, "overlap_ratio": 1.0, "type": "Land" }, "geometry": { "type": "Polygon", "coordinates": [ [ [ -87.582898541854817, 41.786441021424082 ], [ -87.582796624917677, 41.786441021424082 ], [ -87.582796624917677, 41.78661088298599 ], [ -87.582898541854817, 41.78661088298599 ], [ -87.582898541854817, 41.786441021424082 ] ] ] } },
{ "type": "Feature", "properties": { "row": 30, "col": 37, "mostly_overlap": true, "overlap_ratio": 1.0, "type": "Land" }, "geometry": { "type": "Polygon", "coordinates": [ [ [ -87.582796624917677, 41.786441021424082 ], [ -87.582694707980536, 41.786441021424082 ], [ -87.582694707980536, 41.78661088298599 ], [ -87.582796624917677, 41.78661088298599 ], [ -87.582796624917677, 41.786441021424082 ] ] ] } },
{ "type": "Feature", "properties": { "row": 30, "col": 38, "mostly_overlap": true, "overlap_ratio": 1.0, "type": "Land" }, "geometry": { "type": "Polygon", "coordinates": [ [ [ -87.582694707980536, 41.786441021424082 ], [ -87.582592791043382, 41.786441021424082 ], [ -87.582592791043382, 41.78661088298599 ], [ -87.582694707980536, 41.78661088298599 ], [ -87.582694707980536, 41.786441021424082 ] ] ] } },
{ "type": "Feature", "properties": { "row": 30, "col": 39, "mostly_overlap": true, "overlap_ratio": 0.8975, "type": "Land" }, "geometry": { "type": "Polygon", "coordinates": [ [ [ -87.582592791043382, 41.786441021424082 ], [ -87.582490874106242, 41.786441021424082 ], [ -87.582490874106242, 41.78661088298599 ], [ -87.582592791043382, 41.78661088298599 ], [ -87.582592791043382, 41.786441021424082 ] ] ] } },
{ "type": "Feature", "properties": { "row": 30, "col": 40, "mostly_overlap": false, "overlap_ratio": 0.2386, "type": "Water" }, "geometry": { "type": "Polygon", "coordinates": [ [ [ -87.582490874106242, 41.786441021424082 ], [ -87.582388957169101, 41.786441021424082 ], [ -87.582388957169101, 41.78661088298599 ], [ -87.582490874106242, 41.78661088298599 ], [ -87.582490874106242, 41.786441021424082 ] ] ] } },
{ "type": "Feature", "properties": { "row": 31, "col": 1, "mostly_overlap": true, "overlap_ratio": 0.8929, "type": "Land" }, "geometry": { "type": "Polygon", "coordinates": [ [ [ -87.586465634654814, 41.78661088298599 ], [ -87.586363717717674, 41.78661088298599 ], [ -87.586363717717674, 41.78678074454789 ], [ -87.586465634654814, 41.78678074454789 ], [ -87.586465634654814, 41.78661088298599 ] ] ] } },
{ "type": "Feature", "properties": { "row": 31, "col": 2, "mostly_overlap": true, "overlap_ratio": 1.0, "type": "Land" }, "geometry": { "type": "Polygon", "coordinates": [ [ [ -87.586363717717674, 41.78661088298599 ], [ -87.586261800780534, 41.78661088298599 ], [ -87.586261800780534, 41.78678074454789 ], [ -87.586363717717674, 41.78678074454789 ], [ -87.586363717717674, 41.78661088298599 ] ] ] } },
{ "type": "Feature", "properties": { "row": 31, "col": 3, "mostly_overlap": true, "overlap_ratio": 1.0, "type": "Land" }, "geometry": { "type": "Polygon", "coordinates": [ [ [ -87.586261800780534, 41.78661088298599 ], [ -87.586159883843379, 41.78661088298599 ], [ -87.586159883843379, 41.78678074454789 ], [ -87.586261800780534, 41.78678074454789 ], [ -87.586261800780534, 41.78661088298599 ] ] ] } },
{ "type": "Feature", "properties": { "row": 31, "col": 4, "mostly_overlap": true, "overlap_ratio": 1.0, "type": "Land" }, "geometry": { "type": "Polygon", "coordinates": [ [ [ -87.586159883843379, 41.78661088298599 ], [ -87.586057966906239, 41.78661088298599 ], [ -87.586057966906239, 41.78678074454789 ], [ -87.586159883843379, 41.78678074454789 ], [ -87.586159883843379, 41.78661088298599 ] ] ] } },
{ "type": "Feature", "properties": { "row": 31, "col": 5, "mostly_overlap": true, "overlap_ratio": 1.0, "type": "Land" }, "geometry": { "type": "Polygon", "coordinates": [ [ [ -87.586057966906239, 41.78661088298599 ], [ -87.585956049969099, 41.78661088298599 ], [ -87.585956049969099, 41.78678074454789 ], [ -87.586057966906239, 41.78678074454789 ], [ -87.586057966906239, 41.78661088298599 ] ] ] } },
{ "type": "Feature", "properties": { "row": 31, "col": 6, "mostly_overlap": true, "overlap_ratio": 1.0, "type": "Land" }, "geometry": { "type": "Polygon", "coordinates": [ [ [ -87.585956049969099, 41.78661088298599 ], [ -87.585854133031958, 41.78661088298599 ], [ -87.585854133031958, 41.78678074454789 ], [ -87.585956049969099, 41.78678074454789 ], [ -87.585956049969099, 41.78661088298599 ] ] ] } },
{ "type": "Feature", "properties": { "row": 31, "col": 7, "mostly_overlap": true, "overlap_ratio": 1.0, "type": "Land" }, "geometry": { "type": "Polygon", "coordinates": [ [ [ -87.585854133031958, 41.78661088298599 ], [ -87.585752216094818, 41.78661088298599 ], [ -87.585752216094818, 41.78678074454789 ], [ -87.585854133031958, 41.78678074454789 ], [ -87.585854133031958, 41.78661088298599 ] ] ] } },
{ "type": "Feature", "properties": { "row": 31, "col": 8, "mostly_overlap": true, "overlap_ratio": 1.0, "type": "Land" }, "geometry": { "type": "Polygon", "coordinates": [ [ [ -87.585752216094818, 41.78661088298599 ], [ -87.585650299157678, 41.78661088298599 ], [ -87.585650299157678, 41.78678074454789 ], [ -87.585752216094818, 41.78678074454789 ], [ -87.585752216094818, 41.78661088298599 ] ] ] } },
{ "type": "Feature", "properties": { "row": 31, "col": 9, "mostly_overlap": true, "overlap_ratio": 1.0, "type": "Land" }, "geometry": { "type": "Polygon", "coordinates": [ [ [ -87.585650299157678, 41.78661088298599 ], [ -87.585548382220523, 41.78661088298599 ], [ -87.585548382220523, 41.78678074454789 ], [ -87.585650299157678, 41.78678074454789 ], [ -87.585650299157678, 41.78661088298599 ] ] ] } },
{ "type": "Feature", "properties": { "row": 31, "col": 10, "mostly_overlap": true, "overlap_ratio": 1.0, "type": "Land" }, "geometry": { "type": "Polygon", "coordinates": [ [ [ -87.585548382220523, 41.78661088298599 ], [ -87.585446465283383, 41.78661088298599 ], [ -87.585446465283383, 41.78678074454789 ], [ -87.585548382220523, 41.78678074454789 ], [ -87.585548382220523, 41.78661088298599 ] ] ] } },
{ "type": "Feature", "properties": { "row": 31, "col": 11, "mostly_overlap": true, "overlap_ratio": 1.0, "type": "Land" }, "geometry": { "type": "Polygon", "coordinates": [ [ [ -87.585446465283383, 41.78661088298599 ], [ -87.585344548346242, 41.78661088298599 ], [ -87.585344548346242, 41.78678074454789 ], [ -87.585446465283383, 41.78678074454789 ], [ -87.585446465283383, 41.78661088298599 ] ] ] } },
{ "type": "Feature", "properties": { "row": 31, "col": 12, "mostly_overlap": true, "overlap_ratio": 1.0, "type": "Land" }, "geometry": { "type": "Polygon", "coordinates": [ [ [ -87.585344548346242, 41.78661088298599 ], [ -87.585242631409102, 41.78661088298599 ], [ -87.585242631409102, 41.78678074454789 ], [ -87.585344548346242, 41.78678074454789 ], [ -87.585344548346242, 41.78661088298599 ] ] ] } },
{ "type": "Feature", "properties": { "row": 31, "col": 13, "mostly_overlap": true, "overlap_ratio": 1.0, "type": "Land" }, "geometry": { "type": "Polygon", "coordinates": [ [ [ -87.585242631409102, 41.78661088298599 ], [ -87.585140714471962, 41.78661088298599 ], [ -87.585140714471962, 41.78678074454789 ], [ -87.585242631409102, 41.78678074454789 ], [ -87.585242631409102, 41.78661088298599 ] ] ] } },
{ "type": "Feature", "properties": { "row": 31, "col": 14, "mostly_overlap": true, "overlap_ratio": 1.0, "type": "Land" }, "geometry": { "type": "Polygon", "coordinates": [ [ [ -87.585140714471962, 41.78661088298599 ], [ -87.585038797534821, 41.78661088298599 ], [ -87.585038797534821, 41.78678074454789 ], [ -87.585140714471962, 41.78678074454789 ], [ -87.585140714471962, 41.78661088298599 ] ] ] } },
{ "type": "Feature", "properties": { "row": 31, "col": 15, "mostly_overlap": true, "overlap_ratio": 1.0, "type": "Land" }, "geometry": { "type": "Polygon", "coordinates": [ [ [ -87.585038797534821, 41.78661088298599 ], [ -87.584936880597667, 41.78661088298599 ], [ -87.584936880597667, 41.78678074454789 ], [ -87.585038797534821, 41.78678074454789 ], [ -87.585038797534821, 41.78661088298599 ] ] ] } },
{ "type": "Feature", "properties": { "row": 31, "col": 16, "mostly_overlap": true, "overlap_ratio": 1.0, "type": "Land" }, "geometry": { "type": "Polygon", "coordinates": [ [ [ -87.584936880597667, 41.78661088298599 ], [ -87.584834963660526, 41.78661088298599 ], [ -87.584834963660526, 41.78678074454789 ], [ -87.584936880597667, 41.78678074454789 ], [ -87.584936880597667, 41.78661088298599 ] ] ] } },
{ "type": "Feature", "properties": { "row": 31, "col": 17, "mostly_overlap": true, "overlap_ratio": 1.0, "type": "Land" }, "geometry": { "type": "Polygon", "coordinates": [ [ [ -87.584834963660526, 41.78661088298599 ], [ -87.584733046723386, 41.78661088298599 ], [ -87.584733046723386, 41.78678074454789 ], [ -87.584834963660526, 41.78678074454789 ], [ -87.584834963660526, 41.78661088298599 ] ] ] } },
{ "type": "Feature", "properties": { "row": 31, "col": 18, "mostly_overlap": true, "overlap_ratio": 0.7981, "type": "Land" }, "geometry": { "type": "Polygon", "coordinates": [ [ [ -87.584733046723386, 41.78661088298599 ], [ -87.584631129786246, 41.78661088298599 ], [ -87.584631129786246, 41.78678074454789 ], [ -87.584733046723386, 41.78678074454789 ], [ -87.584733046723386, 41.78661088298599 ] ] ] } },
{ "type": "Feature", "properties": { "row": 31, "col": 19, "mostly_overlap": false, "overlap_ratio": 0.0, "type": "Water" }, "geometry": { "type": "Polygon", "coordinates": [ [ [ -87.584631129786246, 41.78661088298599 ], [ -87.584529212849105, 41.78661088298599 ], [ -87.584529212849105, 41.78678074454789 ], [ -87.584631129786246, 41.78678074454789 ], [ -87.584631129786246, 41.78661088298599 ] ] ] } },
{ "type": "Feature", "properties": { "row": 31, "col": 20, "mostly_overlap": false, "overlap_ratio": 0.0, "type": "Water" }, "geometry": { "type": "Polygon", "coordinates": [ [ [ -87.584529212849105, 41.78661088298599 ], [ -87.584427295911965, 41.78661088298599 ], [ -87.584427295911965, 41.78678074454789 ], [ -87.584529212849105, 41.78678074454789 ], [ -87.584529212849105, 41.78661088298599 ] ] ] } },
{ "type": "Feature", "properties": { "row": 31, "col": 21, "mostly_overlap": false, "overlap_ratio": 0.0, "type": "Water" }, "geometry": { "type": "Polygon", "coordinates": [ [ [ -87.584427295911951, 41.78661088298599 ], [ -87.58432537897481, 41.78661088298599 ], [ -87.58432537897481, 41.78678074454789 ], [ -87.584427295911951, 41.78678074454789 ], [ -87.584427295911951, 41.78661088298599 ] ] ] } },
{ "type": "Feature", "properties": { "row": 31, "col": 22, "mostly_overlap": false, "overlap_ratio": 0.0, "type": "Water" }, "geometry": { "type": "Polygon", "coordinates": [ [ [ -87.58432537897481, 41.78661088298599 ], [ -87.58422346203767, 41.78661088298599 ], [ -87.58422346203767, 41.78678074454789 ], [ -87.58432537897481, 41.78678074454789 ], [ -87.58432537897481, 41.78661088298599 ] ] ] } },
{ "type": "Feature", "properties": { "row": 31, "col": 23, "mostly_overlap": false, "overlap_ratio": 0.0, "type": "Water" }, "geometry": { "type": "Polygon", "coordinates": [ [ [ -87.58422346203767, 41.78661088298599 ], [ -87.58412154510053, 41.78661088298599 ], [ -87.58412154510053, 41.78678074454789 ], [ -87.58422346203767, 41.78678074454789 ], [ -87.58422346203767, 41.78661088298599 ] ] ] } },
{ "type": "Feature", "properties": { "row": 31, "col": 24, "mostly_overlap": false, "overlap_ratio": 0.0, "type": "Water" }, "geometry": { "type": "Polygon", "coordinates": [ [ [ -87.58412154510053, 41.78661088298599 ], [ -87.584019628163389, 41.78661088298599 ], [ -87.584019628163389, 41.78678074454789 ], [ -87.58412154510053, 41.78678074454789 ], [ -87.58412154510053, 41.78661088298599 ] ] ] } },
{ "type": "Feature", "properties": { "row": 31, "col": 25, "mostly_overlap": false, "overlap_ratio": 0.0, "type": "Water" }, "geometry": { "type": "Polygon", "coordinates": [ [ [ -87.584019628163389, 41.78661088298599 ], [ -87.583917711226249, 41.78661088298599 ], [ -87.583917711226249, 41.78678074454789 ], [ -87.584019628163389, 41.78678074454789 ], [ -87.584019628163389, 41.78661088298599 ] ] ] } },
{ "type": "Feature", "properties": { "row": 31, "col": 26, "mostly_overlap": false, "overlap_ratio": 0.0, "type": "Water" }, "geometry": { "type": "Polygon", "coordinates": [ [ [ -87.583917711226249, 41.78661088298599 ], [ -87.583815794289094, 41.78661088298599 ], [ -87.583815794289094, 41.78678074454789 ], [ -87.583917711226249, 41.78678074454789 ], [ -87.583917711226249, 41.78661088298599 ] ] ] } },
{ "type": "Feature", "properties": { "row": 31, "col": 27, "mostly_overlap": false, "overlap_ratio": 0.0, "type": "Water" }, "geometry": { "type": "Polygon", "coordinates": [ [ [ -87.583815794289094, 41.78661088298599 ], [ -87.583713877351954, 41.78661088298599 ], [ -87.583713877351954, 41.78678074454789 ], [ -87.583815794289094, 41.78678074454789 ], [ -87.583815794289094, 41.78661088298599 ] ] ] } },
{ "type": "Feature", "properties": { "row": 31, "col": 28, "mostly_overlap": false, "overlap_ratio": 0.0, "type": "Water" }, "geometry": { "type": "Polygon", "coordinates": [ [ [ -87.583713877351954, 41.78661088298599 ], [ -87.583611960414814, 41.78661088298599 ], [ -87.583611960414814, 41.78678074454789 ], [ -87.583713877351954, 41.78678074454789 ], [ -87.583713877351954, 41.78661088298599 ] ] ] } },
{ "type": "Feature", "properties": { "row": 31, "col": 29, "mostly_overlap": false, "overlap_ratio": 0.0015, "type": "Water" }, "geometry": { "type": "Polygon", "coordinates": [ [ [ -87.583611960414814, 41.78661088298599 ], [ -87.583510043477673, 41.78661088298599 ], [ -87.583510043477673, 41.78678074454789 ], [ -87.583611960414814, 41.78678074454789 ], [ -87.583611960414814, 41.78661088298599 ] ] ] } },
{ "type": "Feature", "properties": { "row": 31, "col": 30, "mostly_overlap": true, "overlap_ratio": 0.7508, "type": "Land" }, "geometry": { "type": "Polygon", "coordinates": [ [ [ -87.583510043477673, 41.78661088298599 ], [ -87.583408126540533, 41.78661088298599 ], [ -87.583408126540533, 41.78678074454789 ], [ -87.583510043477673, 41.78678074454789 ], [ -87.583510043477673, 41.78661088298599 ] ] ] } },
{ "type": "Feature", "properties": { "row": 31, "col": 31, "mostly_overlap": true, "overlap_ratio": 1.0, "type": "Land" }, "geometry": { "type": "Polygon", "coordinates": [ [ [ -87.583408126540533, 41.78661088298599 ], [ -87.583306209603393, 41.78661088298599 ], [ -87.583306209603393, 41.78678074454789 ], [ -87.583408126540533, 41.78678074454789 ], [ -87.583408126540533, 41.78661088298599 ] ] ] } },
{ "type": "Feature", "properties": { "row": 31, "col": 32, "mostly_overlap": true, "overlap_ratio": 1.0, "type": "Land" }, "geometry": { "type": "Polygon", "coordinates": [ [ [ -87.583306209603393, 41.78661088298599 ], [ -87.583204292666238, 41.78661088298599 ], [ -87.583204292666238, 41.78678074454789 ], [ -87.583306209603393, 41.78678074454789 ], [ -87.583306209603393, 41.78661088298599 ] ] ] } },
{ "type": "Feature", "properties": { "row": 31, "col": 33, "mostly_overlap": true, "overlap_ratio": 1.0, "type": "Land" }, "geometry": { "type": "Polygon", "coordinates": [ [ [ -87.583204292666238, 41.78661088298599 ], [ -87.583102375729098, 41.78661088298599 ], [ -87.583102375729098, 41.78678074454789 ], [ -87.583204292666238, 41.78678074454789 ], [ -87.583204292666238, 41.78661088298599 ] ] ] } },
{ "type": "Feature", "properties": { "row": 31, "col": 34, "mostly_overlap": true, "overlap_ratio": 1.0, "type": "Land" }, "geometry": { "type": "Polygon", "coordinates": [ [ [ -87.583102375729098, 41.78661088298599 ], [ -87.583000458791957, 41.78661088298599 ], [ -87.583000458791957, 41.78678074454789 ], [ -87.583102375729098, 41.78678074454789 ], [ -87.583102375729098, 41.78661088298599 ] ] ] } },
{ "type": "Feature", "properties": { "row": 31, "col": 35, "mostly_overlap": true, "overlap_ratio": 1.0, "type": "Land" }, "geometry": { "type": "Polygon", "coordinates": [ [ [ -87.583000458791957, 41.78661088298599 ], [ -87.582898541854817, 41.78661088298599 ], [ -87.582898541854817, 41.78678074454789 ], [ -87.583000458791957, 41.78678074454789 ], [ -87.583000458791957, 41.78661088298599 ] ] ] } },
{ "type": "Feature", "properties": { "row": 31, "col": 36, "mostly_overlap": true, "overlap_ratio": 1.0, "type": "Land" }, "geometry": { "type": "Polygon", "coordinates": [ [ [ -87.582898541854817, 41.78661088298599 ], [ -87.582796624917677, 41.78661088298599 ], [ -87.582796624917677, 41.78678074454789 ], [ -87.582898541854817, 41.78678074454789 ], [ -87.582898541854817, 41.78661088298599 ] ] ] } },
{ "type": "Feature", "properties": { "row": 31, "col": 37, "mostly_overlap": true, "overlap_ratio": 0.8116, "type": "Land" }, "geometry": { "type": "Polygon", "coordinates": [ [ [ -87.582796624917677, 41.78661088298599 ], [ -87.582694707980536, 41.78661088298599 ], [ -87.582694707980536, 41.78678074454789 ], [ -87.582796624917677, 41.78678074454789 ], [ -87.582796624917677, 41.78661088298599 ] ] ] } },
{ "type": "Feature", "properties": { "row": 31, "col": 38, "mostly_overlap": false, "overlap_ratio": 0.131, "type": "Water" }, "geometry": { "type": "Polygon", "coordinates": [ [ [ -87.582694707980536, 41.78661088298599 ], [ -87.582592791043382, 41.78661088298599 ], [ -87.582592791043382, 41.78678074454789 ], [ -87.582694707980536, 41.78678074454789 ], [ -87.582694707980536, 41.78661088298599 ] ] ] } },
{ "type": "Feature", "properties": { "row": 31, "col": 39, "mostly_overlap": false, "overlap_ratio": 0.0439, "type": "Water" }, "geometry": { "type": "Polygon", "coordinates": [ [ [ -87.582592791043382, 41.78661088298599 ], [ -87.582490874106242, 41.78661088298599 ], [ -87.582490874106242, 41.78678074454789 ], [ -87.582592791043382, 41.78678074454789 ], [ -87.582592791043382, 41.78661088298599 ] ] ] } },
{ "type": "Feature", "properties": { "row": 31, "col": 40, "mostly_overlap": false, "overlap_ratio": 0.0, "type": "Water" }, "geometry": { "type": "Polygon", "coordinates": [ [ [ -87.582490874106242, 41.78661088298599 ], [ -87.582388957169101, 41.78661088298599 ], [ -87.582388957169101, 41.78678074454789 ], [ -87.582490874106242, 41.78678074454789 ], [ -87.582490874106242, 41.78661088298599 ] ] ] } },
{ "type": "Feature", "properties": { "row": 32, "col": 1, "mostly_overlap": true, "overlap_ratio": 0.9204, "type": "Land" }, "geometry": { "type": "Polygon", "coordinates": [ [ [ -87.586465634654814, 41.78678074454789 ], [ -87.586363717717674, 41.78678074454789 ], [ -87.586363717717674, 41.786950606109798 ], [ -87.586465634654814, 41.786950606109798 ], [ -87.586465634654814, 41.78678074454789 ] ] ] } },
{ "type": "Feature", "properties": { "row": 32, "col": 2, "mostly_overlap": true, "overlap_ratio": 1.0, "type": "Land" }, "geometry": { "type": "Polygon", "coordinates": [ [ [ -87.586363717717674, 41.78678074454789 ], [ -87.586261800780534, 41.78678074454789 ], [ -87.586261800780534, 41.786950606109798 ], [ -87.586363717717674, 41.786950606109798 ], [ -87.586363717717674, 41.78678074454789 ] ] ] } },
{ "type": "Feature", "properties": { "row": 32, "col": 3, "mostly_overlap": true, "overlap_ratio": 1.0, "type": "Land" }, "geometry": { "type": "Polygon", "coordinates": [ [ [ -87.586261800780534, 41.78678074454789 ], [ -87.586159883843379, 41.78678074454789 ], [ -87.586159883843379, 41.786950606109798 ], [ -87.586261800780534, 41.786950606109798 ], [ -87.586261800780534, 41.78678074454789 ] ] ] } },
{ "type": "Feature", "properties": { "row": 32, "col": 4, "mostly_overlap": true, "overlap_ratio": 1.0, "type": "Land" }, "geometry": { "type": "Polygon", "coordinates": [ [ [ -87.586159883843379, 41.78678074454789 ], [ -87.586057966906239, 41.78678074454789 ], [ -87.586057966906239, 41.786950606109798 ], [ -87.586159883843379, 41.786950606109798 ], [ -87.586159883843379, 41.78678074454789 ] ] ] } },
{ "type": "Feature", "properties": { "row": 32, "col": 5, "mostly_overlap": true, "overlap_ratio": 1.0, "type": "Land" }, "geometry": { "type": "Polygon", "coordinates": [ [ [ -87.586057966906239, 41.78678074454789 ], [ -87.585956049969099, 41.78678074454789 ], [ -87.585956049969099, 41.786950606109798 ], [ -87.586057966906239, 41.786950606109798 ], [ -87.586057966906239, 41.78678074454789 ] ] ] } },
{ "type": "Feature", "properties": { "row": 32, "col": 6, "mostly_overlap": true, "overlap_ratio": 1.0, "type": "Land" }, "geometry": { "type": "Polygon", "coordinates": [ [ [ -87.585956049969099, 41.78678074454789 ], [ -87.585854133031958, 41.78678074454789 ], [ -87.585854133031958, 41.786950606109798 ], [ -87.585956049969099, 41.786950606109798 ], [ -87.585956049969099, 41.78678074454789 ] ] ] } },
{ "type": "Feature", "properties": { "row": 32, "col": 7, "mostly_overlap": true, "overlap_ratio": 1.0, "type": "Land" }, "geometry": { "type": "Polygon", "coordinates": [ [ [ -87.585854133031958, 41.78678074454789 ], [ -87.585752216094818, 41.78678074454789 ], [ -87.585752216094818, 41.786950606109798 ], [ -87.585854133031958, 41.786950606109798 ], [ -87.585854133031958, 41.78678074454789 ] ] ] } },
{ "type": "Feature", "properties": { "row": 32, "col": 8, "mostly_overlap": true, "overlap_ratio": 1.0, "type": "Land" }, "geometry": { "type": "Polygon", "coordinates": [ [ [ -87.585752216094818, 41.78678074454789 ], [ -87.585650299157678, 41.78678074454789 ], [ -87.585650299157678, 41.786950606109798 ], [ -87.585752216094818, 41.786950606109798 ], [ -87.585752216094818, 41.78678074454789 ] ] ] } },
{ "type": "Feature", "properties": { "row": 32, "col": 9, "mostly_overlap": true, "overlap_ratio": 1.0, "type": "Land" }, "geometry": { "type": "Polygon", "coordinates": [ [ [ -87.585650299157678, 41.78678074454789 ], [ -87.585548382220523, 41.78678074454789 ], [ -87.585548382220523, 41.786950606109798 ], [ -87.585650299157678, 41.786950606109798 ], [ -87.585650299157678, 41.78678074454789 ] ] ] } },
{ "type": "Feature", "properties": { "row": 32, "col": 10, "mostly_overlap": true, "overlap_ratio": 1.0, "type": "Land" }, "geometry": { "type": "Polygon", "coordinates": [ [ [ -87.585548382220523, 41.78678074454789 ], [ -87.585446465283383, 41.78678074454789 ], [ -87.585446465283383, 41.786950606109798 ], [ -87.585548382220523, 41.786950606109798 ], [ -87.585548382220523, 41.78678074454789 ] ] ] } },
{ "type": "Feature", "properties": { "row": 32, "col": 11, "mostly_overlap": true, "overlap_ratio": 1.0, "type": "Land" }, "geometry": { "type": "Polygon", "coordinates": [ [ [ -87.585446465283383, 41.78678074454789 ], [ -87.585344548346242, 41.78678074454789 ], [ -87.585344548346242, 41.786950606109798 ], [ -87.585446465283383, 41.786950606109798 ], [ -87.585446465283383, 41.78678074454789 ] ] ] } },
{ "type": "Feature", "properties": { "row": 32, "col": 12, "mostly_overlap": true, "overlap_ratio": 1.0, "type": "Land" }, "geometry": { "type": "Polygon", "coordinates": [ [ [ -87.585344548346242, 41.78678074454789 ], [ -87.585242631409102, 41.78678074454789 ], [ -87.585242631409102, 41.786950606109798 ], [ -87.585344548346242, 41.786950606109798 ], [ -87.585344548346242, 41.78678074454789 ] ] ] } },
{ "type": "Feature", "properties": { "row": 32, "col": 13, "mostly_overlap": true, "overlap_ratio": 1.0, "type": "Land" }, "geometry": { "type": "Polygon", "coordinates": [ [ [ -87.585242631409102, 41.78678074454789 ], [ -87.585140714471962, 41.78678074454789 ], [ -87.585140714471962, 41.786950606109798 ], [ -87.585242631409102, 41.786950606109798 ], [ -87.585242631409102, 41.78678074454789 ] ] ] } },
{ "type": "Feature", "properties": { "row": 32, "col": 14, "mostly_overlap": true, "overlap_ratio": 1.0, "type": "Land" }, "geometry": { "type": "Polygon", "coordinates": [ [ [ -87.585140714471962, 41.78678074454789 ], [ -87.585038797534821, 41.78678074454789 ], [ -87.585038797534821, 41.786950606109798 ], [ -87.585140714471962, 41.786950606109798 ], [ -87.585140714471962, 41.78678074454789 ] ] ] } },
{ "type": "Feature", "properties": { "row": 32, "col": 15, "mostly_overlap": true, "overlap_ratio": 1.0, "type": "Land" }, "geometry": { "type": "Polygon", "coordinates": [ [ [ -87.585038797534821, 41.78678074454789 ], [ -87.584936880597667, 41.78678074454789 ], [ -87.584936880597667, 41.786950606109798 ], [ -87.585038797534821, 41.786950606109798 ], [ -87.585038797534821, 41.78678074454789 ] ] ] } },
{ "type": "Feature", "properties": { "row": 32, "col": 16, "mostly_overlap": true, "overlap_ratio": 1.0, "type": "Land" }, "geometry": { "type": "Polygon", "coordinates": [ [ [ -87.584936880597667, 41.78678074454789 ], [ -87.584834963660526, 41.78678074454789 ], [ -87.584834963660526, 41.786950606109798 ], [ -87.584936880597667, 41.786950606109798 ], [ -87.584936880597667, 41.78678074454789 ] ] ] } },
{ "type": "Feature", "properties": { "row": 32, "col": 17, "mostly_overlap": true, "overlap_ratio": 1.0, "type": "Land" }, "geometry": { "type": "Polygon", "coordinates": [ [ [ -87.584834963660526, 41.78678074454789 ], [ -87.584733046723386, 41.78678074454789 ], [ -87.584733046723386, 41.786950606109798 ], [ -87.584834963660526, 41.786950606109798 ], [ -87.584834963660526, 41.78678074454789 ] ] ] } },
{ "type": "Feature", "properties": { "row": 32, "col": 18, "mostly_overlap": true, "overlap_ratio": 0.8472, "type": "Land" }, "geometry": { "type": "Polygon", "coordinates": [ [ [ -87.584733046723386, 41.78678074454789 ], [ -87.584631129786246, 41.78678074454789 ], [ -87.584631129786246, 41.786950606109798 ], [ -87.584733046723386, 41.786950606109798 ], [ -87.584733046723386, 41.78678074454789 ] ] ] } },
{ "type": "Feature", "properties": { "row": 32, "col": 19, "mostly_overlap": false, "overlap_ratio": 0.0, "type": "Water" }, "geometry": { "type": "Polygon", "coordinates": [ [ [ -87.584631129786246, 41.78678074454789 ], [ -87.584529212849105, 41.78678074454789 ], [ -87.584529212849105, 41.786950606109798 ], [ -87.584631129786246, 41.786950606109798 ], [ -87.584631129786246, 41.78678074454789 ] ] ] } },
{ "type": "Feature", "properties": { "row": 32, "col": 20, "mostly_overlap": false, "overlap_ratio": 0.0, "type": "Water" }, "geometry": { "type": "Polygon", "coordinates": [ [ [ -87.584529212849105, 41.78678074454789 ], [ -87.584427295911965, 41.78678074454789 ], [ -87.584427295911965, 41.786950606109798 ], [ -87.584529212849105, 41.786950606109798 ], [ -87.584529212849105, 41.78678074454789 ] ] ] } },
{ "type": "Feature", "properties": { "row": 32, "col": 21, "mostly_overlap": false, "overlap_ratio": 0.0, "type": "Water" }, "geometry": { "type": "Polygon", "coordinates": [ [ [ -87.584427295911951, 41.78678074454789 ], [ -87.58432537897481, 41.78678074454789 ], [ -87.58432537897481, 41.786950606109798 ], [ -87.584427295911951, 41.786950606109798 ], [ -87.584427295911951, 41.78678074454789 ] ] ] } },
{ "type": "Feature", "properties": { "row": 32, "col": 22, "mostly_overlap": false, "overlap_ratio": 0.0, "type": "Water" }, "geometry": { "type": "Polygon", "coordinates": [ [ [ -87.58432537897481, 41.78678074454789 ], [ -87.58422346203767, 41.78678074454789 ], [ -87.58422346203767, 41.786950606109798 ], [ -87.58432537897481, 41.786950606109798 ], [ -87.58432537897481, 41.78678074454789 ] ] ] } },
{ "type": "Feature", "properties": { "row": 32, "col": 23, "mostly_overlap": false, "overlap_ratio": 0.0, "type": "Water" }, "geometry": { "type": "Polygon", "coordinates": [ [ [ -87.58422346203767, 41.78678074454789 ], [ -87.58412154510053, 41.78678074454789 ], [ -87.58412154510053, 41.786950606109798 ], [ -87.58422346203767, 41.786950606109798 ], [ -87.58422346203767, 41.78678074454789 ] ] ] } },
{ "type": "Feature", "properties": { "row": 32, "col": 24, "mostly_overlap": false, "overlap_ratio": 0.0, "type": "Water" }, "geometry": { "type": "Polygon", "coordinates": [ [ [ -87.58412154510053, 41.78678074454789 ], [ -87.584019628163389, 41.78678074454789 ], [ -87.584019628163389, 41.786950606109798 ], [ -87.58412154510053, 41.786950606109798 ], [ -87.58412154510053, 41.78678074454789 ] ] ] } },
{ "type": "Feature", "properties": { "row": 32, "col": 25, "mostly_overlap": false, "overlap_ratio": 0.0, "type": "Water" }, "geometry": { "type": "Polygon", "coordinates": [ [ [ -87.584019628163389, 41.78678074454789 ], [ -87.583917711226249, 41.78678074454789 ], [ -87.583917711226249, 41.786950606109798 ], [ -87.584019628163389, 41.786950606109798 ], [ -87.584019628163389, 41.78678074454789 ] ] ] } },
{ "type": "Feature", "properties": { "row": 32, "col": 26, "mostly_overlap": false, "overlap_ratio": 0.0, "type": "Water" }, "geometry": { "type": "Polygon", "coordinates": [ [ [ -87.583917711226249, 41.78678074454789 ], [ -87.583815794289094, 41.78678074454789 ], [ -87.583815794289094, 41.786950606109798 ], [ -87.583917711226249, 41.786950606109798 ], [ -87.583917711226249, 41.78678074454789 ] ] ] } },
{ "type": "Feature", "properties": { "row": 32, "col": 27, "mostly_overlap": false, "overlap_ratio": 0.0, "type": "Water" }, "geometry": { "type": "Polygon", "coordinates": [ [ [ -87.583815794289094, 41.78678074454789 ], [ -87.583713877351954, 41.78678074454789 ], [ -87.583713877351954, 41.786950606109798 ], [ -87.583815794289094, 41.786950606109798 ], [ -87.583815794289094, 41.78678074454789 ] ] ] } },
{ "type": "Feature", "properties": { "row": 32, "col": 28, "mostly_overlap": false, "overlap_ratio": 0.0, "type": "Water" }, "geometry": { "type": "Polygon", "coordinates": [ [ [ -87.583713877351954, 41.78678074454789 ], [ -87.583611960414814, 41.78678074454789 ], [ -87.583611960414814, 41.786950606109798 ], [ -87.583713877351954, 41.786950606109798 ], [ -87.583713877351954, 41.78678074454789 ] ] ] } },
{ "type": "Feature", "properties": { "row": 32, "col": 29, "mostly_overlap": false, "overlap_ratio": 0.0, "type": "Water" }, "geometry": { "type": "Polygon", "coordinates": [ [ [ -87.583611960414814, 41.78678074454789 ], [ -87.583510043477673, 41.78678074454789 ], [ -87.583510043477673, 41.786950606109798 ], [ -87.583611960414814, 41.786950606109798 ], [ -87.583611960414814, 41.78678074454789 ] ] ] } },
{ "type": "Feature", "properties": { "row": 32, "col": 30, "mostly_overlap": true, "overlap_ratio": 0.8672, "type": "Water" }, "geometry": { "type": "Polygon", "coordinates": [ [ [ -87.583510043477673, 41.78678074454789 ], [ -87.583408126540533, 41.78678074454789 ], [ -87.583408126540533, 41.786950606109798 ], [ -87.583510043477673, 41.786950606109798 ], [ -87.583510043477673, 41.78678074454789 ] ] ] } },
{ "type": "Feature", "properties": { "row": 32, "col": 31, "mostly_overlap": true, "overlap_ratio": 1.0, "type": "Land" }, "geometry": { "type": "Polygon", "coordinates": [ [ [ -87.583408126540533, 41.78678074454789 ], [ -87.583306209603393, 41.78678074454789 ], [ -87.583306209603393, 41.786950606109798 ], [ -87.583408126540533, 41.786950606109798 ], [ -87.583408126540533, 41.78678074454789 ] ] ] } },
{ "type": "Feature", "properties": { "row": 32, "col": 32, "mostly_overlap": true, "overlap_ratio": 1.0, "type": "Land" }, "geometry": { "type": "Polygon", "coordinates": [ [ [ -87.583306209603393, 41.78678074454789 ], [ -87.583204292666238, 41.78678074454789 ], [ -87.583204292666238, 41.786950606109798 ], [ -87.583306209603393, 41.786950606109798 ], [ -87.583306209603393, 41.78678074454789 ] ] ] } },
{ "type": "Feature", "properties": { "row": 32, "col": 33, "mostly_overlap": true, "overlap_ratio": 1.0, "type": "Land" }, "geometry": { "type": "Polygon", "coordinates": [ [ [ -87.583204292666238, 41.78678074454789 ], [ -87.583102375729098, 41.78678074454789 ], [ -87.583102375729098, 41.786950606109798 ], [ -87.583204292666238, 41.786950606109798 ], [ -87.583204292666238, 41.78678074454789 ] ] ] } },
{ "type": "Feature", "properties": { "row": 32, "col": 34, "mostly_overlap": true, "overlap_ratio": 1.0, "type": "Land" }, "geometry": { "type": "Polygon", "coordinates": [ [ [ -87.583102375729098, 41.78678074454789 ], [ -87.583000458791957, 41.78678074454789 ], [ -87.583000458791957, 41.786950606109798 ], [ -87.583102375729098, 41.786950606109798 ], [ -87.583102375729098, 41.78678074454789 ] ] ] } },
{ "type": "Feature", "properties": { "row": 32, "col": 35, "mostly_overlap": true, "overlap_ratio": 1.0, "type": "Land" }, "geometry": { "type": "Polygon", "coordinates": [ [ [ -87.583000458791957, 41.78678074454789 ], [ -87.582898541854817, 41.78678074454789 ], [ -87.582898541854817, 41.786950606109798 ], [ -87.583000458791957, 41.786950606109798 ], [ -87.583000458791957, 41.78678074454789 ] ] ] } },
{ "type": "Feature", "properties": { "row": 32, "col": 36, "mostly_overlap": true, "overlap_ratio": 0.8635, "type": "Land" }, "geometry": { "type": "Polygon", "coordinates": [ [ [ -87.582898541854817, 41.78678074454789 ], [ -87.582796624917677, 41.78678074454789 ], [ -87.582796624917677, 41.786950606109798 ], [ -87.582898541854817, 41.786950606109798 ], [ -87.582898541854817, 41.78678074454789 ] ] ] } },
{ "type": "Feature", "properties": { "row": 32, "col": 37, "mostly_overlap": false, "overlap_ratio": 0.0707, "type": "Water" }, "geometry": { "type": "Polygon", "coordinates": [ [ [ -87.582796624917677, 41.78678074454789 ], [ -87.582694707980536, 41.78678074454789 ], [ -87.582694707980536, 41.786950606109798 ], [ -87.582796624917677, 41.786950606109798 ], [ -87.582796624917677, 41.78678074454789 ] ] ] } },
{ "type": "Feature", "properties": { "row": 32, "col": 38, "mostly_overlap": false, "overlap_ratio": 0.0, "type": "Water" }, "geometry": { "type": "Polygon", "coordinates": [ [ [ -87.582694707980536, 41.78678074454789 ], [ -87.582592791043382, 41.78678074454789 ], [ -87.582592791043382, 41.786950606109798 ], [ -87.582694707980536, 41.786950606109798 ], [ -87.582694707980536, 41.78678074454789 ] ] ] } },
{ "type": "Feature", "properties": { "row": 32, "col": 39, "mostly_overlap": false, "overlap_ratio": 0.0, "type": "Water" }, "geometry": { "type": "Polygon", "coordinates": [ [ [ -87.582592791043382, 41.78678074454789 ], [ -87.582490874106242, 41.78678074454789 ], [ -87.582490874106242, 41.786950606109798 ], [ -87.582592791043382, 41.786950606109798 ], [ -87.582592791043382, 41.78678074454789 ] ] ] } },
{ "type": "Feature", "properties": { "row": 32, "col": 40, "mostly_overlap": false, "overlap_ratio": 0.0, "type": "Water" }, "geometry": { "type": "Polygon", "coordinates": [ [ [ -87.582490874106242, 41.78678074454789 ], [ -87.582388957169101, 41.78678074454789 ], [ -87.582388957169101, 41.786950606109798 ], [ -87.582490874106242, 41.786950606109798 ], [ -87.582490874106242, 41.78678074454789 ] ] ] } },
{ "type": "Feature", "properties": { "row": 33, "col": 1, "mostly_overlap": true, "overlap_ratio": 0.9478, "type": "Land" }, "geometry": { "type": "Polygon", "coordinates": [ [ [ -87.586465634654814, 41.786950606109798 ], [ -87.586363717717674, 41.786950606109798 ], [ -87.586363717717674, 41.787120467671699 ], [ -87.586465634654814, 41.787120467671699 ], [ -87.586465634654814, 41.786950606109798 ] ] ] } },
{ "type": "Feature", "properties": { "row": 33, "col": 2, "mostly_overlap": true, "overlap_ratio": 1.0, "type": "Land" }, "geometry": { "type": "Polygon", "coordinates": [ [ [ -87.586363717717674, 41.786950606109798 ], [ -87.586261800780534, 41.786950606109798 ], [ -87.586261800780534, 41.787120467671699 ], [ -87.586363717717674, 41.787120467671699 ], [ -87.586363717717674, 41.786950606109798 ] ] ] } },
{ "type": "Feature", "properties": { "row": 33, "col": 3, "mostly_overlap": true, "overlap_ratio": 1.0, "type": "Land" }, "geometry": { "type": "Polygon", "coordinates": [ [ [ -87.586261800780534, 41.786950606109798 ], [ -87.586159883843379, 41.786950606109798 ], [ -87.586159883843379, 41.787120467671699 ], [ -87.586261800780534, 41.787120467671699 ], [ -87.586261800780534, 41.786950606109798 ] ] ] } },
{ "type": "Feature", "properties": { "row": 33, "col": 4, "mostly_overlap": true, "overlap_ratio": 1.0, "type": "Land" }, "geometry": { "type": "Polygon", "coordinates": [ [ [ -87.586159883843379, 41.786950606109798 ], [ -87.586057966906239, 41.786950606109798 ], [ -87.586057966906239, 41.787120467671699 ], [ -87.586159883843379, 41.787120467671699 ], [ -87.586159883843379, 41.786950606109798 ] ] ] } },
{ "type": "Feature", "properties": { "row": 33, "col": 5, "mostly_overlap": true, "overlap_ratio": 1.0, "type": "Land" }, "geometry": { "type": "Polygon", "coordinates": [ [ [ -87.586057966906239, 41.786950606109798 ], [ -87.585956049969099, 41.786950606109798 ], [ -87.585956049969099, 41.787120467671699 ], [ -87.586057966906239, 41.787120467671699 ], [ -87.586057966906239, 41.786950606109798 ] ] ] } },
{ "type": "Feature", "properties": { "row": 33, "col": 6, "mostly_overlap": true, "overlap_ratio": 1.0, "type": "Land" }, "geometry": { "type": "Polygon", "coordinates": [ [ [ -87.585956049969099, 41.786950606109798 ], [ -87.585854133031958, 41.786950606109798 ], [ -87.585854133031958, 41.787120467671699 ], [ -87.585956049969099, 41.787120467671699 ], [ -87.585956049969099, 41.786950606109798 ] ] ] } },
{ "type": "Feature", "properties": { "row": 33, "col": 7, "mostly_overlap": true, "overlap_ratio": 1.0, "type": "Land" }, "geometry": { "type": "Polygon", "coordinates": [ [ [ -87.585854133031958, 41.786950606109798 ], [ -87.585752216094818, 41.786950606109798 ], [ -87.585752216094818, 41.787120467671699 ], [ -87.585854133031958, 41.787120467671699 ], [ -87.585854133031958, 41.786950606109798 ] ] ] } },
{ "type": "Feature", "properties": { "row": 33, "col": 8, "mostly_overlap": true, "overlap_ratio": 1.0, "type": "Land" }, "geometry": { "type": "Polygon", "coordinates": [ [ [ -87.585752216094818, 41.786950606109798 ], [ -87.585650299157678, 41.786950606109798 ], [ -87.585650299157678, 41.787120467671699 ], [ -87.585752216094818, 41.787120467671699 ], [ -87.585752216094818, 41.786950606109798 ] ] ] } },
{ "type": "Feature", "properties": { "row": 33, "col": 9, "mostly_overlap": true, "overlap_ratio": 1.0, "type": "Land" }, "geometry": { "type": "Polygon", "coordinates": [ [ [ -87.585650299157678, 41.786950606109798 ], [ -87.585548382220523, 41.786950606109798 ], [ -87.585548382220523, 41.787120467671699 ], [ -87.585650299157678, 41.787120467671699 ], [ -87.585650299157678, 41.786950606109798 ] ] ] } },
{ "type": "Feature", "properties": { "row": 33, "col": 10, "mostly_overlap": true, "overlap_ratio": 1.0, "type": "Land" }, "geometry": { "type": "Polygon", "coordinates": [ [ [ -87.585548382220523, 41.786950606109798 ], [ -87.585446465283383, 41.786950606109798 ], [ -87.585446465283383, 41.787120467671699 ], [ -87.585548382220523, 41.787120467671699 ], [ -87.585548382220523, 41.786950606109798 ] ] ] } },
{ "type": "Feature", "properties": { "row": 33, "col": 11, "mostly_overlap": true, "overlap_ratio": 1.0, "type": "Land" }, "geometry": { "type": "Polygon", "coordinates": [ [ [ -87.585446465283383, 41.786950606109798 ], [ -87.585344548346242, 41.786950606109798 ], [ -87.585344548346242, 41.787120467671699 ], [ -87.585446465283383, 41.787120467671699 ], [ -87.585446465283383, 41.786950606109798 ] ] ] } },
{ "type": "Feature", "properties": { "row": 33, "col": 12, "mostly_overlap": true, "overlap_ratio": 1.0, "type": "Land" }, "geometry": { "type": "Polygon", "coordinates": [ [ [ -87.585344548346242, 41.786950606109798 ], [ -87.585242631409102, 41.786950606109798 ], [ -87.585242631409102, 41.787120467671699 ], [ -87.585344548346242, 41.787120467671699 ], [ -87.585344548346242, 41.786950606109798 ] ] ] } },
{ "type": "Feature", "properties": { "row": 33, "col": 13, "mostly_overlap": true, "overlap_ratio": 1.0, "type": "Land" }, "geometry": { "type": "Polygon", "coordinates": [ [ [ -87.585242631409102, 41.786950606109798 ], [ -87.585140714471962, 41.786950606109798 ], [ -87.585140714471962, 41.787120467671699 ], [ -87.585242631409102, 41.787120467671699 ], [ -87.585242631409102, 41.786950606109798 ] ] ] } },
{ "type": "Feature", "properties": { "row": 33, "col": 14, "mostly_overlap": true, "overlap_ratio": 1.0, "type": "Land" }, "geometry": { "type": "Polygon", "coordinates": [ [ [ -87.585140714471962, 41.786950606109798 ], [ -87.585038797534821, 41.786950606109798 ], [ -87.585038797534821, 41.787120467671699 ], [ -87.585140714471962, 41.787120467671699 ], [ -87.585140714471962, 41.786950606109798 ] ] ] } },
{ "type": "Feature", "properties": { "row": 33, "col": 15, "mostly_overlap": true, "overlap_ratio": 1.0, "type": "Land" }, "geometry": { "type": "Polygon", "coordinates": [ [ [ -87.585038797534821, 41.786950606109798 ], [ -87.584936880597667, 41.786950606109798 ], [ -87.584936880597667, 41.787120467671699 ], [ -87.585038797534821, 41.787120467671699 ], [ -87.585038797534821, 41.786950606109798 ] ] ] } },
{ "type": "Feature", "properties": { "row": 33, "col": 16, "mostly_overlap": true, "overlap_ratio": 1.0, "type": "Land" }, "geometry": { "type": "Polygon", "coordinates": [ [ [ -87.584936880597667, 41.786950606109798 ], [ -87.584834963660526, 41.786950606109798 ], [ -87.584834963660526, 41.787120467671699 ], [ -87.584936880597667, 41.787120467671699 ], [ -87.584936880597667, 41.786950606109798 ] ] ] } },
{ "type": "Feature", "properties": { "row": 33, "col": 17, "mostly_overlap": true, "overlap_ratio": 1.0, "type": "Land" }, "geometry": { "type": "Polygon", "coordinates": [ [ [ -87.584834963660526, 41.786950606109798 ], [ -87.584733046723386, 41.786950606109798 ], [ -87.584733046723386, 41.787120467671699 ], [ -87.584834963660526, 41.787120467671699 ], [ -87.584834963660526, 41.786950606109798 ] ] ] } },
{ "type": "Feature", "properties": { "row": 33, "col": 18, "mostly_overlap": true, "overlap_ratio": 0.9465, "type": "Land" }, "geometry": { "type": "Polygon", "coordinates": [ [ [ -87.584733046723386, 41.786950606109798 ], [ -87.584631129786246, 41.786950606109798 ], [ -87.584631129786246, 41.787120467671699 ], [ -87.584733046723386, 41.787120467671699 ], [ -87.584733046723386, 41.786950606109798 ] ] ] } },
{ "type": "Feature", "properties": { "row": 33, "col": 19, "mostly_overlap": false, "overlap_ratio": 0.0176, "type": "Water" }, "geometry": { "type": "Polygon", "coordinates": [ [ [ -87.584631129786246, 41.786950606109798 ], [ -87.584529212849105, 41.786950606109798 ], [ -87.584529212849105, 41.787120467671699 ], [ -87.584631129786246, 41.787120467671699 ], [ -87.584631129786246, 41.786950606109798 ] ] ] } },
{ "type": "Feature", "properties": { "row": 33, "col": 20, "mostly_overlap": false, "overlap_ratio": 0.0, "type": "Water" }, "geometry": { "type": "Polygon", "coordinates": [ [ [ -87.584529212849105, 41.786950606109798 ], [ -87.584427295911965, 41.786950606109798 ], [ -87.584427295911965, 41.787120467671699 ], [ -87.584529212849105, 41.787120467671699 ], [ -87.584529212849105, 41.786950606109798 ] ] ] } },
{ "type": "Feature", "properties": { "row": 33, "col": 21, "mostly_overlap": false, "overlap_ratio": 0.0, "type": "Water" }, "geometry": { "type": "Polygon", "coordinates": [ [ [ -87.584427295911951, 41.786950606109798 ], [ -87.58432537897481, 41.786950606109798 ], [ -87.58432537897481, 41.787120467671699 ], [ -87.584427295911951, 41.787120467671699 ], [ -87.584427295911951, 41.786950606109798 ] ] ] } },
{ "type": "Feature", "properties": { "row": 33, "col": 22, "mostly_overlap": false, "overlap_ratio": 0.0, "type": "Water" }, "geometry": { "type": "Polygon", "coordinates": [ [ [ -87.58432537897481, 41.786950606109798 ], [ -87.58422346203767, 41.786950606109798 ], [ -87.58422346203767, 41.787120467671699 ], [ -87.58432537897481, 41.787120467671699 ], [ -87.58432537897481, 41.786950606109798 ] ] ] } },
{ "type": "Feature", "properties": { "row": 33, "col": 23, "mostly_overlap": false, "overlap_ratio": 0.0, "type": "Water" }, "geometry": { "type": "Polygon", "coordinates": [ [ [ -87.58422346203767, 41.786950606109798 ], [ -87.58412154510053, 41.786950606109798 ], [ -87.58412154510053, 41.787120467671699 ], [ -87.58422346203767, 41.787120467671699 ], [ -87.58422346203767, 41.786950606109798 ] ] ] } },
{ "type": "Feature", "properties": { "row": 33, "col": 24, "mostly_overlap": false, "overlap_ratio": 0.0, "type": "Water" }, "geometry": { "type": "Polygon", "coordinates": [ [ [ -87.58412154510053, 41.786950606109798 ], [ -87.584019628163389, 41.786950606109798 ], [ -87.584019628163389, 41.787120467671699 ], [ -87.58412154510053, 41.787120467671699 ], [ -87.58412154510053, 41.786950606109798 ] ] ] } },
{ "type": "Feature", "properties": { "row": 33, "col": 25, "mostly_overlap": false, "overlap_ratio": 0.0, "type": "Water" }, "geometry": { "type": "Polygon", "coordinates": [ [ [ -87.584019628163389, 41.786950606109798 ], [ -87.583917711226249, 41.786950606109798 ], [ -87.583917711226249, 41.787120467671699 ], [ -87.584019628163389, 41.787120467671699 ], [ -87.584019628163389, 41.786950606109798 ] ] ] } },
{ "type": "Feature", "properties": { "row": 33, "col": 26, "mostly_overlap": false, "overlap_ratio": 0.0, "type": "Water" }, "geometry": { "type": "Polygon", "coordinates": [ [ [ -87.583917711226249, 41.786950606109798 ], [ -87.583815794289094, 41.786950606109798 ], [ -87.583815794289094, 41.787120467671699 ], [ -87.583917711226249, 41.787120467671699 ], [ -87.583917711226249, 41.786950606109798 ] ] ] } },
{ "type": "Feature", "properties": { "row": 33, "col": 27, "mostly_overlap": false, "overlap_ratio": 0.0, "type": "Water" }, "geometry": { "type": "Polygon", "coordinates": [ [ [ -87.583815794289094, 41.786950606109798 ], [ -87.583713877351954, 41.786950606109798 ], [ -87.583713877351954, 41.787120467671699 ], [ -87.583815794289094, 41.787120467671699 ], [ -87.583815794289094, 41.786950606109798 ] ] ] } },
{ "type": "Feature", "properties": { "row": 33, "col": 28, "mostly_overlap": false, "overlap_ratio": 0.0, "type": "Water" }, "geometry": { "type": "Polygon", "coordinates": [ [ [ -87.583713877351954, 41.786950606109798 ], [ -87.583611960414814, 41.786950606109798 ], [ -87.583611960414814, 41.787120467671699 ], [ -87.583713877351954, 41.787120467671699 ], [ -87.583713877351954, 41.786950606109798 ] ] ] } },
{ "type": "Feature", "properties": { "row": 33, "col": 29, "mostly_overlap": false, "overlap_ratio": 0.2746, "type": "Water" }, "geometry": { "type": "Polygon", "coordinates": [ [ [ -87.583611960414814, 41.786950606109798 ], [ -87.583510043477673, 41.786950606109798 ], [ -87.583510043477673, 41.787120467671699 ], [ -87.583611960414814, 41.787120467671699 ], [ -87.583611960414814, 41.786950606109798 ] ] ] } },
{ "type": "Feature", "properties": { "row": 33, "col": 30, "mostly_overlap": true, "overlap_ratio": 0.997, "type": "Water" }, "geometry": { "type": "Polygon", "coordinates": [ [ [ -87.583510043477673, 41.786950606109798 ], [ -87.583408126540533, 41.786950606109798 ], [ -87.583408126540533, 41.787120467671699 ], [ -87.583510043477673, 41.787120467671699 ], [ -87.583510043477673, 41.786950606109798 ] ] ] } },
{ "type": "Feature", "properties": { "row": 33, "col": 31, "mostly_overlap": true, "overlap_ratio": 1.0, "type": "Water" }, "geometry": { "type": "Polygon", "coordinates": [ [ [ -87.583408126540533, 41.786950606109798 ], [ -87.583306209603393, 41.786950606109798 ], [ -87.583306209603393, 41.787120467671699 ], [ -87.583408126540533, 41.787120467671699 ], [ -87.583408126540533, 41.786950606109798 ] ] ] } },
{ "type": "Feature", "properties": { "row": 33, "col": 32, "mostly_overlap": true, "overlap_ratio": 1.0, "type": "Water" }, "geometry": { "type": "Polygon", "coordinates": [ [ [ -87.583306209603393, 41.786950606109798 ], [ -87.583204292666238, 41.786950606109798 ], [ -87.583204292666238, 41.787120467671699 ], [ -87.583306209603393, 41.787120467671699 ], [ -87.583306209603393, 41.786950606109798 ] ] ] } },
{ "type": "Feature", "properties": { "row": 33, "col": 33, "mostly_overlap": true, "overlap_ratio": 1.0, "type": "Land" }, "geometry": { "type": "Polygon", "coordinates": [ [ [ -87.583204292666238, 41.786950606109798 ], [ -87.583102375729098, 41.786950606109798 ], [ -87.583102375729098, 41.787120467671699 ], [ -87.583204292666238, 41.787120467671699 ], [ -87.583204292666238, 41.786950606109798 ] ] ] } },
{ "type": "Feature", "properties": { "row": 33, "col": 34, "mostly_overlap": true, "overlap_ratio": 0.8454, "type": "Land" }, "geometry": { "type": "Polygon", "coordinates": [ [ [ -87.583102375729098, 41.786950606109798 ], [ -87.583000458791957, 41.786950606109798 ], [ -87.583000458791957, 41.787120467671699 ], [ -87.583102375729098, 41.787120467671699 ], [ -87.583102375729098, 41.786950606109798 ] ] ] } },
{ "type": "Feature", "properties": { "row": 33, "col": 35, "mostly_overlap": true, "overlap_ratio": 0.541, "type": "Land" }, "geometry": { "type": "Polygon", "coordinates": [ [ [ -87.583000458791957, 41.786950606109798 ], [ -87.582898541854817, 41.786950606109798 ], [ -87.582898541854817, 41.787120467671699 ], [ -87.583000458791957, 41.787120467671699 ], [ -87.583000458791957, 41.786950606109798 ] ] ] } },
{ "type": "Feature", "properties": { "row": 33, "col": 36, "mostly_overlap": false, "overlap_ratio": 0.0683, "type": "Water" }, "geometry": { "type": "Polygon", "coordinates": [ [ [ -87.582898541854817, 41.786950606109798 ], [ -87.582796624917677, 41.786950606109798 ], [ -87.582796624917677, 41.787120467671699 ], [ -87.582898541854817, 41.787120467671699 ], [ -87.582898541854817, 41.786950606109798 ] ] ] } },
{ "type": "Feature", "properties": { "row": 33, "col": 37, "mostly_overlap": false, "overlap_ratio": 0.0, "type": "Water" }, "geometry": { "type": "Polygon", "coordinates": [ [ [ -87.582796624917677, 41.786950606109798 ], [ -87.582694707980536, 41.786950606109798 ], [ -87.582694707980536, 41.787120467671699 ], [ -87.582796624917677, 41.787120467671699 ], [ -87.582796624917677, 41.786950606109798 ] ] ] } },
{ "type": "Feature", "properties": { "row": 33, "col": 38, "mostly_overlap": false, "overlap_ratio": 0.0, "type": "Water" }, "geometry": { "type": "Polygon", "coordinates": [ [ [ -87.582694707980536, 41.786950606109798 ], [ -87.582592791043382, 41.786950606109798 ], [ -87.582592791043382, 41.787120467671699 ], [ -87.582694707980536, 41.787120467671699 ], [ -87.582694707980536, 41.786950606109798 ] ] ] } },
{ "type": "Feature", "properties": { "row": 33, "col": 39, "mostly_overlap": false, "overlap_ratio": 0.0, "type": "Water" }, "geometry": { "type": "Polygon", "coordinates": [ [ [ -87.582592791043382, 41.786950606109798 ], [ -87.582490874106242, 41.786950606109798 ], [ -87.582490874106242, 41.787120467671699 ], [ -87.582592791043382, 41.787120467671699 ], [ -87.582592791043382, 41.786950606109798 ] ] ] } },
{ "type": "Feature", "properties": { "row": 33, "col": 40, "mostly_overlap": false, "overlap_ratio": 0.0, "type": "Water" }, "geometry": { "type": "Polygon", "coordinates": [ [ [ -87.582490874106242, 41.786950606109798 ], [ -87.582388957169101, 41.786950606109798 ], [ -87.582388957169101, 41.787120467671699 ], [ -87.582490874106242, 41.787120467671699 ], [ -87.582490874106242, 41.786950606109798 ] ] ] } },
{ "type": "Feature", "properties": { "row": 34, "col": 1, "mostly_overlap": true, "overlap_ratio": 0.9753, "type": "Land" }, "geometry": { "type": "Polygon", "coordinates": [ [ [ -87.586465634654814, 41.787120467671699 ], [ -87.586363717717674, 41.787120467671699 ], [ -87.586363717717674, 41.787290329233606 ], [ -87.586465634654814, 41.787290329233606 ], [ -87.586465634654814, 41.787120467671699 ] ] ] } },
{ "type": "Feature", "properties": { "row": 34, "col": 2, "mostly_overlap": true, "overlap_ratio": 1.0, "type": "Land" }, "geometry": { "type": "Polygon", "coordinates": [ [ [ -87.586363717717674, 41.787120467671699 ], [ -87.586261800780534, 41.787120467671699 ], [ -87.586261800780534, 41.787290329233606 ], [ -87.586363717717674, 41.787290329233606 ], [ -87.586363717717674, 41.787120467671699 ] ] ] } },
{ "type": "Feature", "properties": { "row": 34, "col": 3, "mostly_overlap": true, "overlap_ratio": 1.0, "type": "Land" }, "geometry": { "type": "Polygon", "coordinates": [ [ [ -87.586261800780534, 41.787120467671699 ], [ -87.586159883843379, 41.787120467671699 ], [ -87.586159883843379, 41.787290329233606 ], [ -87.586261800780534, 41.787290329233606 ], [ -87.586261800780534, 41.787120467671699 ] ] ] } },
{ "type": "Feature", "properties": { "row": 34, "col": 4, "mostly_overlap": true, "overlap_ratio": 1.0, "type": "Land" }, "geometry": { "type": "Polygon", "coordinates": [ [ [ -87.586159883843379, 41.787120467671699 ], [ -87.586057966906239, 41.787120467671699 ], [ -87.586057966906239, 41.787290329233606 ], [ -87.586159883843379, 41.787290329233606 ], [ -87.586159883843379, 41.787120467671699 ] ] ] } },
{ "type": "Feature", "properties": { "row": 34, "col": 5, "mostly_overlap": true, "overlap_ratio": 1.0, "type": "Land" }, "geometry": { "type": "Polygon", "coordinates": [ [ [ -87.586057966906239, 41.787120467671699 ], [ -87.585956049969099, 41.787120467671699 ], [ -87.585956049969099, 41.787290329233606 ], [ -87.586057966906239, 41.787290329233606 ], [ -87.586057966906239, 41.787120467671699 ] ] ] } },
{ "type": "Feature", "properties": { "row": 34, "col": 6, "mostly_overlap": true, "overlap_ratio": 1.0, "type": "Land" }, "geometry": { "type": "Polygon", "coordinates": [ [ [ -87.585956049969099, 41.787120467671699 ], [ -87.585854133031958, 41.787120467671699 ], [ -87.585854133031958, 41.787290329233606 ], [ -87.585956049969099, 41.787290329233606 ], [ -87.585956049969099, 41.787120467671699 ] ] ] } },
{ "type": "Feature", "properties": { "row": 34, "col": 7, "mostly_overlap": true, "overlap_ratio": 1.0, "type": "Land" }, "geometry": { "type": "Polygon", "coordinates": [ [ [ -87.585854133031958, 41.787120467671699 ], [ -87.585752216094818, 41.787120467671699 ], [ -87.585752216094818, 41.787290329233606 ], [ -87.585854133031958, 41.787290329233606 ], [ -87.585854133031958, 41.787120467671699 ] ] ] } },
{ "type": "Feature", "properties": { "row": 34, "col": 8, "mostly_overlap": true, "overlap_ratio": 1.0, "type": "Land" }, "geometry": { "type": "Polygon", "coordinates": [ [ [ -87.585752216094818, 41.787120467671699 ], [ -87.585650299157678, 41.787120467671699 ], [ -87.585650299157678, 41.787290329233606 ], [ -87.585752216094818, 41.787290329233606 ], [ -87.585752216094818, 41.787120467671699 ] ] ] } },
{ "type": "Feature", "properties": { "row": 34, "col": 9, "mostly_overlap": true, "overlap_ratio": 1.0, "type": "Land" }, "geometry": { "type": "Polygon", "coordinates": [ [ [ -87.585650299157678, 41.787120467671699 ], [ -87.585548382220523, 41.787120467671699 ], [ -87.585548382220523, 41.787290329233606 ], [ -87.585650299157678, 41.787290329233606 ], [ -87.585650299157678, 41.787120467671699 ] ] ] } },
{ "type": "Feature", "properties": { "row": 34, "col": 10, "mostly_overlap": true, "overlap_ratio": 1.0, "type": "Land" }, "geometry": { "type": "Polygon", "coordinates": [ [ [ -87.585548382220523, 41.787120467671699 ], [ -87.585446465283383, 41.787120467671699 ], [ -87.585446465283383, 41.787290329233606 ], [ -87.585548382220523, 41.787290329233606 ], [ -87.585548382220523, 41.787120467671699 ] ] ] } },
{ "type": "Feature", "properties": { "row": 34, "col": 11, "mostly_overlap": true, "overlap_ratio": 1.0, "type": "Land" }, "geometry": { "type": "Polygon", "coordinates": [ [ [ -87.585446465283383, 41.787120467671699 ], [ -87.585344548346242, 41.787120467671699 ], [ -87.585344548346242, 41.787290329233606 ], [ -87.585446465283383, 41.787290329233606 ], [ -87.585446465283383, 41.787120467671699 ] ] ] } },
{ "type": "Feature", "properties": { "row": 34, "col": 12, "mostly_overlap": true, "overlap_ratio": 1.0, "type": "Land" }, "geometry": { "type": "Polygon", "coordinates": [ [ [ -87.585344548346242, 41.787120467671699 ], [ -87.585242631409102, 41.787120467671699 ], [ -87.585242631409102, 41.787290329233606 ], [ -87.585344548346242, 41.787290329233606 ], [ -87.585344548346242, 41.787120467671699 ] ] ] } },
{ "type": "Feature", "properties": { "row": 34, "col": 13, "mostly_overlap": true, "overlap_ratio": 1.0, "type": "Land" }, "geometry": { "type": "Polygon", "coordinates": [ [ [ -87.585242631409102, 41.787120467671699 ], [ -87.585140714471962, 41.787120467671699 ], [ -87.585140714471962, 41.787290329233606 ], [ -87.585242631409102, 41.787290329233606 ], [ -87.585242631409102, 41.787120467671699 ] ] ] } },
{ "type": "Feature", "properties": { "row": 34, "col": 14, "mostly_overlap": true, "overlap_ratio": 1.0, "type": "Land" }, "geometry": { "type": "Polygon", "coordinates": [ [ [ -87.585140714471962, 41.787120467671699 ], [ -87.585038797534821, 41.787120467671699 ], [ -87.585038797534821, 41.787290329233606 ], [ -87.585140714471962, 41.787290329233606 ], [ -87.585140714471962, 41.787120467671699 ] ] ] } },
{ "type": "Feature", "properties": { "row": 34, "col": 15, "mostly_overlap": true, "overlap_ratio": 1.0, "type": "Land" }, "geometry": { "type": "Polygon", "coordinates": [ [ [ -87.585038797534821, 41.787120467671699 ], [ -87.584936880597667, 41.787120467671699 ], [ -87.584936880597667, 41.787290329233606 ], [ -87.585038797534821, 41.787290329233606 ], [ -87.585038797534821, 41.787120467671699 ] ] ] } },
{ "type": "Feature", "properties": { "row": 34, "col": 16, "mostly_overlap": true, "overlap_ratio": 1.0, "type": "Land" }, "geometry": { "type": "Polygon", "coordinates": [ [ [ -87.584936880597667, 41.787120467671699 ], [ -87.584834963660526, 41.787120467671699 ], [ -87.584834963660526, 41.787290329233606 ], [ -87.584936880597667, 41.787290329233606 ], [ -87.584936880597667, 41.787120467671699 ] ] ] } },
{ "type": "Feature", "properties": { "row": 34, "col": 17, "mostly_overlap": true, "overlap_ratio": 1.0, "type": "Land" }, "geometry": { "type": "Polygon", "coordinates": [ [ [ -87.584834963660526, 41.787120467671699 ], [ -87.584733046723386, 41.787120467671699 ], [ -87.584733046723386, 41.787290329233606 ], [ -87.584834963660526, 41.787290329233606 ], [ -87.584834963660526, 41.787120467671699 ] ] ] } },
{ "type": "Feature", "properties": { "row": 34, "col": 18, "mostly_overlap": true, "overlap_ratio": 1.0, "type": "Land" }, "geometry": { "type": "Polygon", "coordinates": [ [ [ -87.584733046723386, 41.787120467671699 ], [ -87.584631129786246, 41.787120467671699 ], [ -87.584631129786246, 41.787290329233606 ], [ -87.584733046723386, 41.787290329233606 ], [ -87.584733046723386, 41.787120467671699 ] ] ] } },
{ "type": "Feature", "properties": { "row": 34, "col": 19, "mostly_overlap": false, "overlap_ratio": 0.321, "type": "Water" }, "geometry": { "type": "Polygon", "coordinates": [ [ [ -87.584631129786246, 41.787120467671699 ], [ -87.584529212849105, 41.787120467671699 ], [ -87.584529212849105, 41.787290329233606 ], [ -87.584631129786246, 41.787290329233606 ], [ -87.584631129786246, 41.787120467671699 ] ] ] } },
{ "type": "Feature", "properties": { "row": 34, "col": 20, "mostly_overlap": false, "overlap_ratio": 0.0, "type": "Water" }, "geometry": { "type": "Polygon", "coordinates": [ [ [ -87.584529212849105, 41.787120467671699 ], [ -87.584427295911965, 41.787120467671699 ], [ -87.584427295911965, 41.787290329233606 ], [ -87.584529212849105, 41.787290329233606 ], [ -87.584529212849105, 41.787120467671699 ] ] ] } },
{ "type": "Feature", "properties": { "row": 34, "col": 21, "mostly_overlap": false, "overlap_ratio": 0.0, "type": "Water" }, "geometry": { "type": "Polygon", "coordinates": [ [ [ -87.584427295911951, 41.787120467671699 ], [ -87.58432537897481, 41.787120467671699 ], [ -87.58432537897481, 41.787290329233606 ], [ -87.584427295911951, 41.787290329233606 ], [ -87.584427295911951, 41.787120467671699 ] ] ] } },
{ "type": "Feature", "properties": { "row": 34, "col": 22, "mostly_overlap": false, "overlap_ratio": 0.0, "type": "Water" }, "geometry": { "type": "Polygon", "coordinates": [ [ [ -87.58432537897481, 41.787120467671699 ], [ -87.58422346203767, 41.787120467671699 ], [ -87.58422346203767, 41.787290329233606 ], [ -87.58432537897481, 41.787290329233606 ], [ -87.58432537897481, 41.787120467671699 ] ] ] } },
{ "type": "Feature", "properties": { "row": 34, "col": 23, "mostly_overlap": false, "overlap_ratio": 0.0, "type": "Water" }, "geometry": { "type": "Polygon", "coordinates": [ [ [ -87.58422346203767, 41.787120467671699 ], [ -87.58412154510053, 41.787120467671699 ], [ -87.58412154510053, 41.787290329233606 ], [ -87.58422346203767, 41.787290329233606 ], [ -87.58422346203767, 41.787120467671699 ] ] ] } },
{ "type": "Feature", "properties": { "row": 34, "col": 24, "mostly_overlap": false, "overlap_ratio": 0.0, "type": "Water" }, "geometry": { "type": "Polygon", "coordinates": [ [ [ -87.58412154510053, 41.787120467671699 ], [ -87.584019628163389, 41.787120467671699 ], [ -87.584019628163389, 41.787290329233606 ], [ -87.58412154510053, 41.787290329233606 ], [ -87.58412154510053, 41.787120467671699 ] ] ] } },
{ "type": "Feature", "properties": { "row": 34, "col": 25, "mostly_overlap": false, "overlap_ratio": 0.0, "type": "Water" }, "geometry": { "type": "Polygon", "coordinates": [ [ [ -87.584019628163389, 41.787120467671699 ], [ -87.583917711226249, 41.787120467671699 ], [ -87.583917711226249, 41.787290329233606 ], [ -87.584019628163389, 41.787290329233606 ], [ -87.584019628163389, 41.787120467671699 ] ] ] } },
{ "type": "Feature", "properties": { "row": 34, "col": 26, "mostly_overlap": false, "overlap_ratio": 0.0, "type": "Water" }, "geometry": { "type": "Polygon", "coordinates": [ [ [ -87.583917711226249, 41.787120467671699 ], [ -87.583815794289094, 41.787120467671699 ], [ -87.583815794289094, 41.787290329233606 ], [ -87.583917711226249, 41.787290329233606 ], [ -87.583917711226249, 41.787120467671699 ] ] ] } },
{ "type": "Feature", "properties": { "row": 34, "col": 27, "mostly_overlap": false, "overlap_ratio": 0.0, "type": "Water" }, "geometry": { "type": "Polygon", "coordinates": [ [ [ -87.583815794289094, 41.787120467671699 ], [ -87.583713877351954, 41.787120467671699 ], [ -87.583713877351954, 41.787290329233606 ], [ -87.583815794289094, 41.787290329233606 ], [ -87.583815794289094, 41.787120467671699 ] ] ] } },
{ "type": "Feature", "properties": { "row": 34, "col": 28, "mostly_overlap": false, "overlap_ratio": 0.0, "type": "Water" }, "geometry": { "type": "Polygon", "coordinates": [ [ [ -87.583713877351954, 41.787120467671699 ], [ -87.583611960414814, 41.787120467671699 ], [ -87.583611960414814, 41.787290329233606 ], [ -87.583713877351954, 41.787290329233606 ], [ -87.583713877351954, 41.787120467671699 ] ] ] } },
{ "type": "Feature", "properties": { "row": 34, "col": 29, "mostly_overlap": false, "overlap_ratio": 0.4016, "type": "Water" }, "geometry": { "type": "Polygon", "coordinates": [ [ [ -87.583611960414814, 41.787120467671699 ], [ -87.583510043477673, 41.787120467671699 ], [ -87.583510043477673, 41.787290329233606 ], [ -87.583611960414814, 41.787290329233606 ], [ -87.583611960414814, 41.787120467671699 ] ] ] } },
{ "type": "Feature", "properties": { "row": 34, "col": 30, "mostly_overlap": true, "overlap_ratio": 1.0, "type": "Water" }, "geometry": { "type": "Polygon", "coordinates": [ [ [ -87.583510043477673, 41.787120467671699 ], [ -87.583408126540533, 41.787120467671699 ], [ -87.583408126540533, 41.787290329233606 ], [ -87.583510043477673, 41.787290329233606 ], [ -87.583510043477673, 41.787120467671699 ] ] ] } },
{ "type": "Feature", "properties": { "row": 34, "col": 31, "mostly_overlap": true, "overlap_ratio": 1.0, "type": "Water" }, "geometry": { "type": "Polygon", "coordinates": [ [ [ -87.583408126540533, 41.787120467671699 ], [ -87.583306209603393, 41.787120467671699 ], [ -87.583306209603393, 41.787290329233606 ], [ -87.583408126540533, 41.787290329233606 ], [ -87.583408126540533, 41.787120467671699 ] ] ] } },
{ "type": "Feature", "properties": { "row": 34, "col": 32, "mostly_overlap": true, "overlap_ratio": 0.9408, "type": "Water" }, "geometry": { "type": "Polygon", "coordinates": [ [ [ -87.583306209603393, 41.787120467671699 ], [ -87.583204292666238, 41.787120467671699 ], [ -87.583204292666238, 41.787290329233606 ], [ -87.583306209603393, 41.787290329233606 ], [ -87.583306209603393, 41.787120467671699 ] ] ] } },
{ "type": "Feature", "properties": { "row": 34, "col": 33, "mostly_overlap": false, "overlap_ratio": 0.3959, "type": "Water" }, "geometry": { "type": "Polygon", "coordinates": [ [ [ -87.583204292666238, 41.787120467671699 ], [ -87.583102375729098, 41.787120467671699 ], [ -87.583102375729098, 41.787290329233606 ], [ -87.583204292666238, 41.787290329233606 ], [ -87.583204292666238, 41.787120467671699 ] ] ] } },
{ "type": "Feature", "properties": { "row": 34, "col": 34, "mostly_overlap": false, "overlap_ratio": 0.0008, "type": "Water" }, "geometry": { "type": "Polygon", "coordinates": [ [ [ -87.583102375729098, 41.787120467671699 ], [ -87.583000458791957, 41.787120467671699 ], [ -87.583000458791957, 41.787290329233606 ], [ -87.583102375729098, 41.787290329233606 ], [ -87.583102375729098, 41.787120467671699 ] ] ] } },
{ "type": "Feature", "properties": { "row": 34, "col": 35, "mostly_overlap": false, "overlap_ratio": 0.0, "type": "Water" }, "geometry": { "type": "Polygon", "coordinates": [ [ [ -87.583000458791957, 41.787120467671699 ], [ -87.582898541854817, 41.787120467671699 ], [ -87.582898541854817, 41.787290329233606 ], [ -87.583000458791957, 41.787290329233606 ], [ -87.583000458791957, 41.787120467671699 ] ] ] } },
{ "type": "Feature", "properties": { "row": 34, "col": 36, "mostly_overlap": false, "overlap_ratio": 0.0, "type": "Water" }, "geometry": { "type": "Polygon", "coordinates": [ [ [ -87.582898541854817, 41.787120467671699 ], [ -87.582796624917677, 41.787120467671699 ], [ -87.582796624917677, 41.787290329233606 ], [ -87.582898541854817, 41.787290329233606 ], [ -87.582898541854817, 41.787120467671699 ] ] ] } },
{ "type": "Feature", "properties": { "row": 34, "col": 37, "mostly_overlap": false, "overlap_ratio": 0.0, "type": "Water" }, "geometry": { "type": "Polygon", "coordinates": [ [ [ -87.582796624917677, 41.787120467671699 ], [ -87.582694707980536, 41.787120467671699 ], [ -87.582694707980536, 41.787290329233606 ], [ -87.582796624917677, 41.787290329233606 ], [ -87.582796624917677, 41.787120467671699 ] ] ] } },
{ "type": "Feature", "properties": { "row": 34, "col": 38, "mostly_overlap": false, "overlap_ratio": 0.0, "type": "Water" }, "geometry": { "type": "Polygon", "coordinates": [ [ [ -87.582694707980536, 41.787120467671699 ], [ -87.582592791043382, 41.787120467671699 ], [ -87.582592791043382, 41.787290329233606 ], [ -87.582694707980536, 41.787290329233606 ], [ -87.582694707980536, 41.787120467671699 ] ] ] } },
{ "type": "Feature", "properties": { "row": 34, "col": 39, "mostly_overlap": false, "overlap_ratio": 0.0, "type": "Water" }, "geometry": { "type": "Polygon", "coordinates": [ [ [ -87.582592791043382, 41.787120467671699 ], [ -87.582490874106242, 41.787120467671699 ], [ -87.582490874106242, 41.787290329233606 ], [ -87.582592791043382, 41.787290329233606 ], [ -87.582592791043382, 41.787120467671699 ] ] ] } },
{ "type": "Feature", "properties": { "row": 34, "col": 40, "mostly_overlap": false, "overlap_ratio": 0.0, "type": "Water" }, "geometry": { "type": "Polygon", "coordinates": [ [ [ -87.582490874106242, 41.787120467671699 ], [ -87.582388957169101, 41.787120467671699 ], [ -87.582388957169101, 41.787290329233606 ], [ -87.582490874106242, 41.787290329233606 ], [ -87.582490874106242, 41.787120467671699 ] ] ] } }
]
}
