{
"type": "FeatureCollection",
"name": "virginiaclass_submarine_2",
"crs": { "type": "name", "properties": { "name": "urn:ogc:def:crs:OGC:1.3:CRS84" } },
"features": [
{ "type": "Feature", "properties": { "row": 1, "col": 1, "mostly_overlap": false, "overlap_ratio": 0.0 }, "geometry": { "type": "Polygon", "coordinates": [ [ [ -58.952988733446929, 38.269673518971523 ], [ -58.952988733446929, 38.314464220403863 ], [ -59.02763990250083, 38.314464220403863 ], [ -59.02763990250083, 38.269673518971523 ], [ -58.952988733446929, 38.269673518971523 ] ] ] } },
{ "type": "Feature", "properties": { "row": 1, "col": 2, "mostly_overlap": false, "overlap_ratio": 0.0 }, "geometry": { "type": "Polygon", "coordinates": [ [ [ -58.952988733446929, 38.314464220403863 ], [ -58.952988733446929, 38.359254921836197 ], [ -59.02763990250083, 38.359254921836197 ], [ -59.02763990250083, 38.314464220403863 ], [ -58.952988733446929, 38.314464220403863 ] ] ] } },
{ "type": "Feature", "properties": { "row": 1, "col": 3, "mostly_overlap": false, "overlap_ratio": 0.0 }, "geometry": { "type": "Polygon", "coordinates": [ [ [ -58.952988733446929, 38.359254921836197 ], [ -58.952988733446929, 38.404045623268537 ], [ -59.02763990250083, 38.404045623268537 ], [ -59.02763990250083, 38.359254921836197 ], [ -58.952988733446929, 38.359254921836197 ] ] ] } },
{ "type": "Feature", "properties": { "row": 1, "col": 4, "mostly_overlap": false, "overlap_ratio": 0.3787 }, "geometry": { "type": "Polygon", "coordinates": [ [ [ -58.952988733446929, 38.404045623268537 ], [ -58.952988733446929, 38.448836324700878 ], [ -59.02763990250083, 38.448836324700878 ], [ -59.02763990250083, 38.404045623268537 ], [ -58.952988733446929, 38.404045623268537 ] ] ] } },
{ "type": "Feature", "properties": { "row": 1, "col": 5, "mostly_overlap": true, "overlap_ratio": 0.924 }, "geometry": { "type": "Polygon", "coordinates": [ [ [ -58.952988733446929, 38.448836324700878 ], [ -58.952988733446929, 38.493627026133218 ], [ -59.02763990250083, 38.493627026133218 ], [ -59.02763990250083, 38.448836324700878 ], [ -58.952988733446929, 38.448836324700878 ] ] ] } },
{ "type": "Feature", "properties": { "row": 1, "col": 6, "mostly_overlap": true, "overlap_ratio": 0.9951 }, "geometry": { "type": "Polygon", "coordinates": [ [ [ -58.952988733446929, 38.493627026133218 ], [ -58.952988733446929, 38.538417727565552 ], [ -59.02763990250083, 38.538417727565552 ], [ -59.02763990250083, 38.493627026133218 ], [ -58.952988733446929, 38.493627026133218 ] ] ] } },
{ "type": "Feature", "properties": { "row": 1, "col": 7, "mostly_overlap": true, "overlap_ratio": 0.8217 }, "geometry": { "type": "Polygon", "coordinates": [ [ [ -58.952988733446929, 38.538417727565552 ], [ -58.952988733446929, 38.583208428997892 ], [ -59.02763990250083, 38.583208428997892 ], [ -59.02763990250083, 38.538417727565552 ], [ -58.952988733446929, 38.538417727565552 ] ] ] } },
{ "type": "Feature", "properties": { "row": 1, "col": 8, "mostly_overlap": false, "overlap_ratio": 0.176 }, "geometry": { "type": "Polygon", "coordinates": [ [ [ -58.952988733446929, 38.583208428997892 ], [ -58.952988733446929, 38.627999130430233 ], [ -59.02763990250083, 38.627999130430233 ], [ -59.02763990250083, 38.583208428997892 ], [ -58.952988733446929, 38.583208428997892 ] ] ] } },
{ "type": "Feature", "properties": { "row": 1, "col": 9, "mostly_overlap": false, "overlap_ratio": 0.0 }, "geometry": { "type": "Polygon", "coordinates": [ [ [ -58.952988733446929, 38.627999130430233 ], [ -58.952988733446929, 38.672789831862573 ], [ -59.02763990250083, 38.672789831862573 ], [ -59.02763990250083, 38.627999130430233 ], [ -58.952988733446929, 38.627999130430233 ] ] ] } },
{ "type": "Feature", "properties": { "row": 1, "col": 10, "mostly_overlap": false, "overlap_ratio": 0.0 }, "geometry": { "type": "Polygon", "coordinates": [ [ [ -58.952988733446929, 38.672789831862573 ], [ -58.952988733446929, 38.717580533294907 ], [ -59.02763990250083, 38.717580533294907 ], [ -59.02763990250083, 38.672789831862573 ], [ -58.952988733446929, 38.672789831862573 ] ] ] } },
{ "type": "Feature", "properties": { "row": 1, "col": 11, "mostly_overlap": false, "overlap_ratio": 0.0 }, "geometry": { "type": "Polygon", "coordinates": [ [ [ -58.952988733446929, 38.717580533294907 ], [ -58.952988733446929, 38.762371234727247 ], [ -59.02763990250083, 38.762371234727247 ], [ -59.02763990250083, 38.717580533294907 ], [ -58.952988733446929, 38.717580533294907 ] ] ] } },
{ "type": "Feature", "properties": { "row": 1, "col": 12, "mostly_overlap": false, "overlap_ratio": 0.0 }, "geometry": { "type": "Polygon", "coordinates": [ [ [ -58.952988733446929, 38.762371234727247 ], [ -58.952988733446929, 38.807161936159588 ], [ -59.02763990250083, 38.807161936159588 ], [ -59.02763990250083, 38.762371234727247 ], [ -58.952988733446929, 38.762371234727247 ] ] ] } },
{ "type": "Feature", "properties": { "row": 1, "col": 13, "mostly_overlap": false, "overlap_ratio": 0.0 }, "geometry": { "type": "Polygon", "coordinates": [ [ [ -58.952988733446929, 38.807161936159588 ], [ -58.952988733446929, 38.851952637591928 ], [ -59.02763990250083, 38.851952637591928 ], [ -59.02763990250083, 38.807161936159588 ], [ -58.952988733446929, 38.807161936159588 ] ] ] } },
{ "type": "Feature", "properties": { "row": 1, "col": 14, "mostly_overlap": false, "overlap_ratio": 0.0 }, "geometry": { "type": "Polygon", "coordinates": [ [ [ -58.952988733446929, 38.851952637591928 ], [ -58.952988733446929, 38.896743339024269 ], [ -59.02763990250083, 38.896743339024269 ], [ -59.02763990250083, 38.851952637591928 ], [ -58.952988733446929, 38.851952637591928 ] ] ] } },
{ "type": "Feature", "properties": { "row": 1, "col": 15, "mostly_overlap": false, "overlap_ratio": 0.0 }, "geometry": { "type": "Polygon", "coordinates": [ [ [ -58.952988733446929, 38.896743339024269 ], [ -58.952988733446929, 38.941534040456602 ], [ -59.02763990250083, 38.941534040456602 ], [ -59.02763990250083, 38.896743339024269 ], [ -58.952988733446929, 38.896743339024269 ] ] ] } },
{ "type": "Feature", "properties": { "row": 1, "col": 16, "mostly_overlap": false, "overlap_ratio": 0.0 }, "geometry": { "type": "Polygon", "coordinates": [ [ [ -58.952988733446929, 38.941534040456602 ], [ -58.952988733446929, 38.986324741888943 ], [ -59.02763990250083, 38.986324741888943 ], [ -59.02763990250083, 38.941534040456602 ], [ -58.952988733446929, 38.941534040456602 ] ] ] } },
{ "type": "Feature", "properties": { "row": 1, "col": 17, "mostly_overlap": false, "overlap_ratio": 0.0 }, "geometry": { "type": "Polygon", "coordinates": [ [ [ -58.952988733446929, 38.986324741888943 ], [ -58.952988733446929, 39.031115443321283 ], [ -59.02763990250083, 39.031115443321283 ], [ -59.02763990250083, 38.986324741888943 ], [ -58.952988733446929, 38.986324741888943 ] ] ] } },
{ "type": "Feature", "properties": { "row": 1, "col": 18, "mostly_overlap": false, "overlap_ratio": 0.0 }, "geometry": { "type": "Polygon", "coordinates": [ [ [ -58.952988733446929, 39.031115443321283 ], [ -58.952988733446929, 39.075906144753617 ], [ -59.02763990250083, 39.075906144753617 ], [ -59.02763990250083, 39.031115443321283 ], [ -58.952988733446929, 39.031115443321283 ] ] ] } },
{ "type": "Feature", "properties": { "row": 1, "col": 19, "mostly_overlap": false, "overlap_ratio": 0.0 }, "geometry": { "type": "Polygon", "coordinates": [ [ [ -58.952988733446929, 39.075906144753617 ], [ -58.952988733446929, 39.120696846185957 ], [ -59.02763990250083, 39.120696846185957 ], [ -59.02763990250083, 39.075906144753617 ], [ -58.952988733446929, 39.075906144753617 ] ] ] } },
{ "type": "Feature", "properties": { "row": 1, "col": 20, "mostly_overlap": false, "overlap_ratio": 0.0 }, "geometry": { "type": "Polygon", "coordinates": [ [ [ -58.952988733446929, 39.120696846185957 ], [ -58.952988733446929, 39.165487547618298 ], [ -59.02763990250083, 39.165487547618298 ], [ -59.02763990250083, 39.120696846185957 ], [ -58.952988733446929, 39.120696846185957 ] ] ] } },
{ "type": "Feature", "properties": { "row": 2, "col": 1, "mostly_overlap": false, "overlap_ratio": 0.0 }, "geometry": { "type": "Polygon", "coordinates": [ [ [ -59.02763990250083, 38.269673518971523 ], [ -59.02763990250083, 38.314464220403863 ], [ -59.102291071554724, 38.314464220403863 ], [ -59.102291071554724, 38.269673518971523 ], [ -59.02763990250083, 38.269673518971523 ] ] ] } },
{ "type": "Feature", "properties": { "row": 2, "col": 2, "mostly_overlap": false, "overlap_ratio": 0.0 }, "geometry": { "type": "Polygon", "coordinates": [ [ [ -59.02763990250083, 38.314464220403863 ], [ -59.02763990250083, 38.359254921836197 ], [ -59.102291071554724, 38.359254921836197 ], [ -59.102291071554724, 38.314464220403863 ], [ -59.02763990250083, 38.314464220403863 ] ] ] } },
{ "type": "Feature", "properties": { "row": 2, "col": 3, "mostly_overlap": false, "overlap_ratio": 0.4114 }, "geometry": { "type": "Polygon", "coordinates": [ [ [ -59.02763990250083, 38.359254921836197 ], [ -59.02763990250083, 38.404045623268537 ], [ -59.102291071554724, 38.404045623268537 ], [ -59.102291071554724, 38.359254921836197 ], [ -59.02763990250083, 38.359254921836197 ] ] ] } },
{ "type": "Feature", "properties": { "row": 2, "col": 4, "mostly_overlap": true, "overlap_ratio": 0.9977 }, "geometry": { "type": "Polygon", "coordinates": [ [ [ -59.02763990250083, 38.404045623268537 ], [ -59.02763990250083, 38.448836324700878 ], [ -59.102291071554724, 38.448836324700878 ], [ -59.102291071554724, 38.404045623268537 ], [ -59.02763990250083, 38.404045623268537 ] ] ] } },
{ "type": "Feature", "properties": { "row": 2, "col": 5, "mostly_overlap": true, "overlap_ratio": 1.0 }, "geometry": { "type": "Polygon", "coordinates": [ [ [ -59.02763990250083, 38.448836324700878 ], [ -59.02763990250083, 38.493627026133218 ], [ -59.102291071554724, 38.493627026133218 ], [ -59.102291071554724, 38.448836324700878 ], [ -59.02763990250083, 38.448836324700878 ] ] ] } },
{ "type": "Feature", "properties": { "row": 2, "col": 6, "mostly_overlap": true, "overlap_ratio": 1.0 }, "geometry": { "type": "Polygon", "coordinates": [ [ [ -59.02763990250083, 38.493627026133218 ], [ -59.02763990250083, 38.538417727565552 ], [ -59.102291071554724, 38.538417727565552 ], [ -59.102291071554724, 38.493627026133218 ], [ -59.02763990250083, 38.493627026133218 ] ] ] } },
{ "type": "Feature", "properties": { "row": 2, "col": 7, "mostly_overlap": true, "overlap_ratio": 1.0 }, "geometry": { "type": "Polygon", "coordinates": [ [ [ -59.02763990250083, 38.538417727565552 ], [ -59.02763990250083, 38.583208428997892 ], [ -59.102291071554724, 38.583208428997892 ], [ -59.102291071554724, 38.538417727565552 ], [ -59.02763990250083, 38.538417727565552 ] ] ] } },
{ "type": "Feature", "properties": { "row": 2, "col": 8, "mostly_overlap": true, "overlap_ratio": 0.95 }, "geometry": { "type": "Polygon", "coordinates": [ [ [ -59.02763990250083, 38.583208428997892 ], [ -59.02763990250083, 38.627999130430233 ], [ -59.102291071554724, 38.627999130430233 ], [ -59.102291071554724, 38.583208428997892 ], [ -59.02763990250083, 38.583208428997892 ] ] ] } },
{ "type": "Feature", "properties": { "row": 2, "col": 9, "mostly_overlap": false, "overlap_ratio": 0.1597 }, "geometry": { "type": "Polygon", "coordinates": [ [ [ -59.02763990250083, 38.627999130430233 ], [ -59.02763990250083, 38.672789831862573 ], [ -59.102291071554724, 38.672789831862573 ], [ -59.102291071554724, 38.627999130430233 ], [ -59.02763990250083, 38.627999130430233 ] ] ] } },
{ "type": "Feature", "properties": { "row": 2, "col": 10, "mostly_overlap": false, "overlap_ratio": 0.0 }, "geometry": { "type": "Polygon", "coordinates": [ [ [ -59.02763990250083, 38.672789831862573 ], [ -59.02763990250083, 38.717580533294907 ], [ -59.102291071554724, 38.717580533294907 ], [ -59.102291071554724, 38.672789831862573 ], [ -59.02763990250083, 38.672789831862573 ] ] ] } },
{ "type": "Feature", "properties": { "row": 2, "col": 11, "mostly_overlap": false, "overlap_ratio": 0.0 }, "geometry": { "type": "Polygon", "coordinates": [ [ [ -59.02763990250083, 38.717580533294907 ], [ -59.02763990250083, 38.762371234727247 ], [ -59.102291071554724, 38.762371234727247 ], [ -59.102291071554724, 38.717580533294907 ], [ -59.02763990250083, 38.717580533294907 ] ] ] } },
{ "type": "Feature", "properties": { "row": 2, "col": 12, "mostly_overlap": false, "overlap_ratio": 0.0 }, "geometry": { "type": "Polygon", "coordinates": [ [ [ -59.02763990250083, 38.762371234727247 ], [ -59.02763990250083, 38.807161936159588 ], [ -59.102291071554724, 38.807161936159588 ], [ -59.102291071554724, 38.762371234727247 ], [ -59.02763990250083, 38.762371234727247 ] ] ] } },
{ "type": "Feature", "properties": { "row": 2, "col": 13, "mostly_overlap": false, "overlap_ratio": 0.0 }, "geometry": { "type": "Polygon", "coordinates": [ [ [ -59.02763990250083, 38.807161936159588 ], [ -59.02763990250083, 38.851952637591928 ], [ -59.102291071554724, 38.851952637591928 ], [ -59.102291071554724, 38.807161936159588 ], [ -59.02763990250083, 38.807161936159588 ] ] ] } },
{ "type": "Feature", "properties": { "row": 2, "col": 14, "mostly_overlap": false, "overlap_ratio": 0.0 }, "geometry": { "type": "Polygon", "coordinates": [ [ [ -59.02763990250083, 38.851952637591928 ], [ -59.02763990250083, 38.896743339024269 ], [ -59.102291071554724, 38.896743339024269 ], [ -59.102291071554724, 38.851952637591928 ], [ -59.02763990250083, 38.851952637591928 ] ] ] } },
{ "type": "Feature", "properties": { "row": 2, "col": 15, "mostly_overlap": false, "overlap_ratio": 0.0 }, "geometry": { "type": "Polygon", "coordinates": [ [ [ -59.02763990250083, 38.896743339024269 ], [ -59.02763990250083, 38.941534040456602 ], [ -59.102291071554724, 38.941534040456602 ], [ -59.102291071554724, 38.896743339024269 ], [ -59.02763990250083, 38.896743339024269 ] ] ] } },
{ "type": "Feature", "properties": { "row": 2, "col": 16, "mostly_overlap": false, "overlap_ratio": 0.0 }, "geometry": { "type": "Polygon", "coordinates": [ [ [ -59.02763990250083, 38.941534040456602 ], [ -59.02763990250083, 38.986324741888943 ], [ -59.102291071554724, 38.986324741888943 ], [ -59.102291071554724, 38.941534040456602 ], [ -59.02763990250083, 38.941534040456602 ] ] ] } },
{ "type": "Feature", "properties": { "row": 2, "col": 17, "mostly_overlap": false, "overlap_ratio": 0.0 }, "geometry": { "type": "Polygon", "coordinates": [ [ [ -59.02763990250083, 38.986324741888943 ], [ -59.02763990250083, 39.031115443321283 ], [ -59.102291071554724, 39.031115443321283 ], [ -59.102291071554724, 38.986324741888943 ], [ -59.02763990250083, 38.986324741888943 ] ] ] } },
{ "type": "Feature", "properties": { "row": 2, "col": 18, "mostly_overlap": false, "overlap_ratio": 0.0 }, "geometry": { "type": "Polygon", "coordinates": [ [ [ -59.02763990250083, 39.031115443321283 ], [ -59.02763990250083, 39.075906144753617 ], [ -59.102291071554724, 39.075906144753617 ], [ -59.102291071554724, 39.031115443321283 ], [ -59.02763990250083, 39.031115443321283 ] ] ] } },
{ "type": "Feature", "properties": { "row": 2, "col": 19, "mostly_overlap": false, "overlap_ratio": 0.0 }, "geometry": { "type": "Polygon", "coordinates": [ [ [ -59.02763990250083, 39.075906144753617 ], [ -59.02763990250083, 39.120696846185957 ], [ -59.102291071554724, 39.120696846185957 ], [ -59.102291071554724, 39.075906144753617 ], [ -59.02763990250083, 39.075906144753617 ] ] ] } },
{ "type": "Feature", "properties": { "row": 2, "col": 20, "mostly_overlap": false, "overlap_ratio": 0.0 }, "geometry": { "type": "Polygon", "coordinates": [ [ [ -59.02763990250083, 39.120696846185957 ], [ -59.02763990250083, 39.165487547618298 ], [ -59.102291071554724, 39.165487547618298 ], [ -59.102291071554724, 39.120696846185957 ], [ -59.02763990250083, 39.120696846185957 ] ] ] } },
{ "type": "Feature", "properties": { "row": 3, "col": 1, "mostly_overlap": false, "overlap_ratio": 0.0 }, "geometry": { "type": "Polygon", "coordinates": [ [ [ -59.102291071554724, 38.269673518971523 ], [ -59.102291071554724, 38.314464220403863 ], [ -59.176942240608625, 38.314464220403863 ], [ -59.176942240608625, 38.269673518971523 ], [ -59.102291071554724, 38.269673518971523 ] ] ] } },
{ "type": "Feature", "properties": { "row": 3, "col": 2, "mostly_overlap": false, "overlap_ratio": 0.0949 }, "geometry": { "type": "Polygon", "coordinates": [ [ [ -59.102291071554724, 38.314464220403863 ], [ -59.102291071554724, 38.359254921836197 ], [ -59.176942240608625, 38.359254921836197 ], [ -59.176942240608625, 38.314464220403863 ], [ -59.102291071554724, 38.314464220403863 ] ] ] } },
{ "type": "Feature", "properties": { "row": 3, "col": 3, "mostly_overlap": true, "overlap_ratio": 0.9674 }, "geometry": { "type": "Polygon", "coordinates": [ [ [ -59.102291071554724, 38.359254921836197 ], [ -59.102291071554724, 38.404045623268537 ], [ -59.176942240608625, 38.404045623268537 ], [ -59.176942240608625, 38.359254921836197 ], [ -59.102291071554724, 38.359254921836197 ] ] ] } },
{ "type": "Feature", "properties": { "row": 3, "col": 4, "mostly_overlap": true, "overlap_ratio": 1.0 }, "geometry": { "type": "Polygon", "coordinates": [ [ [ -59.102291071554724, 38.404045623268537 ], [ -59.102291071554724, 38.448836324700878 ], [ -59.176942240608625, 38.448836324700878 ], [ -59.176942240608625, 38.404045623268537 ], [ -59.102291071554724, 38.404045623268537 ] ] ] } },
{ "type": "Feature", "properties": { "row": 3, "col": 5, "mostly_overlap": true, "overlap_ratio": 1.0 }, "geometry": { "type": "Polygon", "coordinates": [ [ [ -59.102291071554724, 38.448836324700878 ], [ -59.102291071554724, 38.493627026133218 ], [ -59.176942240608625, 38.493627026133218 ], [ -59.176942240608625, 38.448836324700878 ], [ -59.102291071554724, 38.448836324700878 ] ] ] } },
{ "type": "Feature", "properties": { "row": 3, "col": 6, "mostly_overlap": true, "overlap_ratio": 1.0 }, "geometry": { "type": "Polygon", "coordinates": [ [ [ -59.102291071554724, 38.493627026133218 ], [ -59.102291071554724, 38.538417727565552 ], [ -59.176942240608625, 38.538417727565552 ], [ -59.176942240608625, 38.493627026133218 ], [ -59.102291071554724, 38.493627026133218 ] ] ] } },
{ "type": "Feature", "properties": { "row": 3, "col": 7, "mostly_overlap": true, "overlap_ratio": 1.0 }, "geometry": { "type": "Polygon", "coordinates": [ [ [ -59.102291071554724, 38.538417727565552 ], [ -59.102291071554724, 38.583208428997892 ], [ -59.176942240608625, 38.583208428997892 ], [ -59.176942240608625, 38.538417727565552 ], [ -59.102291071554724, 38.538417727565552 ] ] ] } },
{ "type": "Feature", "properties": { "row": 3, "col": 8, "mostly_overlap": true, "overlap_ratio": 1.0 }, "geometry": { "type": "Polygon", "coordinates": [ [ [ -59.102291071554724, 38.583208428997892 ], [ -59.102291071554724, 38.627999130430233 ], [ -59.176942240608625, 38.627999130430233 ], [ -59.176942240608625, 38.583208428997892 ], [ -59.102291071554724, 38.583208428997892 ] ] ] } },
{ "type": "Feature", "properties": { "row": 3, "col": 9, "mostly_overlap": true, "overlap_ratio": 0.7812 }, "geometry": { "type": "Polygon", "coordinates": [ [ [ -59.102291071554724, 38.627999130430233 ], [ -59.102291071554724, 38.672789831862573 ], [ -59.176942240608625, 38.672789831862573 ], [ -59.176942240608625, 38.627999130430233 ], [ -59.102291071554724, 38.627999130430233 ] ] ] } },
{ "type": "Feature", "properties": { "row": 3, "col": 10, "mostly_overlap": false, "overlap_ratio": 0.0 }, "geometry": { "type": "Polygon", "coordinates": [ [ [ -59.102291071554724, 38.672789831862573 ], [ -59.102291071554724, 38.717580533294907 ], [ -59.176942240608625, 38.717580533294907 ], [ -59.176942240608625, 38.672789831862573 ], [ -59.102291071554724, 38.672789831862573 ] ] ] } },
{ "type": "Feature", "properties": { "row": 3, "col": 11, "mostly_overlap": false, "overlap_ratio": 0.0 }, "geometry": { "type": "Polygon", "coordinates": [ [ [ -59.102291071554724, 38.717580533294907 ], [ -59.102291071554724, 38.762371234727247 ], [ -59.176942240608625, 38.762371234727247 ], [ -59.176942240608625, 38.717580533294907 ], [ -59.102291071554724, 38.717580533294907 ] ] ] } },
{ "type": "Feature", "properties": { "row": 3, "col": 12, "mostly_overlap": false, "overlap_ratio": 0.0 }, "geometry": { "type": "Polygon", "coordinates": [ [ [ -59.102291071554724, 38.762371234727247 ], [ -59.102291071554724, 38.807161936159588 ], [ -59.176942240608625, 38.807161936159588 ], [ -59.176942240608625, 38.762371234727247 ], [ -59.102291071554724, 38.762371234727247 ] ] ] } },
{ "type": "Feature", "properties": { "row": 3, "col": 13, "mostly_overlap": false, "overlap_ratio": 0.0 }, "geometry": { "type": "Polygon", "coordinates": [ [ [ -59.102291071554724, 38.807161936159588 ], [ -59.102291071554724, 38.851952637591928 ], [ -59.176942240608625, 38.851952637591928 ], [ -59.176942240608625, 38.807161936159588 ], [ -59.102291071554724, 38.807161936159588 ] ] ] } },
{ "type": "Feature", "properties": { "row": 3, "col": 14, "mostly_overlap": false, "overlap_ratio": 0.0 }, "geometry": { "type": "Polygon", "coordinates": [ [ [ -59.102291071554724, 38.851952637591928 ], [ -59.102291071554724, 38.896743339024269 ], [ -59.176942240608625, 38.896743339024269 ], [ -59.176942240608625, 38.851952637591928 ], [ -59.102291071554724, 38.851952637591928 ] ] ] } },
{ "type": "Feature", "properties": { "row": 3, "col": 15, "mostly_overlap": false, "overlap_ratio": 0.0 }, "geometry": { "type": "Polygon", "coordinates": [ [ [ -59.102291071554724, 38.896743339024269 ], [ -59.102291071554724, 38.941534040456602 ], [ -59.176942240608625, 38.941534040456602 ], [ -59.176942240608625, 38.896743339024269 ], [ -59.102291071554724, 38.896743339024269 ] ] ] } },
{ "type": "Feature", "properties": { "row": 3, "col": 16, "mostly_overlap": false, "overlap_ratio": 0.0 }, "geometry": { "type": "Polygon", "coordinates": [ [ [ -59.102291071554724, 38.941534040456602 ], [ -59.102291071554724, 38.986324741888943 ], [ -59.176942240608625, 38.986324741888943 ], [ -59.176942240608625, 38.941534040456602 ], [ -59.102291071554724, 38.941534040456602 ] ] ] } },
{ "type": "Feature", "properties": { "row": 3, "col": 17, "mostly_overlap": false, "overlap_ratio": 0.0 }, "geometry": { "type": "Polygon", "coordinates": [ [ [ -59.102291071554724, 38.986324741888943 ], [ -59.102291071554724, 39.031115443321283 ], [ -59.176942240608625, 39.031115443321283 ], [ -59.176942240608625, 38.986324741888943 ], [ -59.102291071554724, 38.986324741888943 ] ] ] } },
{ "type": "Feature", "properties": { "row": 3, "col": 18, "mostly_overlap": false, "overlap_ratio": 0.0 }, "geometry": { "type": "Polygon", "coordinates": [ [ [ -59.102291071554724, 39.031115443321283 ], [ -59.102291071554724, 39.075906144753617 ], [ -59.176942240608625, 39.075906144753617 ], [ -59.176942240608625, 39.031115443321283 ], [ -59.102291071554724, 39.031115443321283 ] ] ] } },
{ "type": "Feature", "properties": { "row": 3, "col": 19, "mostly_overlap": false, "overlap_ratio": 0.0 }, "geometry": { "type": "Polygon", "coordinates": [ [ [ -59.102291071554724, 39.075906144753617 ], [ -59.102291071554724, 39.120696846185957 ], [ -59.176942240608625, 39.120696846185957 ], [ -59.176942240608625, 39.075906144753617 ], [ -59.102291071554724, 39.075906144753617 ] ] ] } },
{ "type": "Feature", "properties": { "row": 3, "col": 20, "mostly_overlap": false, "overlap_ratio": 0.0 }, "geometry": { "type": "Polygon", "coordinates": [ [ [ -59.102291071554724, 39.120696846185957 ], [ -59.102291071554724, 39.165487547618298 ], [ -59.176942240608625, 39.165487547618298 ], [ -59.176942240608625, 39.120696846185957 ], [ -59.102291071554724, 39.120696846185957 ] ] ] } },
{ "type": "Feature", "properties": { "row": 4, "col": 1, "mostly_overlap": false, "overlap_ratio": 0.0 }, "geometry": { "type": "Polygon", "coordinates": [ [ [ -59.176942240608625, 38.269673518971523 ], [ -59.176942240608625, 38.314464220403863 ], [ -59.251593409662519, 38.314464220403863 ], [ -59.251593409662519, 38.269673518971523 ], [ -59.176942240608625, 38.269673518971523 ] ] ] } },
{ "type": "Feature", "properties": { "row": 4, "col": 2, "mostly_overlap": true, "overlap_ratio": 0.5349 }, "geometry": { "type": "Polygon", "coordinates": [ [ [ -59.176942240608625, 38.314464220403863 ], [ -59.176942240608625, 38.359254921836197 ], [ -59.251593409662519, 38.359254921836197 ], [ -59.251593409662519, 38.314464220403863 ], [ -59.176942240608625, 38.314464220403863 ] ] ] } },
{ "type": "Feature", "properties": { "row": 4, "col": 3, "mostly_overlap": true, "overlap_ratio": 1.0 }, "geometry": { "type": "Polygon", "coordinates": [ [ [ -59.176942240608625, 38.359254921836197 ], [ -59.176942240608625, 38.404045623268537 ], [ -59.251593409662519, 38.404045623268537 ], [ -59.251593409662519, 38.359254921836197 ], [ -59.176942240608625, 38.359254921836197 ] ] ] } },
{ "type": "Feature", "properties": { "row": 4, "col": 4, "mostly_overlap": true, "overlap_ratio": 1.0 }, "geometry": { "type": "Polygon", "coordinates": [ [ [ -59.176942240608625, 38.404045623268537 ], [ -59.176942240608625, 38.448836324700878 ], [ -59.251593409662519, 38.448836324700878 ], [ -59.251593409662519, 38.404045623268537 ], [ -59.176942240608625, 38.404045623268537 ] ] ] } },
{ "type": "Feature", "properties": { "row": 4, "col": 5, "mostly_overlap": true, "overlap_ratio": 1.0 }, "geometry": { "type": "Polygon", "coordinates": [ [ [ -59.176942240608625, 38.448836324700878 ], [ -59.176942240608625, 38.493627026133218 ], [ -59.251593409662519, 38.493627026133218 ], [ -59.251593409662519, 38.448836324700878 ], [ -59.176942240608625, 38.448836324700878 ] ] ] } },
{ "type": "Feature", "properties": { "row": 4, "col": 6, "mostly_overlap": true, "overlap_ratio": 1.0 }, "geometry": { "type": "Polygon", "coordinates": [ [ [ -59.176942240608625, 38.493627026133218 ], [ -59.176942240608625, 38.538417727565552 ], [ -59.251593409662519, 38.538417727565552 ], [ -59.251593409662519, 38.493627026133218 ], [ -59.176942240608625, 38.493627026133218 ] ] ] } },
{ "type": "Feature", "properties": { "row": 4, "col": 7, "mostly_overlap": true, "overlap_ratio": 1.0 }, "geometry": { "type": "Polygon", "coordinates": [ [ [ -59.176942240608625, 38.538417727565552 ], [ -59.176942240608625, 38.583208428997892 ], [ -59.251593409662519, 38.583208428997892 ], [ -59.251593409662519, 38.538417727565552 ], [ -59.176942240608625, 38.538417727565552 ] ] ] } },
{ "type": "Feature", "properties": { "row": 4, "col": 8, "mostly_overlap": true, "overlap_ratio": 1.0 }, "geometry": { "type": "Polygon", "coordinates": [ [ [ -59.176942240608625, 38.583208428997892 ], [ -59.176942240608625, 38.627999130430233 ], [ -59.251593409662519, 38.627999130430233 ], [ -59.251593409662519, 38.583208428997892 ], [ -59.176942240608625, 38.583208428997892 ] ] ] } },
{ "type": "Feature", "properties": { "row": 4, "col": 9, "mostly_overlap": true, "overlap_ratio": 0.9991 }, "geometry": { "type": "Polygon", "coordinates": [ [ [ -59.176942240608625, 38.627999130430233 ], [ -59.176942240608625, 38.672789831862573 ], [ -59.251593409662519, 38.672789831862573 ], [ -59.251593409662519, 38.627999130430233 ], [ -59.176942240608625, 38.627999130430233 ] ] ] } },
{ "type": "Feature", "properties": { "row": 4, "col": 10, "mostly_overlap": false, "overlap_ratio": 0.1837 }, "geometry": { "type": "Polygon", "coordinates": [ [ [ -59.176942240608625, 38.672789831862573 ], [ -59.176942240608625, 38.717580533294907 ], [ -59.251593409662519, 38.717580533294907 ], [ -59.251593409662519, 38.672789831862573 ], [ -59.176942240608625, 38.672789831862573 ] ] ] } },
{ "type": "Feature", "properties": { "row": 4, "col": 11, "mostly_overlap": false, "overlap_ratio": 0.0 }, "geometry": { "type": "Polygon", "coordinates": [ [ [ -59.176942240608625, 38.717580533294907 ], [ -59.176942240608625, 38.762371234727247 ], [ -59.251593409662519, 38.762371234727247 ], [ -59.251593409662519, 38.717580533294907 ], [ -59.176942240608625, 38.717580533294907 ] ] ] } },
{ "type": "Feature", "properties": { "row": 4, "col": 12, "mostly_overlap": false, "overlap_ratio": 0.0 }, "geometry": { "type": "Polygon", "coordinates": [ [ [ -59.176942240608625, 38.762371234727247 ], [ -59.176942240608625, 38.807161936159588 ], [ -59.251593409662519, 38.807161936159588 ], [ -59.251593409662519, 38.762371234727247 ], [ -59.176942240608625, 38.762371234727247 ] ] ] } },
{ "type": "Feature", "properties": { "row": 4, "col": 13, "mostly_overlap": false, "overlap_ratio": 0.0 }, "geometry": { "type": "Polygon", "coordinates": [ [ [ -59.176942240608625, 38.807161936159588 ], [ -59.176942240608625, 38.851952637591928 ], [ -59.251593409662519, 38.851952637591928 ], [ -59.251593409662519, 38.807161936159588 ], [ -59.176942240608625, 38.807161936159588 ] ] ] } },
{ "type": "Feature", "properties": { "row": 4, "col": 14, "mostly_overlap": false, "overlap_ratio": 0.0 }, "geometry": { "type": "Polygon", "coordinates": [ [ [ -59.176942240608625, 38.851952637591928 ], [ -59.176942240608625, 38.896743339024269 ], [ -59.251593409662519, 38.896743339024269 ], [ -59.251593409662519, 38.851952637591928 ], [ -59.176942240608625, 38.851952637591928 ] ] ] } },
{ "type": "Feature", "properties": { "row": 4, "col": 15, "mostly_overlap": false, "overlap_ratio": 0.0 }, "geometry": { "type": "Polygon", "coordinates": [ [ [ -59.176942240608625, 38.896743339024269 ], [ -59.176942240608625, 38.941534040456602 ], [ -59.251593409662519, 38.941534040456602 ], [ -59.251593409662519, 38.896743339024269 ], [ -59.176942240608625, 38.896743339024269 ] ] ] } },
{ "type": "Feature", "properties": { "row": 4, "col": 16, "mostly_overlap": false, "overlap_ratio": 0.0 }, "geometry": { "type": "Polygon", "coordinates": [ [ [ -59.176942240608625, 38.941534040456602 ], [ -59.176942240608625, 38.986324741888943 ], [ -59.251593409662519, 38.986324741888943 ], [ -59.251593409662519, 38.941534040456602 ], [ -59.176942240608625, 38.941534040456602 ] ] ] } },
{ "type": "Feature", "properties": { "row": 4, "col": 17, "mostly_overlap": false, "overlap_ratio": 0.0 }, "geometry": { "type": "Polygon", "coordinates": [ [ [ -59.176942240608625, 38.986324741888943 ], [ -59.176942240608625, 39.031115443321283 ], [ -59.251593409662519, 39.031115443321283 ], [ -59.251593409662519, 38.986324741888943 ], [ -59.176942240608625, 38.986324741888943 ] ] ] } },
{ "type": "Feature", "properties": { "row": 4, "col": 18, "mostly_overlap": false, "overlap_ratio": 0.0 }, "geometry": { "type": "Polygon", "coordinates": [ [ [ -59.176942240608625, 39.031115443321283 ], [ -59.176942240608625, 39.075906144753617 ], [ -59.251593409662519, 39.075906144753617 ], [ -59.251593409662519, 39.031115443321283 ], [ -59.176942240608625, 39.031115443321283 ] ] ] } },
{ "type": "Feature", "properties": { "row": 4, "col": 19, "mostly_overlap": false, "overlap_ratio": 0.0 }, "geometry": { "type": "Polygon", "coordinates": [ [ [ -59.176942240608625, 39.075906144753617 ], [ -59.176942240608625, 39.120696846185957 ], [ -59.251593409662519, 39.120696846185957 ], [ -59.251593409662519, 39.075906144753617 ], [ -59.176942240608625, 39.075906144753617 ] ] ] } },
{ "type": "Feature", "properties": { "row": 4, "col": 20, "mostly_overlap": false, "overlap_ratio": 0.0 }, "geometry": { "type": "Polygon", "coordinates": [ [ [ -59.176942240608625, 39.120696846185957 ], [ -59.176942240608625, 39.165487547618298 ], [ -59.251593409662519, 39.165487547618298 ], [ -59.251593409662519, 39.120696846185957 ], [ -59.176942240608625, 39.120696846185957 ] ] ] } },
{ "type": "Feature", "properties": { "row": 5, "col": 1, "mostly_overlap": false, "overlap_ratio": 0.0039 }, "geometry": { "type": "Polygon", "coordinates": [ [ [ -59.251593409662519, 38.269673518971523 ], [ -59.251593409662519, 38.314464220403863 ], [ -59.32624457871642, 38.314464220403863 ], [ -59.32624457871642, 38.269673518971523 ], [ -59.251593409662519, 38.269673518971523 ] ] ] } },
{ "type": "Feature", "properties": { "row": 5, "col": 2, "mostly_overlap": true, "overlap_ratio": 0.98 }, "geometry": { "type": "Polygon", "coordinates": [ [ [ -59.251593409662519, 38.314464220403863 ], [ -59.251593409662519, 38.359254921836197 ], [ -59.32624457871642, 38.359254921836197 ], [ -59.32624457871642, 38.314464220403863 ], [ -59.251593409662519, 38.314464220403863 ] ] ] } },
{ "type": "Feature", "properties": { "row": 5, "col": 3, "mostly_overlap": true, "overlap_ratio": 1.0 }, "geometry": { "type": "Polygon", "coordinates": [ [ [ -59.251593409662519, 38.359254921836197 ], [ -59.251593409662519, 38.404045623268537 ], [ -59.32624457871642, 38.404045623268537 ], [ -59.32624457871642, 38.359254921836197 ], [ -59.251593409662519, 38.359254921836197 ] ] ] } },
{ "type": "Feature", "properties": { "row": 5, "col": 4, "mostly_overlap": true, "overlap_ratio": 1.0 }, "geometry": { "type": "Polygon", "coordinates": [ [ [ -59.251593409662519, 38.404045623268537 ], [ -59.251593409662519, 38.448836324700878 ], [ -59.32624457871642, 38.448836324700878 ], [ -59.32624457871642, 38.404045623268537 ], [ -59.251593409662519, 38.404045623268537 ] ] ] } },
{ "type": "Feature", "properties": { "row": 5, "col": 5, "mostly_overlap": true, "overlap_ratio": 1.0 }, "geometry": { "type": "Polygon", "coordinates": [ [ [ -59.251593409662519, 38.448836324700878 ], [ -59.251593409662519, 38.493627026133218 ], [ -59.32624457871642, 38.493627026133218 ], [ -59.32624457871642, 38.448836324700878 ], [ -59.251593409662519, 38.448836324700878 ] ] ] } },
{ "type": "Feature", "properties": { "row": 5, "col": 6, "mostly_overlap": true, "overlap_ratio": 1.0 }, "geometry": { "type": "Polygon", "coordinates": [ [ [ -59.251593409662519, 38.493627026133218 ], [ -59.251593409662519, 38.538417727565552 ], [ -59.32624457871642, 38.538417727565552 ], [ -59.32624457871642, 38.493627026133218 ], [ -59.251593409662519, 38.493627026133218 ] ] ] } },
{ "type": "Feature", "properties": { "row": 5, "col": 7, "mostly_overlap": true, "overlap_ratio": 1.0 }, "geometry": { "type": "Polygon", "coordinates": [ [ [ -59.251593409662519, 38.538417727565552 ], [ -59.251593409662519, 38.583208428997892 ], [ -59.32624457871642, 38.583208428997892 ], [ -59.32624457871642, 38.538417727565552 ], [ -59.251593409662519, 38.538417727565552 ] ] ] } },
{ "type": "Feature", "properties": { "row": 5, "col": 8, "mostly_overlap": true, "overlap_ratio": 1.0 }, "geometry": { "type": "Polygon", "coordinates": [ [ [ -59.251593409662519, 38.583208428997892 ], [ -59.251593409662519, 38.627999130430233 ], [ -59.32624457871642, 38.627999130430233 ], [ -59.32624457871642, 38.583208428997892 ], [ -59.251593409662519, 38.583208428997892 ] ] ] } },
{ "type": "Feature", "properties": { "row": 5, "col": 9, "mostly_overlap": true, "overlap_ratio": 1.0 }, "geometry": { "type": "Polygon", "coordinates": [ [ [ -59.251593409662519, 38.627999130430233 ], [ -59.251593409662519, 38.672789831862573 ], [ -59.32624457871642, 38.672789831862573 ], [ -59.32624457871642, 38.627999130430233 ], [ -59.251593409662519, 38.627999130430233 ] ] ] } },
{ "type": "Feature", "properties": { "row": 5, "col": 10, "mostly_overlap": false, "overlap_ratio": 0.3789 }, "geometry": { "type": "Polygon", "coordinates": [ [ [ -59.251593409662519, 38.672789831862573 ], [ -59.251593409662519, 38.717580533294907 ], [ -59.32624457871642, 38.717580533294907 ], [ -59.32624457871642, 38.672789831862573 ], [ -59.251593409662519, 38.672789831862573 ] ] ] } },
{ "type": "Feature", "properties": { "row": 5, "col": 11, "mostly_overlap": false, "overlap_ratio": 0.0 }, "geometry": { "type": "Polygon", "coordinates": [ [ [ -59.251593409662519, 38.717580533294907 ], [ -59.251593409662519, 38.762371234727247 ], [ -59.32624457871642, 38.762371234727247 ], [ -59.32624457871642, 38.717580533294907 ], [ -59.251593409662519, 38.717580533294907 ] ] ] } },
{ "type": "Feature", "properties": { "row": 5, "col": 12, "mostly_overlap": false, "overlap_ratio": 0.0 }, "geometry": { "type": "Polygon", "coordinates": [ [ [ -59.251593409662519, 38.762371234727247 ], [ -59.251593409662519, 38.807161936159588 ], [ -59.32624457871642, 38.807161936159588 ], [ -59.32624457871642, 38.762371234727247 ], [ -59.251593409662519, 38.762371234727247 ] ] ] } },
{ "type": "Feature", "properties": { "row": 5, "col": 13, "mostly_overlap": false, "overlap_ratio": 0.0 }, "geometry": { "type": "Polygon", "coordinates": [ [ [ -59.251593409662519, 38.807161936159588 ], [ -59.251593409662519, 38.851952637591928 ], [ -59.32624457871642, 38.851952637591928 ], [ -59.32624457871642, 38.807161936159588 ], [ -59.251593409662519, 38.807161936159588 ] ] ] } },
{ "type": "Feature", "properties": { "row": 5, "col": 14, "mostly_overlap": false, "overlap_ratio": 0.0 }, "geometry": { "type": "Polygon", "coordinates": [ [ [ -59.251593409662519, 38.851952637591928 ], [ -59.251593409662519, 38.896743339024269 ], [ -59.32624457871642, 38.896743339024269 ], [ -59.32624457871642, 38.851952637591928 ], [ -59.251593409662519, 38.851952637591928 ] ] ] } },
{ "type": "Feature", "properties": { "row": 5, "col": 15, "mostly_overlap": false, "overlap_ratio": 0.0 }, "geometry": { "type": "Polygon", "coordinates": [ [ [ -59.251593409662519, 38.896743339024269 ], [ -59.251593409662519, 38.941534040456602 ], [ -59.32624457871642, 38.941534040456602 ], [ -59.32624457871642, 38.896743339024269 ], [ -59.251593409662519, 38.896743339024269 ] ] ] } },
{ "type": "Feature", "properties": { "row": 5, "col": 16, "mostly_overlap": false, "overlap_ratio": 0.0 }, "geometry": { "type": "Polygon", "coordinates": [ [ [ -59.251593409662519, 38.941534040456602 ], [ -59.251593409662519, 38.986324741888943 ], [ -59.32624457871642, 38.986324741888943 ], [ -59.32624457871642, 38.941534040456602 ], [ -59.251593409662519, 38.941534040456602 ] ] ] } },
{ "type": "Feature", "properties": { "row": 5, "col": 17, "mostly_overlap": false, "overlap_ratio": 0.0 }, "geometry": { "type": "Polygon", "coordinates": [ [ [ -59.251593409662519, 38.986324741888943 ], [ -59.251593409662519, 39.031115443321283 ], [ -59.32624457871642, 39.031115443321283 ], [ -59.32624457871642, 38.986324741888943 ], [ -59.251593409662519, 38.986324741888943 ] ] ] } },
{ "type": "Feature", "properties": { "row": 5, "col": 18, "mostly_overlap": false, "overlap_ratio": 0.0 }, "geometry": { "type": "Polygon", "coordinates": [ [ [ -59.251593409662519, 39.031115443321283 ], [ -59.251593409662519, 39.075906144753617 ], [ -59.32624457871642, 39.075906144753617 ], [ -59.32624457871642, 39.031115443321283 ], [ -59.251593409662519, 39.031115443321283 ] ] ] } },
{ "type": "Feature", "properties": { "row": 5, "col": 19, "mostly_overlap": false, "overlap_ratio": 0.0 }, "geometry": { "type": "Polygon", "coordinates": [ [ [ -59.251593409662519, 39.075906144753617 ], [ -59.251593409662519, 39.120696846185957 ], [ -59.32624457871642, 39.120696846185957 ], [ -59.32624457871642, 39.075906144753617 ], [ -59.251593409662519, 39.075906144753617 ] ] ] } },
{ "type": "Feature", "properties": { "row": 5, "col": 20, "mostly_overlap": false, "overlap_ratio": 0.0 }, "geometry": { "type": "Polygon", "coordinates": [ [ [ -59.251593409662519, 39.120696846185957 ], [ -59.251593409662519, 39.165487547618298 ], [ -59.32624457871642, 39.165487547618298 ], [ -59.32624457871642, 39.120696846185957 ], [ -59.251593409662519, 39.120696846185957 ] ] ] } },
{ "type": "Feature", "properties": { "row": 6, "col": 1, "mostly_overlap": false, "overlap_ratio": 0.0283 }, "geometry": { "type": "Polygon", "coordinates": [ [ [ -59.32624457871642, 38.269673518971523 ], [ -59.32624457871642, 38.314464220403863 ], [ -59.400895747770321, 38.314464220403863 ], [ -59.400895747770321, 38.269673518971523 ], [ -59.32624457871642, 38.269673518971523 ] ] ] } },
{ "type": "Feature", "properties": { "row": 6, "col": 2, "mostly_overlap": true, "overlap_ratio": 1.0 }, "geometry": { "type": "Polygon", "coordinates": [ [ [ -59.32624457871642, 38.314464220403863 ], [ -59.32624457871642, 38.359254921836197 ], [ -59.400895747770321, 38.359254921836197 ], [ -59.400895747770321, 38.314464220403863 ], [ -59.32624457871642, 38.314464220403863 ] ] ] } },
{ "type": "Feature", "properties": { "row": 6, "col": 3, "mostly_overlap": true, "overlap_ratio": 1.0 }, "geometry": { "type": "Polygon", "coordinates": [ [ [ -59.32624457871642, 38.359254921836197 ], [ -59.32624457871642, 38.404045623268537 ], [ -59.400895747770321, 38.404045623268537 ], [ -59.400895747770321, 38.359254921836197 ], [ -59.32624457871642, 38.359254921836197 ] ] ] } },
{ "type": "Feature", "properties": { "row": 6, "col": 4, "mostly_overlap": true, "overlap_ratio": 1.0 }, "geometry": { "type": "Polygon", "coordinates": [ [ [ -59.32624457871642, 38.404045623268537 ], [ -59.32624457871642, 38.448836324700878 ], [ -59.400895747770321, 38.448836324700878 ], [ -59.400895747770321, 38.404045623268537 ], [ -59.32624457871642, 38.404045623268537 ] ] ] } },
{ "type": "Feature", "properties": { "row": 6, "col": 5, "mostly_overlap": true, "overlap_ratio": 1.0 }, "geometry": { "type": "Polygon", "coordinates": [ [ [ -59.32624457871642, 38.448836324700878 ], [ -59.32624457871642, 38.493627026133218 ], [ -59.400895747770321, 38.493627026133218 ], [ -59.400895747770321, 38.448836324700878 ], [ -59.32624457871642, 38.448836324700878 ] ] ] } },
{ "type": "Feature", "properties": { "row": 6, "col": 6, "mostly_overlap": true, "overlap_ratio": 1.0 }, "geometry": { "type": "Polygon", "coordinates": [ [ [ -59.32624457871642, 38.493627026133218 ], [ -59.32624457871642, 38.538417727565552 ], [ -59.400895747770321, 38.538417727565552 ], [ -59.400895747770321, 38.493627026133218 ], [ -59.32624457871642, 38.493627026133218 ] ] ] } },
{ "type": "Feature", "properties": { "row": 6, "col": 7, "mostly_overlap": true, "overlap_ratio": 1.0 }, "geometry": { "type": "Polygon", "coordinates": [ [ [ -59.32624457871642, 38.538417727565552 ], [ -59.32624457871642, 38.583208428997892 ], [ -59.400895747770321, 38.583208428997892 ], [ -59.400895747770321, 38.538417727565552 ], [ -59.32624457871642, 38.538417727565552 ] ] ] } },
{ "type": "Feature", "properties": { "row": 6, "col": 8, "mostly_overlap": true, "overlap_ratio": 1.0 }, "geometry": { "type": "Polygon", "coordinates": [ [ [ -59.32624457871642, 38.583208428997892 ], [ -59.32624457871642, 38.627999130430233 ], [ -59.400895747770321, 38.627999130430233 ], [ -59.400895747770321, 38.583208428997892 ], [ -59.32624457871642, 38.583208428997892 ] ] ] } },
{ "type": "Feature", "properties": { "row": 6, "col": 9, "mostly_overlap": true, "overlap_ratio": 1.0 }, "geometry": { "type": "Polygon", "coordinates": [ [ [ -59.32624457871642, 38.627999130430233 ], [ -59.32624457871642, 38.672789831862573 ], [ -59.400895747770321, 38.672789831862573 ], [ -59.400895747770321, 38.627999130430233 ], [ -59.32624457871642, 38.627999130430233 ] ] ] } },
{ "type": "Feature", "properties": { "row": 6, "col": 10, "mostly_overlap": true, "overlap_ratio": 0.5317 }, "geometry": { "type": "Polygon", "coordinates": [ [ [ -59.32624457871642, 38.672789831862573 ], [ -59.32624457871642, 38.717580533294907 ], [ -59.400895747770321, 38.717580533294907 ], [ -59.400895747770321, 38.672789831862573 ], [ -59.32624457871642, 38.672789831862573 ] ] ] } },
{ "type": "Feature", "properties": { "row": 6, "col": 11, "mostly_overlap": false, "overlap_ratio": 0.0 }, "geometry": { "type": "Polygon", "coordinates": [ [ [ -59.32624457871642, 38.717580533294907 ], [ -59.32624457871642, 38.762371234727247 ], [ -59.400895747770321, 38.762371234727247 ], [ -59.400895747770321, 38.717580533294907 ], [ -59.32624457871642, 38.717580533294907 ] ] ] } },
{ "type": "Feature", "properties": { "row": 6, "col": 12, "mostly_overlap": false, "overlap_ratio": 0.0 }, "geometry": { "type": "Polygon", "coordinates": [ [ [ -59.32624457871642, 38.762371234727247 ], [ -59.32624457871642, 38.807161936159588 ], [ -59.400895747770321, 38.807161936159588 ], [ -59.400895747770321, 38.762371234727247 ], [ -59.32624457871642, 38.762371234727247 ] ] ] } },
{ "type": "Feature", "properties": { "row": 6, "col": 13, "mostly_overlap": false, "overlap_ratio": 0.0 }, "geometry": { "type": "Polygon", "coordinates": [ [ [ -59.32624457871642, 38.807161936159588 ], [ -59.32624457871642, 38.851952637591928 ], [ -59.400895747770321, 38.851952637591928 ], [ -59.400895747770321, 38.807161936159588 ], [ -59.32624457871642, 38.807161936159588 ] ] ] } },
{ "type": "Feature", "properties": { "row": 6, "col": 14, "mostly_overlap": false, "overlap_ratio": 0.0 }, "geometry": { "type": "Polygon", "coordinates": [ [ [ -59.32624457871642, 38.851952637591928 ], [ -59.32624457871642, 38.896743339024269 ], [ -59.400895747770321, 38.896743339024269 ], [ -59.400895747770321, 38.851952637591928 ], [ -59.32624457871642, 38.851952637591928 ] ] ] } },
{ "type": "Feature", "properties": { "row": 6, "col": 15, "mostly_overlap": false, "overlap_ratio": 0.0 }, "geometry": { "type": "Polygon", "coordinates": [ [ [ -59.32624457871642, 38.896743339024269 ], [ -59.32624457871642, 38.941534040456602 ], [ -59.400895747770321, 38.941534040456602 ], [ -59.400895747770321, 38.896743339024269 ], [ -59.32624457871642, 38.896743339024269 ] ] ] } },
{ "type": "Feature", "properties": { "row": 6, "col": 16, "mostly_overlap": false, "overlap_ratio": 0.0 }, "geometry": { "type": "Polygon", "coordinates": [ [ [ -59.32624457871642, 38.941534040456602 ], [ -59.32624457871642, 38.986324741888943 ], [ -59.400895747770321, 38.986324741888943 ], [ -59.400895747770321, 38.941534040456602 ], [ -59.32624457871642, 38.941534040456602 ] ] ] } },
{ "type": "Feature", "properties": { "row": 6, "col": 17, "mostly_overlap": false, "overlap_ratio": 0.0 }, "geometry": { "type": "Polygon", "coordinates": [ [ [ -59.32624457871642, 38.986324741888943 ], [ -59.32624457871642, 39.031115443321283 ], [ -59.400895747770321, 39.031115443321283 ], [ -59.400895747770321, 38.986324741888943 ], [ -59.32624457871642, 38.986324741888943 ] ] ] } },
{ "type": "Feature", "properties": { "row": 6, "col": 18, "mostly_overlap": false, "overlap_ratio": 0.0 }, "geometry": { "type": "Polygon", "coordinates": [ [ [ -59.32624457871642, 39.031115443321283 ], [ -59.32624457871642, 39.075906144753617 ], [ -59.400895747770321, 39.075906144753617 ], [ -59.400895747770321, 39.031115443321283 ], [ -59.32624457871642, 39.031115443321283 ] ] ] } },
{ "type": "Feature", "properties": { "row": 6, "col": 19, "mostly_overlap": false, "overlap_ratio": 0.0 }, "geometry": { "type": "Polygon", "coordinates": [ [ [ -59.32624457871642, 39.075906144753617 ], [ -59.32624457871642, 39.120696846185957 ], [ -59.400895747770321, 39.120696846185957 ], [ -59.400895747770321, 39.075906144753617 ], [ -59.32624457871642, 39.075906144753617 ] ] ] } },
{ "type": "Feature", "properties": { "row": 6, "col": 20, "mostly_overlap": false, "overlap_ratio": 0.0 }, "geometry": { "type": "Polygon", "coordinates": [ [ [ -59.32624457871642, 39.120696846185957 ], [ -59.32624457871642, 39.165487547618298 ], [ -59.400895747770321, 39.165487547618298 ], [ -59.400895747770321, 39.120696846185957 ], [ -59.32624457871642, 39.120696846185957 ] ] ] } },
{ "type": "Feature", "properties": { "row": 7, "col": 1, "mostly_overlap": false, "overlap_ratio": 0.0609 }, "geometry": { "type": "Polygon", "coordinates": [ [ [ -59.400895747770321, 38.269673518971523 ], [ -59.400895747770321, 38.314464220403863 ], [ -59.475546916824214, 38.314464220403863 ], [ -59.475546916824214, 38.269673518971523 ], [ -59.400895747770321, 38.269673518971523 ] ] ] } },
{ "type": "Feature", "properties": { "row": 7, "col": 2, "mostly_overlap": true, "overlap_ratio": 1.0 }, "geometry": { "type": "Polygon", "coordinates": [ [ [ -59.400895747770321, 38.314464220403863 ], [ -59.400895747770321, 38.359254921836197 ], [ -59.475546916824214, 38.359254921836197 ], [ -59.475546916824214, 38.314464220403863 ], [ -59.400895747770321, 38.314464220403863 ] ] ] } },
{ "type": "Feature", "properties": { "row": 7, "col": 3, "mostly_overlap": true, "overlap_ratio": 1.0 }, "geometry": { "type": "Polygon", "coordinates": [ [ [ -59.400895747770321, 38.359254921836197 ], [ -59.400895747770321, 38.404045623268537 ], [ -59.475546916824214, 38.404045623268537 ], [ -59.475546916824214, 38.359254921836197 ], [ -59.400895747770321, 38.359254921836197 ] ] ] } },
{ "type": "Feature", "properties": { "row": 7, "col": 4, "mostly_overlap": true, "overlap_ratio": 1.0 }, "geometry": { "type": "Polygon", "coordinates": [ [ [ -59.400895747770321, 38.404045623268537 ], [ -59.400895747770321, 38.448836324700878 ], [ -59.475546916824214, 38.448836324700878 ], [ -59.475546916824214, 38.404045623268537 ], [ -59.400895747770321, 38.404045623268537 ] ] ] } },
{ "type": "Feature", "properties": { "row": 7, "col": 5, "mostly_overlap": true, "overlap_ratio": 1.0 }, "geometry": { "type": "Polygon", "coordinates": [ [ [ -59.400895747770321, 38.448836324700878 ], [ -59.400895747770321, 38.493627026133218 ], [ -59.475546916824214, 38.493627026133218 ], [ -59.475546916824214, 38.448836324700878 ], [ -59.400895747770321, 38.448836324700878 ] ] ] } },
{ "type": "Feature", "properties": { "row": 7, "col": 6, "mostly_overlap": true, "overlap_ratio": 1.0 }, "geometry": { "type": "Polygon", "coordinates": [ [ [ -59.400895747770321, 38.493627026133218 ], [ -59.400895747770321, 38.538417727565552 ], [ -59.475546916824214, 38.538417727565552 ], [ -59.475546916824214, 38.493627026133218 ], [ -59.400895747770321, 38.493627026133218 ] ] ] } },
{ "type": "Feature", "properties": { "row": 7, "col": 7, "mostly_overlap": true, "overlap_ratio": 1.0 }, "geometry": { "type": "Polygon", "coordinates": [ [ [ -59.400895747770321, 38.538417727565552 ], [ -59.400895747770321, 38.583208428997892 ], [ -59.475546916824214, 38.583208428997892 ], [ -59.475546916824214, 38.538417727565552 ], [ -59.400895747770321, 38.538417727565552 ] ] ] } },
{ "type": "Feature", "properties": { "row": 7, "col": 8, "mostly_overlap": true, "overlap_ratio": 1.0 }, "geometry": { "type": "Polygon", "coordinates": [ [ [ -59.400895747770321, 38.583208428997892 ], [ -59.400895747770321, 38.627999130430233 ], [ -59.475546916824214, 38.627999130430233 ], [ -59.475546916824214, 38.583208428997892 ], [ -59.400895747770321, 38.583208428997892 ] ] ] } },
{ "type": "Feature", "properties": { "row": 7, "col": 9, "mostly_overlap": true, "overlap_ratio": 1.0 }, "geometry": { "type": "Polygon", "coordinates": [ [ [ -59.400895747770321, 38.627999130430233 ], [ -59.400895747770321, 38.672789831862573 ], [ -59.475546916824214, 38.672789831862573 ], [ -59.475546916824214, 38.627999130430233 ], [ -59.400895747770321, 38.627999130430233 ] ] ] } },
{ "type": "Feature", "properties": { "row": 7, "col": 10, "mostly_overlap": true, "overlap_ratio": 0.7022 }, "geometry": { "type": "Polygon", "coordinates": [ [ [ -59.400895747770321, 38.672789831862573 ], [ -59.400895747770321, 38.717580533294907 ], [ -59.475546916824214, 38.717580533294907 ], [ -59.475546916824214, 38.672789831862573 ], [ -59.400895747770321, 38.672789831862573 ] ] ] } },
{ "type": "Feature", "properties": { "row": 7, "col": 11, "mostly_overlap": false, "overlap_ratio": 0.0 }, "geometry": { "type": "Polygon", "coordinates": [ [ [ -59.400895747770321, 38.717580533294907 ], [ -59.400895747770321, 38.762371234727247 ], [ -59.475546916824214, 38.762371234727247 ], [ -59.475546916824214, 38.717580533294907 ], [ -59.400895747770321, 38.717580533294907 ] ] ] } },
{ "type": "Feature", "properties": { "row": 7, "col": 12, "mostly_overlap": false, "overlap_ratio": 0.0 }, "geometry": { "type": "Polygon", "coordinates": [ [ [ -59.400895747770321, 38.762371234727247 ], [ -59.400895747770321, 38.807161936159588 ], [ -59.475546916824214, 38.807161936159588 ], [ -59.475546916824214, 38.762371234727247 ], [ -59.400895747770321, 38.762371234727247 ] ] ] } },
{ "type": "Feature", "properties": { "row": 7, "col": 13, "mostly_overlap": false, "overlap_ratio": 0.0 }, "geometry": { "type": "Polygon", "coordinates": [ [ [ -59.400895747770321, 38.807161936159588 ], [ -59.400895747770321, 38.851952637591928 ], [ -59.475546916824214, 38.851952637591928 ], [ -59.475546916824214, 38.807161936159588 ], [ -59.400895747770321, 38.807161936159588 ] ] ] } },
{ "type": "Feature", "properties": { "row": 7, "col": 14, "mostly_overlap": false, "overlap_ratio": 0.0 }, "geometry": { "type": "Polygon", "coordinates": [ [ [ -59.400895747770321, 38.851952637591928 ], [ -59.400895747770321, 38.896743339024269 ], [ -59.475546916824214, 38.896743339024269 ], [ -59.475546916824214, 38.851952637591928 ], [ -59.400895747770321, 38.851952637591928 ] ] ] } },
{ "type": "Feature", "properties": { "row": 7, "col": 15, "mostly_overlap": false, "overlap_ratio": 0.0 }, "geometry": { "type": "Polygon", "coordinates": [ [ [ -59.400895747770321, 38.896743339024269 ], [ -59.400895747770321, 38.941534040456602 ], [ -59.475546916824214, 38.941534040456602 ], [ -59.475546916824214, 38.896743339024269 ], [ -59.400895747770321, 38.896743339024269 ] ] ] } },
{ "type": "Feature", "properties": { "row": 7, "col": 16, "mostly_overlap": false, "overlap_ratio": 0.0 }, "geometry": { "type": "Polygon", "coordinates": [ [ [ -59.400895747770321, 38.941534040456602 ], [ -59.400895747770321, 38.986324741888943 ], [ -59.475546916824214, 38.986324741888943 ], [ -59.475546916824214, 38.941534040456602 ], [ -59.400895747770321, 38.941534040456602 ] ] ] } },
{ "type": "Feature", "properties": { "row": 7, "col": 17, "mostly_overlap": false, "overlap_ratio": 0.0 }, "geometry": { "type": "Polygon", "coordinates": [ [ [ -59.400895747770321, 38.986324741888943 ], [ -59.400895747770321, 39.031115443321283 ], [ -59.475546916824214, 39.031115443321283 ], [ -59.475546916824214, 38.986324741888943 ], [ -59.400895747770321, 38.986324741888943 ] ] ] } },
{ "type": "Feature", "properties": { "row": 7, "col": 18, "mostly_overlap": false, "overlap_ratio": 0.0 }, "geometry": { "type": "Polygon", "coordinates": [ [ [ -59.400895747770321, 39.031115443321283 ], [ -59.400895747770321, 39.075906144753617 ], [ -59.475546916824214, 39.075906144753617 ], [ -59.475546916824214, 39.031115443321283 ], [ -59.400895747770321, 39.031115443321283 ] ] ] } },
{ "type": "Feature", "properties": { "row": 7, "col": 19, "mostly_overlap": false, "overlap_ratio": 0.0 }, "geometry": { "type": "Polygon", "coordinates": [ [ [ -59.400895747770321, 39.075906144753617 ], [ -59.400895747770321, 39.120696846185957 ], [ -59.475546916824214, 39.120696846185957 ], [ -59.475546916824214, 39.075906144753617 ], [ -59.400895747770321, 39.075906144753617 ] ] ] } },
{ "type": "Feature", "properties": { "row": 7, "col": 20, "mostly_overlap": false, "overlap_ratio": 0.0 }, "geometry": { "type": "Polygon", "coordinates": [ [ [ -59.400895747770321, 39.120696846185957 ], [ -59.400895747770321, 39.165487547618298 ], [ -59.475546916824214, 39.165487547618298 ], [ -59.475546916824214, 39.120696846185957 ], [ -59.400895747770321, 39.120696846185957 ] ] ] } },
{ "type": "Feature", "properties": { "row": 8, "col": 1, "mostly_overlap": false, "overlap_ratio": 0.0991 }, "geometry": { "type": "Polygon", "coordinates": [ [ [ -59.475546916824214, 38.269673518971523 ], [ -59.475546916824214, 38.314464220403863 ], [ -59.550198085878115, 38.314464220403863 ], [ -59.550198085878115, 38.269673518971523 ], [ -59.475546916824214, 38.269673518971523 ] ] ] } },
{ "type": "Feature", "properties": { "row": 8, "col": 2, "mostly_overlap": true, "overlap_ratio": 1.0 }, "geometry": { "type": "Polygon", "coordinates": [ [ [ -59.475546916824214, 38.314464220403863 ], [ -59.475546916824214, 38.359254921836197 ], [ -59.550198085878115, 38.359254921836197 ], [ -59.550198085878115, 38.314464220403863 ], [ -59.475546916824214, 38.314464220403863 ] ] ] } },
{ "type": "Feature", "properties": { "row": 8, "col": 3, "mostly_overlap": true, "overlap_ratio": 1.0 }, "geometry": { "type": "Polygon", "coordinates": [ [ [ -59.475546916824214, 38.359254921836197 ], [ -59.475546916824214, 38.404045623268537 ], [ -59.550198085878115, 38.404045623268537 ], [ -59.550198085878115, 38.359254921836197 ], [ -59.475546916824214, 38.359254921836197 ] ] ] } },
{ "type": "Feature", "properties": { "row": 8, "col": 4, "mostly_overlap": true, "overlap_ratio": 1.0 }, "geometry": { "type": "Polygon", "coordinates": [ [ [ -59.475546916824214, 38.404045623268537 ], [ -59.475546916824214, 38.448836324700878 ], [ -59.550198085878115, 38.448836324700878 ], [ -59.550198085878115, 38.404045623268537 ], [ -59.475546916824214, 38.404045623268537 ] ] ] } },
{ "type": "Feature", "properties": { "row": 8, "col": 5, "mostly_overlap": true, "overlap_ratio": 1.0 }, "geometry": { "type": "Polygon", "coordinates": [ [ [ -59.475546916824214, 38.448836324700878 ], [ -59.475546916824214, 38.493627026133218 ], [ -59.550198085878115, 38.493627026133218 ], [ -59.550198085878115, 38.448836324700878 ], [ -59.475546916824214, 38.448836324700878 ] ] ] } },
{ "type": "Feature", "properties": { "row": 8, "col": 6, "mostly_overlap": true, "overlap_ratio": 1.0 }, "geometry": { "type": "Polygon", "coordinates": [ [ [ -59.475546916824214, 38.493627026133218 ], [ -59.475546916824214, 38.538417727565552 ], [ -59.550198085878115, 38.538417727565552 ], [ -59.550198085878115, 38.493627026133218 ], [ -59.475546916824214, 38.493627026133218 ] ] ] } },
{ "type": "Feature", "properties": { "row": 8, "col": 7, "mostly_overlap": true, "overlap_ratio": 1.0 }, "geometry": { "type": "Polygon", "coordinates": [ [ [ -59.475546916824214, 38.538417727565552 ], [ -59.475546916824214, 38.583208428997892 ], [ -59.550198085878115, 38.583208428997892 ], [ -59.550198085878115, 38.538417727565552 ], [ -59.475546916824214, 38.538417727565552 ] ] ] } },
{ "type": "Feature", "properties": { "row": 8, "col": 8, "mostly_overlap": true, "overlap_ratio": 1.0 }, "geometry": { "type": "Polygon", "coordinates": [ [ [ -59.475546916824214, 38.583208428997892 ], [ -59.475546916824214, 38.627999130430233 ], [ -59.550198085878115, 38.627999130430233 ], [ -59.550198085878115, 38.583208428997892 ], [ -59.475546916824214, 38.583208428997892 ] ] ] } },
{ "type": "Feature", "properties": { "row": 8, "col": 9, "mostly_overlap": true, "overlap_ratio": 1.0 }, "geometry": { "type": "Polygon", "coordinates": [ [ [ -59.475546916824214, 38.627999130430233 ], [ -59.475546916824214, 38.672789831862573 ], [ -59.550198085878115, 38.672789831862573 ], [ -59.550198085878115, 38.627999130430233 ], [ -59.475546916824214, 38.627999130430233 ] ] ] } },
{ "type": "Feature", "properties": { "row": 8, "col": 10, "mostly_overlap": true, "overlap_ratio": 0.8065 }, "geometry": { "type": "Polygon", "coordinates": [ [ [ -59.475546916824214, 38.672789831862573 ], [ -59.475546916824214, 38.717580533294907 ], [ -59.550198085878115, 38.717580533294907 ], [ -59.550198085878115, 38.672789831862573 ], [ -59.475546916824214, 38.672789831862573 ] ] ] } },
{ "type": "Feature", "properties": { "row": 8, "col": 11, "mostly_overlap": false, "overlap_ratio": 0.0 }, "geometry": { "type": "Polygon", "coordinates": [ [ [ -59.475546916824214, 38.717580533294907 ], [ -59.475546916824214, 38.762371234727247 ], [ -59.550198085878115, 38.762371234727247 ], [ -59.550198085878115, 38.717580533294907 ], [ -59.475546916824214, 38.717580533294907 ] ] ] } },
{ "type": "Feature", "properties": { "row": 8, "col": 12, "mostly_overlap": false, "overlap_ratio": 0.0 }, "geometry": { "type": "Polygon", "coordinates": [ [ [ -59.475546916824214, 38.762371234727247 ], [ -59.475546916824214, 38.807161936159588 ], [ -59.550198085878115, 38.807161936159588 ], [ -59.550198085878115, 38.762371234727247 ], [ -59.475546916824214, 38.762371234727247 ] ] ] } },
{ "type": "Feature", "properties": { "row": 8, "col": 13, "mostly_overlap": false, "overlap_ratio": 0.0 }, "geometry": { "type": "Polygon", "coordinates": [ [ [ -59.475546916824214, 38.807161936159588 ], [ -59.475546916824214, 38.851952637591928 ], [ -59.550198085878115, 38.851952637591928 ], [ -59.550198085878115, 38.807161936159588 ], [ -59.475546916824214, 38.807161936159588 ] ] ] } },
{ "type": "Feature", "properties": { "row": 8, "col": 14, "mostly_overlap": false, "overlap_ratio": 0.0 }, "geometry": { "type": "Polygon", "coordinates": [ [ [ -59.475546916824214, 38.851952637591928 ], [ -59.475546916824214, 38.896743339024269 ], [ -59.550198085878115, 38.896743339024269 ], [ -59.550198085878115, 38.851952637591928 ], [ -59.475546916824214, 38.851952637591928 ] ] ] } },
{ "type": "Feature", "properties": { "row": 8, "col": 15, "mostly_overlap": false, "overlap_ratio": 0.0 }, "geometry": { "type": "Polygon", "coordinates": [ [ [ -59.475546916824214, 38.896743339024269 ], [ -59.475546916824214, 38.941534040456602 ], [ -59.550198085878115, 38.941534040456602 ], [ -59.550198085878115, 38.896743339024269 ], [ -59.475546916824214, 38.896743339024269 ] ] ] } },
{ "type": "Feature", "properties": { "row": 8, "col": 16, "mostly_overlap": false, "overlap_ratio": 0.0 }, "geometry": { "type": "Polygon", "coordinates": [ [ [ -59.475546916824214, 38.941534040456602 ], [ -59.475546916824214, 38.986324741888943 ], [ -59.550198085878115, 38.986324741888943 ], [ -59.550198085878115, 38.941534040456602 ], [ -59.475546916824214, 38.941534040456602 ] ] ] } },
{ "type": "Feature", "properties": { "row": 8, "col": 17, "mostly_overlap": false, "overlap_ratio": 0.0 }, "geometry": { "type": "Polygon", "coordinates": [ [ [ -59.475546916824214, 38.986324741888943 ], [ -59.475546916824214, 39.031115443321283 ], [ -59.550198085878115, 39.031115443321283 ], [ -59.550198085878115, 38.986324741888943 ], [ -59.475546916824214, 38.986324741888943 ] ] ] } },
{ "type": "Feature", "properties": { "row": 8, "col": 18, "mostly_overlap": false, "overlap_ratio": 0.0 }, "geometry": { "type": "Polygon", "coordinates": [ [ [ -59.475546916824214, 39.031115443321283 ], [ -59.475546916824214, 39.075906144753617 ], [ -59.550198085878115, 39.075906144753617 ], [ -59.550198085878115, 39.031115443321283 ], [ -59.475546916824214, 39.031115443321283 ] ] ] } },
{ "type": "Feature", "properties": { "row": 8, "col": 19, "mostly_overlap": false, "overlap_ratio": 0.0 }, "geometry": { "type": "Polygon", "coordinates": [ [ [ -59.475546916824214, 39.075906144753617 ], [ -59.475546916824214, 39.120696846185957 ], [ -59.550198085878115, 39.120696846185957 ], [ -59.550198085878115, 39.075906144753617 ], [ -59.475546916824214, 39.075906144753617 ] ] ] } },
{ "type": "Feature", "properties": { "row": 8, "col": 20, "mostly_overlap": false, "overlap_ratio": 0.0 }, "geometry": { "type": "Polygon", "coordinates": [ [ [ -59.475546916824214, 39.120696846185957 ], [ -59.475546916824214, 39.165487547618298 ], [ -59.550198085878115, 39.165487547618298 ], [ -59.550198085878115, 39.120696846185957 ], [ -59.475546916824214, 39.120696846185957 ] ] ] } },
{ "type": "Feature", "properties": { "row": 9, "col": 1, "mostly_overlap": false, "overlap_ratio": 0.149 }, "geometry": { "type": "Polygon", "coordinates": [ [ [ -59.550198085878115, 38.269673518971523 ], [ -59.550198085878115, 38.314464220403863 ], [ -59.624849254932009, 38.314464220403863 ], [ -59.624849254932009, 38.269673518971523 ], [ -59.550198085878115, 38.269673518971523 ] ] ] } },
{ "type": "Feature", "properties": { "row": 9, "col": 2, "mostly_overlap": true, "overlap_ratio": 1.0 }, "geometry": { "type": "Polygon", "coordinates": [ [ [ -59.550198085878115, 38.314464220403863 ], [ -59.550198085878115, 38.359254921836197 ], [ -59.624849254932009, 38.359254921836197 ], [ -59.624849254932009, 38.314464220403863 ], [ -59.550198085878115, 38.314464220403863 ] ] ] } },
{ "type": "Feature", "properties": { "row": 9, "col": 3, "mostly_overlap": true, "overlap_ratio": 1.0 }, "geometry": { "type": "Polygon", "coordinates": [ [ [ -59.550198085878115, 38.359254921836197 ], [ -59.550198085878115, 38.404045623268537 ], [ -59.624849254932009, 38.404045623268537 ], [ -59.624849254932009, 38.359254921836197 ], [ -59.550198085878115, 38.359254921836197 ] ] ] } },
{ "type": "Feature", "properties": { "row": 9, "col": 4, "mostly_overlap": true, "overlap_ratio": 1.0 }, "geometry": { "type": "Polygon", "coordinates": [ [ [ -59.550198085878115, 38.404045623268537 ], [ -59.550198085878115, 38.448836324700878 ], [ -59.624849254932009, 38.448836324700878 ], [ -59.624849254932009, 38.404045623268537 ], [ -59.550198085878115, 38.404045623268537 ] ] ] } },
{ "type": "Feature", "properties": { "row": 9, "col": 5, "mostly_overlap": true, "overlap_ratio": 1.0 }, "geometry": { "type": "Polygon", "coordinates": [ [ [ -59.550198085878115, 38.448836324700878 ], [ -59.550198085878115, 38.493627026133218 ], [ -59.624849254932009, 38.493627026133218 ], [ -59.624849254932009, 38.448836324700878 ], [ -59.550198085878115, 38.448836324700878 ] ] ] } },
{ "type": "Feature", "properties": { "row": 9, "col": 6, "mostly_overlap": true, "overlap_ratio": 1.0 }, "geometry": { "type": "Polygon", "coordinates": [ [ [ -59.550198085878115, 38.493627026133218 ], [ -59.550198085878115, 38.538417727565552 ], [ -59.624849254932009, 38.538417727565552 ], [ -59.624849254932009, 38.493627026133218 ], [ -59.550198085878115, 38.493627026133218 ] ] ] } },
{ "type": "Feature", "properties": { "row": 9, "col": 7, "mostly_overlap": true, "overlap_ratio": 1.0 }, "geometry": { "type": "Polygon", "coordinates": [ [ [ -59.550198085878115, 38.538417727565552 ], [ -59.550198085878115, 38.583208428997892 ], [ -59.624849254932009, 38.583208428997892 ], [ -59.624849254932009, 38.538417727565552 ], [ -59.550198085878115, 38.538417727565552 ] ] ] } },
{ "type": "Feature", "properties": { "row": 9, "col": 8, "mostly_overlap": true, "overlap_ratio": 1.0 }, "geometry": { "type": "Polygon", "coordinates": [ [ [ -59.550198085878115, 38.583208428997892 ], [ -59.550198085878115, 38.627999130430233 ], [ -59.624849254932009, 38.627999130430233 ], [ -59.624849254932009, 38.583208428997892 ], [ -59.550198085878115, 38.583208428997892 ] ] ] } },
{ "type": "Feature", "properties": { "row": 9, "col": 9, "mostly_overlap": true, "overlap_ratio": 1.0 }, "geometry": { "type": "Polygon", "coordinates": [ [ [ -59.550198085878115, 38.627999130430233 ], [ -59.550198085878115, 38.672789831862573 ], [ -59.624849254932009, 38.672789831862573 ], [ -59.624849254932009, 38.627999130430233 ], [ -59.550198085878115, 38.627999130430233 ] ] ] } },
{ "type": "Feature", "properties": { "row": 9, "col": 10, "mostly_overlap": true, "overlap_ratio": 0.8914 }, "geometry": { "type": "Polygon", "coordinates": [ [ [ -59.550198085878115, 38.672789831862573 ], [ -59.550198085878115, 38.717580533294907 ], [ -59.624849254932009, 38.717580533294907 ], [ -59.624849254932009, 38.672789831862573 ], [ -59.550198085878115, 38.672789831862573 ] ] ] } },
{ "type": "Feature", "properties": { "row": 9, "col": 11, "mostly_overlap": false, "overlap_ratio": 0.0 }, "geometry": { "type": "Polygon", "coordinates": [ [ [ -59.550198085878115, 38.717580533294907 ], [ -59.550198085878115, 38.762371234727247 ], [ -59.624849254932009, 38.762371234727247 ], [ -59.624849254932009, 38.717580533294907 ], [ -59.550198085878115, 38.717580533294907 ] ] ] } },
{ "type": "Feature", "properties": { "row": 9, "col": 12, "mostly_overlap": false, "overlap_ratio": 0.0 }, "geometry": { "type": "Polygon", "coordinates": [ [ [ -59.550198085878115, 38.762371234727247 ], [ -59.550198085878115, 38.807161936159588 ], [ -59.624849254932009, 38.807161936159588 ], [ -59.624849254932009, 38.762371234727247 ], [ -59.550198085878115, 38.762371234727247 ] ] ] } },
{ "type": "Feature", "properties": { "row": 9, "col": 13, "mostly_overlap": false, "overlap_ratio": 0.0 }, "geometry": { "type": "Polygon", "coordinates": [ [ [ -59.550198085878115, 38.807161936159588 ], [ -59.550198085878115, 38.851952637591928 ], [ -59.624849254932009, 38.851952637591928 ], [ -59.624849254932009, 38.807161936159588 ], [ -59.550198085878115, 38.807161936159588 ] ] ] } },
{ "type": "Feature", "properties": { "row": 9, "col": 14, "mostly_overlap": false, "overlap_ratio": 0.0 }, "geometry": { "type": "Polygon", "coordinates": [ [ [ -59.550198085878115, 38.851952637591928 ], [ -59.550198085878115, 38.896743339024269 ], [ -59.624849254932009, 38.896743339024269 ], [ -59.624849254932009, 38.851952637591928 ], [ -59.550198085878115, 38.851952637591928 ] ] ] } },
{ "type": "Feature", "properties": { "row": 9, "col": 15, "mostly_overlap": false, "overlap_ratio": 0.0 }, "geometry": { "type": "Polygon", "coordinates": [ [ [ -59.550198085878115, 38.896743339024269 ], [ -59.550198085878115, 38.941534040456602 ], [ -59.624849254932009, 38.941534040456602 ], [ -59.624849254932009, 38.896743339024269 ], [ -59.550198085878115, 38.896743339024269 ] ] ] } },
{ "type": "Feature", "properties": { "row": 9, "col": 16, "mostly_overlap": false, "overlap_ratio": 0.0 }, "geometry": { "type": "Polygon", "coordinates": [ [ [ -59.550198085878115, 38.941534040456602 ], [ -59.550198085878115, 38.986324741888943 ], [ -59.624849254932009, 38.986324741888943 ], [ -59.624849254932009, 38.941534040456602 ], [ -59.550198085878115, 38.941534040456602 ] ] ] } },
{ "type": "Feature", "properties": { "row": 9, "col": 17, "mostly_overlap": false, "overlap_ratio": 0.0 }, "geometry": { "type": "Polygon", "coordinates": [ [ [ -59.550198085878115, 38.986324741888943 ], [ -59.550198085878115, 39.031115443321283 ], [ -59.624849254932009, 39.031115443321283 ], [ -59.624849254932009, 38.986324741888943 ], [ -59.550198085878115, 38.986324741888943 ] ] ] } },
{ "type": "Feature", "properties": { "row": 9, "col": 18, "mostly_overlap": false, "overlap_ratio": 0.0 }, "geometry": { "type": "Polygon", "coordinates": [ [ [ -59.550198085878115, 39.031115443321283 ], [ -59.550198085878115, 39.075906144753617 ], [ -59.624849254932009, 39.075906144753617 ], [ -59.624849254932009, 39.031115443321283 ], [ -59.550198085878115, 39.031115443321283 ] ] ] } },
{ "type": "Feature", "properties": { "row": 9, "col": 19, "mostly_overlap": false, "overlap_ratio": 0.0 }, "geometry": { "type": "Polygon", "coordinates": [ [ [ -59.550198085878115, 39.075906144753617 ], [ -59.550198085878115, 39.120696846185957 ], [ -59.624849254932009, 39.120696846185957 ], [ -59.624849254932009, 39.075906144753617 ], [ -59.550198085878115, 39.075906144753617 ] ] ] } },
{ "type": "Feature", "properties": { "row": 9, "col": 20, "mostly_overlap": false, "overlap_ratio": 0.0 }, "geometry": { "type": "Polygon", "coordinates": [ [ [ -59.550198085878115, 39.120696846185957 ], [ -59.550198085878115, 39.165487547618298 ], [ -59.624849254932009, 39.165487547618298 ], [ -59.624849254932009, 39.120696846185957 ], [ -59.550198085878115, 39.120696846185957 ] ] ] } },
{ "type": "Feature", "properties": { "row": 10, "col": 1, "mostly_overlap": false, "overlap_ratio": 0.2543 }, "geometry": { "type": "Polygon", "coordinates": [ [ [ -59.624849254932009, 38.269673518971523 ], [ -59.624849254932009, 38.314464220403863 ], [ -59.69950042398591, 38.314464220403863 ], [ -59.69950042398591, 38.269673518971523 ], [ -59.624849254932009, 38.269673518971523 ] ] ] } },
{ "type": "Feature", "properties": { "row": 10, "col": 2, "mostly_overlap": true, "overlap_ratio": 1.0 }, "geometry": { "type": "Polygon", "coordinates": [ [ [ -59.624849254932009, 38.314464220403863 ], [ -59.624849254932009, 38.359254921836197 ], [ -59.69950042398591, 38.359254921836197 ], [ -59.69950042398591, 38.314464220403863 ], [ -59.624849254932009, 38.314464220403863 ] ] ] } },
{ "type": "Feature", "properties": { "row": 10, "col": 3, "mostly_overlap": true, "overlap_ratio": 1.0 }, "geometry": { "type": "Polygon", "coordinates": [ [ [ -59.624849254932009, 38.359254921836197 ], [ -59.624849254932009, 38.404045623268537 ], [ -59.69950042398591, 38.404045623268537 ], [ -59.69950042398591, 38.359254921836197 ], [ -59.624849254932009, 38.359254921836197 ] ] ] } },
{ "type": "Feature", "properties": { "row": 10, "col": 4, "mostly_overlap": true, "overlap_ratio": 1.0 }, "geometry": { "type": "Polygon", "coordinates": [ [ [ -59.624849254932009, 38.404045623268537 ], [ -59.624849254932009, 38.448836324700878 ], [ -59.69950042398591, 38.448836324700878 ], [ -59.69950042398591, 38.404045623268537 ], [ -59.624849254932009, 38.404045623268537 ] ] ] } },
{ "type": "Feature", "properties": { "row": 10, "col": 5, "mostly_overlap": true, "overlap_ratio": 1.0 }, "geometry": { "type": "Polygon", "coordinates": [ [ [ -59.624849254932009, 38.448836324700878 ], [ -59.624849254932009, 38.493627026133218 ], [ -59.69950042398591, 38.493627026133218 ], [ -59.69950042398591, 38.448836324700878 ], [ -59.624849254932009, 38.448836324700878 ] ] ] } },
{ "type": "Feature", "properties": { "row": 10, "col": 6, "mostly_overlap": true, "overlap_ratio": 1.0 }, "geometry": { "type": "Polygon", "coordinates": [ [ [ -59.624849254932009, 38.493627026133218 ], [ -59.624849254932009, 38.538417727565552 ], [ -59.69950042398591, 38.538417727565552 ], [ -59.69950042398591, 38.493627026133218 ], [ -59.624849254932009, 38.493627026133218 ] ] ] } },
{ "type": "Feature", "properties": { "row": 10, "col": 7, "mostly_overlap": true, "overlap_ratio": 1.0 }, "geometry": { "type": "Polygon", "coordinates": [ [ [ -59.624849254932009, 38.538417727565552 ], [ -59.624849254932009, 38.583208428997892 ], [ -59.69950042398591, 38.583208428997892 ], [ -59.69950042398591, 38.538417727565552 ], [ -59.624849254932009, 38.538417727565552 ] ] ] } },
{ "type": "Feature", "properties": { "row": 10, "col": 8, "mostly_overlap": true, "overlap_ratio": 1.0 }, "geometry": { "type": "Polygon", "coordinates": [ [ [ -59.624849254932009, 38.583208428997892 ], [ -59.624849254932009, 38.627999130430233 ], [ -59.69950042398591, 38.627999130430233 ], [ -59.69950042398591, 38.583208428997892 ], [ -59.624849254932009, 38.583208428997892 ] ] ] } },
{ "type": "Feature", "properties": { "row": 10, "col": 9, "mostly_overlap": true, "overlap_ratio": 1.0 }, "geometry": { "type": "Polygon", "coordinates": [ [ [ -59.624849254932009, 38.627999130430233 ], [ -59.624849254932009, 38.672789831862573 ], [ -59.69950042398591, 38.672789831862573 ], [ -59.69950042398591, 38.627999130430233 ], [ -59.624849254932009, 38.627999130430233 ] ] ] } },
{ "type": "Feature", "properties": { "row": 10, "col": 10, "mostly_overlap": true, "overlap_ratio": 0.9994 }, "geometry": { "type": "Polygon", "coordinates": [ [ [ -59.624849254932009, 38.672789831862573 ], [ -59.624849254932009, 38.717580533294907 ], [ -59.69950042398591, 38.717580533294907 ], [ -59.69950042398591, 38.672789831862573 ], [ -59.624849254932009, 38.672789831862573 ] ] ] } },
{ "type": "Feature", "properties": { "row": 10, "col": 11, "mostly_overlap": false, "overlap_ratio": 0.0196 }, "geometry": { "type": "Polygon", "coordinates": [ [ [ -59.624849254932009, 38.717580533294907 ], [ -59.624849254932009, 38.762371234727247 ], [ -59.69950042398591, 38.762371234727247 ], [ -59.69950042398591, 38.717580533294907 ], [ -59.624849254932009, 38.717580533294907 ] ] ] } },
{ "type": "Feature", "properties": { "row": 10, "col": 12, "mostly_overlap": false, "overlap_ratio": 0.0 }, "geometry": { "type": "Polygon", "coordinates": [ [ [ -59.624849254932009, 38.762371234727247 ], [ -59.624849254932009, 38.807161936159588 ], [ -59.69950042398591, 38.807161936159588 ], [ -59.69950042398591, 38.762371234727247 ], [ -59.624849254932009, 38.762371234727247 ] ] ] } },
{ "type": "Feature", "properties": { "row": 10, "col": 13, "mostly_overlap": false, "overlap_ratio": 0.0 }, "geometry": { "type": "Polygon", "coordinates": [ [ [ -59.624849254932009, 38.807161936159588 ], [ -59.624849254932009, 38.851952637591928 ], [ -59.69950042398591, 38.851952637591928 ], [ -59.69950042398591, 38.807161936159588 ], [ -59.624849254932009, 38.807161936159588 ] ] ] } },
{ "type": "Feature", "properties": { "row": 10, "col": 14, "mostly_overlap": false, "overlap_ratio": 0.0 }, "geometry": { "type": "Polygon", "coordinates": [ [ [ -59.624849254932009, 38.851952637591928 ], [ -59.624849254932009, 38.896743339024269 ], [ -59.69950042398591, 38.896743339024269 ], [ -59.69950042398591, 38.851952637591928 ], [ -59.624849254932009, 38.851952637591928 ] ] ] } },
{ "type": "Feature", "properties": { "row": 10, "col": 15, "mostly_overlap": false, "overlap_ratio": 0.0 }, "geometry": { "type": "Polygon", "coordinates": [ [ [ -59.624849254932009, 38.896743339024269 ], [ -59.624849254932009, 38.941534040456602 ], [ -59.69950042398591, 38.941534040456602 ], [ -59.69950042398591, 38.896743339024269 ], [ -59.624849254932009, 38.896743339024269 ] ] ] } },
{ "type": "Feature", "properties": { "row": 10, "col": 16, "mostly_overlap": false, "overlap_ratio": 0.0 }, "geometry": { "type": "Polygon", "coordinates": [ [ [ -59.624849254932009, 38.941534040456602 ], [ -59.624849254932009, 38.986324741888943 ], [ -59.69950042398591, 38.986324741888943 ], [ -59.69950042398591, 38.941534040456602 ], [ -59.624849254932009, 38.941534040456602 ] ] ] } },
{ "type": "Feature", "properties": { "row": 10, "col": 17, "mostly_overlap": false, "overlap_ratio": 0.0 }, "geometry": { "type": "Polygon", "coordinates": [ [ [ -59.624849254932009, 38.986324741888943 ], [ -59.624849254932009, 39.031115443321283 ], [ -59.69950042398591, 39.031115443321283 ], [ -59.69950042398591, 38.986324741888943 ], [ -59.624849254932009, 38.986324741888943 ] ] ] } },
{ "type": "Feature", "properties": { "row": 10, "col": 18, "mostly_overlap": false, "overlap_ratio": 0.0 }, "geometry": { "type": "Polygon", "coordinates": [ [ [ -59.624849254932009, 39.031115443321283 ], [ -59.624849254932009, 39.075906144753617 ], [ -59.69950042398591, 39.075906144753617 ], [ -59.69950042398591, 39.031115443321283 ], [ -59.624849254932009, 39.031115443321283 ] ] ] } },
{ "type": "Feature", "properties": { "row": 10, "col": 19, "mostly_overlap": false, "overlap_ratio": 0.0 }, "geometry": { "type": "Polygon", "coordinates": [ [ [ -59.624849254932009, 39.075906144753617 ], [ -59.624849254932009, 39.120696846185957 ], [ -59.69950042398591, 39.120696846185957 ], [ -59.69950042398591, 39.075906144753617 ], [ -59.624849254932009, 39.075906144753617 ] ] ] } },
{ "type": "Feature", "properties": { "row": 10, "col": 20, "mostly_overlap": false, "overlap_ratio": 0.0 }, "geometry": { "type": "Polygon", "coordinates": [ [ [ -59.624849254932009, 39.120696846185957 ], [ -59.624849254932009, 39.165487547618298 ], [ -59.69950042398591, 39.165487547618298 ], [ -59.69950042398591, 39.120696846185957 ], [ -59.624849254932009, 39.120696846185957 ] ] ] } },
{ "type": "Feature", "properties": { "row": 11, "col": 1, "mostly_overlap": false, "overlap_ratio": 0.3096 }, "geometry": { "type": "Polygon", "coordinates": [ [ [ -59.69950042398591, 38.269673518971523 ], [ -59.69950042398591, 38.314464220403863 ], [ -59.774151593039804, 38.314464220403863 ], [ -59.774151593039804, 38.269673518971523 ], [ -59.69950042398591, 38.269673518971523 ] ] ] } },
{ "type": "Feature", "properties": { "row": 11, "col": 2, "mostly_overlap": true, "overlap_ratio": 1.0 }, "geometry": { "type": "Polygon", "coordinates": [ [ [ -59.69950042398591, 38.314464220403863 ], [ -59.69950042398591, 38.359254921836197 ], [ -59.774151593039804, 38.359254921836197 ], [ -59.774151593039804, 38.314464220403863 ], [ -59.69950042398591, 38.314464220403863 ] ] ] } },
{ "type": "Feature", "properties": { "row": 11, "col": 3, "mostly_overlap": true, "overlap_ratio": 1.0 }, "geometry": { "type": "Polygon", "coordinates": [ [ [ -59.69950042398591, 38.359254921836197 ], [ -59.69950042398591, 38.404045623268537 ], [ -59.774151593039804, 38.404045623268537 ], [ -59.774151593039804, 38.359254921836197 ], [ -59.69950042398591, 38.359254921836197 ] ] ] } },
{ "type": "Feature", "properties": { "row": 11, "col": 4, "mostly_overlap": true, "overlap_ratio": 1.0 }, "geometry": { "type": "Polygon", "coordinates": [ [ [ -59.69950042398591, 38.404045623268537 ], [ -59.69950042398591, 38.448836324700878 ], [ -59.774151593039804, 38.448836324700878 ], [ -59.774151593039804, 38.404045623268537 ], [ -59.69950042398591, 38.404045623268537 ] ] ] } },
{ "type": "Feature", "properties": { "row": 11, "col": 5, "mostly_overlap": true, "overlap_ratio": 1.0 }, "geometry": { "type": "Polygon", "coordinates": [ [ [ -59.69950042398591, 38.448836324700878 ], [ -59.69950042398591, 38.493627026133218 ], [ -59.774151593039804, 38.493627026133218 ], [ -59.774151593039804, 38.448836324700878 ], [ -59.69950042398591, 38.448836324700878 ] ] ] } },
{ "type": "Feature", "properties": { "row": 11, "col": 6, "mostly_overlap": true, "overlap_ratio": 1.0 }, "geometry": { "type": "Polygon", "coordinates": [ [ [ -59.69950042398591, 38.493627026133218 ], [ -59.69950042398591, 38.538417727565552 ], [ -59.774151593039804, 38.538417727565552 ], [ -59.774151593039804, 38.493627026133218 ], [ -59.69950042398591, 38.493627026133218 ] ] ] } },
{ "type": "Feature", "properties": { "row": 11, "col": 7, "mostly_overlap": true, "overlap_ratio": 1.0 }, "geometry": { "type": "Polygon", "coordinates": [ [ [ -59.69950042398591, 38.538417727565552 ], [ -59.69950042398591, 38.583208428997892 ], [ -59.774151593039804, 38.583208428997892 ], [ -59.774151593039804, 38.538417727565552 ], [ -59.69950042398591, 38.538417727565552 ] ] ] } },
{ "type": "Feature", "properties": { "row": 11, "col": 8, "mostly_overlap": true, "overlap_ratio": 1.0 }, "geometry": { "type": "Polygon", "coordinates": [ [ [ -59.69950042398591, 38.583208428997892 ], [ -59.69950042398591, 38.627999130430233 ], [ -59.774151593039804, 38.627999130430233 ], [ -59.774151593039804, 38.583208428997892 ], [ -59.69950042398591, 38.583208428997892 ] ] ] } },
{ "type": "Feature", "properties": { "row": 11, "col": 9, "mostly_overlap": true, "overlap_ratio": 1.0 }, "geometry": { "type": "Polygon", "coordinates": [ [ [ -59.69950042398591, 38.627999130430233 ], [ -59.69950042398591, 38.672789831862573 ], [ -59.774151593039804, 38.672789831862573 ], [ -59.774151593039804, 38.627999130430233 ], [ -59.69950042398591, 38.627999130430233 ] ] ] } },
{ "type": "Feature", "properties": { "row": 11, "col": 10, "mostly_overlap": true, "overlap_ratio": 1.0 }, "geometry": { "type": "Polygon", "coordinates": [ [ [ -59.69950042398591, 38.672789831862573 ], [ -59.69950042398591, 38.717580533294907 ], [ -59.774151593039804, 38.717580533294907 ], [ -59.774151593039804, 38.672789831862573 ], [ -59.69950042398591, 38.672789831862573 ] ] ] } },
{ "type": "Feature", "properties": { "row": 11, "col": 11, "mostly_overlap": false, "overlap_ratio": 0.0737 }, "geometry": { "type": "Polygon", "coordinates": [ [ [ -59.69950042398591, 38.717580533294907 ], [ -59.69950042398591, 38.762371234727247 ], [ -59.774151593039804, 38.762371234727247 ], [ -59.774151593039804, 38.717580533294907 ], [ -59.69950042398591, 38.717580533294907 ] ] ] } },
{ "type": "Feature", "properties": { "row": 11, "col": 12, "mostly_overlap": false, "overlap_ratio": 0.0 }, "geometry": { "type": "Polygon", "coordinates": [ [ [ -59.69950042398591, 38.762371234727247 ], [ -59.69950042398591, 38.807161936159588 ], [ -59.774151593039804, 38.807161936159588 ], [ -59.774151593039804, 38.762371234727247 ], [ -59.69950042398591, 38.762371234727247 ] ] ] } },
{ "type": "Feature", "properties": { "row": 11, "col": 13, "mostly_overlap": false, "overlap_ratio": 0.0 }, "geometry": { "type": "Polygon", "coordinates": [ [ [ -59.69950042398591, 38.807161936159588 ], [ -59.69950042398591, 38.851952637591928 ], [ -59.774151593039804, 38.851952637591928 ], [ -59.774151593039804, 38.807161936159588 ], [ -59.69950042398591, 38.807161936159588 ] ] ] } },
{ "type": "Feature", "properties": { "row": 11, "col": 14, "mostly_overlap": false, "overlap_ratio": 0.0 }, "geometry": { "type": "Polygon", "coordinates": [ [ [ -59.69950042398591, 38.851952637591928 ], [ -59.69950042398591, 38.896743339024269 ], [ -59.774151593039804, 38.896743339024269 ], [ -59.774151593039804, 38.851952637591928 ], [ -59.69950042398591, 38.851952637591928 ] ] ] } },
{ "type": "Feature", "properties": { "row": 11, "col": 15, "mostly_overlap": false, "overlap_ratio": 0.0 }, "geometry": { "type": "Polygon", "coordinates": [ [ [ -59.69950042398591, 38.896743339024269 ], [ -59.69950042398591, 38.941534040456602 ], [ -59.774151593039804, 38.941534040456602 ], [ -59.774151593039804, 38.896743339024269 ], [ -59.69950042398591, 38.896743339024269 ] ] ] } },
{ "type": "Feature", "properties": { "row": 11, "col": 16, "mostly_overlap": false, "overlap_ratio": 0.0 }, "geometry": { "type": "Polygon", "coordinates": [ [ [ -59.69950042398591, 38.941534040456602 ], [ -59.69950042398591, 38.986324741888943 ], [ -59.774151593039804, 38.986324741888943 ], [ -59.774151593039804, 38.941534040456602 ], [ -59.69950042398591, 38.941534040456602 ] ] ] } },
{ "type": "Feature", "properties": { "row": 11, "col": 17, "mostly_overlap": false, "overlap_ratio": 0.0 }, "geometry": { "type": "Polygon", "coordinates": [ [ [ -59.69950042398591, 38.986324741888943 ], [ -59.69950042398591, 39.031115443321283 ], [ -59.774151593039804, 39.031115443321283 ], [ -59.774151593039804, 38.986324741888943 ], [ -59.69950042398591, 38.986324741888943 ] ] ] } },
{ "type": "Feature", "properties": { "row": 11, "col": 18, "mostly_overlap": false, "overlap_ratio": 0.0 }, "geometry": { "type": "Polygon", "coordinates": [ [ [ -59.69950042398591, 39.031115443321283 ], [ -59.69950042398591, 39.075906144753617 ], [ -59.774151593039804, 39.075906144753617 ], [ -59.774151593039804, 39.031115443321283 ], [ -59.69950042398591, 39.031115443321283 ] ] ] } },
{ "type": "Feature", "properties": { "row": 11, "col": 19, "mostly_overlap": false, "overlap_ratio": 0.0 }, "geometry": { "type": "Polygon", "coordinates": [ [ [ -59.69950042398591, 39.075906144753617 ], [ -59.69950042398591, 39.120696846185957 ], [ -59.774151593039804, 39.120696846185957 ], [ -59.774151593039804, 39.075906144753617 ], [ -59.69950042398591, 39.075906144753617 ] ] ] } },
{ "type": "Feature", "properties": { "row": 11, "col": 20, "mostly_overlap": false, "overlap_ratio": 0.0 }, "geometry": { "type": "Polygon", "coordinates": [ [ [ -59.69950042398591, 39.120696846185957 ], [ -59.69950042398591, 39.165487547618298 ], [ -59.774151593039804, 39.165487547618298 ], [ -59.774151593039804, 39.120696846185957 ], [ -59.69950042398591, 39.120696846185957 ] ] ] } },
{ "type": "Feature", "properties": { "row": 12, "col": 1, "mostly_overlap": false, "overlap_ratio": 0.3183 }, "geometry": { "type": "Polygon", "coordinates": [ [ [ -59.774151593039804, 38.269673518971523 ], [ -59.774151593039804, 38.314464220403863 ], [ -59.848802762093705, 38.314464220403863 ], [ -59.848802762093705, 38.269673518971523 ], [ -59.774151593039804, 38.269673518971523 ] ] ] } },
{ "type": "Feature", "properties": { "row": 12, "col": 2, "mostly_overlap": true, "overlap_ratio": 1.0 }, "geometry": { "type": "Polygon", "coordinates": [ [ [ -59.774151593039804, 38.314464220403863 ], [ -59.774151593039804, 38.359254921836197 ], [ -59.848802762093705, 38.359254921836197 ], [ -59.848802762093705, 38.314464220403863 ], [ -59.774151593039804, 38.314464220403863 ] ] ] } },
{ "type": "Feature", "properties": { "row": 12, "col": 3, "mostly_overlap": true, "overlap_ratio": 1.0 }, "geometry": { "type": "Polygon", "coordinates": [ [ [ -59.774151593039804, 38.359254921836197 ], [ -59.774151593039804, 38.404045623268537 ], [ -59.848802762093705, 38.404045623268537 ], [ -59.848802762093705, 38.359254921836197 ], [ -59.774151593039804, 38.359254921836197 ] ] ] } },
{ "type": "Feature", "properties": { "row": 12, "col": 4, "mostly_overlap": true, "overlap_ratio": 1.0 }, "geometry": { "type": "Polygon", "coordinates": [ [ [ -59.774151593039804, 38.404045623268537 ], [ -59.774151593039804, 38.448836324700878 ], [ -59.848802762093705, 38.448836324700878 ], [ -59.848802762093705, 38.404045623268537 ], [ -59.774151593039804, 38.404045623268537 ] ] ] } },
{ "type": "Feature", "properties": { "row": 12, "col": 5, "mostly_overlap": true, "overlap_ratio": 1.0 }, "geometry": { "type": "Polygon", "coordinates": [ [ [ -59.774151593039804, 38.448836324700878 ], [ -59.774151593039804, 38.493627026133218 ], [ -59.848802762093705, 38.493627026133218 ], [ -59.848802762093705, 38.448836324700878 ], [ -59.774151593039804, 38.448836324700878 ] ] ] } },
{ "type": "Feature", "properties": { "row": 12, "col": 6, "mostly_overlap": true, "overlap_ratio": 1.0 }, "geometry": { "type": "Polygon", "coordinates": [ [ [ -59.774151593039804, 38.493627026133218 ], [ -59.774151593039804, 38.538417727565552 ], [ -59.848802762093705, 38.538417727565552 ], [ -59.848802762093705, 38.493627026133218 ], [ -59.774151593039804, 38.493627026133218 ] ] ] } },
{ "type": "Feature", "properties": { "row": 12, "col": 7, "mostly_overlap": true, "overlap_ratio": 1.0 }, "geometry": { "type": "Polygon", "coordinates": [ [ [ -59.774151593039804, 38.538417727565552 ], [ -59.774151593039804, 38.583208428997892 ], [ -59.848802762093705, 38.583208428997892 ], [ -59.848802762093705, 38.538417727565552 ], [ -59.774151593039804, 38.538417727565552 ] ] ] } },
{ "type": "Feature", "properties": { "row": 12, "col": 8, "mostly_overlap": true, "overlap_ratio": 1.0 }, "geometry": { "type": "Polygon", "coordinates": [ [ [ -59.774151593039804, 38.583208428997892 ], [ -59.774151593039804, 38.627999130430233 ], [ -59.848802762093705, 38.627999130430233 ], [ -59.848802762093705, 38.583208428997892 ], [ -59.774151593039804, 38.583208428997892 ] ] ] } },
{ "type": "Feature", "properties": { "row": 12, "col": 9, "mostly_overlap": true, "overlap_ratio": 1.0 }, "geometry": { "type": "Polygon", "coordinates": [ [ [ -59.774151593039804, 38.627999130430233 ], [ -59.774151593039804, 38.672789831862573 ], [ -59.848802762093705, 38.672789831862573 ], [ -59.848802762093705, 38.627999130430233 ], [ -59.774151593039804, 38.627999130430233 ] ] ] } },
{ "type": "Feature", "properties": { "row": 12, "col": 10, "mostly_overlap": true, "overlap_ratio": 1.0 }, "geometry": { "type": "Polygon", "coordinates": [ [ [ -59.774151593039804, 38.672789831862573 ], [ -59.774151593039804, 38.717580533294907 ], [ -59.848802762093705, 38.717580533294907 ], [ -59.848802762093705, 38.672789831862573 ], [ -59.774151593039804, 38.672789831862573 ] ] ] } },
{ "type": "Feature", "properties": { "row": 12, "col": 11, "mostly_overlap": false, "overlap_ratio": 0.1284 }, "geometry": { "type": "Polygon", "coordinates": [ [ [ -59.774151593039804, 38.717580533294907 ], [ -59.774151593039804, 38.762371234727247 ], [ -59.848802762093705, 38.762371234727247 ], [ -59.848802762093705, 38.717580533294907 ], [ -59.774151593039804, 38.717580533294907 ] ] ] } },
{ "type": "Feature", "properties": { "row": 12, "col": 12, "mostly_overlap": false, "overlap_ratio": 0.0 }, "geometry": { "type": "Polygon", "coordinates": [ [ [ -59.774151593039804, 38.762371234727247 ], [ -59.774151593039804, 38.807161936159588 ], [ -59.848802762093705, 38.807161936159588 ], [ -59.848802762093705, 38.762371234727247 ], [ -59.774151593039804, 38.762371234727247 ] ] ] } },
{ "type": "Feature", "properties": { "row": 12, "col": 13, "mostly_overlap": false, "overlap_ratio": 0.0 }, "geometry": { "type": "Polygon", "coordinates": [ [ [ -59.774151593039804, 38.807161936159588 ], [ -59.774151593039804, 38.851952637591928 ], [ -59.848802762093705, 38.851952637591928 ], [ -59.848802762093705, 38.807161936159588 ], [ -59.774151593039804, 38.807161936159588 ] ] ] } },
{ "type": "Feature", "properties": { "row": 12, "col": 14, "mostly_overlap": false, "overlap_ratio": 0.0 }, "geometry": { "type": "Polygon", "coordinates": [ [ [ -59.774151593039804, 38.851952637591928 ], [ -59.774151593039804, 38.896743339024269 ], [ -59.848802762093705, 38.896743339024269 ], [ -59.848802762093705, 38.851952637591928 ], [ -59.774151593039804, 38.851952637591928 ] ] ] } },
{ "type": "Feature", "properties": { "row": 12, "col": 15, "mostly_overlap": false, "overlap_ratio": 0.0 }, "geometry": { "type": "Polygon", "coordinates": [ [ [ -59.774151593039804, 38.896743339024269 ], [ -59.774151593039804, 38.941534040456602 ], [ -59.848802762093705, 38.941534040456602 ], [ -59.848802762093705, 38.896743339024269 ], [ -59.774151593039804, 38.896743339024269 ] ] ] } },
{ "type": "Feature", "properties": { "row": 12, "col": 16, "mostly_overlap": false, "overlap_ratio": 0.0 }, "geometry": { "type": "Polygon", "coordinates": [ [ [ -59.774151593039804, 38.941534040456602 ], [ -59.774151593039804, 38.986324741888943 ], [ -59.848802762093705, 38.986324741888943 ], [ -59.848802762093705, 38.941534040456602 ], [ -59.774151593039804, 38.941534040456602 ] ] ] } },
{ "type": "Feature", "properties": { "row": 12, "col": 17, "mostly_overlap": false, "overlap_ratio": 0.0 }, "geometry": { "type": "Polygon", "coordinates": [ [ [ -59.774151593039804, 38.986324741888943 ], [ -59.774151593039804, 39.031115443321283 ], [ -59.848802762093705, 39.031115443321283 ], [ -59.848802762093705, 38.986324741888943 ], [ -59.774151593039804, 38.986324741888943 ] ] ] } },
{ "type": "Feature", "properties": { "row": 12, "col": 18, "mostly_overlap": false, "overlap_ratio": 0.0 }, "geometry": { "type": "Polygon", "coordinates": [ [ [ -59.774151593039804, 39.031115443321283 ], [ -59.774151593039804, 39.075906144753617 ], [ -59.848802762093705, 39.075906144753617 ], [ -59.848802762093705, 39.031115443321283 ], [ -59.774151593039804, 39.031115443321283 ] ] ] } },
{ "type": "Feature", "properties": { "row": 12, "col": 19, "mostly_overlap": false, "overlap_ratio": 0.0 }, "geometry": { "type": "Polygon", "coordinates": [ [ [ -59.774151593039804, 39.075906144753617 ], [ -59.774151593039804, 39.120696846185957 ], [ -59.848802762093705, 39.120696846185957 ], [ -59.848802762093705, 39.075906144753617 ], [ -59.774151593039804, 39.075906144753617 ] ] ] } },
{ "type": "Feature", "properties": { "row": 12, "col": 20, "mostly_overlap": false, "overlap_ratio": 0.0 }, "geometry": { "type": "Polygon", "coordinates": [ [ [ -59.774151593039804, 39.120696846185957 ], [ -59.774151593039804, 39.165487547618298 ], [ -59.848802762093705, 39.165487547618298 ], [ -59.848802762093705, 39.120696846185957 ], [ -59.774151593039804, 39.120696846185957 ] ] ] } },
{ "type": "Feature", "properties": { "row": 13, "col": 1, "mostly_overlap": false, "overlap_ratio": 0.3968 }, "geometry": { "type": "Polygon", "coordinates": [ [ [ -59.848802762093705, 38.269673518971523 ], [ -59.848802762093705, 38.314464220403863 ], [ -59.923453931147606, 38.314464220403863 ], [ -59.923453931147606, 38.269673518971523 ], [ -59.848802762093705, 38.269673518971523 ] ] ] } },
{ "type": "Feature", "properties": { "row": 13, "col": 2, "mostly_overlap": true, "overlap_ratio": 1.0 }, "geometry": { "type": "Polygon", "coordinates": [ [ [ -59.848802762093705, 38.314464220403863 ], [ -59.848802762093705, 38.359254921836197 ], [ -59.923453931147606, 38.359254921836197 ], [ -59.923453931147606, 38.314464220403863 ], [ -59.848802762093705, 38.314464220403863 ] ] ] } },
{ "type": "Feature", "properties": { "row": 13, "col": 3, "mostly_overlap": true, "overlap_ratio": 1.0 }, "geometry": { "type": "Polygon", "coordinates": [ [ [ -59.848802762093705, 38.359254921836197 ], [ -59.848802762093705, 38.404045623268537 ], [ -59.923453931147606, 38.404045623268537 ], [ -59.923453931147606, 38.359254921836197 ], [ -59.848802762093705, 38.359254921836197 ] ] ] } },
{ "type": "Feature", "properties": { "row": 13, "col": 4, "mostly_overlap": true, "overlap_ratio": 1.0 }, "geometry": { "type": "Polygon", "coordinates": [ [ [ -59.848802762093705, 38.404045623268537 ], [ -59.848802762093705, 38.448836324700878 ], [ -59.923453931147606, 38.448836324700878 ], [ -59.923453931147606, 38.404045623268537 ], [ -59.848802762093705, 38.404045623268537 ] ] ] } },
{ "type": "Feature", "properties": { "row": 13, "col": 5, "mostly_overlap": true, "overlap_ratio": 1.0 }, "geometry": { "type": "Polygon", "coordinates": [ [ [ -59.848802762093705, 38.448836324700878 ], [ -59.848802762093705, 38.493627026133218 ], [ -59.923453931147606, 38.493627026133218 ], [ -59.923453931147606, 38.448836324700878 ], [ -59.848802762093705, 38.448836324700878 ] ] ] } },
{ "type": "Feature", "properties": { "row": 13, "col": 6, "mostly_overlap": true, "overlap_ratio": 1.0 }, "geometry": { "type": "Polygon", "coordinates": [ [ [ -59.848802762093705, 38.493627026133218 ], [ -59.848802762093705, 38.538417727565552 ], [ -59.923453931147606, 38.538417727565552 ], [ -59.923453931147606, 38.493627026133218 ], [ -59.848802762093705, 38.493627026133218 ] ] ] } },
{ "type": "Feature", "properties": { "row": 13, "col": 7, "mostly_overlap": true, "overlap_ratio": 1.0 }, "geometry": { "type": "Polygon", "coordinates": [ [ [ -59.848802762093705, 38.538417727565552 ], [ -59.848802762093705, 38.583208428997892 ], [ -59.923453931147606, 38.583208428997892 ], [ -59.923453931147606, 38.538417727565552 ], [ -59.848802762093705, 38.538417727565552 ] ] ] } },
{ "type": "Feature", "properties": { "row": 13, "col": 8, "mostly_overlap": true, "overlap_ratio": 1.0 }, "geometry": { "type": "Polygon", "coordinates": [ [ [ -59.848802762093705, 38.583208428997892 ], [ -59.848802762093705, 38.627999130430233 ], [ -59.923453931147606, 38.627999130430233 ], [ -59.923453931147606, 38.583208428997892 ], [ -59.848802762093705, 38.583208428997892 ] ] ] } },
{ "type": "Feature", "properties": { "row": 13, "col": 9, "mostly_overlap": true, "overlap_ratio": 1.0 }, "geometry": { "type": "Polygon", "coordinates": [ [ [ -59.848802762093705, 38.627999130430233 ], [ -59.848802762093705, 38.672789831862573 ], [ -59.923453931147606, 38.672789831862573 ], [ -59.923453931147606, 38.627999130430233 ], [ -59.848802762093705, 38.627999130430233 ] ] ] } },
{ "type": "Feature", "properties": { "row": 13, "col": 10, "mostly_overlap": true, "overlap_ratio": 1.0 }, "geometry": { "type": "Polygon", "coordinates": [ [ [ -59.848802762093705, 38.672789831862573 ], [ -59.848802762093705, 38.717580533294907 ], [ -59.923453931147606, 38.717580533294907 ], [ -59.923453931147606, 38.672789831862573 ], [ -59.848802762093705, 38.672789831862573 ] ] ] } },
{ "type": "Feature", "properties": { "row": 13, "col": 11, "mostly_overlap": false, "overlap_ratio": 0.1832 }, "geometry": { "type": "Polygon", "coordinates": [ [ [ -59.848802762093705, 38.717580533294907 ], [ -59.848802762093705, 38.762371234727247 ], [ -59.923453931147606, 38.762371234727247 ], [ -59.923453931147606, 38.717580533294907 ], [ -59.848802762093705, 38.717580533294907 ] ] ] } },
{ "type": "Feature", "properties": { "row": 13, "col": 12, "mostly_overlap": false, "overlap_ratio": 0.003 }, "geometry": { "type": "Polygon", "coordinates": [ [ [ -59.848802762093705, 38.762371234727247 ], [ -59.848802762093705, 38.807161936159588 ], [ -59.923453931147606, 38.807161936159588 ], [ -59.923453931147606, 38.762371234727247 ], [ -59.848802762093705, 38.762371234727247 ] ] ] } },
{ "type": "Feature", "properties": { "row": 13, "col": 13, "mostly_overlap": false, "overlap_ratio": 0.0 }, "geometry": { "type": "Polygon", "coordinates": [ [ [ -59.848802762093705, 38.807161936159588 ], [ -59.848802762093705, 38.851952637591928 ], [ -59.923453931147606, 38.851952637591928 ], [ -59.923453931147606, 38.807161936159588 ], [ -59.848802762093705, 38.807161936159588 ] ] ] } },
{ "type": "Feature", "properties": { "row": 13, "col": 14, "mostly_overlap": false, "overlap_ratio": 0.0 }, "geometry": { "type": "Polygon", "coordinates": [ [ [ -59.848802762093705, 38.851952637591928 ], [ -59.848802762093705, 38.896743339024269 ], [ -59.923453931147606, 38.896743339024269 ], [ -59.923453931147606, 38.851952637591928 ], [ -59.848802762093705, 38.851952637591928 ] ] ] } },
{ "type": "Feature", "properties": { "row": 13, "col": 15, "mostly_overlap": false, "overlap_ratio": 0.0 }, "geometry": { "type": "Polygon", "coordinates": [ [ [ -59.848802762093705, 38.896743339024269 ], [ -59.848802762093705, 38.941534040456602 ], [ -59.923453931147606, 38.941534040456602 ], [ -59.923453931147606, 38.896743339024269 ], [ -59.848802762093705, 38.896743339024269 ] ] ] } },
{ "type": "Feature", "properties": { "row": 13, "col": 16, "mostly_overlap": false, "overlap_ratio": 0.0 }, "geometry": { "type": "Polygon", "coordinates": [ [ [ -59.848802762093705, 38.941534040456602 ], [ -59.848802762093705, 38.986324741888943 ], [ -59.923453931147606, 38.986324741888943 ], [ -59.923453931147606, 38.941534040456602 ], [ -59.848802762093705, 38.941534040456602 ] ] ] } },
{ "type": "Feature", "properties": { "row": 13, "col": 17, "mostly_overlap": false, "overlap_ratio": 0.0 }, "geometry": { "type": "Polygon", "coordinates": [ [ [ -59.848802762093705, 38.986324741888943 ], [ -59.848802762093705, 39.031115443321283 ], [ -59.923453931147606, 39.031115443321283 ], [ -59.923453931147606, 38.986324741888943 ], [ -59.848802762093705, 38.986324741888943 ] ] ] } },
{ "type": "Feature", "properties": { "row": 13, "col": 18, "mostly_overlap": false, "overlap_ratio": 0.0 }, "geometry": { "type": "Polygon", "coordinates": [ [ [ -59.848802762093705, 39.031115443321283 ], [ -59.848802762093705, 39.075906144753617 ], [ -59.923453931147606, 39.075906144753617 ], [ -59.923453931147606, 39.031115443321283 ], [ -59.848802762093705, 39.031115443321283 ] ] ] } },
{ "type": "Feature", "properties": { "row": 13, "col": 19, "mostly_overlap": false, "overlap_ratio": 0.0 }, "geometry": { "type": "Polygon", "coordinates": [ [ [ -59.848802762093705, 39.075906144753617 ], [ -59.848802762093705, 39.120696846185957 ], [ -59.923453931147606, 39.120696846185957 ], [ -59.923453931147606, 39.075906144753617 ], [ -59.848802762093705, 39.075906144753617 ] ] ] } },
{ "type": "Feature", "properties": { "row": 13, "col": 20, "mostly_overlap": false, "overlap_ratio": 0.0 }, "geometry": { "type": "Polygon", "coordinates": [ [ [ -59.848802762093705, 39.120696846185957 ], [ -59.848802762093705, 39.165487547618298 ], [ -59.923453931147606, 39.165487547618298 ], [ -59.923453931147606, 39.120696846185957 ], [ -59.848802762093705, 39.120696846185957 ] ] ] } },
{ "type": "Feature", "properties": { "row": 14, "col": 1, "mostly_overlap": false, "overlap_ratio": 0.4533 }, "geometry": { "type": "Polygon", "coordinates": [ [ [ -59.923453931147606, 38.269673518971523 ], [ -59.923453931147606, 38.314464220403863 ], [ -59.998105100201499, 38.314464220403863 ], [ -59.998105100201499, 38.269673518971523 ], [ -59.923453931147606, 38.269673518971523 ] ] ] } },
{ "type": "Feature", "properties": { "row": 14, "col": 2, "mostly_overlap": true, "overlap_ratio": 1.0 }, "geometry": { "type": "Polygon", "coordinates": [ [ [ -59.923453931147606, 38.314464220403863 ], [ -59.923453931147606, 38.359254921836197 ], [ -59.998105100201499, 38.359254921836197 ], [ -59.998105100201499, 38.314464220403863 ], [ -59.923453931147606, 38.314464220403863 ] ] ] } },
{ "type": "Feature", "properties": { "row": 14, "col": 3, "mostly_overlap": true, "overlap_ratio": 1.0 }, "geometry": { "type": "Polygon", "coordinates": [ [ [ -59.923453931147606, 38.359254921836197 ], [ -59.923453931147606, 38.404045623268537 ], [ -59.998105100201499, 38.404045623268537 ], [ -59.998105100201499, 38.359254921836197 ], [ -59.923453931147606, 38.359254921836197 ] ] ] } },
{ "type": "Feature", "properties": { "row": 14, "col": 4, "mostly_overlap": true, "overlap_ratio": 1.0 }, "geometry": { "type": "Polygon", "coordinates": [ [ [ -59.923453931147606, 38.404045623268537 ], [ -59.923453931147606, 38.448836324700878 ], [ -59.998105100201499, 38.448836324700878 ], [ -59.998105100201499, 38.404045623268537 ], [ -59.923453931147606, 38.404045623268537 ] ] ] } },
{ "type": "Feature", "properties": { "row": 14, "col": 5, "mostly_overlap": true, "overlap_ratio": 1.0 }, "geometry": { "type": "Polygon", "coordinates": [ [ [ -59.923453931147606, 38.448836324700878 ], [ -59.923453931147606, 38.493627026133218 ], [ -59.998105100201499, 38.493627026133218 ], [ -59.998105100201499, 38.448836324700878 ], [ -59.923453931147606, 38.448836324700878 ] ] ] } },
{ "type": "Feature", "properties": { "row": 14, "col": 6, "mostly_overlap": true, "overlap_ratio": 1.0 }, "geometry": { "type": "Polygon", "coordinates": [ [ [ -59.923453931147606, 38.493627026133218 ], [ -59.923453931147606, 38.538417727565552 ], [ -59.998105100201499, 38.538417727565552 ], [ -59.998105100201499, 38.493627026133218 ], [ -59.923453931147606, 38.493627026133218 ] ] ] } },
{ "type": "Feature", "properties": { "row": 14, "col": 7, "mostly_overlap": true, "overlap_ratio": 1.0 }, "geometry": { "type": "Polygon", "coordinates": [ [ [ -59.923453931147606, 38.538417727565552 ], [ -59.923453931147606, 38.583208428997892 ], [ -59.998105100201499, 38.583208428997892 ], [ -59.998105100201499, 38.538417727565552 ], [ -59.923453931147606, 38.538417727565552 ] ] ] } },
{ "type": "Feature", "properties": { "row": 14, "col": 8, "mostly_overlap": true, "overlap_ratio": 1.0 }, "geometry": { "type": "Polygon", "coordinates": [ [ [ -59.923453931147606, 38.583208428997892 ], [ -59.923453931147606, 38.627999130430233 ], [ -59.998105100201499, 38.627999130430233 ], [ -59.998105100201499, 38.583208428997892 ], [ -59.923453931147606, 38.583208428997892 ] ] ] } },
{ "type": "Feature", "properties": { "row": 14, "col": 9, "mostly_overlap": true, "overlap_ratio": 1.0 }, "geometry": { "type": "Polygon", "coordinates": [ [ [ -59.923453931147606, 38.627999130430233 ], [ -59.923453931147606, 38.672789831862573 ], [ -59.998105100201499, 38.672789831862573 ], [ -59.998105100201499, 38.627999130430233 ], [ -59.923453931147606, 38.627999130430233 ] ] ] } },
{ "type": "Feature", "properties": { "row": 14, "col": 10, "mostly_overlap": true, "overlap_ratio": 1.0 }, "geometry": { "type": "Polygon", "coordinates": [ [ [ -59.923453931147606, 38.672789831862573 ], [ -59.923453931147606, 38.717580533294907 ], [ -59.998105100201499, 38.717580533294907 ], [ -59.998105100201499, 38.672789831862573 ], [ -59.923453931147606, 38.672789831862573 ] ] ] } },
{ "type": "Feature", "properties": { "row": 14, "col": 11, "mostly_overlap": true, "overlap_ratio": 0.9386 }, "geometry": { "type": "Polygon", "coordinates": [ [ [ -59.923453931147606, 38.717580533294907 ], [ -59.923453931147606, 38.762371234727247 ], [ -59.998105100201499, 38.762371234727247 ], [ -59.998105100201499, 38.717580533294907 ], [ -59.923453931147606, 38.717580533294907 ] ] ] } },
{ "type": "Feature", "properties": { "row": 14, "col": 12, "mostly_overlap": false, "overlap_ratio": 0.3549 }, "geometry": { "type": "Polygon", "coordinates": [ [ [ -59.923453931147606, 38.762371234727247 ], [ -59.923453931147606, 38.807161936159588 ], [ -59.998105100201499, 38.807161936159588 ], [ -59.998105100201499, 38.762371234727247 ], [ -59.923453931147606, 38.762371234727247 ] ] ] } },
{ "type": "Feature", "properties": { "row": 14, "col": 13, "mostly_overlap": false, "overlap_ratio": 0.0 }, "geometry": { "type": "Polygon", "coordinates": [ [ [ -59.923453931147606, 38.807161936159588 ], [ -59.923453931147606, 38.851952637591928 ], [ -59.998105100201499, 38.851952637591928 ], [ -59.998105100201499, 38.807161936159588 ], [ -59.923453931147606, 38.807161936159588 ] ] ] } },
{ "type": "Feature", "properties": { "row": 14, "col": 14, "mostly_overlap": false, "overlap_ratio": 0.0 }, "geometry": { "type": "Polygon", "coordinates": [ [ [ -59.923453931147606, 38.851952637591928 ], [ -59.923453931147606, 38.896743339024269 ], [ -59.998105100201499, 38.896743339024269 ], [ -59.998105100201499, 38.851952637591928 ], [ -59.923453931147606, 38.851952637591928 ] ] ] } },
{ "type": "Feature", "properties": { "row": 14, "col": 15, "mostly_overlap": false, "overlap_ratio": 0.0 }, "geometry": { "type": "Polygon", "coordinates": [ [ [ -59.923453931147606, 38.896743339024269 ], [ -59.923453931147606, 38.941534040456602 ], [ -59.998105100201499, 38.941534040456602 ], [ -59.998105100201499, 38.896743339024269 ], [ -59.923453931147606, 38.896743339024269 ] ] ] } },
{ "type": "Feature", "properties": { "row": 14, "col": 16, "mostly_overlap": false, "overlap_ratio": 0.0 }, "geometry": { "type": "Polygon", "coordinates": [ [ [ -59.923453931147606, 38.941534040456602 ], [ -59.923453931147606, 38.986324741888943 ], [ -59.998105100201499, 38.986324741888943 ], [ -59.998105100201499, 38.941534040456602 ], [ -59.923453931147606, 38.941534040456602 ] ] ] } },
{ "type": "Feature", "properties": { "row": 14, "col": 17, "mostly_overlap": false, "overlap_ratio": 0.0 }, "geometry": { "type": "Polygon", "coordinates": [ [ [ -59.923453931147606, 38.986324741888943 ], [ -59.923453931147606, 39.031115443321283 ], [ -59.998105100201499, 39.031115443321283 ], [ -59.998105100201499, 38.986324741888943 ], [ -59.923453931147606, 38.986324741888943 ] ] ] } },
{ "type": "Feature", "properties": { "row": 14, "col": 18, "mostly_overlap": false, "overlap_ratio": 0.0 }, "geometry": { "type": "Polygon", "coordinates": [ [ [ -59.923453931147606, 39.031115443321283 ], [ -59.923453931147606, 39.075906144753617 ], [ -59.998105100201499, 39.075906144753617 ], [ -59.998105100201499, 39.031115443321283 ], [ -59.923453931147606, 39.031115443321283 ] ] ] } },
{ "type": "Feature", "properties": { "row": 14, "col": 19, "mostly_overlap": false, "overlap_ratio": 0.0 }, "geometry": { "type": "Polygon", "coordinates": [ [ [ -59.923453931147606, 39.075906144753617 ], [ -59.923453931147606, 39.120696846185957 ], [ -59.998105100201499, 39.120696846185957 ], [ -59.998105100201499, 39.075906144753617 ], [ -59.923453931147606, 39.075906144753617 ] ] ] } },
{ "type": "Feature", "properties": { "row": 14, "col": 20, "mostly_overlap": false, "overlap_ratio": 0.0 }, "geometry": { "type": "Polygon", "coordinates": [ [ [ -59.923453931147606, 39.120696846185957 ], [ -59.923453931147606, 39.165487547618298 ], [ -59.998105100201499, 39.165487547618298 ], [ -59.998105100201499, 39.120696846185957 ], [ -59.923453931147606, 39.120696846185957 ] ] ] } },
{ "type": "Feature", "properties": { "row": 15, "col": 1, "mostly_overlap": false, "overlap_ratio": 0.4946 }, "geometry": { "type": "Polygon", "coordinates": [ [ [ -59.998105100201499, 38.269673518971523 ], [ -59.998105100201499, 38.314464220403863 ], [ -60.0727562692554, 38.314464220403863 ], [ -60.0727562692554, 38.269673518971523 ], [ -59.998105100201499, 38.269673518971523 ] ] ] } },
{ "type": "Feature", "properties": { "row": 15, "col": 2, "mostly_overlap": true, "overlap_ratio": 1.0 }, "geometry": { "type": "Polygon", "coordinates": [ [ [ -59.998105100201499, 38.314464220403863 ], [ -59.998105100201499, 38.359254921836197 ], [ -60.0727562692554, 38.359254921836197 ], [ -60.0727562692554, 38.314464220403863 ], [ -59.998105100201499, 38.314464220403863 ] ] ] } },
{ "type": "Feature", "properties": { "row": 15, "col": 3, "mostly_overlap": true, "overlap_ratio": 1.0 }, "geometry": { "type": "Polygon", "coordinates": [ [ [ -59.998105100201499, 38.359254921836197 ], [ -59.998105100201499, 38.404045623268537 ], [ -60.0727562692554, 38.404045623268537 ], [ -60.0727562692554, 38.359254921836197 ], [ -59.998105100201499, 38.359254921836197 ] ] ] } },
{ "type": "Feature", "properties": { "row": 15, "col": 4, "mostly_overlap": true, "overlap_ratio": 1.0 }, "geometry": { "type": "Polygon", "coordinates": [ [ [ -59.998105100201499, 38.404045623268537 ], [ -59.998105100201499, 38.448836324700878 ], [ -60.0727562692554, 38.448836324700878 ], [ -60.0727562692554, 38.404045623268537 ], [ -59.998105100201499, 38.404045623268537 ] ] ] } },
{ "type": "Feature", "properties": { "row": 15, "col": 5, "mostly_overlap": true, "overlap_ratio": 1.0 }, "geometry": { "type": "Polygon", "coordinates": [ [ [ -59.998105100201499, 38.448836324700878 ], [ -59.998105100201499, 38.493627026133218 ], [ -60.0727562692554, 38.493627026133218 ], [ -60.0727562692554, 38.448836324700878 ], [ -59.998105100201499, 38.448836324700878 ] ] ] } },
{ "type": "Feature", "properties": { "row": 15, "col": 6, "mostly_overlap": true, "overlap_ratio": 1.0 }, "geometry": { "type": "Polygon", "coordinates": [ [ [ -59.998105100201499, 38.493627026133218 ], [ -59.998105100201499, 38.538417727565552 ], [ -60.0727562692554, 38.538417727565552 ], [ -60.0727562692554, 38.493627026133218 ], [ -59.998105100201499, 38.493627026133218 ] ] ] } },
{ "type": "Feature", "properties": { "row": 15, "col": 7, "mostly_overlap": true, "overlap_ratio": 1.0 }, "geometry": { "type": "Polygon", "coordinates": [ [ [ -59.998105100201499, 38.538417727565552 ], [ -59.998105100201499, 38.583208428997892 ], [ -60.0727562692554, 38.583208428997892 ], [ -60.0727562692554, 38.538417727565552 ], [ -59.998105100201499, 38.538417727565552 ] ] ] } },
{ "type": "Feature", "properties": { "row": 15, "col": 8, "mostly_overlap": true, "overlap_ratio": 1.0 }, "geometry": { "type": "Polygon", "coordinates": [ [ [ -59.998105100201499, 38.583208428997892 ], [ -59.998105100201499, 38.627999130430233 ], [ -60.0727562692554, 38.627999130430233 ], [ -60.0727562692554, 38.583208428997892 ], [ -59.998105100201499, 38.583208428997892 ] ] ] } },
{ "type": "Feature", "properties": { "row": 15, "col": 9, "mostly_overlap": true, "overlap_ratio": 1.0 }, "geometry": { "type": "Polygon", "coordinates": [ [ [ -59.998105100201499, 38.627999130430233 ], [ -59.998105100201499, 38.672789831862573 ], [ -60.0727562692554, 38.672789831862573 ], [ -60.0727562692554, 38.627999130430233 ], [ -59.998105100201499, 38.627999130430233 ] ] ] } },
{ "type": "Feature", "properties": { "row": 15, "col": 10, "mostly_overlap": true, "overlap_ratio": 1.0 }, "geometry": { "type": "Polygon", "coordinates": [ [ [ -59.998105100201499, 38.672789831862573 ], [ -59.998105100201499, 38.717580533294907 ], [ -60.0727562692554, 38.717580533294907 ], [ -60.0727562692554, 38.672789831862573 ], [ -59.998105100201499, 38.672789831862573 ] ] ] } },
{ "type": "Feature", "properties": { "row": 15, "col": 11, "mostly_overlap": true, "overlap_ratio": 0.815 }, "geometry": { "type": "Polygon", "coordinates": [ [ [ -59.998105100201499, 38.717580533294907 ], [ -59.998105100201499, 38.762371234727247 ], [ -60.0727562692554, 38.762371234727247 ], [ -60.0727562692554, 38.717580533294907 ], [ -59.998105100201499, 38.717580533294907 ] ] ] } },
{ "type": "Feature", "properties": { "row": 15, "col": 12, "mostly_overlap": false, "overlap_ratio": 0.2822 }, "geometry": { "type": "Polygon", "coordinates": [ [ [ -59.998105100201499, 38.762371234727247 ], [ -59.998105100201499, 38.807161936159588 ], [ -60.0727562692554, 38.807161936159588 ], [ -60.0727562692554, 38.762371234727247 ], [ -59.998105100201499, 38.762371234727247 ] ] ] } },
{ "type": "Feature", "properties": { "row": 15, "col": 13, "mostly_overlap": false, "overlap_ratio": 0.0 }, "geometry": { "type": "Polygon", "coordinates": [ [ [ -59.998105100201499, 38.807161936159588 ], [ -59.998105100201499, 38.851952637591928 ], [ -60.0727562692554, 38.851952637591928 ], [ -60.0727562692554, 38.807161936159588 ], [ -59.998105100201499, 38.807161936159588 ] ] ] } },
{ "type": "Feature", "properties": { "row": 15, "col": 14, "mostly_overlap": false, "overlap_ratio": 0.0 }, "geometry": { "type": "Polygon", "coordinates": [ [ [ -59.998105100201499, 38.851952637591928 ], [ -59.998105100201499, 38.896743339024269 ], [ -60.0727562692554, 38.896743339024269 ], [ -60.0727562692554, 38.851952637591928 ], [ -59.998105100201499, 38.851952637591928 ] ] ] } },
{ "type": "Feature", "properties": { "row": 15, "col": 15, "mostly_overlap": false, "overlap_ratio": 0.0 }, "geometry": { "type": "Polygon", "coordinates": [ [ [ -59.998105100201499, 38.896743339024269 ], [ -59.998105100201499, 38.941534040456602 ], [ -60.0727562692554, 38.941534040456602 ], [ -60.0727562692554, 38.896743339024269 ], [ -59.998105100201499, 38.896743339024269 ] ] ] } },
{ "type": "Feature", "properties": { "row": 15, "col": 16, "mostly_overlap": false, "overlap_ratio": 0.0 }, "geometry": { "type": "Polygon", "coordinates": [ [ [ -59.998105100201499, 38.941534040456602 ], [ -59.998105100201499, 38.986324741888943 ], [ -60.0727562692554, 38.986324741888943 ], [ -60.0727562692554, 38.941534040456602 ], [ -59.998105100201499, 38.941534040456602 ] ] ] } },
{ "type": "Feature", "properties": { "row": 15, "col": 17, "mostly_overlap": false, "overlap_ratio": 0.0 }, "geometry": { "type": "Polygon", "coordinates": [ [ [ -59.998105100201499, 38.986324741888943 ], [ -59.998105100201499, 39.031115443321283 ], [ -60.0727562692554, 39.031115443321283 ], [ -60.0727562692554, 38.986324741888943 ], [ -59.998105100201499, 38.986324741888943 ] ] ] } },
{ "type": "Feature", "properties": { "row": 15, "col": 18, "mostly_overlap": false, "overlap_ratio": 0.0 }, "geometry": { "type": "Polygon", "coordinates": [ [ [ -59.998105100201499, 39.031115443321283 ], [ -59.998105100201499, 39.075906144753617 ], [ -60.0727562692554, 39.075906144753617 ], [ -60.0727562692554, 39.031115443321283 ], [ -59.998105100201499, 39.031115443321283 ] ] ] } },
{ "type": "Feature", "properties": { "row": 15, "col": 19, "mostly_overlap": false, "overlap_ratio": 0.0 }, "geometry": { "type": "Polygon", "coordinates": [ [ [ -59.998105100201499, 39.075906144753617 ], [ -59.998105100201499, 39.120696846185957 ], [ -60.0727562692554, 39.120696846185957 ], [ -60.0727562692554, 39.075906144753617 ], [ -59.998105100201499, 39.075906144753617 ] ] ] } },
{ "type": "Feature", "properties": { "row": 15, "col": 20, "mostly_overlap": false, "overlap_ratio": 0.0 }, "geometry": { "type": "Polygon", "coordinates": [ [ [ -59.998105100201499, 39.120696846185957 ], [ -59.998105100201499, 39.165487547618298 ], [ -60.0727562692554, 39.165487547618298 ], [ -60.0727562692554, 39.120696846185957 ], [ -59.998105100201499, 39.120696846185957 ] ] ] } },
{ "type": "Feature", "properties": { "row": 16, "col": 1, "mostly_overlap": true, "overlap_ratio": 0.5359 }, "geometry": { "type": "Polygon", "coordinates": [ [ [ -60.0727562692554, 38.269673518971523 ], [ -60.0727562692554, 38.314464220403863 ], [ -60.147407438309294, 38.314464220403863 ], [ -60.147407438309294, 38.269673518971523 ], [ -60.0727562692554, 38.269673518971523 ] ] ] } },
{ "type": "Feature", "properties": { "row": 16, "col": 2, "mostly_overlap": true, "overlap_ratio": 1.0 }, "geometry": { "type": "Polygon", "coordinates": [ [ [ -60.0727562692554, 38.314464220403863 ], [ -60.0727562692554, 38.359254921836197 ], [ -60.147407438309294, 38.359254921836197 ], [ -60.147407438309294, 38.314464220403863 ], [ -60.0727562692554, 38.314464220403863 ] ] ] } },
{ "type": "Feature", "properties": { "row": 16, "col": 3, "mostly_overlap": true, "overlap_ratio": 1.0 }, "geometry": { "type": "Polygon", "coordinates": [ [ [ -60.0727562692554, 38.359254921836197 ], [ -60.0727562692554, 38.404045623268537 ], [ -60.147407438309294, 38.404045623268537 ], [ -60.147407438309294, 38.359254921836197 ], [ -60.0727562692554, 38.359254921836197 ] ] ] } },
{ "type": "Feature", "properties": { "row": 16, "col": 4, "mostly_overlap": true, "overlap_ratio": 1.0 }, "geometry": { "type": "Polygon", "coordinates": [ [ [ -60.0727562692554, 38.404045623268537 ], [ -60.0727562692554, 38.448836324700878 ], [ -60.147407438309294, 38.448836324700878 ], [ -60.147407438309294, 38.404045623268537 ], [ -60.0727562692554, 38.404045623268537 ] ] ] } },
{ "type": "Feature", "properties": { "row": 16, "col": 5, "mostly_overlap": true, "overlap_ratio": 1.0 }, "geometry": { "type": "Polygon", "coordinates": [ [ [ -60.0727562692554, 38.448836324700878 ], [ -60.0727562692554, 38.493627026133218 ], [ -60.147407438309294, 38.493627026133218 ], [ -60.147407438309294, 38.448836324700878 ], [ -60.0727562692554, 38.448836324700878 ] ] ] } },
{ "type": "Feature", "properties": { "row": 16, "col": 6, "mostly_overlap": true, "overlap_ratio": 1.0 }, "geometry": { "type": "Polygon", "coordinates": [ [ [ -60.0727562692554, 38.493627026133218 ], [ -60.0727562692554, 38.538417727565552 ], [ -60.147407438309294, 38.538417727565552 ], [ -60.147407438309294, 38.493627026133218 ], [ -60.0727562692554, 38.493627026133218 ] ] ] } },
{ "type": "Feature", "properties": { "row": 16, "col": 7, "mostly_overlap": true, "overlap_ratio": 1.0 }, "geometry": { "type": "Polygon", "coordinates": [ [ [ -60.0727562692554, 38.538417727565552 ], [ -60.0727562692554, 38.583208428997892 ], [ -60.147407438309294, 38.583208428997892 ], [ -60.147407438309294, 38.538417727565552 ], [ -60.0727562692554, 38.538417727565552 ] ] ] } },
{ "type": "Feature", "properties": { "row": 16, "col": 8, "mostly_overlap": true, "overlap_ratio": 1.0 }, "geometry": { "type": "Polygon", "coordinates": [ [ [ -60.0727562692554, 38.583208428997892 ], [ -60.0727562692554, 38.627999130430233 ], [ -60.147407438309294, 38.627999130430233 ], [ -60.147407438309294, 38.583208428997892 ], [ -60.0727562692554, 38.583208428997892 ] ] ] } },
{ "type": "Feature", "properties": { "row": 16, "col": 9, "mostly_overlap": true, "overlap_ratio": 1.0 }, "geometry": { "type": "Polygon", "coordinates": [ [ [ -60.0727562692554, 38.627999130430233 ], [ -60.0727562692554, 38.672789831862573 ], [ -60.147407438309294, 38.672789831862573 ], [ -60.147407438309294, 38.627999130430233 ], [ -60.0727562692554, 38.627999130430233 ] ] ] } },
{ "type": "Feature", "properties": { "row": 16, "col": 10, "mostly_overlap": true, "overlap_ratio": 1.0 }, "geometry": { "type": "Polygon", "coordinates": [ [ [ -60.0727562692554, 38.672789831862573 ], [ -60.0727562692554, 38.717580533294907 ], [ -60.147407438309294, 38.717580533294907 ], [ -60.147407438309294, 38.672789831862573 ], [ -60.0727562692554, 38.672789831862573 ] ] ] } },
{ "type": "Feature", "properties": { "row": 16, "col": 11, "mostly_overlap": true, "overlap_ratio": 0.5695 }, "geometry": { "type": "Polygon", "coordinates": [ [ [ -60.0727562692554, 38.717580533294907 ], [ -60.0727562692554, 38.762371234727247 ], [ -60.147407438309294, 38.762371234727247 ], [ -60.147407438309294, 38.717580533294907 ], [ -60.0727562692554, 38.717580533294907 ] ] ] } },
{ "type": "Feature", "properties": { "row": 16, "col": 12, "mostly_overlap": false, "overlap_ratio": 0.1456 }, "geometry": { "type": "Polygon", "coordinates": [ [ [ -60.0727562692554, 38.762371234727247 ], [ -60.0727562692554, 38.807161936159588 ], [ -60.147407438309294, 38.807161936159588 ], [ -60.147407438309294, 38.762371234727247 ], [ -60.0727562692554, 38.762371234727247 ] ] ] } },
{ "type": "Feature", "properties": { "row": 16, "col": 13, "mostly_overlap": false, "overlap_ratio": 0.0 }, "geometry": { "type": "Polygon", "coordinates": [ [ [ -60.0727562692554, 38.807161936159588 ], [ -60.0727562692554, 38.851952637591928 ], [ -60.147407438309294, 38.851952637591928 ], [ -60.147407438309294, 38.807161936159588 ], [ -60.0727562692554, 38.807161936159588 ] ] ] } },
{ "type": "Feature", "properties": { "row": 16, "col": 14, "mostly_overlap": false, "overlap_ratio": 0.0 }, "geometry": { "type": "Polygon", "coordinates": [ [ [ -60.0727562692554, 38.851952637591928 ], [ -60.0727562692554, 38.896743339024269 ], [ -60.147407438309294, 38.896743339024269 ], [ -60.147407438309294, 38.851952637591928 ], [ -60.0727562692554, 38.851952637591928 ] ] ] } },
{ "type": "Feature", "properties": { "row": 16, "col": 15, "mostly_overlap": false, "overlap_ratio": 0.0 }, "geometry": { "type": "Polygon", "coordinates": [ [ [ -60.0727562692554, 38.896743339024269 ], [ -60.0727562692554, 38.941534040456602 ], [ -60.147407438309294, 38.941534040456602 ], [ -60.147407438309294, 38.896743339024269 ], [ -60.0727562692554, 38.896743339024269 ] ] ] } },
{ "type": "Feature", "properties": { "row": 16, "col": 16, "mostly_overlap": false, "overlap_ratio": 0.0 }, "geometry": { "type": "Polygon", "coordinates": [ [ [ -60.0727562692554, 38.941534040456602 ], [ -60.0727562692554, 38.986324741888943 ], [ -60.147407438309294, 38.986324741888943 ], [ -60.147407438309294, 38.941534040456602 ], [ -60.0727562692554, 38.941534040456602 ] ] ] } },
{ "type": "Feature", "properties": { "row": 16, "col": 17, "mostly_overlap": false, "overlap_ratio": 0.0 }, "geometry": { "type": "Polygon", "coordinates": [ [ [ -60.0727562692554, 38.986324741888943 ], [ -60.0727562692554, 39.031115443321283 ], [ -60.147407438309294, 39.031115443321283 ], [ -60.147407438309294, 38.986324741888943 ], [ -60.0727562692554, 38.986324741888943 ] ] ] } },
{ "type": "Feature", "properties": { "row": 16, "col": 18, "mostly_overlap": false, "overlap_ratio": 0.0 }, "geometry": { "type": "Polygon", "coordinates": [ [ [ -60.0727562692554, 39.031115443321283 ], [ -60.0727562692554, 39.075906144753617 ], [ -60.147407438309294, 39.075906144753617 ], [ -60.147407438309294, 39.031115443321283 ], [ -60.0727562692554, 39.031115443321283 ] ] ] } },
{ "type": "Feature", "properties": { "row": 16, "col": 19, "mostly_overlap": false, "overlap_ratio": 0.0 }, "geometry": { "type": "Polygon", "coordinates": [ [ [ -60.0727562692554, 39.075906144753617 ], [ -60.0727562692554, 39.120696846185957 ], [ -60.147407438309294, 39.120696846185957 ], [ -60.147407438309294, 39.075906144753617 ], [ -60.0727562692554, 39.075906144753617 ] ] ] } },
{ "type": "Feature", "properties": { "row": 16, "col": 20, "mostly_overlap": false, "overlap_ratio": 0.0 }, "geometry": { "type": "Polygon", "coordinates": [ [ [ -60.0727562692554, 39.120696846185957 ], [ -60.0727562692554, 39.165487547618298 ], [ -60.147407438309294, 39.165487547618298 ], [ -60.147407438309294, 39.120696846185957 ], [ -60.0727562692554, 39.120696846185957 ] ] ] } },
{ "type": "Feature", "properties": { "row": 17, "col": 1, "mostly_overlap": true, "overlap_ratio": 0.5737 }, "geometry": { "type": "Polygon", "coordinates": [ [ [ -60.147407438309294, 38.269673518971523 ], [ -60.147407438309294, 38.314464220403863 ], [ -60.222058607363195, 38.314464220403863 ], [ -60.222058607363195, 38.269673518971523 ], [ -60.147407438309294, 38.269673518971523 ] ] ] } },
{ "type": "Feature", "properties": { "row": 17, "col": 2, "mostly_overlap": true, "overlap_ratio": 1.0 }, "geometry": { "type": "Polygon", "coordinates": [ [ [ -60.147407438309294, 38.314464220403863 ], [ -60.147407438309294, 38.359254921836197 ], [ -60.222058607363195, 38.359254921836197 ], [ -60.222058607363195, 38.314464220403863 ], [ -60.147407438309294, 38.314464220403863 ] ] ] } },
{ "type": "Feature", "properties": { "row": 17, "col": 3, "mostly_overlap": true, "overlap_ratio": 1.0 }, "geometry": { "type": "Polygon", "coordinates": [ [ [ -60.147407438309294, 38.359254921836197 ], [ -60.147407438309294, 38.404045623268537 ], [ -60.222058607363195, 38.404045623268537 ], [ -60.222058607363195, 38.359254921836197 ], [ -60.147407438309294, 38.359254921836197 ] ] ] } },
{ "type": "Feature", "properties": { "row": 17, "col": 4, "mostly_overlap": true, "overlap_ratio": 1.0 }, "geometry": { "type": "Polygon", "coordinates": [ [ [ -60.147407438309294, 38.404045623268537 ], [ -60.147407438309294, 38.448836324700878 ], [ -60.222058607363195, 38.448836324700878 ], [ -60.222058607363195, 38.404045623268537 ], [ -60.147407438309294, 38.404045623268537 ] ] ] } },
{ "type": "Feature", "properties": { "row": 17, "col": 5, "mostly_overlap": true, "overlap_ratio": 1.0 }, "geometry": { "type": "Polygon", "coordinates": [ [ [ -60.147407438309294, 38.448836324700878 ], [ -60.147407438309294, 38.493627026133218 ], [ -60.222058607363195, 38.493627026133218 ], [ -60.222058607363195, 38.448836324700878 ], [ -60.147407438309294, 38.448836324700878 ] ] ] } },
{ "type": "Feature", "properties": { "row": 17, "col": 6, "mostly_overlap": true, "overlap_ratio": 1.0 }, "geometry": { "type": "Polygon", "coordinates": [ [ [ -60.147407438309294, 38.493627026133218 ], [ -60.147407438309294, 38.538417727565552 ], [ -60.222058607363195, 38.538417727565552 ], [ -60.222058607363195, 38.493627026133218 ], [ -60.147407438309294, 38.493627026133218 ] ] ] } },
{ "type": "Feature", "properties": { "row": 17, "col": 7, "mostly_overlap": true, "overlap_ratio": 1.0 }, "geometry": { "type": "Polygon", "coordinates": [ [ [ -60.147407438309294, 38.538417727565552 ], [ -60.147407438309294, 38.583208428997892 ], [ -60.222058607363195, 38.583208428997892 ], [ -60.222058607363195, 38.538417727565552 ], [ -60.147407438309294, 38.538417727565552 ] ] ] } },
{ "type": "Feature", "properties": { "row": 17, "col": 8, "mostly_overlap": true, "overlap_ratio": 1.0 }, "geometry": { "type": "Polygon", "coordinates": [ [ [ -60.147407438309294, 38.583208428997892 ], [ -60.147407438309294, 38.627999130430233 ], [ -60.222058607363195, 38.627999130430233 ], [ -60.222058607363195, 38.583208428997892 ], [ -60.147407438309294, 38.583208428997892 ] ] ] } },
{ "type": "Feature", "properties": { "row": 17, "col": 9, "mostly_overlap": true, "overlap_ratio": 1.0 }, "geometry": { "type": "Polygon", "coordinates": [ [ [ -60.147407438309294, 38.627999130430233 ], [ -60.147407438309294, 38.672789831862573 ], [ -60.222058607363195, 38.672789831862573 ], [ -60.222058607363195, 38.627999130430233 ], [ -60.147407438309294, 38.627999130430233 ] ] ] } },
{ "type": "Feature", "properties": { "row": 17, "col": 10, "mostly_overlap": true, "overlap_ratio": 1.0 }, "geometry": { "type": "Polygon", "coordinates": [ [ [ -60.147407438309294, 38.672789831862573 ], [ -60.147407438309294, 38.717580533294907 ], [ -60.222058607363195, 38.717580533294907 ], [ -60.222058607363195, 38.672789831862573 ], [ -60.147407438309294, 38.672789831862573 ] ] ] } },
{ "type": "Feature", "properties": { "row": 17, "col": 11, "mostly_overlap": false, "overlap_ratio": 0.3173 }, "geometry": { "type": "Polygon", "coordinates": [ [ [ -60.147407438309294, 38.717580533294907 ], [ -60.147407438309294, 38.762371234727247 ], [ -60.222058607363195, 38.762371234727247 ], [ -60.222058607363195, 38.717580533294907 ], [ -60.147407438309294, 38.717580533294907 ] ] ] } },
{ "type": "Feature", "properties": { "row": 17, "col": 12, "mostly_overlap": false, "overlap_ratio": 0.0 }, "geometry": { "type": "Polygon", "coordinates": [ [ [ -60.147407438309294, 38.762371234727247 ], [ -60.147407438309294, 38.807161936159588 ], [ -60.222058607363195, 38.807161936159588 ], [ -60.222058607363195, 38.762371234727247 ], [ -60.147407438309294, 38.762371234727247 ] ] ] } },
{ "type": "Feature", "properties": { "row": 17, "col": 13, "mostly_overlap": false, "overlap_ratio": 0.0 }, "geometry": { "type": "Polygon", "coordinates": [ [ [ -60.147407438309294, 38.807161936159588 ], [ -60.147407438309294, 38.851952637591928 ], [ -60.222058607363195, 38.851952637591928 ], [ -60.222058607363195, 38.807161936159588 ], [ -60.147407438309294, 38.807161936159588 ] ] ] } },
{ "type": "Feature", "properties": { "row": 17, "col": 14, "mostly_overlap": false, "overlap_ratio": 0.0 }, "geometry": { "type": "Polygon", "coordinates": [ [ [ -60.147407438309294, 38.851952637591928 ], [ -60.147407438309294, 38.896743339024269 ], [ -60.222058607363195, 38.896743339024269 ], [ -60.222058607363195, 38.851952637591928 ], [ -60.147407438309294, 38.851952637591928 ] ] ] } },
{ "type": "Feature", "properties": { "row": 17, "col": 15, "mostly_overlap": false, "overlap_ratio": 0.0 }, "geometry": { "type": "Polygon", "coordinates": [ [ [ -60.147407438309294, 38.896743339024269 ], [ -60.147407438309294, 38.941534040456602 ], [ -60.222058607363195, 38.941534040456602 ], [ -60.222058607363195, 38.896743339024269 ], [ -60.147407438309294, 38.896743339024269 ] ] ] } },
{ "type": "Feature", "properties": { "row": 17, "col": 16, "mostly_overlap": false, "overlap_ratio": 0.0 }, "geometry": { "type": "Polygon", "coordinates": [ [ [ -60.147407438309294, 38.941534040456602 ], [ -60.147407438309294, 38.986324741888943 ], [ -60.222058607363195, 38.986324741888943 ], [ -60.222058607363195, 38.941534040456602 ], [ -60.147407438309294, 38.941534040456602 ] ] ] } },
{ "type": "Feature", "properties": { "row": 17, "col": 17, "mostly_overlap": false, "overlap_ratio": 0.0 }, "geometry": { "type": "Polygon", "coordinates": [ [ [ -60.147407438309294, 38.986324741888943 ], [ -60.147407438309294, 39.031115443321283 ], [ -60.222058607363195, 39.031115443321283 ], [ -60.222058607363195, 38.986324741888943 ], [ -60.147407438309294, 38.986324741888943 ] ] ] } },
{ "type": "Feature", "properties": { "row": 17, "col": 18, "mostly_overlap": false, "overlap_ratio": 0.0 }, "geometry": { "type": "Polygon", "coordinates": [ [ [ -60.147407438309294, 39.031115443321283 ], [ -60.147407438309294, 39.075906144753617 ], [ -60.222058607363195, 39.075906144753617 ], [ -60.222058607363195, 39.031115443321283 ], [ -60.147407438309294, 39.031115443321283 ] ] ] } },
{ "type": "Feature", "properties": { "row": 17, "col": 19, "mostly_overlap": false, "overlap_ratio": 0.0 }, "geometry": { "type": "Polygon", "coordinates": [ [ [ -60.147407438309294, 39.075906144753617 ], [ -60.147407438309294, 39.120696846185957 ], [ -60.222058607363195, 39.120696846185957 ], [ -60.222058607363195, 39.075906144753617 ], [ -60.147407438309294, 39.075906144753617 ] ] ] } },
{ "type": "Feature", "properties": { "row": 17, "col": 20, "mostly_overlap": false, "overlap_ratio": 0.0 }, "geometry": { "type": "Polygon", "coordinates": [ [ [ -60.147407438309294, 39.120696846185957 ], [ -60.147407438309294, 39.165487547618298 ], [ -60.222058607363195, 39.165487547618298 ], [ -60.222058607363195, 39.120696846185957 ], [ -60.147407438309294, 39.120696846185957 ] ] ] } },
{ "type": "Feature", "properties": { "row": 18, "col": 1, "mostly_overlap": true, "overlap_ratio": 0.579 }, "geometry": { "type": "Polygon", "coordinates": [ [ [ -60.222058607363195, 38.269673518971523 ], [ -60.222058607363195, 38.314464220403863 ], [ -60.296709776417096, 38.314464220403863 ], [ -60.296709776417096, 38.269673518971523 ], [ -60.222058607363195, 38.269673518971523 ] ] ] } },
{ "type": "Feature", "properties": { "row": 18, "col": 2, "mostly_overlap": true, "overlap_ratio": 1.0 }, "geometry": { "type": "Polygon", "coordinates": [ [ [ -60.222058607363195, 38.314464220403863 ], [ -60.222058607363195, 38.359254921836197 ], [ -60.296709776417096, 38.359254921836197 ], [ -60.296709776417096, 38.314464220403863 ], [ -60.222058607363195, 38.314464220403863 ] ] ] } },
{ "type": "Feature", "properties": { "row": 18, "col": 3, "mostly_overlap": true, "overlap_ratio": 1.0 }, "geometry": { "type": "Polygon", "coordinates": [ [ [ -60.222058607363195, 38.359254921836197 ], [ -60.222058607363195, 38.404045623268537 ], [ -60.296709776417096, 38.404045623268537 ], [ -60.296709776417096, 38.359254921836197 ], [ -60.222058607363195, 38.359254921836197 ] ] ] } },
{ "type": "Feature", "properties": { "row": 18, "col": 4, "mostly_overlap": true, "overlap_ratio": 1.0 }, "geometry": { "type": "Polygon", "coordinates": [ [ [ -60.222058607363195, 38.404045623268537 ], [ -60.222058607363195, 38.448836324700878 ], [ -60.296709776417096, 38.448836324700878 ], [ -60.296709776417096, 38.404045623268537 ], [ -60.222058607363195, 38.404045623268537 ] ] ] } },
{ "type": "Feature", "properties": { "row": 18, "col": 5, "mostly_overlap": true, "overlap_ratio": 1.0 }, "geometry": { "type": "Polygon", "coordinates": [ [ [ -60.222058607363195, 38.448836324700878 ], [ -60.222058607363195, 38.493627026133218 ], [ -60.296709776417096, 38.493627026133218 ], [ -60.296709776417096, 38.448836324700878 ], [ -60.222058607363195, 38.448836324700878 ] ] ] } },
{ "type": "Feature", "properties": { "row": 18, "col": 6, "mostly_overlap": true, "overlap_ratio": 1.0 }, "geometry": { "type": "Polygon", "coordinates": [ [ [ -60.222058607363195, 38.493627026133218 ], [ -60.222058607363195, 38.538417727565552 ], [ -60.296709776417096, 38.538417727565552 ], [ -60.296709776417096, 38.493627026133218 ], [ -60.222058607363195, 38.493627026133218 ] ] ] } },
{ "type": "Feature", "properties": { "row": 18, "col": 7, "mostly_overlap": true, "overlap_ratio": 1.0 }, "geometry": { "type": "Polygon", "coordinates": [ [ [ -60.222058607363195, 38.538417727565552 ], [ -60.222058607363195, 38.583208428997892 ], [ -60.296709776417096, 38.583208428997892 ], [ -60.296709776417096, 38.538417727565552 ], [ -60.222058607363195, 38.538417727565552 ] ] ] } },
{ "type": "Feature", "properties": { "row": 18, "col": 8, "mostly_overlap": true, "overlap_ratio": 1.0 }, "geometry": { "type": "Polygon", "coordinates": [ [ [ -60.222058607363195, 38.583208428997892 ], [ -60.222058607363195, 38.627999130430233 ], [ -60.296709776417096, 38.627999130430233 ], [ -60.296709776417096, 38.583208428997892 ], [ -60.222058607363195, 38.583208428997892 ] ] ] } },
{ "type": "Feature", "properties": { "row": 18, "col": 9, "mostly_overlap": true, "overlap_ratio": 1.0 }, "geometry": { "type": "Polygon", "coordinates": [ [ [ -60.222058607363195, 38.627999130430233 ], [ -60.222058607363195, 38.672789831862573 ], [ -60.296709776417096, 38.672789831862573 ], [ -60.296709776417096, 38.627999130430233 ], [ -60.222058607363195, 38.627999130430233 ] ] ] } },
{ "type": "Feature", "properties": { "row": 18, "col": 10, "mostly_overlap": true, "overlap_ratio": 1.0 }, "geometry": { "type": "Polygon", "coordinates": [ [ [ -60.222058607363195, 38.672789831862573 ], [ -60.222058607363195, 38.717580533294907 ], [ -60.296709776417096, 38.717580533294907 ], [ -60.296709776417096, 38.672789831862573 ], [ -60.222058607363195, 38.672789831862573 ] ] ] } },
{ "type": "Feature", "properties": { "row": 18, "col": 11, "mostly_overlap": false, "overlap_ratio": 0.3224 }, "geometry": { "type": "Polygon", "coordinates": [ [ [ -60.222058607363195, 38.717580533294907 ], [ -60.222058607363195, 38.762371234727247 ], [ -60.296709776417096, 38.762371234727247 ], [ -60.296709776417096, 38.717580533294907 ], [ -60.222058607363195, 38.717580533294907 ] ] ] } },
{ "type": "Feature", "properties": { "row": 18, "col": 12, "mostly_overlap": false, "overlap_ratio": 0.0 }, "geometry": { "type": "Polygon", "coordinates": [ [ [ -60.222058607363195, 38.762371234727247 ], [ -60.222058607363195, 38.807161936159588 ], [ -60.296709776417096, 38.807161936159588 ], [ -60.296709776417096, 38.762371234727247 ], [ -60.222058607363195, 38.762371234727247 ] ] ] } },
{ "type": "Feature", "properties": { "row": 18, "col": 13, "mostly_overlap": false, "overlap_ratio": 0.0 }, "geometry": { "type": "Polygon", "coordinates": [ [ [ -60.222058607363195, 38.807161936159588 ], [ -60.222058607363195, 38.851952637591928 ], [ -60.296709776417096, 38.851952637591928 ], [ -60.296709776417096, 38.807161936159588 ], [ -60.222058607363195, 38.807161936159588 ] ] ] } },
{ "type": "Feature", "properties": { "row": 18, "col": 14, "mostly_overlap": false, "overlap_ratio": 0.0 }, "geometry": { "type": "Polygon", "coordinates": [ [ [ -60.222058607363195, 38.851952637591928 ], [ -60.222058607363195, 38.896743339024269 ], [ -60.296709776417096, 38.896743339024269 ], [ -60.296709776417096, 38.851952637591928 ], [ -60.222058607363195, 38.851952637591928 ] ] ] } },
{ "type": "Feature", "properties": { "row": 18, "col": 15, "mostly_overlap": false, "overlap_ratio": 0.0 }, "geometry": { "type": "Polygon", "coordinates": [ [ [ -60.222058607363195, 38.896743339024269 ], [ -60.222058607363195, 38.941534040456602 ], [ -60.296709776417096, 38.941534040456602 ], [ -60.296709776417096, 38.896743339024269 ], [ -60.222058607363195, 38.896743339024269 ] ] ] } },
{ "type": "Feature", "properties": { "row": 18, "col": 16, "mostly_overlap": false, "overlap_ratio": 0.0 }, "geometry": { "type": "Polygon", "coordinates": [ [ [ -60.222058607363195, 38.941534040456602 ], [ -60.222058607363195, 38.986324741888943 ], [ -60.296709776417096, 38.986324741888943 ], [ -60.296709776417096, 38.941534040456602 ], [ -60.222058607363195, 38.941534040456602 ] ] ] } },
{ "type": "Feature", "properties": { "row": 18, "col": 17, "mostly_overlap": false, "overlap_ratio": 0.0 }, "geometry": { "type": "Polygon", "coordinates": [ [ [ -60.222058607363195, 38.986324741888943 ], [ -60.222058607363195, 39.031115443321283 ], [ -60.296709776417096, 39.031115443321283 ], [ -60.296709776417096, 38.986324741888943 ], [ -60.222058607363195, 38.986324741888943 ] ] ] } },
{ "type": "Feature", "properties": { "row": 18, "col": 18, "mostly_overlap": false, "overlap_ratio": 0.0 }, "geometry": { "type": "Polygon", "coordinates": [ [ [ -60.222058607363195, 39.031115443321283 ], [ -60.222058607363195, 39.075906144753617 ], [ -60.296709776417096, 39.075906144753617 ], [ -60.296709776417096, 39.031115443321283 ], [ -60.222058607363195, 39.031115443321283 ] ] ] } },
{ "type": "Feature", "properties": { "row": 18, "col": 19, "mostly_overlap": false, "overlap_ratio": 0.0 }, "geometry": { "type": "Polygon", "coordinates": [ [ [ -60.222058607363195, 39.075906144753617 ], [ -60.222058607363195, 39.120696846185957 ], [ -60.296709776417096, 39.120696846185957 ], [ -60.296709776417096, 39.075906144753617 ], [ -60.222058607363195, 39.075906144753617 ] ] ] } },
{ "type": "Feature", "properties": { "row": 18, "col": 20, "mostly_overlap": false, "overlap_ratio": 0.0 }, "geometry": { "type": "Polygon", "coordinates": [ [ [ -60.222058607363195, 39.120696846185957 ], [ -60.222058607363195, 39.165487547618298 ], [ -60.296709776417096, 39.165487547618298 ], [ -60.296709776417096, 39.120696846185957 ], [ -60.222058607363195, 39.120696846185957 ] ] ] } },
{ "type": "Feature", "properties": { "row": 19, "col": 1, "mostly_overlap": true, "overlap_ratio": 0.5764 }, "geometry": { "type": "Polygon", "coordinates": [ [ [ -60.296709776417096, 38.269673518971523 ], [ -60.296709776417096, 38.314464220403863 ], [ -60.37136094547099, 38.314464220403863 ], [ -60.37136094547099, 38.269673518971523 ], [ -60.296709776417096, 38.269673518971523 ] ] ] } },
{ "type": "Feature", "properties": { "row": 19, "col": 2, "mostly_overlap": true, "overlap_ratio": 1.0 }, "geometry": { "type": "Polygon", "coordinates": [ [ [ -60.296709776417096, 38.314464220403863 ], [ -60.296709776417096, 38.359254921836197 ], [ -60.37136094547099, 38.359254921836197 ], [ -60.37136094547099, 38.314464220403863 ], [ -60.296709776417096, 38.314464220403863 ] ] ] } },
{ "type": "Feature", "properties": { "row": 19, "col": 3, "mostly_overlap": true, "overlap_ratio": 1.0 }, "geometry": { "type": "Polygon", "coordinates": [ [ [ -60.296709776417096, 38.359254921836197 ], [ -60.296709776417096, 38.404045623268537 ], [ -60.37136094547099, 38.404045623268537 ], [ -60.37136094547099, 38.359254921836197 ], [ -60.296709776417096, 38.359254921836197 ] ] ] } },
{ "type": "Feature", "properties": { "row": 19, "col": 4, "mostly_overlap": true, "overlap_ratio": 1.0 }, "geometry": { "type": "Polygon", "coordinates": [ [ [ -60.296709776417096, 38.404045623268537 ], [ -60.296709776417096, 38.448836324700878 ], [ -60.37136094547099, 38.448836324700878 ], [ -60.37136094547099, 38.404045623268537 ], [ -60.296709776417096, 38.404045623268537 ] ] ] } },
{ "type": "Feature", "properties": { "row": 19, "col": 5, "mostly_overlap": true, "overlap_ratio": 1.0 }, "geometry": { "type": "Polygon", "coordinates": [ [ [ -60.296709776417096, 38.448836324700878 ], [ -60.296709776417096, 38.493627026133218 ], [ -60.37136094547099, 38.493627026133218 ], [ -60.37136094547099, 38.448836324700878 ], [ -60.296709776417096, 38.448836324700878 ] ] ] } },
{ "type": "Feature", "properties": { "row": 19, "col": 6, "mostly_overlap": true, "overlap_ratio": 1.0 }, "geometry": { "type": "Polygon", "coordinates": [ [ [ -60.296709776417096, 38.493627026133218 ], [ -60.296709776417096, 38.538417727565552 ], [ -60.37136094547099, 38.538417727565552 ], [ -60.37136094547099, 38.493627026133218 ], [ -60.296709776417096, 38.493627026133218 ] ] ] } },
{ "type": "Feature", "properties": { "row": 19, "col": 7, "mostly_overlap": true, "overlap_ratio": 1.0 }, "geometry": { "type": "Polygon", "coordinates": [ [ [ -60.296709776417096, 38.538417727565552 ], [ -60.296709776417096, 38.583208428997892 ], [ -60.37136094547099, 38.583208428997892 ], [ -60.37136094547099, 38.538417727565552 ], [ -60.296709776417096, 38.538417727565552 ] ] ] } },
{ "type": "Feature", "properties": { "row": 19, "col": 8, "mostly_overlap": true, "overlap_ratio": 1.0 }, "geometry": { "type": "Polygon", "coordinates": [ [ [ -60.296709776417096, 38.583208428997892 ], [ -60.296709776417096, 38.627999130430233 ], [ -60.37136094547099, 38.627999130430233 ], [ -60.37136094547099, 38.583208428997892 ], [ -60.296709776417096, 38.583208428997892 ] ] ] } },
{ "type": "Feature", "properties": { "row": 19, "col": 9, "mostly_overlap": true, "overlap_ratio": 1.0 }, "geometry": { "type": "Polygon", "coordinates": [ [ [ -60.296709776417096, 38.627999130430233 ], [ -60.296709776417096, 38.672789831862573 ], [ -60.37136094547099, 38.672789831862573 ], [ -60.37136094547099, 38.627999130430233 ], [ -60.296709776417096, 38.627999130430233 ] ] ] } },
{ "type": "Feature", "properties": { "row": 19, "col": 10, "mostly_overlap": true, "overlap_ratio": 1.0 }, "geometry": { "type": "Polygon", "coordinates": [ [ [ -60.296709776417096, 38.672789831862573 ], [ -60.296709776417096, 38.717580533294907 ], [ -60.37136094547099, 38.717580533294907 ], [ -60.37136094547099, 38.672789831862573 ], [ -60.296709776417096, 38.672789831862573 ] ] ] } },
{ "type": "Feature", "properties": { "row": 19, "col": 11, "mostly_overlap": false, "overlap_ratio": 0.3275 }, "geometry": { "type": "Polygon", "coordinates": [ [ [ -60.296709776417096, 38.717580533294907 ], [ -60.296709776417096, 38.762371234727247 ], [ -60.37136094547099, 38.762371234727247 ], [ -60.37136094547099, 38.717580533294907 ], [ -60.296709776417096, 38.717580533294907 ] ] ] } },
{ "type": "Feature", "properties": { "row": 19, "col": 12, "mostly_overlap": false, "overlap_ratio": 0.0 }, "geometry": { "type": "Polygon", "coordinates": [ [ [ -60.296709776417096, 38.762371234727247 ], [ -60.296709776417096, 38.807161936159588 ], [ -60.37136094547099, 38.807161936159588 ], [ -60.37136094547099, 38.762371234727247 ], [ -60.296709776417096, 38.762371234727247 ] ] ] } },
{ "type": "Feature", "properties": { "row": 19, "col": 13, "mostly_overlap": false, "overlap_ratio": 0.0 }, "geometry": { "type": "Polygon", "coordinates": [ [ [ -60.296709776417096, 38.807161936159588 ], [ -60.296709776417096, 38.851952637591928 ], [ -60.37136094547099, 38.851952637591928 ], [ -60.37136094547099, 38.807161936159588 ], [ -60.296709776417096, 38.807161936159588 ] ] ] } },
{ "type": "Feature", "properties": { "row": 19, "col": 14, "mostly_overlap": false, "overlap_ratio": 0.0 }, "geometry": { "type": "Polygon", "coordinates": [ [ [ -60.296709776417096, 38.851952637591928 ], [ -60.296709776417096, 38.896743339024269 ], [ -60.37136094547099, 38.896743339024269 ], [ -60.37136094547099, 38.851952637591928 ], [ -60.296709776417096, 38.851952637591928 ] ] ] } },
{ "type": "Feature", "properties": { "row": 19, "col": 15, "mostly_overlap": false, "overlap_ratio": 0.0 }, "geometry": { "type": "Polygon", "coordinates": [ [ [ -60.296709776417096, 38.896743339024269 ], [ -60.296709776417096, 38.941534040456602 ], [ -60.37136094547099, 38.941534040456602 ], [ -60.37136094547099, 38.896743339024269 ], [ -60.296709776417096, 38.896743339024269 ] ] ] } },
{ "type": "Feature", "properties": { "row": 19, "col": 16, "mostly_overlap": false, "overlap_ratio": 0.0 }, "geometry": { "type": "Polygon", "coordinates": [ [ [ -60.296709776417096, 38.941534040456602 ], [ -60.296709776417096, 38.986324741888943 ], [ -60.37136094547099, 38.986324741888943 ], [ -60.37136094547099, 38.941534040456602 ], [ -60.296709776417096, 38.941534040456602 ] ] ] } },
{ "type": "Feature", "properties": { "row": 19, "col": 17, "mostly_overlap": false, "overlap_ratio": 0.0 }, "geometry": { "type": "Polygon", "coordinates": [ [ [ -60.296709776417096, 38.986324741888943 ], [ -60.296709776417096, 39.031115443321283 ], [ -60.37136094547099, 39.031115443321283 ], [ -60.37136094547099, 38.986324741888943 ], [ -60.296709776417096, 38.986324741888943 ] ] ] } },
{ "type": "Feature", "properties": { "row": 19, "col": 18, "mostly_overlap": false, "overlap_ratio": 0.0 }, "geometry": { "type": "Polygon", "coordinates": [ [ [ -60.296709776417096, 39.031115443321283 ], [ -60.296709776417096, 39.075906144753617 ], [ -60.37136094547099, 39.075906144753617 ], [ -60.37136094547099, 39.031115443321283 ], [ -60.296709776417096, 39.031115443321283 ] ] ] } },
{ "type": "Feature", "properties": { "row": 19, "col": 19, "mostly_overlap": false, "overlap_ratio": 0.0 }, "geometry": { "type": "Polygon", "coordinates": [ [ [ -60.296709776417096, 39.075906144753617 ], [ -60.296709776417096, 39.120696846185957 ], [ -60.37136094547099, 39.120696846185957 ], [ -60.37136094547099, 39.075906144753617 ], [ -60.296709776417096, 39.075906144753617 ] ] ] } },
{ "type": "Feature", "properties": { "row": 19, "col": 20, "mostly_overlap": false, "overlap_ratio": 0.0 }, "geometry": { "type": "Polygon", "coordinates": [ [ [ -60.296709776417096, 39.120696846185957 ], [ -60.296709776417096, 39.165487547618298 ], [ -60.37136094547099, 39.165487547618298 ], [ -60.37136094547099, 39.120696846185957 ], [ -60.296709776417096, 39.120696846185957 ] ] ] } },
{ "type": "Feature", "properties": { "row": 20, "col": 1, "mostly_overlap": true, "overlap_ratio": 0.5737 }, "geometry": { "type": "Polygon", "coordinates": [ [ [ -60.37136094547099, 38.269673518971523 ], [ -60.37136094547099, 38.314464220403863 ], [ -60.446012114524891, 38.314464220403863 ], [ -60.446012114524891, 38.269673518971523 ], [ -60.37136094547099, 38.269673518971523 ] ] ] } },
{ "type": "Feature", "properties": { "row": 20, "col": 2, "mostly_overlap": true, "overlap_ratio": 1.0 }, "geometry": { "type": "Polygon", "coordinates": [ [ [ -60.37136094547099, 38.314464220403863 ], [ -60.37136094547099, 38.359254921836197 ], [ -60.446012114524891, 38.359254921836197 ], [ -60.446012114524891, 38.314464220403863 ], [ -60.37136094547099, 38.314464220403863 ] ] ] } },
{ "type": "Feature", "properties": { "row": 20, "col": 3, "mostly_overlap": true, "overlap_ratio": 1.0 }, "geometry": { "type": "Polygon", "coordinates": [ [ [ -60.37136094547099, 38.359254921836197 ], [ -60.37136094547099, 38.404045623268537 ], [ -60.446012114524891, 38.404045623268537 ], [ -60.446012114524891, 38.359254921836197 ], [ -60.37136094547099, 38.359254921836197 ] ] ] } },
{ "type": "Feature", "properties": { "row": 20, "col": 4, "mostly_overlap": true, "overlap_ratio": 1.0 }, "geometry": { "type": "Polygon", "coordinates": [ [ [ -60.37136094547099, 38.404045623268537 ], [ -60.37136094547099, 38.448836324700878 ], [ -60.446012114524891, 38.448836324700878 ], [ -60.446012114524891, 38.404045623268537 ], [ -60.37136094547099, 38.404045623268537 ] ] ] } },
{ "type": "Feature", "properties": { "row": 20, "col": 5, "mostly_overlap": true, "overlap_ratio": 1.0 }, "geometry": { "type": "Polygon", "coordinates": [ [ [ -60.37136094547099, 38.448836324700878 ], [ -60.37136094547099, 38.493627026133218 ], [ -60.446012114524891, 38.493627026133218 ], [ -60.446012114524891, 38.448836324700878 ], [ -60.37136094547099, 38.448836324700878 ] ] ] } },
{ "type": "Feature", "properties": { "row": 20, "col": 6, "mostly_overlap": true, "overlap_ratio": 1.0 }, "geometry": { "type": "Polygon", "coordinates": [ [ [ -60.37136094547099, 38.493627026133218 ], [ -60.37136094547099, 38.538417727565552 ], [ -60.446012114524891, 38.538417727565552 ], [ -60.446012114524891, 38.493627026133218 ], [ -60.37136094547099, 38.493627026133218 ] ] ] } },
{ "type": "Feature", "properties": { "row": 20, "col": 7, "mostly_overlap": true, "overlap_ratio": 1.0 }, "geometry": { "type": "Polygon", "coordinates": [ [ [ -60.37136094547099, 38.538417727565552 ], [ -60.37136094547099, 38.583208428997892 ], [ -60.446012114524891, 38.583208428997892 ], [ -60.446012114524891, 38.538417727565552 ], [ -60.37136094547099, 38.538417727565552 ] ] ] } },
{ "type": "Feature", "properties": { "row": 20, "col": 8, "mostly_overlap": true, "overlap_ratio": 1.0 }, "geometry": { "type": "Polygon", "coordinates": [ [ [ -60.37136094547099, 38.583208428997892 ], [ -60.37136094547099, 38.627999130430233 ], [ -60.446012114524891, 38.627999130430233 ], [ -60.446012114524891, 38.583208428997892 ], [ -60.37136094547099, 38.583208428997892 ] ] ] } },
{ "type": "Feature", "properties": { "row": 20, "col": 9, "mostly_overlap": true, "overlap_ratio": 1.0 }, "geometry": { "type": "Polygon", "coordinates": [ [ [ -60.37136094547099, 38.627999130430233 ], [ -60.37136094547099, 38.672789831862573 ], [ -60.446012114524891, 38.672789831862573 ], [ -60.446012114524891, 38.627999130430233 ], [ -60.37136094547099, 38.627999130430233 ] ] ] } },
{ "type": "Feature", "properties": { "row": 20, "col": 10, "mostly_overlap": true, "overlap_ratio": 1.0 }, "geometry": { "type": "Polygon", "coordinates": [ [ [ -60.37136094547099, 38.672789831862573 ], [ -60.37136094547099, 38.717580533294907 ], [ -60.446012114524891, 38.717580533294907 ], [ -60.446012114524891, 38.672789831862573 ], [ -60.37136094547099, 38.672789831862573 ] ] ] } },
{ "type": "Feature", "properties": { "row": 20, "col": 11, "mostly_overlap": false, "overlap_ratio": 0.3504 }, "geometry": { "type": "Polygon", "coordinates": [ [ [ -60.37136094547099, 38.717580533294907 ], [ -60.37136094547099, 38.762371234727247 ], [ -60.446012114524891, 38.762371234727247 ], [ -60.446012114524891, 38.717580533294907 ], [ -60.37136094547099, 38.717580533294907 ] ] ] } },
{ "type": "Feature", "properties": { "row": 20, "col": 12, "mostly_overlap": false, "overlap_ratio": 0.0 }, "geometry": { "type": "Polygon", "coordinates": [ [ [ -60.37136094547099, 38.762371234727247 ], [ -60.37136094547099, 38.807161936159588 ], [ -60.446012114524891, 38.807161936159588 ], [ -60.446012114524891, 38.762371234727247 ], [ -60.37136094547099, 38.762371234727247 ] ] ] } },
{ "type": "Feature", "properties": { "row": 20, "col": 13, "mostly_overlap": false, "overlap_ratio": 0.0 }, "geometry": { "type": "Polygon", "coordinates": [ [ [ -60.37136094547099, 38.807161936159588 ], [ -60.37136094547099, 38.851952637591928 ], [ -60.446012114524891, 38.851952637591928 ], [ -60.446012114524891, 38.807161936159588 ], [ -60.37136094547099, 38.807161936159588 ] ] ] } },
{ "type": "Feature", "properties": { "row": 20, "col": 14, "mostly_overlap": false, "overlap_ratio": 0.0 }, "geometry": { "type": "Polygon", "coordinates": [ [ [ -60.37136094547099, 38.851952637591928 ], [ -60.37136094547099, 38.896743339024269 ], [ -60.446012114524891, 38.896743339024269 ], [ -60.446012114524891, 38.851952637591928 ], [ -60.37136094547099, 38.851952637591928 ] ] ] } },
{ "type": "Feature", "properties": { "row": 20, "col": 15, "mostly_overlap": false, "overlap_ratio": 0.0 }, "geometry": { "type": "Polygon", "coordinates": [ [ [ -60.37136094547099, 38.896743339024269 ], [ -60.37136094547099, 38.941534040456602 ], [ -60.446012114524891, 38.941534040456602 ], [ -60.446012114524891, 38.896743339024269 ], [ -60.37136094547099, 38.896743339024269 ] ] ] } },
{ "type": "Feature", "properties": { "row": 20, "col": 16, "mostly_overlap": false, "overlap_ratio": 0.0 }, "geometry": { "type": "Polygon", "coordinates": [ [ [ -60.37136094547099, 38.941534040456602 ], [ -60.37136094547099, 38.986324741888943 ], [ -60.446012114524891, 38.986324741888943 ], [ -60.446012114524891, 38.941534040456602 ], [ -60.37136094547099, 38.941534040456602 ] ] ] } },
{ "type": "Feature", "properties": { "row": 20, "col": 17, "mostly_overlap": false, "overlap_ratio": 0.0 }, "geometry": { "type": "Polygon", "coordinates": [ [ [ -60.37136094547099, 38.986324741888943 ], [ -60.37136094547099, 39.031115443321283 ], [ -60.446012114524891, 39.031115443321283 ], [ -60.446012114524891, 38.986324741888943 ], [ -60.37136094547099, 38.986324741888943 ] ] ] } },
{ "type": "Feature", "properties": { "row": 20, "col": 18, "mostly_overlap": false, "overlap_ratio": 0.0 }, "geometry": { "type": "Polygon", "coordinates": [ [ [ -60.37136094547099, 39.031115443321283 ], [ -60.37136094547099, 39.075906144753617 ], [ -60.446012114524891, 39.075906144753617 ], [ -60.446012114524891, 39.031115443321283 ], [ -60.37136094547099, 39.031115443321283 ] ] ] } },
{ "type": "Feature", "properties": { "row": 20, "col": 19, "mostly_overlap": false, "overlap_ratio": 0.0 }, "geometry": { "type": "Polygon", "coordinates": [ [ [ -60.37136094547099, 39.075906144753617 ], [ -60.37136094547099, 39.120696846185957 ], [ -60.446012114524891, 39.120696846185957 ], [ -60.446012114524891, 39.075906144753617 ], [ -60.37136094547099, 39.075906144753617 ] ] ] } },
{ "type": "Feature", "properties": { "row": 20, "col": 20, "mostly_overlap": false, "overlap_ratio": 0.0 }, "geometry": { "type": "Polygon", "coordinates": [ [ [ -60.37136094547099, 39.120696846185957 ], [ -60.37136094547099, 39.165487547618298 ], [ -60.446012114524891, 39.165487547618298 ], [ -60.446012114524891, 39.120696846185957 ], [ -60.37136094547099, 39.120696846185957 ] ] ] } },
{ "type": "Feature", "properties": { "row": 21, "col": 1, "mostly_overlap": true, "overlap_ratio": 0.5711 }, "geometry": { "type": "Polygon", "coordinates": [ [ [ -60.446012114524891, 38.269673518971523 ], [ -60.446012114524891, 38.314464220403863 ], [ -60.520663283578784, 38.314464220403863 ], [ -60.520663283578784, 38.269673518971523 ], [ -60.446012114524891, 38.269673518971523 ] ] ] } },
{ "type": "Feature", "properties": { "row": 21, "col": 2, "mostly_overlap": true, "overlap_ratio": 1.0 }, "geometry": { "type": "Polygon", "coordinates": [ [ [ -60.446012114524891, 38.314464220403863 ], [ -60.446012114524891, 38.359254921836197 ], [ -60.520663283578784, 38.359254921836197 ], [ -60.520663283578784, 38.314464220403863 ], [ -60.446012114524891, 38.314464220403863 ] ] ] } },
{ "type": "Feature", "properties": { "row": 21, "col": 3, "mostly_overlap": true, "overlap_ratio": 1.0 }, "geometry": { "type": "Polygon", "coordinates": [ [ [ -60.446012114524891, 38.359254921836197 ], [ -60.446012114524891, 38.404045623268537 ], [ -60.520663283578784, 38.404045623268537 ], [ -60.520663283578784, 38.359254921836197 ], [ -60.446012114524891, 38.359254921836197 ] ] ] } },
{ "type": "Feature", "properties": { "row": 21, "col": 4, "mostly_overlap": true, "overlap_ratio": 1.0 }, "geometry": { "type": "Polygon", "coordinates": [ [ [ -60.446012114524891, 38.404045623268537 ], [ -60.446012114524891, 38.448836324700878 ], [ -60.520663283578784, 38.448836324700878 ], [ -60.520663283578784, 38.404045623268537 ], [ -60.446012114524891, 38.404045623268537 ] ] ] } },
{ "type": "Feature", "properties": { "row": 21, "col": 5, "mostly_overlap": true, "overlap_ratio": 1.0 }, "geometry": { "type": "Polygon", "coordinates": [ [ [ -60.446012114524891, 38.448836324700878 ], [ -60.446012114524891, 38.493627026133218 ], [ -60.520663283578784, 38.493627026133218 ], [ -60.520663283578784, 38.448836324700878 ], [ -60.446012114524891, 38.448836324700878 ] ] ] } },
{ "type": "Feature", "properties": { "row": 21, "col": 6, "mostly_overlap": true, "overlap_ratio": 1.0 }, "geometry": { "type": "Polygon", "coordinates": [ [ [ -60.446012114524891, 38.493627026133218 ], [ -60.446012114524891, 38.538417727565552 ], [ -60.520663283578784, 38.538417727565552 ], [ -60.520663283578784, 38.493627026133218 ], [ -60.446012114524891, 38.493627026133218 ] ] ] } },
{ "type": "Feature", "properties": { "row": 21, "col": 7, "mostly_overlap": true, "overlap_ratio": 1.0 }, "geometry": { "type": "Polygon", "coordinates": [ [ [ -60.446012114524891, 38.538417727565552 ], [ -60.446012114524891, 38.583208428997892 ], [ -60.520663283578784, 38.583208428997892 ], [ -60.520663283578784, 38.538417727565552 ], [ -60.446012114524891, 38.538417727565552 ] ] ] } },
{ "type": "Feature", "properties": { "row": 21, "col": 8, "mostly_overlap": true, "overlap_ratio": 1.0 }, "geometry": { "type": "Polygon", "coordinates": [ [ [ -60.446012114524891, 38.583208428997892 ], [ -60.446012114524891, 38.627999130430233 ], [ -60.520663283578784, 38.627999130430233 ], [ -60.520663283578784, 38.583208428997892 ], [ -60.446012114524891, 38.583208428997892 ] ] ] } },
{ "type": "Feature", "properties": { "row": 21, "col": 9, "mostly_overlap": true, "overlap_ratio": 1.0 }, "geometry": { "type": "Polygon", "coordinates": [ [ [ -60.446012114524891, 38.627999130430233 ], [ -60.446012114524891, 38.672789831862573 ], [ -60.520663283578784, 38.672789831862573 ], [ -60.520663283578784, 38.627999130430233 ], [ -60.446012114524891, 38.627999130430233 ] ] ] } },
{ "type": "Feature", "properties": { "row": 21, "col": 10, "mostly_overlap": true, "overlap_ratio": 1.0 }, "geometry": { "type": "Polygon", "coordinates": [ [ [ -60.446012114524891, 38.672789831862573 ], [ -60.446012114524891, 38.717580533294907 ], [ -60.520663283578784, 38.717580533294907 ], [ -60.520663283578784, 38.672789831862573 ], [ -60.446012114524891, 38.672789831862573 ] ] ] } },
{ "type": "Feature", "properties": { "row": 21, "col": 11, "mostly_overlap": true, "overlap_ratio": 0.7267 }, "geometry": { "type": "Polygon", "coordinates": [ [ [ -60.446012114524891, 38.717580533294907 ], [ -60.446012114524891, 38.762371234727247 ], [ -60.520663283578784, 38.762371234727247 ], [ -60.520663283578784, 38.717580533294907 ], [ -60.446012114524891, 38.717580533294907 ] ] ] } },
{ "type": "Feature", "properties": { "row": 21, "col": 12, "mostly_overlap": false, "overlap_ratio": 0.0205 }, "geometry": { "type": "Polygon", "coordinates": [ [ [ -60.446012114524891, 38.762371234727247 ], [ -60.446012114524891, 38.807161936159588 ], [ -60.520663283578784, 38.807161936159588 ], [ -60.520663283578784, 38.762371234727247 ], [ -60.446012114524891, 38.762371234727247 ] ] ] } },
{ "type": "Feature", "properties": { "row": 21, "col": 13, "mostly_overlap": false, "overlap_ratio": 0.0 }, "geometry": { "type": "Polygon", "coordinates": [ [ [ -60.446012114524891, 38.807161936159588 ], [ -60.446012114524891, 38.851952637591928 ], [ -60.520663283578784, 38.851952637591928 ], [ -60.520663283578784, 38.807161936159588 ], [ -60.446012114524891, 38.807161936159588 ] ] ] } },
{ "type": "Feature", "properties": { "row": 21, "col": 14, "mostly_overlap": false, "overlap_ratio": 0.0 }, "geometry": { "type": "Polygon", "coordinates": [ [ [ -60.446012114524891, 38.851952637591928 ], [ -60.446012114524891, 38.896743339024269 ], [ -60.520663283578784, 38.896743339024269 ], [ -60.520663283578784, 38.851952637591928 ], [ -60.446012114524891, 38.851952637591928 ] ] ] } },
{ "type": "Feature", "properties": { "row": 21, "col": 15, "mostly_overlap": false, "overlap_ratio": 0.0 }, "geometry": { "type": "Polygon", "coordinates": [ [ [ -60.446012114524891, 38.896743339024269 ], [ -60.446012114524891, 38.941534040456602 ], [ -60.520663283578784, 38.941534040456602 ], [ -60.520663283578784, 38.896743339024269 ], [ -60.446012114524891, 38.896743339024269 ] ] ] } },
{ "type": "Feature", "properties": { "row": 21, "col": 16, "mostly_overlap": false, "overlap_ratio": 0.0 }, "geometry": { "type": "Polygon", "coordinates": [ [ [ -60.446012114524891, 38.941534040456602 ], [ -60.446012114524891, 38.986324741888943 ], [ -60.520663283578784, 38.986324741888943 ], [ -60.520663283578784, 38.941534040456602 ], [ -60.446012114524891, 38.941534040456602 ] ] ] } },
{ "type": "Feature", "properties": { "row": 21, "col": 17, "mostly_overlap": false, "overlap_ratio": 0.0 }, "geometry": { "type": "Polygon", "coordinates": [ [ [ -60.446012114524891, 38.986324741888943 ], [ -60.446012114524891, 39.031115443321283 ], [ -60.520663283578784, 39.031115443321283 ], [ -60.520663283578784, 38.986324741888943 ], [ -60.446012114524891, 38.986324741888943 ] ] ] } },
{ "type": "Feature", "properties": { "row": 21, "col": 18, "mostly_overlap": false, "overlap_ratio": 0.0 }, "geometry": { "type": "Polygon", "coordinates": [ [ [ -60.446012114524891, 39.031115443321283 ], [ -60.446012114524891, 39.075906144753617 ], [ -60.520663283578784, 39.075906144753617 ], [ -60.520663283578784, 39.031115443321283 ], [ -60.446012114524891, 39.031115443321283 ] ] ] } },
{ "type": "Feature", "properties": { "row": 21, "col": 19, "mostly_overlap": false, "overlap_ratio": 0.0 }, "geometry": { "type": "Polygon", "coordinates": [ [ [ -60.446012114524891, 39.075906144753617 ], [ -60.446012114524891, 39.120696846185957 ], [ -60.520663283578784, 39.120696846185957 ], [ -60.520663283578784, 39.075906144753617 ], [ -60.446012114524891, 39.075906144753617 ] ] ] } },
{ "type": "Feature", "properties": { "row": 21, "col": 20, "mostly_overlap": false, "overlap_ratio": 0.0 }, "geometry": { "type": "Polygon", "coordinates": [ [ [ -60.446012114524891, 39.120696846185957 ], [ -60.446012114524891, 39.165487547618298 ], [ -60.520663283578784, 39.165487547618298 ], [ -60.520663283578784, 39.120696846185957 ], [ -60.446012114524891, 39.120696846185957 ] ] ] } },
{ "type": "Feature", "properties": { "row": 22, "col": 1, "mostly_overlap": true, "overlap_ratio": 0.5685 }, "geometry": { "type": "Polygon", "coordinates": [ [ [ -60.520663283578784, 38.269673518971523 ], [ -60.520663283578784, 38.314464220403863 ], [ -60.595314452632685, 38.314464220403863 ], [ -60.595314452632685, 38.269673518971523 ], [ -60.520663283578784, 38.269673518971523 ] ] ] } },
{ "type": "Feature", "properties": { "row": 22, "col": 2, "mostly_overlap": true, "overlap_ratio": 1.0 }, "geometry": { "type": "Polygon", "coordinates": [ [ [ -60.520663283578784, 38.314464220403863 ], [ -60.520663283578784, 38.359254921836197 ], [ -60.595314452632685, 38.359254921836197 ], [ -60.595314452632685, 38.314464220403863 ], [ -60.520663283578784, 38.314464220403863 ] ] ] } },
{ "type": "Feature", "properties": { "row": 22, "col": 3, "mostly_overlap": true, "overlap_ratio": 1.0 }, "geometry": { "type": "Polygon", "coordinates": [ [ [ -60.520663283578784, 38.359254921836197 ], [ -60.520663283578784, 38.404045623268537 ], [ -60.595314452632685, 38.404045623268537 ], [ -60.595314452632685, 38.359254921836197 ], [ -60.520663283578784, 38.359254921836197 ] ] ] } },
{ "type": "Feature", "properties": { "row": 22, "col": 4, "mostly_overlap": true, "overlap_ratio": 1.0 }, "geometry": { "type": "Polygon", "coordinates": [ [ [ -60.520663283578784, 38.404045623268537 ], [ -60.520663283578784, 38.448836324700878 ], [ -60.595314452632685, 38.448836324700878 ], [ -60.595314452632685, 38.404045623268537 ], [ -60.520663283578784, 38.404045623268537 ] ] ] } },
{ "type": "Feature", "properties": { "row": 22, "col": 5, "mostly_overlap": true, "overlap_ratio": 1.0 }, "geometry": { "type": "Polygon", "coordinates": [ [ [ -60.520663283578784, 38.448836324700878 ], [ -60.520663283578784, 38.493627026133218 ], [ -60.595314452632685, 38.493627026133218 ], [ -60.595314452632685, 38.448836324700878 ], [ -60.520663283578784, 38.448836324700878 ] ] ] } },
{ "type": "Feature", "properties": { "row": 22, "col": 6, "mostly_overlap": true, "overlap_ratio": 1.0 }, "geometry": { "type": "Polygon", "coordinates": [ [ [ -60.520663283578784, 38.493627026133218 ], [ -60.520663283578784, 38.538417727565552 ], [ -60.595314452632685, 38.538417727565552 ], [ -60.595314452632685, 38.493627026133218 ], [ -60.520663283578784, 38.493627026133218 ] ] ] } },
{ "type": "Feature", "properties": { "row": 22, "col": 7, "mostly_overlap": true, "overlap_ratio": 1.0 }, "geometry": { "type": "Polygon", "coordinates": [ [ [ -60.520663283578784, 38.538417727565552 ], [ -60.520663283578784, 38.583208428997892 ], [ -60.595314452632685, 38.583208428997892 ], [ -60.595314452632685, 38.538417727565552 ], [ -60.520663283578784, 38.538417727565552 ] ] ] } },
{ "type": "Feature", "properties": { "row": 22, "col": 8, "mostly_overlap": true, "overlap_ratio": 1.0 }, "geometry": { "type": "Polygon", "coordinates": [ [ [ -60.520663283578784, 38.583208428997892 ], [ -60.520663283578784, 38.627999130430233 ], [ -60.595314452632685, 38.627999130430233 ], [ -60.595314452632685, 38.583208428997892 ], [ -60.520663283578784, 38.583208428997892 ] ] ] } },
{ "type": "Feature", "properties": { "row": 22, "col": 9, "mostly_overlap": true, "overlap_ratio": 1.0 }, "geometry": { "type": "Polygon", "coordinates": [ [ [ -60.520663283578784, 38.627999130430233 ], [ -60.520663283578784, 38.672789831862573 ], [ -60.595314452632685, 38.672789831862573 ], [ -60.595314452632685, 38.627999130430233 ], [ -60.520663283578784, 38.627999130430233 ] ] ] } },
{ "type": "Feature", "properties": { "row": 22, "col": 10, "mostly_overlap": true, "overlap_ratio": 1.0 }, "geometry": { "type": "Polygon", "coordinates": [ [ [ -60.520663283578784, 38.672789831862573 ], [ -60.520663283578784, 38.717580533294907 ], [ -60.595314452632685, 38.717580533294907 ], [ -60.595314452632685, 38.672789831862573 ], [ -60.520663283578784, 38.672789831862573 ] ] ] } },
{ "type": "Feature", "properties": { "row": 22, "col": 11, "mostly_overlap": true, "overlap_ratio": 1.0 }, "geometry": { "type": "Polygon", "coordinates": [ [ [ -60.520663283578784, 38.717580533294907 ], [ -60.520663283578784, 38.762371234727247 ], [ -60.595314452632685, 38.762371234727247 ], [ -60.595314452632685, 38.717580533294907 ], [ -60.520663283578784, 38.717580533294907 ] ] ] } },
{ "type": "Feature", "properties": { "row": 22, "col": 12, "mostly_overlap": true, "overlap_ratio": 0.7648 }, "geometry": { "type": "Polygon", "coordinates": [ [ [ -60.520663283578784, 38.762371234727247 ], [ -60.520663283578784, 38.807161936159588 ], [ -60.595314452632685, 38.807161936159588 ], [ -60.595314452632685, 38.762371234727247 ], [ -60.520663283578784, 38.762371234727247 ] ] ] } },
{ "type": "Feature", "properties": { "row": 22, "col": 13, "mostly_overlap": false, "overlap_ratio": 0.4234 }, "geometry": { "type": "Polygon", "coordinates": [ [ [ -60.520663283578784, 38.807161936159588 ], [ -60.520663283578784, 38.851952637591928 ], [ -60.595314452632685, 38.851952637591928 ], [ -60.595314452632685, 38.807161936159588 ], [ -60.520663283578784, 38.807161936159588 ] ] ] } },
{ "type": "Feature", "properties": { "row": 22, "col": 14, "mostly_overlap": false, "overlap_ratio": 0.4076 }, "geometry": { "type": "Polygon", "coordinates": [ [ [ -60.520663283578784, 38.851952637591928 ], [ -60.520663283578784, 38.896743339024269 ], [ -60.595314452632685, 38.896743339024269 ], [ -60.595314452632685, 38.851952637591928 ], [ -60.520663283578784, 38.851952637591928 ] ] ] } },
{ "type": "Feature", "properties": { "row": 22, "col": 15, "mostly_overlap": false, "overlap_ratio": 0.3926 }, "geometry": { "type": "Polygon", "coordinates": [ [ [ -60.520663283578784, 38.896743339024269 ], [ -60.520663283578784, 38.941534040456602 ], [ -60.595314452632685, 38.941534040456602 ], [ -60.595314452632685, 38.896743339024269 ], [ -60.520663283578784, 38.896743339024269 ] ] ] } },
{ "type": "Feature", "properties": { "row": 22, "col": 16, "mostly_overlap": false, "overlap_ratio": 0.1809 }, "geometry": { "type": "Polygon", "coordinates": [ [ [ -60.520663283578784, 38.941534040456602 ], [ -60.520663283578784, 38.986324741888943 ], [ -60.595314452632685, 38.986324741888943 ], [ -60.595314452632685, 38.941534040456602 ], [ -60.520663283578784, 38.941534040456602 ] ] ] } },
{ "type": "Feature", "properties": { "row": 22, "col": 17, "mostly_overlap": false, "overlap_ratio": 0.0 }, "geometry": { "type": "Polygon", "coordinates": [ [ [ -60.520663283578784, 38.986324741888943 ], [ -60.520663283578784, 39.031115443321283 ], [ -60.595314452632685, 39.031115443321283 ], [ -60.595314452632685, 38.986324741888943 ], [ -60.520663283578784, 38.986324741888943 ] ] ] } },
{ "type": "Feature", "properties": { "row": 22, "col": 18, "mostly_overlap": false, "overlap_ratio": 0.0 }, "geometry": { "type": "Polygon", "coordinates": [ [ [ -60.520663283578784, 39.031115443321283 ], [ -60.520663283578784, 39.075906144753617 ], [ -60.595314452632685, 39.075906144753617 ], [ -60.595314452632685, 39.031115443321283 ], [ -60.520663283578784, 39.031115443321283 ] ] ] } },
{ "type": "Feature", "properties": { "row": 22, "col": 19, "mostly_overlap": false, "overlap_ratio": 0.0 }, "geometry": { "type": "Polygon", "coordinates": [ [ [ -60.520663283578784, 39.075906144753617 ], [ -60.520663283578784, 39.120696846185957 ], [ -60.595314452632685, 39.120696846185957 ], [ -60.595314452632685, 39.075906144753617 ], [ -60.520663283578784, 39.075906144753617 ] ] ] } },
{ "type": "Feature", "properties": { "row": 22, "col": 20, "mostly_overlap": false, "overlap_ratio": 0.0 }, "geometry": { "type": "Polygon", "coordinates": [ [ [ -60.520663283578784, 39.120696846185957 ], [ -60.520663283578784, 39.165487547618298 ], [ -60.595314452632685, 39.165487547618298 ], [ -60.595314452632685, 39.120696846185957 ], [ -60.520663283578784, 39.120696846185957 ] ] ] } },
{ "type": "Feature", "properties": { "row": 23, "col": 1, "mostly_overlap": true, "overlap_ratio": 0.5658 }, "geometry": { "type": "Polygon", "coordinates": [ [ [ -60.595314452632685, 38.269673518971523 ], [ -60.595314452632685, 38.314464220403863 ], [ -60.669965621686586, 38.314464220403863 ], [ -60.669965621686586, 38.269673518971523 ], [ -60.595314452632685, 38.269673518971523 ] ] ] } },
{ "type": "Feature", "properties": { "row": 23, "col": 2, "mostly_overlap": true, "overlap_ratio": 1.0 }, "geometry": { "type": "Polygon", "coordinates": [ [ [ -60.595314452632685, 38.314464220403863 ], [ -60.595314452632685, 38.359254921836197 ], [ -60.669965621686586, 38.359254921836197 ], [ -60.669965621686586, 38.314464220403863 ], [ -60.595314452632685, 38.314464220403863 ] ] ] } },
{ "type": "Feature", "properties": { "row": 23, "col": 3, "mostly_overlap": true, "overlap_ratio": 1.0 }, "geometry": { "type": "Polygon", "coordinates": [ [ [ -60.595314452632685, 38.359254921836197 ], [ -60.595314452632685, 38.404045623268537 ], [ -60.669965621686586, 38.404045623268537 ], [ -60.669965621686586, 38.359254921836197 ], [ -60.595314452632685, 38.359254921836197 ] ] ] } },
{ "type": "Feature", "properties": { "row": 23, "col": 4, "mostly_overlap": true, "overlap_ratio": 1.0 }, "geometry": { "type": "Polygon", "coordinates": [ [ [ -60.595314452632685, 38.404045623268537 ], [ -60.595314452632685, 38.448836324700878 ], [ -60.669965621686586, 38.448836324700878 ], [ -60.669965621686586, 38.404045623268537 ], [ -60.595314452632685, 38.404045623268537 ] ] ] } },
{ "type": "Feature", "properties": { "row": 23, "col": 5, "mostly_overlap": true, "overlap_ratio": 1.0 }, "geometry": { "type": "Polygon", "coordinates": [ [ [ -60.595314452632685, 38.448836324700878 ], [ -60.595314452632685, 38.493627026133218 ], [ -60.669965621686586, 38.493627026133218 ], [ -60.669965621686586, 38.448836324700878 ], [ -60.595314452632685, 38.448836324700878 ] ] ] } },
{ "type": "Feature", "properties": { "row": 23, "col": 6, "mostly_overlap": true, "overlap_ratio": 1.0 }, "geometry": { "type": "Polygon", "coordinates": [ [ [ -60.595314452632685, 38.493627026133218 ], [ -60.595314452632685, 38.538417727565552 ], [ -60.669965621686586, 38.538417727565552 ], [ -60.669965621686586, 38.493627026133218 ], [ -60.595314452632685, 38.493627026133218 ] ] ] } },
{ "type": "Feature", "properties": { "row": 23, "col": 7, "mostly_overlap": true, "overlap_ratio": 1.0 }, "geometry": { "type": "Polygon", "coordinates": [ [ [ -60.595314452632685, 38.538417727565552 ], [ -60.595314452632685, 38.583208428997892 ], [ -60.669965621686586, 38.583208428997892 ], [ -60.669965621686586, 38.538417727565552 ], [ -60.595314452632685, 38.538417727565552 ] ] ] } },
{ "type": "Feature", "properties": { "row": 23, "col": 8, "mostly_overlap": true, "overlap_ratio": 1.0 }, "geometry": { "type": "Polygon", "coordinates": [ [ [ -60.595314452632685, 38.583208428997892 ], [ -60.595314452632685, 38.627999130430233 ], [ -60.669965621686586, 38.627999130430233 ], [ -60.669965621686586, 38.583208428997892 ], [ -60.595314452632685, 38.583208428997892 ] ] ] } },
{ "type": "Feature", "properties": { "row": 23, "col": 9, "mostly_overlap": true, "overlap_ratio": 1.0 }, "geometry": { "type": "Polygon", "coordinates": [ [ [ -60.595314452632685, 38.627999130430233 ], [ -60.595314452632685, 38.672789831862573 ], [ -60.669965621686586, 38.672789831862573 ], [ -60.669965621686586, 38.627999130430233 ], [ -60.595314452632685, 38.627999130430233 ] ] ] } },
{ "type": "Feature", "properties": { "row": 23, "col": 10, "mostly_overlap": true, "overlap_ratio": 1.0 }, "geometry": { "type": "Polygon", "coordinates": [ [ [ -60.595314452632685, 38.672789831862573 ], [ -60.595314452632685, 38.717580533294907 ], [ -60.669965621686586, 38.717580533294907 ], [ -60.669965621686586, 38.672789831862573 ], [ -60.595314452632685, 38.672789831862573 ] ] ] } },
{ "type": "Feature", "properties": { "row": 23, "col": 11, "mostly_overlap": true, "overlap_ratio": 1.0 }, "geometry": { "type": "Polygon", "coordinates": [ [ [ -60.595314452632685, 38.717580533294907 ], [ -60.595314452632685, 38.762371234727247 ], [ -60.669965621686586, 38.762371234727247 ], [ -60.669965621686586, 38.717580533294907 ], [ -60.595314452632685, 38.717580533294907 ] ] ] } },
{ "type": "Feature", "properties": { "row": 23, "col": 12, "mostly_overlap": true, "overlap_ratio": 1.0 }, "geometry": { "type": "Polygon", "coordinates": [ [ [ -60.595314452632685, 38.762371234727247 ], [ -60.595314452632685, 38.807161936159588 ], [ -60.669965621686586, 38.807161936159588 ], [ -60.669965621686586, 38.762371234727247 ], [ -60.595314452632685, 38.762371234727247 ] ] ] } },
{ "type": "Feature", "properties": { "row": 23, "col": 13, "mostly_overlap": true, "overlap_ratio": 1.0 }, "geometry": { "type": "Polygon", "coordinates": [ [ [ -60.595314452632685, 38.807161936159588 ], [ -60.595314452632685, 38.851952637591928 ], [ -60.669965621686586, 38.851952637591928 ], [ -60.669965621686586, 38.807161936159588 ], [ -60.595314452632685, 38.807161936159588 ] ] ] } },
{ "type": "Feature", "properties": { "row": 23, "col": 14, "mostly_overlap": true, "overlap_ratio": 1.0 }, "geometry": { "type": "Polygon", "coordinates": [ [ [ -60.595314452632685, 38.851952637591928 ], [ -60.595314452632685, 38.896743339024269 ], [ -60.669965621686586, 38.896743339024269 ], [ -60.669965621686586, 38.851952637591928 ], [ -60.595314452632685, 38.851952637591928 ] ] ] } },
{ "type": "Feature", "properties": { "row": 23, "col": 15, "mostly_overlap": true, "overlap_ratio": 1.0 }, "geometry": { "type": "Polygon", "coordinates": [ [ [ -60.595314452632685, 38.896743339024269 ], [ -60.595314452632685, 38.941534040456602 ], [ -60.669965621686586, 38.941534040456602 ], [ -60.669965621686586, 38.896743339024269 ], [ -60.595314452632685, 38.896743339024269 ] ] ] } },
{ "type": "Feature", "properties": { "row": 23, "col": 16, "mostly_overlap": false, "overlap_ratio": 0.4787 }, "geometry": { "type": "Polygon", "coordinates": [ [ [ -60.595314452632685, 38.941534040456602 ], [ -60.595314452632685, 38.986324741888943 ], [ -60.669965621686586, 38.986324741888943 ], [ -60.669965621686586, 38.941534040456602 ], [ -60.595314452632685, 38.941534040456602 ] ] ] } },
{ "type": "Feature", "properties": { "row": 23, "col": 17, "mostly_overlap": false, "overlap_ratio": 0.0 }, "geometry": { "type": "Polygon", "coordinates": [ [ [ -60.595314452632685, 38.986324741888943 ], [ -60.595314452632685, 39.031115443321283 ], [ -60.669965621686586, 39.031115443321283 ], [ -60.669965621686586, 38.986324741888943 ], [ -60.595314452632685, 38.986324741888943 ] ] ] } },
{ "type": "Feature", "properties": { "row": 23, "col": 18, "mostly_overlap": false, "overlap_ratio": 0.0 }, "geometry": { "type": "Polygon", "coordinates": [ [ [ -60.595314452632685, 39.031115443321283 ], [ -60.595314452632685, 39.075906144753617 ], [ -60.669965621686586, 39.075906144753617 ], [ -60.669965621686586, 39.031115443321283 ], [ -60.595314452632685, 39.031115443321283 ] ] ] } },
{ "type": "Feature", "properties": { "row": 23, "col": 19, "mostly_overlap": false, "overlap_ratio": 0.0 }, "geometry": { "type": "Polygon", "coordinates": [ [ [ -60.595314452632685, 39.075906144753617 ], [ -60.595314452632685, 39.120696846185957 ], [ -60.669965621686586, 39.120696846185957 ], [ -60.669965621686586, 39.075906144753617 ], [ -60.595314452632685, 39.075906144753617 ] ] ] } },
{ "type": "Feature", "properties": { "row": 23, "col": 20, "mostly_overlap": false, "overlap_ratio": 0.0 }, "geometry": { "type": "Polygon", "coordinates": [ [ [ -60.595314452632685, 39.120696846185957 ], [ -60.595314452632685, 39.165487547618298 ], [ -60.669965621686586, 39.165487547618298 ], [ -60.669965621686586, 39.120696846185957 ], [ -60.595314452632685, 39.120696846185957 ] ] ] } },
{ "type": "Feature", "properties": { "row": 24, "col": 1, "mostly_overlap": true, "overlap_ratio": 0.5632 }, "geometry": { "type": "Polygon", "coordinates": [ [ [ -60.669965621686586, 38.269673518971523 ], [ -60.669965621686586, 38.314464220403863 ], [ -60.74461679074048, 38.314464220403863 ], [ -60.74461679074048, 38.269673518971523 ], [ -60.669965621686586, 38.269673518971523 ] ] ] } },
{ "type": "Feature", "properties": { "row": 24, "col": 2, "mostly_overlap": true, "overlap_ratio": 1.0 }, "geometry": { "type": "Polygon", "coordinates": [ [ [ -60.669965621686586, 38.314464220403863 ], [ -60.669965621686586, 38.359254921836197 ], [ -60.74461679074048, 38.359254921836197 ], [ -60.74461679074048, 38.314464220403863 ], [ -60.669965621686586, 38.314464220403863 ] ] ] } },
{ "type": "Feature", "properties": { "row": 24, "col": 3, "mostly_overlap": true, "overlap_ratio": 1.0 }, "geometry": { "type": "Polygon", "coordinates": [ [ [ -60.669965621686586, 38.359254921836197 ], [ -60.669965621686586, 38.404045623268537 ], [ -60.74461679074048, 38.404045623268537 ], [ -60.74461679074048, 38.359254921836197 ], [ -60.669965621686586, 38.359254921836197 ] ] ] } },
{ "type": "Feature", "properties": { "row": 24, "col": 4, "mostly_overlap": true, "overlap_ratio": 1.0 }, "geometry": { "type": "Polygon", "coordinates": [ [ [ -60.669965621686586, 38.404045623268537 ], [ -60.669965621686586, 38.448836324700878 ], [ -60.74461679074048, 38.448836324700878 ], [ -60.74461679074048, 38.404045623268537 ], [ -60.669965621686586, 38.404045623268537 ] ] ] } },
{ "type": "Feature", "properties": { "row": 24, "col": 5, "mostly_overlap": true, "overlap_ratio": 1.0 }, "geometry": { "type": "Polygon", "coordinates": [ [ [ -60.669965621686586, 38.448836324700878 ], [ -60.669965621686586, 38.493627026133218 ], [ -60.74461679074048, 38.493627026133218 ], [ -60.74461679074048, 38.448836324700878 ], [ -60.669965621686586, 38.448836324700878 ] ] ] } },
{ "type": "Feature", "properties": { "row": 24, "col": 6, "mostly_overlap": true, "overlap_ratio": 1.0 }, "geometry": { "type": "Polygon", "coordinates": [ [ [ -60.669965621686586, 38.493627026133218 ], [ -60.669965621686586, 38.538417727565552 ], [ -60.74461679074048, 38.538417727565552 ], [ -60.74461679074048, 38.493627026133218 ], [ -60.669965621686586, 38.493627026133218 ] ] ] } },
{ "type": "Feature", "properties": { "row": 24, "col": 7, "mostly_overlap": true, "overlap_ratio": 1.0 }, "geometry": { "type": "Polygon", "coordinates": [ [ [ -60.669965621686586, 38.538417727565552 ], [ -60.669965621686586, 38.583208428997892 ], [ -60.74461679074048, 38.583208428997892 ], [ -60.74461679074048, 38.538417727565552 ], [ -60.669965621686586, 38.538417727565552 ] ] ] } },
{ "type": "Feature", "properties": { "row": 24, "col": 8, "mostly_overlap": true, "overlap_ratio": 1.0 }, "geometry": { "type": "Polygon", "coordinates": [ [ [ -60.669965621686586, 38.583208428997892 ], [ -60.669965621686586, 38.627999130430233 ], [ -60.74461679074048, 38.627999130430233 ], [ -60.74461679074048, 38.583208428997892 ], [ -60.669965621686586, 38.583208428997892 ] ] ] } },
{ "type": "Feature", "properties": { "row": 24, "col": 9, "mostly_overlap": true, "overlap_ratio": 1.0 }, "geometry": { "type": "Polygon", "coordinates": [ [ [ -60.669965621686586, 38.627999130430233 ], [ -60.669965621686586, 38.672789831862573 ], [ -60.74461679074048, 38.672789831862573 ], [ -60.74461679074048, 38.627999130430233 ], [ -60.669965621686586, 38.627999130430233 ] ] ] } },
{ "type": "Feature", "properties": { "row": 24, "col": 10, "mostly_overlap": true, "overlap_ratio": 1.0 }, "geometry": { "type": "Polygon", "coordinates": [ [ [ -60.669965621686586, 38.672789831862573 ], [ -60.669965621686586, 38.717580533294907 ], [ -60.74461679074048, 38.717580533294907 ], [ -60.74461679074048, 38.672789831862573 ], [ -60.669965621686586, 38.672789831862573 ] ] ] } },
{ "type": "Feature", "properties": { "row": 24, "col": 11, "mostly_overlap": true, "overlap_ratio": 1.0 }, "geometry": { "type": "Polygon", "coordinates": [ [ [ -60.669965621686586, 38.717580533294907 ], [ -60.669965621686586, 38.762371234727247 ], [ -60.74461679074048, 38.762371234727247 ], [ -60.74461679074048, 38.717580533294907 ], [ -60.669965621686586, 38.717580533294907 ] ] ] } },
{ "type": "Feature", "properties": { "row": 24, "col": 12, "mostly_overlap": true, "overlap_ratio": 1.0 }, "geometry": { "type": "Polygon", "coordinates": [ [ [ -60.669965621686586, 38.762371234727247 ], [ -60.669965621686586, 38.807161936159588 ], [ -60.74461679074048, 38.807161936159588 ], [ -60.74461679074048, 38.762371234727247 ], [ -60.669965621686586, 38.762371234727247 ] ] ] } },
{ "type": "Feature", "properties": { "row": 24, "col": 13, "mostly_overlap": true, "overlap_ratio": 1.0 }, "geometry": { "type": "Polygon", "coordinates": [ [ [ -60.669965621686586, 38.807161936159588 ], [ -60.669965621686586, 38.851952637591928 ], [ -60.74461679074048, 38.851952637591928 ], [ -60.74461679074048, 38.807161936159588 ], [ -60.669965621686586, 38.807161936159588 ] ] ] } },
{ "type": "Feature", "properties": { "row": 24, "col": 14, "mostly_overlap": true, "overlap_ratio": 1.0 }, "geometry": { "type": "Polygon", "coordinates": [ [ [ -60.669965621686586, 38.851952637591928 ], [ -60.669965621686586, 38.896743339024269 ], [ -60.74461679074048, 38.896743339024269 ], [ -60.74461679074048, 38.851952637591928 ], [ -60.669965621686586, 38.851952637591928 ] ] ] } },
{ "type": "Feature", "properties": { "row": 24, "col": 15, "mostly_overlap": true, "overlap_ratio": 1.0 }, "geometry": { "type": "Polygon", "coordinates": [ [ [ -60.669965621686586, 38.896743339024269 ], [ -60.669965621686586, 38.941534040456602 ], [ -60.74461679074048, 38.941534040456602 ], [ -60.74461679074048, 38.896743339024269 ], [ -60.669965621686586, 38.896743339024269 ] ] ] } },
{ "type": "Feature", "properties": { "row": 24, "col": 16, "mostly_overlap": false, "overlap_ratio": 0.4854 }, "geometry": { "type": "Polygon", "coordinates": [ [ [ -60.669965621686586, 38.941534040456602 ], [ -60.669965621686586, 38.986324741888943 ], [ -60.74461679074048, 38.986324741888943 ], [ -60.74461679074048, 38.941534040456602 ], [ -60.669965621686586, 38.941534040456602 ] ] ] } },
{ "type": "Feature", "properties": { "row": 24, "col": 17, "mostly_overlap": false, "overlap_ratio": 0.0 }, "geometry": { "type": "Polygon", "coordinates": [ [ [ -60.669965621686586, 38.986324741888943 ], [ -60.669965621686586, 39.031115443321283 ], [ -60.74461679074048, 39.031115443321283 ], [ -60.74461679074048, 38.986324741888943 ], [ -60.669965621686586, 38.986324741888943 ] ] ] } },
{ "type": "Feature", "properties": { "row": 24, "col": 18, "mostly_overlap": false, "overlap_ratio": 0.0 }, "geometry": { "type": "Polygon", "coordinates": [ [ [ -60.669965621686586, 39.031115443321283 ], [ -60.669965621686586, 39.075906144753617 ], [ -60.74461679074048, 39.075906144753617 ], [ -60.74461679074048, 39.031115443321283 ], [ -60.669965621686586, 39.031115443321283 ] ] ] } },
{ "type": "Feature", "properties": { "row": 24, "col": 19, "mostly_overlap": false, "overlap_ratio": 0.0 }, "geometry": { "type": "Polygon", "coordinates": [ [ [ -60.669965621686586, 39.075906144753617 ], [ -60.669965621686586, 39.120696846185957 ], [ -60.74461679074048, 39.120696846185957 ], [ -60.74461679074048, 39.075906144753617 ], [ -60.669965621686586, 39.075906144753617 ] ] ] } },
{ "type": "Feature", "properties": { "row": 24, "col": 20, "mostly_overlap": false, "overlap_ratio": 0.0 }, "geometry": { "type": "Polygon", "coordinates": [ [ [ -60.669965621686586, 39.120696846185957 ], [ -60.669965621686586, 39.165487547618298 ], [ -60.74461679074048, 39.165487547618298 ], [ -60.74461679074048, 39.120696846185957 ], [ -60.669965621686586, 39.120696846185957 ] ] ] } },
{ "type": "Feature", "properties": { "row": 25, "col": 1, "mostly_overlap": true, "overlap_ratio": 0.5606 }, "geometry": { "type": "Polygon", "coordinates": [ [ [ -60.74461679074048, 38.269673518971523 ], [ -60.74461679074048, 38.314464220403863 ], [ -60.819267959794381, 38.314464220403863 ], [ -60.819267959794381, 38.269673518971523 ], [ -60.74461679074048, 38.269673518971523 ] ] ] } },
{ "type": "Feature", "properties": { "row": 25, "col": 2, "mostly_overlap": true, "overlap_ratio": 1.0 }, "geometry": { "type": "Polygon", "coordinates": [ [ [ -60.74461679074048, 38.314464220403863 ], [ -60.74461679074048, 38.359254921836197 ], [ -60.819267959794381, 38.359254921836197 ], [ -60.819267959794381, 38.314464220403863 ], [ -60.74461679074048, 38.314464220403863 ] ] ] } },
{ "type": "Feature", "properties": { "row": 25, "col": 3, "mostly_overlap": true, "overlap_ratio": 1.0 }, "geometry": { "type": "Polygon", "coordinates": [ [ [ -60.74461679074048, 38.359254921836197 ], [ -60.74461679074048, 38.404045623268537 ], [ -60.819267959794381, 38.404045623268537 ], [ -60.819267959794381, 38.359254921836197 ], [ -60.74461679074048, 38.359254921836197 ] ] ] } },
{ "type": "Feature", "properties": { "row": 25, "col": 4, "mostly_overlap": true, "overlap_ratio": 1.0 }, "geometry": { "type": "Polygon", "coordinates": [ [ [ -60.74461679074048, 38.404045623268537 ], [ -60.74461679074048, 38.448836324700878 ], [ -60.819267959794381, 38.448836324700878 ], [ -60.819267959794381, 38.404045623268537 ], [ -60.74461679074048, 38.404045623268537 ] ] ] } },
{ "type": "Feature", "properties": { "row": 25, "col": 5, "mostly_overlap": true, "overlap_ratio": 1.0 }, "geometry": { "type": "Polygon", "coordinates": [ [ [ -60.74461679074048, 38.448836324700878 ], [ -60.74461679074048, 38.493627026133218 ], [ -60.819267959794381, 38.493627026133218 ], [ -60.819267959794381, 38.448836324700878 ], [ -60.74461679074048, 38.448836324700878 ] ] ] } },
{ "type": "Feature", "properties": { "row": 25, "col": 6, "mostly_overlap": true, "overlap_ratio": 1.0 }, "geometry": { "type": "Polygon", "coordinates": [ [ [ -60.74461679074048, 38.493627026133218 ], [ -60.74461679074048, 38.538417727565552 ], [ -60.819267959794381, 38.538417727565552 ], [ -60.819267959794381, 38.493627026133218 ], [ -60.74461679074048, 38.493627026133218 ] ] ] } },
{ "type": "Feature", "properties": { "row": 25, "col": 7, "mostly_overlap": true, "overlap_ratio": 1.0 }, "geometry": { "type": "Polygon", "coordinates": [ [ [ -60.74461679074048, 38.538417727565552 ], [ -60.74461679074048, 38.583208428997892 ], [ -60.819267959794381, 38.583208428997892 ], [ -60.819267959794381, 38.538417727565552 ], [ -60.74461679074048, 38.538417727565552 ] ] ] } },
{ "type": "Feature", "properties": { "row": 25, "col": 8, "mostly_overlap": true, "overlap_ratio": 1.0 }, "geometry": { "type": "Polygon", "coordinates": [ [ [ -60.74461679074048, 38.583208428997892 ], [ -60.74461679074048, 38.627999130430233 ], [ -60.819267959794381, 38.627999130430233 ], [ -60.819267959794381, 38.583208428997892 ], [ -60.74461679074048, 38.583208428997892 ] ] ] } },
{ "type": "Feature", "properties": { "row": 25, "col": 9, "mostly_overlap": true, "overlap_ratio": 1.0 }, "geometry": { "type": "Polygon", "coordinates": [ [ [ -60.74461679074048, 38.627999130430233 ], [ -60.74461679074048, 38.672789831862573 ], [ -60.819267959794381, 38.672789831862573 ], [ -60.819267959794381, 38.627999130430233 ], [ -60.74461679074048, 38.627999130430233 ] ] ] } },
{ "type": "Feature", "properties": { "row": 25, "col": 10, "mostly_overlap": true, "overlap_ratio": 1.0 }, "geometry": { "type": "Polygon", "coordinates": [ [ [ -60.74461679074048, 38.672789831862573 ], [ -60.74461679074048, 38.717580533294907 ], [ -60.819267959794381, 38.717580533294907 ], [ -60.819267959794381, 38.672789831862573 ], [ -60.74461679074048, 38.672789831862573 ] ] ] } },
{ "type": "Feature", "properties": { "row": 25, "col": 11, "mostly_overlap": true, "overlap_ratio": 1.0 }, "geometry": { "type": "Polygon", "coordinates": [ [ [ -60.74461679074048, 38.717580533294907 ], [ -60.74461679074048, 38.762371234727247 ], [ -60.819267959794381, 38.762371234727247 ], [ -60.819267959794381, 38.717580533294907 ], [ -60.74461679074048, 38.717580533294907 ] ] ] } },
{ "type": "Feature", "properties": { "row": 25, "col": 12, "mostly_overlap": true, "overlap_ratio": 1.0 }, "geometry": { "type": "Polygon", "coordinates": [ [ [ -60.74461679074048, 38.762371234727247 ], [ -60.74461679074048, 38.807161936159588 ], [ -60.819267959794381, 38.807161936159588 ], [ -60.819267959794381, 38.762371234727247 ], [ -60.74461679074048, 38.762371234727247 ] ] ] } },
{ "type": "Feature", "properties": { "row": 25, "col": 13, "mostly_overlap": true, "overlap_ratio": 1.0 }, "geometry": { "type": "Polygon", "coordinates": [ [ [ -60.74461679074048, 38.807161936159588 ], [ -60.74461679074048, 38.851952637591928 ], [ -60.819267959794381, 38.851952637591928 ], [ -60.819267959794381, 38.807161936159588 ], [ -60.74461679074048, 38.807161936159588 ] ] ] } },
{ "type": "Feature", "properties": { "row": 25, "col": 14, "mostly_overlap": true, "overlap_ratio": 1.0 }, "geometry": { "type": "Polygon", "coordinates": [ [ [ -60.74461679074048, 38.851952637591928 ], [ -60.74461679074048, 38.896743339024269 ], [ -60.819267959794381, 38.896743339024269 ], [ -60.819267959794381, 38.851952637591928 ], [ -60.74461679074048, 38.851952637591928 ] ] ] } },
{ "type": "Feature", "properties": { "row": 25, "col": 15, "mostly_overlap": true, "overlap_ratio": 1.0 }, "geometry": { "type": "Polygon", "coordinates": [ [ [ -60.74461679074048, 38.896743339024269 ], [ -60.74461679074048, 38.941534040456602 ], [ -60.819267959794381, 38.941534040456602 ], [ -60.819267959794381, 38.896743339024269 ], [ -60.74461679074048, 38.896743339024269 ] ] ] } },
{ "type": "Feature", "properties": { "row": 25, "col": 16, "mostly_overlap": true, "overlap_ratio": 0.5343 }, "geometry": { "type": "Polygon", "coordinates": [ [ [ -60.74461679074048, 38.941534040456602 ], [ -60.74461679074048, 38.986324741888943 ], [ -60.819267959794381, 38.986324741888943 ], [ -60.819267959794381, 38.941534040456602 ], [ -60.74461679074048, 38.941534040456602 ] ] ] } },
{ "type": "Feature", "properties": { "row": 25, "col": 17, "mostly_overlap": true, "overlap_ratio": 0.0132 }, "geometry": { "type": "Polygon", "coordinates": [ [ [ -60.74461679074048, 38.986324741888943 ], [ -60.74461679074048, 39.031115443321283 ], [ -60.819267959794381, 39.031115443321283 ], [ -60.819267959794381, 38.986324741888943 ], [ -60.74461679074048, 38.986324741888943 ] ] ] } },
{ "type": "Feature", "properties": { "row": 25, "col": 18, "mostly_overlap": true, "overlap_ratio": 0.0 }, "geometry": { "type": "Polygon", "coordinates": [ [ [ -60.74461679074048, 39.031115443321283 ], [ -60.74461679074048, 39.075906144753617 ], [ -60.819267959794381, 39.075906144753617 ], [ -60.819267959794381, 39.031115443321283 ], [ -60.74461679074048, 39.031115443321283 ] ] ] } },
{ "type": "Feature", "properties": { "row": 25, "col": 19, "mostly_overlap": true, "overlap_ratio": 0.0 }, "geometry": { "type": "Polygon", "coordinates": [ [ [ -60.74461679074048, 39.075906144753617 ], [ -60.74461679074048, 39.120696846185957 ], [ -60.819267959794381, 39.120696846185957 ], [ -60.819267959794381, 39.075906144753617 ], [ -60.74461679074048, 39.075906144753617 ] ] ] } },
{ "type": "Feature", "properties": { "row": 25, "col": 20, "mostly_overlap": true, "overlap_ratio": 0.0 }, "geometry": { "type": "Polygon", "coordinates": [ [ [ -60.74461679074048, 39.120696846185957 ], [ -60.74461679074048, 39.165487547618298 ], [ -60.819267959794381, 39.165487547618298 ], [ -60.819267959794381, 39.120696846185957 ], [ -60.74461679074048, 39.120696846185957 ] ] ] } },
{ "type": "Feature", "properties": { "row": 26, "col": 1, "mostly_overlap": true, "overlap_ratio": 0.5579 }, "geometry": { "type": "Polygon", "coordinates": [ [ [ -60.819267959794381, 38.269673518971523 ], [ -60.819267959794381, 38.314464220403863 ], [ -60.893919128848275, 38.314464220403863 ], [ -60.893919128848275, 38.269673518971523 ], [ -60.819267959794381, 38.269673518971523 ] ] ] } },
{ "type": "Feature", "properties": { "row": 26, "col": 2, "mostly_overlap": true, "overlap_ratio": 1.0 }, "geometry": { "type": "Polygon", "coordinates": [ [ [ -60.819267959794381, 38.314464220403863 ], [ -60.819267959794381, 38.359254921836197 ], [ -60.893919128848275, 38.359254921836197 ], [ -60.893919128848275, 38.314464220403863 ], [ -60.819267959794381, 38.314464220403863 ] ] ] } },
{ "type": "Feature", "properties": { "row": 26, "col": 3, "mostly_overlap": true, "overlap_ratio": 1.0 }, "geometry": { "type": "Polygon", "coordinates": [ [ [ -60.819267959794381, 38.359254921836197 ], [ -60.819267959794381, 38.404045623268537 ], [ -60.893919128848275, 38.404045623268537 ], [ -60.893919128848275, 38.359254921836197 ], [ -60.819267959794381, 38.359254921836197 ] ] ] } },
{ "type": "Feature", "properties": { "row": 26, "col": 4, "mostly_overlap": true, "overlap_ratio": 1.0 }, "geometry": { "type": "Polygon", "coordinates": [ [ [ -60.819267959794381, 38.404045623268537 ], [ -60.819267959794381, 38.448836324700878 ], [ -60.893919128848275, 38.448836324700878 ], [ -60.893919128848275, 38.404045623268537 ], [ -60.819267959794381, 38.404045623268537 ] ] ] } },
{ "type": "Feature", "properties": { "row": 26, "col": 5, "mostly_overlap": true, "overlap_ratio": 1.0 }, "geometry": { "type": "Polygon", "coordinates": [ [ [ -60.819267959794381, 38.448836324700878 ], [ -60.819267959794381, 38.493627026133218 ], [ -60.893919128848275, 38.493627026133218 ], [ -60.893919128848275, 38.448836324700878 ], [ -60.819267959794381, 38.448836324700878 ] ] ] } },
{ "type": "Feature", "properties": { "row": 26, "col": 6, "mostly_overlap": true, "overlap_ratio": 1.0 }, "geometry": { "type": "Polygon", "coordinates": [ [ [ -60.819267959794381, 38.493627026133218 ], [ -60.819267959794381, 38.538417727565552 ], [ -60.893919128848275, 38.538417727565552 ], [ -60.893919128848275, 38.493627026133218 ], [ -60.819267959794381, 38.493627026133218 ] ] ] } },
{ "type": "Feature", "properties": { "row": 26, "col": 7, "mostly_overlap": true, "overlap_ratio": 1.0 }, "geometry": { "type": "Polygon", "coordinates": [ [ [ -60.819267959794381, 38.538417727565552 ], [ -60.819267959794381, 38.583208428997892 ], [ -60.893919128848275, 38.583208428997892 ], [ -60.893919128848275, 38.538417727565552 ], [ -60.819267959794381, 38.538417727565552 ] ] ] } },
{ "type": "Feature", "properties": { "row": 26, "col": 8, "mostly_overlap": true, "overlap_ratio": 1.0 }, "geometry": { "type": "Polygon", "coordinates": [ [ [ -60.819267959794381, 38.583208428997892 ], [ -60.819267959794381, 38.627999130430233 ], [ -60.893919128848275, 38.627999130430233 ], [ -60.893919128848275, 38.583208428997892 ], [ -60.819267959794381, 38.583208428997892 ] ] ] } },
{ "type": "Feature", "properties": { "row": 26, "col": 9, "mostly_overlap": true, "overlap_ratio": 1.0 }, "geometry": { "type": "Polygon", "coordinates": [ [ [ -60.819267959794381, 38.627999130430233 ], [ -60.819267959794381, 38.672789831862573 ], [ -60.893919128848275, 38.672789831862573 ], [ -60.893919128848275, 38.627999130430233 ], [ -60.819267959794381, 38.627999130430233 ] ] ] } },
{ "type": "Feature", "properties": { "row": 26, "col": 10, "mostly_overlap": true, "overlap_ratio": 1.0 }, "geometry": { "type": "Polygon", "coordinates": [ [ [ -60.819267959794381, 38.672789831862573 ], [ -60.819267959794381, 38.717580533294907 ], [ -60.893919128848275, 38.717580533294907 ], [ -60.893919128848275, 38.672789831862573 ], [ -60.819267959794381, 38.672789831862573 ] ] ] } },
{ "type": "Feature", "properties": { "row": 26, "col": 11, "mostly_overlap": true, "overlap_ratio": 1.0 }, "geometry": { "type": "Polygon", "coordinates": [ [ [ -60.819267959794381, 38.717580533294907 ], [ -60.819267959794381, 38.762371234727247 ], [ -60.893919128848275, 38.762371234727247 ], [ -60.893919128848275, 38.717580533294907 ], [ -60.819267959794381, 38.717580533294907 ] ] ] } },
{ "type": "Feature", "properties": { "row": 26, "col": 12, "mostly_overlap": true, "overlap_ratio": 1.0 }, "geometry": { "type": "Polygon", "coordinates": [ [ [ -60.819267959794381, 38.762371234727247 ], [ -60.819267959794381, 38.807161936159588 ], [ -60.893919128848275, 38.807161936159588 ], [ -60.893919128848275, 38.762371234727247 ], [ -60.819267959794381, 38.762371234727247 ] ] ] } },
{ "type": "Feature", "properties": { "row": 26, "col": 13, "mostly_overlap": true, "overlap_ratio": 1.0 }, "geometry": { "type": "Polygon", "coordinates": [ [ [ -60.819267959794381, 38.807161936159588 ], [ -60.819267959794381, 38.851952637591928 ], [ -60.893919128848275, 38.851952637591928 ], [ -60.893919128848275, 38.807161936159588 ], [ -60.819267959794381, 38.807161936159588 ] ] ] } },
{ "type": "Feature", "properties": { "row": 26, "col": 14, "mostly_overlap": true, "overlap_ratio": 1.0 }, "geometry": { "type": "Polygon", "coordinates": [ [ [ -60.819267959794381, 38.851952637591928 ], [ -60.819267959794381, 38.896743339024269 ], [ -60.893919128848275, 38.896743339024269 ], [ -60.893919128848275, 38.851952637591928 ], [ -60.819267959794381, 38.851952637591928 ] ] ] } },
{ "type": "Feature", "properties": { "row": 26, "col": 15, "mostly_overlap": true, "overlap_ratio": 1.0 }, "geometry": { "type": "Polygon", "coordinates": [ [ [ -60.819267959794381, 38.896743339024269 ], [ -60.819267959794381, 38.941534040456602 ], [ -60.893919128848275, 38.941534040456602 ], [ -60.893919128848275, 38.896743339024269 ], [ -60.819267959794381, 38.896743339024269 ] ] ] } },
{ "type": "Feature", "properties": { "row": 26, "col": 16, "mostly_overlap": true, "overlap_ratio": 0.8447 }, "geometry": { "type": "Polygon", "coordinates": [ [ [ -60.819267959794381, 38.941534040456602 ], [ -60.819267959794381, 38.986324741888943 ], [ -60.893919128848275, 38.986324741888943 ], [ -60.893919128848275, 38.941534040456602 ], [ -60.819267959794381, 38.941534040456602 ] ] ] } },
{ "type": "Feature", "properties": { "row": 26, "col": 17, "mostly_overlap": false, "overlap_ratio": 0.5468 }, "geometry": { "type": "Polygon", "coordinates": [ [ [ -60.819267959794381, 38.986324741888943 ], [ -60.819267959794381, 39.031115443321283 ], [ -60.893919128848275, 39.031115443321283 ], [ -60.893919128848275, 38.986324741888943 ], [ -60.819267959794381, 38.986324741888943 ] ] ] } },
{ "type": "Feature", "properties": { "row": 26, "col": 18, "mostly_overlap": false, "overlap_ratio": 0.505 }, "geometry": { "type": "Polygon", "coordinates": [ [ [ -60.819267959794381, 39.031115443321283 ], [ -60.819267959794381, 39.075906144753617 ], [ -60.893919128848275, 39.075906144753617 ], [ -60.893919128848275, 39.031115443321283 ], [ -60.819267959794381, 39.031115443321283 ] ] ] } },
{ "type": "Feature", "properties": { "row": 26, "col": 19, "mostly_overlap": false, "overlap_ratio": 0.6237 }, "geometry": { "type": "Polygon", "coordinates": [ [ [ -60.819267959794381, 39.075906144753617 ], [ -60.819267959794381, 39.120696846185957 ], [ -60.893919128848275, 39.120696846185957 ], [ -60.893919128848275, 39.075906144753617 ], [ -60.819267959794381, 39.075906144753617 ] ] ] } },
{ "type": "Feature", "properties": { "row": 26, "col": 20, "mostly_overlap": false, "overlap_ratio": 0.3919 }, "geometry": { "type": "Polygon", "coordinates": [ [ [ -60.819267959794381, 39.120696846185957 ], [ -60.819267959794381, 39.165487547618298 ], [ -60.893919128848275, 39.165487547618298 ], [ -60.893919128848275, 39.120696846185957 ], [ -60.819267959794381, 39.120696846185957 ] ] ] } },
{ "type": "Feature", "properties": { "row": 27, "col": 1, "mostly_overlap": true, "overlap_ratio": 0.5553 }, "geometry": { "type": "Polygon", "coordinates": [ [ [ -60.893919128848275, 38.269673518971523 ], [ -60.893919128848275, 38.314464220403863 ], [ -60.968570297902176, 38.314464220403863 ], [ -60.968570297902176, 38.269673518971523 ], [ -60.893919128848275, 38.269673518971523 ] ] ] } },
{ "type": "Feature", "properties": { "row": 27, "col": 2, "mostly_overlap": true, "overlap_ratio": 1.0 }, "geometry": { "type": "Polygon", "coordinates": [ [ [ -60.893919128848275, 38.314464220403863 ], [ -60.893919128848275, 38.359254921836197 ], [ -60.968570297902176, 38.359254921836197 ], [ -60.968570297902176, 38.314464220403863 ], [ -60.893919128848275, 38.314464220403863 ] ] ] } },
{ "type": "Feature", "properties": { "row": 27, "col": 3, "mostly_overlap": true, "overlap_ratio": 1.0 }, "geometry": { "type": "Polygon", "coordinates": [ [ [ -60.893919128848275, 38.359254921836197 ], [ -60.893919128848275, 38.404045623268537 ], [ -60.968570297902176, 38.404045623268537 ], [ -60.968570297902176, 38.359254921836197 ], [ -60.893919128848275, 38.359254921836197 ] ] ] } },
{ "type": "Feature", "properties": { "row": 27, "col": 4, "mostly_overlap": true, "overlap_ratio": 1.0 }, "geometry": { "type": "Polygon", "coordinates": [ [ [ -60.893919128848275, 38.404045623268537 ], [ -60.893919128848275, 38.448836324700878 ], [ -60.968570297902176, 38.448836324700878 ], [ -60.968570297902176, 38.404045623268537 ], [ -60.893919128848275, 38.404045623268537 ] ] ] } },
{ "type": "Feature", "properties": { "row": 27, "col": 5, "mostly_overlap": true, "overlap_ratio": 1.0 }, "geometry": { "type": "Polygon", "coordinates": [ [ [ -60.893919128848275, 38.448836324700878 ], [ -60.893919128848275, 38.493627026133218 ], [ -60.968570297902176, 38.493627026133218 ], [ -60.968570297902176, 38.448836324700878 ], [ -60.893919128848275, 38.448836324700878 ] ] ] } },
{ "type": "Feature", "properties": { "row": 27, "col": 6, "mostly_overlap": true, "overlap_ratio": 1.0 }, "geometry": { "type": "Polygon", "coordinates": [ [ [ -60.893919128848275, 38.493627026133218 ], [ -60.893919128848275, 38.538417727565552 ], [ -60.968570297902176, 38.538417727565552 ], [ -60.968570297902176, 38.493627026133218 ], [ -60.893919128848275, 38.493627026133218 ] ] ] } },
{ "type": "Feature", "properties": { "row": 27, "col": 7, "mostly_overlap": true, "overlap_ratio": 1.0 }, "geometry": { "type": "Polygon", "coordinates": [ [ [ -60.893919128848275, 38.538417727565552 ], [ -60.893919128848275, 38.583208428997892 ], [ -60.968570297902176, 38.583208428997892 ], [ -60.968570297902176, 38.538417727565552 ], [ -60.893919128848275, 38.538417727565552 ] ] ] } },
{ "type": "Feature", "properties": { "row": 27, "col": 8, "mostly_overlap": true, "overlap_ratio": 1.0 }, "geometry": { "type": "Polygon", "coordinates": [ [ [ -60.893919128848275, 38.583208428997892 ], [ -60.893919128848275, 38.627999130430233 ], [ -60.968570297902176, 38.627999130430233 ], [ -60.968570297902176, 38.583208428997892 ], [ -60.893919128848275, 38.583208428997892 ] ] ] } },
{ "type": "Feature", "properties": { "row": 27, "col": 9, "mostly_overlap": true, "overlap_ratio": 1.0 }, "geometry": { "type": "Polygon", "coordinates": [ [ [ -60.893919128848275, 38.627999130430233 ], [ -60.893919128848275, 38.672789831862573 ], [ -60.968570297902176, 38.672789831862573 ], [ -60.968570297902176, 38.627999130430233 ], [ -60.893919128848275, 38.627999130430233 ] ] ] } },
{ "type": "Feature", "properties": { "row": 27, "col": 10, "mostly_overlap": true, "overlap_ratio": 1.0 }, "geometry": { "type": "Polygon", "coordinates": [ [ [ -60.893919128848275, 38.672789831862573 ], [ -60.893919128848275, 38.717580533294907 ], [ -60.968570297902176, 38.717580533294907 ], [ -60.968570297902176, 38.672789831862573 ], [ -60.893919128848275, 38.672789831862573 ] ] ] } },
{ "type": "Feature", "properties": { "row": 27, "col": 11, "mostly_overlap": true, "overlap_ratio": 1.0 }, "geometry": { "type": "Polygon", "coordinates": [ [ [ -60.893919128848275, 38.717580533294907 ], [ -60.893919128848275, 38.762371234727247 ], [ -60.968570297902176, 38.762371234727247 ], [ -60.968570297902176, 38.717580533294907 ], [ -60.893919128848275, 38.717580533294907 ] ] ] } },
{ "type": "Feature", "properties": { "row": 27, "col": 12, "mostly_overlap": true, "overlap_ratio": 1.0 }, "geometry": { "type": "Polygon", "coordinates": [ [ [ -60.893919128848275, 38.762371234727247 ], [ -60.893919128848275, 38.807161936159588 ], [ -60.968570297902176, 38.807161936159588 ], [ -60.968570297902176, 38.762371234727247 ], [ -60.893919128848275, 38.762371234727247 ] ] ] } },
{ "type": "Feature", "properties": { "row": 27, "col": 13, "mostly_overlap": true, "overlap_ratio": 1.0 }, "geometry": { "type": "Polygon", "coordinates": [ [ [ -60.893919128848275, 38.807161936159588 ], [ -60.893919128848275, 38.851952637591928 ], [ -60.968570297902176, 38.851952637591928 ], [ -60.968570297902176, 38.807161936159588 ], [ -60.893919128848275, 38.807161936159588 ] ] ] } },
{ "type": "Feature", "properties": { "row": 27, "col": 14, "mostly_overlap": true, "overlap_ratio": 1.0 }, "geometry": { "type": "Polygon", "coordinates": [ [ [ -60.893919128848275, 38.851952637591928 ], [ -60.893919128848275, 38.896743339024269 ], [ -60.968570297902176, 38.896743339024269 ], [ -60.968570297902176, 38.851952637591928 ], [ -60.893919128848275, 38.851952637591928 ] ] ] } },
{ "type": "Feature", "properties": { "row": 27, "col": 15, "mostly_overlap": true, "overlap_ratio": 1.0 }, "geometry": { "type": "Polygon", "coordinates": [ [ [ -60.893919128848275, 38.896743339024269 ], [ -60.893919128848275, 38.941534040456602 ], [ -60.968570297902176, 38.941534040456602 ], [ -60.968570297902176, 38.896743339024269 ], [ -60.893919128848275, 38.896743339024269 ] ] ] } },
{ "type": "Feature", "properties": { "row": 27, "col": 16, "mostly_overlap": true, "overlap_ratio": 0.8813 }, "geometry": { "type": "Polygon", "coordinates": [ [ [ -60.893919128848275, 38.941534040456602 ], [ -60.893919128848275, 38.986324741888943 ], [ -60.968570297902176, 38.986324741888943 ], [ -60.968570297902176, 38.941534040456602 ], [ -60.893919128848275, 38.941534040456602 ] ] ] } },
{ "type": "Feature", "properties": { "row": 27, "col": 17, "mostly_overlap": true, "overlap_ratio": 0.6334 }, "geometry": { "type": "Polygon", "coordinates": [ [ [ -60.893919128848275, 38.986324741888943 ], [ -60.893919128848275, 39.031115443321283 ], [ -60.968570297902176, 39.031115443321283 ], [ -60.968570297902176, 38.986324741888943 ], [ -60.893919128848275, 38.986324741888943 ] ] ] } },
{ "type": "Feature", "properties": { "row": 27, "col": 18, "mostly_overlap": true, "overlap_ratio": 0.5526 }, "geometry": { "type": "Polygon", "coordinates": [ [ [ -60.893919128848275, 39.031115443321283 ], [ -60.893919128848275, 39.075906144753617 ], [ -60.968570297902176, 39.075906144753617 ], [ -60.968570297902176, 39.031115443321283 ], [ -60.893919128848275, 39.031115443321283 ] ] ] } },
{ "type": "Feature", "properties": { "row": 27, "col": 19, "mostly_overlap": true, "overlap_ratio": 0.5023 }, "geometry": { "type": "Polygon", "coordinates": [ [ [ -60.893919128848275, 39.075906144753617 ], [ -60.893919128848275, 39.120696846185957 ], [ -60.968570297902176, 39.120696846185957 ], [ -60.968570297902176, 39.075906144753617 ], [ -60.893919128848275, 39.075906144753617 ] ] ] } },
{ "type": "Feature", "properties": { "row": 27, "col": 20, "mostly_overlap": true, "overlap_ratio": 0.6436 }, "geometry": { "type": "Polygon", "coordinates": [ [ [ -60.893919128848275, 39.120696846185957 ], [ -60.893919128848275, 39.165487547618298 ], [ -60.968570297902176, 39.165487547618298 ], [ -60.968570297902176, 39.120696846185957 ], [ -60.893919128848275, 39.120696846185957 ] ] ] } },
{ "type": "Feature", "properties": { "row": 28, "col": 1, "mostly_overlap": true, "overlap_ratio": 0.5527 }, "geometry": { "type": "Polygon", "coordinates": [ [ [ -60.968570297902176, 38.269673518971523 ], [ -60.968570297902176, 38.314464220403863 ], [ -61.043221466956069, 38.314464220403863 ], [ -61.043221466956069, 38.269673518971523 ], [ -60.968570297902176, 38.269673518971523 ] ] ] } },
{ "type": "Feature", "properties": { "row": 28, "col": 2, "mostly_overlap": true, "overlap_ratio": 1.0 }, "geometry": { "type": "Polygon", "coordinates": [ [ [ -60.968570297902176, 38.314464220403863 ], [ -60.968570297902176, 38.359254921836197 ], [ -61.043221466956069, 38.359254921836197 ], [ -61.043221466956069, 38.314464220403863 ], [ -60.968570297902176, 38.314464220403863 ] ] ] } },
{ "type": "Feature", "properties": { "row": 28, "col": 3, "mostly_overlap": true, "overlap_ratio": 1.0 }, "geometry": { "type": "Polygon", "coordinates": [ [ [ -60.968570297902176, 38.359254921836197 ], [ -60.968570297902176, 38.404045623268537 ], [ -61.043221466956069, 38.404045623268537 ], [ -61.043221466956069, 38.359254921836197 ], [ -60.968570297902176, 38.359254921836197 ] ] ] } },
{ "type": "Feature", "properties": { "row": 28, "col": 4, "mostly_overlap": true, "overlap_ratio": 1.0 }, "geometry": { "type": "Polygon", "coordinates": [ [ [ -60.968570297902176, 38.404045623268537 ], [ -60.968570297902176, 38.448836324700878 ], [ -61.043221466956069, 38.448836324700878 ], [ -61.043221466956069, 38.404045623268537 ], [ -60.968570297902176, 38.404045623268537 ] ] ] } },
{ "type": "Feature", "properties": { "row": 28, "col": 5, "mostly_overlap": true, "overlap_ratio": 1.0 }, "geometry": { "type": "Polygon", "coordinates": [ [ [ -60.968570297902176, 38.448836324700878 ], [ -60.968570297902176, 38.493627026133218 ], [ -61.043221466956069, 38.493627026133218 ], [ -61.043221466956069, 38.448836324700878 ], [ -60.968570297902176, 38.448836324700878 ] ] ] } },
{ "type": "Feature", "properties": { "row": 28, "col": 6, "mostly_overlap": true, "overlap_ratio": 1.0 }, "geometry": { "type": "Polygon", "coordinates": [ [ [ -60.968570297902176, 38.493627026133218 ], [ -60.968570297902176, 38.538417727565552 ], [ -61.043221466956069, 38.538417727565552 ], [ -61.043221466956069, 38.493627026133218 ], [ -60.968570297902176, 38.493627026133218 ] ] ] } },
{ "type": "Feature", "properties": { "row": 28, "col": 7, "mostly_overlap": true, "overlap_ratio": 1.0 }, "geometry": { "type": "Polygon", "coordinates": [ [ [ -60.968570297902176, 38.538417727565552 ], [ -60.968570297902176, 38.583208428997892 ], [ -61.043221466956069, 38.583208428997892 ], [ -61.043221466956069, 38.538417727565552 ], [ -60.968570297902176, 38.538417727565552 ] ] ] } },
{ "type": "Feature", "properties": { "row": 28, "col": 8, "mostly_overlap": true, "overlap_ratio": 1.0 }, "geometry": { "type": "Polygon", "coordinates": [ [ [ -60.968570297902176, 38.583208428997892 ], [ -60.968570297902176, 38.627999130430233 ], [ -61.043221466956069, 38.627999130430233 ], [ -61.043221466956069, 38.583208428997892 ], [ -60.968570297902176, 38.583208428997892 ] ] ] } },
{ "type": "Feature", "properties": { "row": 28, "col": 9, "mostly_overlap": true, "overlap_ratio": 1.0 }, "geometry": { "type": "Polygon", "coordinates": [ [ [ -60.968570297902176, 38.627999130430233 ], [ -60.968570297902176, 38.672789831862573 ], [ -61.043221466956069, 38.672789831862573 ], [ -61.043221466956069, 38.627999130430233 ], [ -60.968570297902176, 38.627999130430233 ] ] ] } },
{ "type": "Feature", "properties": { "row": 28, "col": 10, "mostly_overlap": true, "overlap_ratio": 1.0 }, "geometry": { "type": "Polygon", "coordinates": [ [ [ -60.968570297902176, 38.672789831862573 ], [ -60.968570297902176, 38.717580533294907 ], [ -61.043221466956069, 38.717580533294907 ], [ -61.043221466956069, 38.672789831862573 ], [ -60.968570297902176, 38.672789831862573 ] ] ] } },
{ "type": "Feature", "properties": { "row": 28, "col": 11, "mostly_overlap": true, "overlap_ratio": 1.0 }, "geometry": { "type": "Polygon", "coordinates": [ [ [ -60.968570297902176, 38.717580533294907 ], [ -60.968570297902176, 38.762371234727247 ], [ -61.043221466956069, 38.762371234727247 ], [ -61.043221466956069, 38.717580533294907 ], [ -60.968570297902176, 38.717580533294907 ] ] ] } },
{ "type": "Feature", "properties": { "row": 28, "col": 12, "mostly_overlap": true, "overlap_ratio": 1.0 }, "geometry": { "type": "Polygon", "coordinates": [ [ [ -60.968570297902176, 38.762371234727247 ], [ -60.968570297902176, 38.807161936159588 ], [ -61.043221466956069, 38.807161936159588 ], [ -61.043221466956069, 38.762371234727247 ], [ -60.968570297902176, 38.762371234727247 ] ] ] } },
{ "type": "Feature", "properties": { "row": 28, "col": 13, "mostly_overlap": true, "overlap_ratio": 1.0 }, "geometry": { "type": "Polygon", "coordinates": [ [ [ -60.968570297902176, 38.807161936159588 ], [ -60.968570297902176, 38.851952637591928 ], [ -61.043221466956069, 38.851952637591928 ], [ -61.043221466956069, 38.807161936159588 ], [ -60.968570297902176, 38.807161936159588 ] ] ] } },
{ "type": "Feature", "properties": { "row": 28, "col": 14, "mostly_overlap": true, "overlap_ratio": 1.0 }, "geometry": { "type": "Polygon", "coordinates": [ [ [ -60.968570297902176, 38.851952637591928 ], [ -60.968570297902176, 38.896743339024269 ], [ -61.043221466956069, 38.896743339024269 ], [ -61.043221466956069, 38.851952637591928 ], [ -60.968570297902176, 38.851952637591928 ] ] ] } },
{ "type": "Feature", "properties": { "row": 28, "col": 15, "mostly_overlap": true, "overlap_ratio": 1.0 }, "geometry": { "type": "Polygon", "coordinates": [ [ [ -60.968570297902176, 38.896743339024269 ], [ -60.968570297902176, 38.941534040456602 ], [ -61.043221466956069, 38.941534040456602 ], [ -61.043221466956069, 38.896743339024269 ], [ -60.968570297902176, 38.896743339024269 ] ] ] } },
{ "type": "Feature", "properties": { "row": 28, "col": 16, "mostly_overlap": true, "overlap_ratio": 0.7977 }, "geometry": { "type": "Polygon", "coordinates": [ [ [ -60.968570297902176, 38.941534040456602 ], [ -60.968570297902176, 38.986324741888943 ], [ -61.043221466956069, 38.986324741888943 ], [ -61.043221466956069, 38.941534040456602 ], [ -60.968570297902176, 38.941534040456602 ] ] ] } },
{ "type": "Feature", "properties": { "row": 28, "col": 17, "mostly_overlap": false, "overlap_ratio": 0.6008 }, "geometry": { "type": "Polygon", "coordinates": [ [ [ -60.968570297902176, 38.986324741888943 ], [ -60.968570297902176, 39.031115443321283 ], [ -61.043221466956069, 39.031115443321283 ], [ -61.043221466956069, 38.986324741888943 ], [ -60.968570297902176, 38.986324741888943 ] ] ] } },
{ "type": "Feature", "properties": { "row": 28, "col": 18, "mostly_overlap": false, "overlap_ratio": 0.6357 }, "geometry": { "type": "Polygon", "coordinates": [ [ [ -60.968570297902176, 39.031115443321283 ], [ -60.968570297902176, 39.075906144753617 ], [ -61.043221466956069, 39.075906144753617 ], [ -61.043221466956069, 39.031115443321283 ], [ -60.968570297902176, 39.031115443321283 ] ] ] } },
{ "type": "Feature", "properties": { "row": 28, "col": 19, "mostly_overlap": false, "overlap_ratio": 0.6706 }, "geometry": { "type": "Polygon", "coordinates": [ [ [ -60.968570297902176, 39.075906144753617 ], [ -60.968570297902176, 39.120696846185957 ], [ -61.043221466956069, 39.120696846185957 ], [ -61.043221466956069, 39.075906144753617 ], [ -60.968570297902176, 39.075906144753617 ] ] ] } },
{ "type": "Feature", "properties": { "row": 28, "col": 20, "mostly_overlap": false, "overlap_ratio": 0.3261 }, "geometry": { "type": "Polygon", "coordinates": [ [ [ -60.968570297902176, 39.120696846185957 ], [ -60.968570297902176, 39.165487547618298 ], [ -61.043221466956069, 39.165487547618298 ], [ -61.043221466956069, 39.120696846185957 ], [ -60.968570297902176, 39.120696846185957 ] ] ] } },
{ "type": "Feature", "properties": { "row": 29, "col": 1, "mostly_overlap": true, "overlap_ratio": 0.55 }, "geometry": { "type": "Polygon", "coordinates": [ [ [ -61.043221466956069, 38.269673518971523 ], [ -61.043221466956069, 38.314464220403863 ], [ -61.11787263600997, 38.314464220403863 ], [ -61.11787263600997, 38.269673518971523 ], [ -61.043221466956069, 38.269673518971523 ] ] ] } },
{ "type": "Feature", "properties": { "row": 29, "col": 2, "mostly_overlap": true, "overlap_ratio": 1.0 }, "geometry": { "type": "Polygon", "coordinates": [ [ [ -61.043221466956069, 38.314464220403863 ], [ -61.043221466956069, 38.359254921836197 ], [ -61.11787263600997, 38.359254921836197 ], [ -61.11787263600997, 38.314464220403863 ], [ -61.043221466956069, 38.314464220403863 ] ] ] } },
{ "type": "Feature", "properties": { "row": 29, "col": 3, "mostly_overlap": true, "overlap_ratio": 1.0 }, "geometry": { "type": "Polygon", "coordinates": [ [ [ -61.043221466956069, 38.359254921836197 ], [ -61.043221466956069, 38.404045623268537 ], [ -61.11787263600997, 38.404045623268537 ], [ -61.11787263600997, 38.359254921836197 ], [ -61.043221466956069, 38.359254921836197 ] ] ] } },
{ "type": "Feature", "properties": { "row": 29, "col": 4, "mostly_overlap": true, "overlap_ratio": 1.0 }, "geometry": { "type": "Polygon", "coordinates": [ [ [ -61.043221466956069, 38.404045623268537 ], [ -61.043221466956069, 38.448836324700878 ], [ -61.11787263600997, 38.448836324700878 ], [ -61.11787263600997, 38.404045623268537 ], [ -61.043221466956069, 38.404045623268537 ] ] ] } },
{ "type": "Feature", "properties": { "row": 29, "col": 5, "mostly_overlap": true, "overlap_ratio": 1.0 }, "geometry": { "type": "Polygon", "coordinates": [ [ [ -61.043221466956069, 38.448836324700878 ], [ -61.043221466956069, 38.493627026133218 ], [ -61.11787263600997, 38.493627026133218 ], [ -61.11787263600997, 38.448836324700878 ], [ -61.043221466956069, 38.448836324700878 ] ] ] } },
{ "type": "Feature", "properties": { "row": 29, "col": 6, "mostly_overlap": true, "overlap_ratio": 1.0 }, "geometry": { "type": "Polygon", "coordinates": [ [ [ -61.043221466956069, 38.493627026133218 ], [ -61.043221466956069, 38.538417727565552 ], [ -61.11787263600997, 38.538417727565552 ], [ -61.11787263600997, 38.493627026133218 ], [ -61.043221466956069, 38.493627026133218 ] ] ] } },
{ "type": "Feature", "properties": { "row": 29, "col": 7, "mostly_overlap": true, "overlap_ratio": 1.0 }, "geometry": { "type": "Polygon", "coordinates": [ [ [ -61.043221466956069, 38.538417727565552 ], [ -61.043221466956069, 38.583208428997892 ], [ -61.11787263600997, 38.583208428997892 ], [ -61.11787263600997, 38.538417727565552 ], [ -61.043221466956069, 38.538417727565552 ] ] ] } },
{ "type": "Feature", "properties": { "row": 29, "col": 8, "mostly_overlap": true, "overlap_ratio": 1.0 }, "geometry": { "type": "Polygon", "coordinates": [ [ [ -61.043221466956069, 38.583208428997892 ], [ -61.043221466956069, 38.627999130430233 ], [ -61.11787263600997, 38.627999130430233 ], [ -61.11787263600997, 38.583208428997892 ], [ -61.043221466956069, 38.583208428997892 ] ] ] } },
{ "type": "Feature", "properties": { "row": 29, "col": 9, "mostly_overlap": true, "overlap_ratio": 1.0 }, "geometry": { "type": "Polygon", "coordinates": [ [ [ -61.043221466956069, 38.627999130430233 ], [ -61.043221466956069, 38.672789831862573 ], [ -61.11787263600997, 38.672789831862573 ], [ -61.11787263600997, 38.627999130430233 ], [ -61.043221466956069, 38.627999130430233 ] ] ] } },
{ "type": "Feature", "properties": { "row": 29, "col": 10, "mostly_overlap": true, "overlap_ratio": 1.0 }, "geometry": { "type": "Polygon", "coordinates": [ [ [ -61.043221466956069, 38.672789831862573 ], [ -61.043221466956069, 38.717580533294907 ], [ -61.11787263600997, 38.717580533294907 ], [ -61.11787263600997, 38.672789831862573 ], [ -61.043221466956069, 38.672789831862573 ] ] ] } },
{ "type": "Feature", "properties": { "row": 29, "col": 11, "mostly_overlap": true, "overlap_ratio": 1.0 }, "geometry": { "type": "Polygon", "coordinates": [ [ [ -61.043221466956069, 38.717580533294907 ], [ -61.043221466956069, 38.762371234727247 ], [ -61.11787263600997, 38.762371234727247 ], [ -61.11787263600997, 38.717580533294907 ], [ -61.043221466956069, 38.717580533294907 ] ] ] } },
{ "type": "Feature", "properties": { "row": 29, "col": 12, "mostly_overlap": true, "overlap_ratio": 1.0 }, "geometry": { "type": "Polygon", "coordinates": [ [ [ -61.043221466956069, 38.762371234727247 ], [ -61.043221466956069, 38.807161936159588 ], [ -61.11787263600997, 38.807161936159588 ], [ -61.11787263600997, 38.762371234727247 ], [ -61.043221466956069, 38.762371234727247 ] ] ] } },
{ "type": "Feature", "properties": { "row": 29, "col": 13, "mostly_overlap": true, "overlap_ratio": 1.0 }, "geometry": { "type": "Polygon", "coordinates": [ [ [ -61.043221466956069, 38.807161936159588 ], [ -61.043221466956069, 38.851952637591928 ], [ -61.11787263600997, 38.851952637591928 ], [ -61.11787263600997, 38.807161936159588 ], [ -61.043221466956069, 38.807161936159588 ] ] ] } },
{ "type": "Feature", "properties": { "row": 29, "col": 14, "mostly_overlap": true, "overlap_ratio": 1.0 }, "geometry": { "type": "Polygon", "coordinates": [ [ [ -61.043221466956069, 38.851952637591928 ], [ -61.043221466956069, 38.896743339024269 ], [ -61.11787263600997, 38.896743339024269 ], [ -61.11787263600997, 38.851952637591928 ], [ -61.043221466956069, 38.851952637591928 ] ] ] } },
{ "type": "Feature", "properties": { "row": 29, "col": 15, "mostly_overlap": true, "overlap_ratio": 1.0 }, "geometry": { "type": "Polygon", "coordinates": [ [ [ -61.043221466956069, 38.896743339024269 ], [ -61.043221466956069, 38.941534040456602 ], [ -61.11787263600997, 38.941534040456602 ], [ -61.11787263600997, 38.896743339024269 ], [ -61.043221466956069, 38.896743339024269 ] ] ] } },
{ "type": "Feature", "properties": { "row": 29, "col": 16, "mostly_overlap": true, "overlap_ratio": 0.6936 }, "geometry": { "type": "Polygon", "coordinates": [ [ [ -61.043221466956069, 38.941534040456602 ], [ -61.043221466956069, 38.986324741888943 ], [ -61.11787263600997, 38.986324741888943 ], [ -61.11787263600997, 38.941534040456602 ], [ -61.043221466956069, 38.941534040456602 ] ] ] } },
{ "type": "Feature", "properties": { "row": 29, "col": 17, "mostly_overlap": true, "overlap_ratio": 0.2644 }, "geometry": { "type": "Polygon", "coordinates": [ [ [ -61.043221466956069, 38.986324741888943 ], [ -61.043221466956069, 39.031115443321283 ], [ -61.11787263600997, 39.031115443321283 ], [ -61.11787263600997, 38.986324741888943 ], [ -61.043221466956069, 38.986324741888943 ] ] ] } },
{ "type": "Feature", "properties": { "row": 29, "col": 18, "mostly_overlap": true, "overlap_ratio": 0.2688 }, "geometry": { "type": "Polygon", "coordinates": [ [ [ -61.043221466956069, 39.031115443321283 ], [ -61.043221466956069, 39.075906144753617 ], [ -61.11787263600997, 39.075906144753617 ], [ -61.11787263600997, 39.031115443321283 ], [ -61.043221466956069, 39.031115443321283 ] ] ] } },
{ "type": "Feature", "properties": { "row": 29, "col": 19, "mostly_overlap": true, "overlap_ratio": 0.2731 }, "geometry": { "type": "Polygon", "coordinates": [ [ [ -61.043221466956069, 39.075906144753617 ], [ -61.043221466956069, 39.120696846185957 ], [ -61.11787263600997, 39.120696846185957 ], [ -61.11787263600997, 39.075906144753617 ], [ -61.043221466956069, 39.075906144753617 ] ] ] } },
{ "type": "Feature", "properties": { "row": 29, "col": 20, "mostly_overlap": false, "overlap_ratio": 0.1371 }, "geometry": { "type": "Polygon", "coordinates": [ [ [ -61.043221466956069, 39.120696846185957 ], [ -61.043221466956069, 39.165487547618298 ], [ -61.11787263600997, 39.165487547618298 ], [ -61.11787263600997, 39.120696846185957 ], [ -61.043221466956069, 39.120696846185957 ] ] ] } },
{ "type": "Feature", "properties": { "row": 30, "col": 1, "mostly_overlap": true, "overlap_ratio": 0.5474 }, "geometry": { "type": "Polygon", "coordinates": [ [ [ -61.11787263600997, 38.269673518971523 ], [ -61.11787263600997, 38.314464220403863 ], [ -61.192523805063871, 38.314464220403863 ], [ -61.192523805063871, 38.269673518971523 ], [ -61.11787263600997, 38.269673518971523 ] ] ] } },
{ "type": "Feature", "properties": { "row": 30, "col": 2, "mostly_overlap": true, "overlap_ratio": 1.0 }, "geometry": { "type": "Polygon", "coordinates": [ [ [ -61.11787263600997, 38.314464220403863 ], [ -61.11787263600997, 38.359254921836197 ], [ -61.192523805063871, 38.359254921836197 ], [ -61.192523805063871, 38.314464220403863 ], [ -61.11787263600997, 38.314464220403863 ] ] ] } },
{ "type": "Feature", "properties": { "row": 30, "col": 3, "mostly_overlap": true, "overlap_ratio": 1.0 }, "geometry": { "type": "Polygon", "coordinates": [ [ [ -61.11787263600997, 38.359254921836197 ], [ -61.11787263600997, 38.404045623268537 ], [ -61.192523805063871, 38.404045623268537 ], [ -61.192523805063871, 38.359254921836197 ], [ -61.11787263600997, 38.359254921836197 ] ] ] } },
{ "type": "Feature", "properties": { "row": 30, "col": 4, "mostly_overlap": true, "overlap_ratio": 1.0 }, "geometry": { "type": "Polygon", "coordinates": [ [ [ -61.11787263600997, 38.404045623268537 ], [ -61.11787263600997, 38.448836324700878 ], [ -61.192523805063871, 38.448836324700878 ], [ -61.192523805063871, 38.404045623268537 ], [ -61.11787263600997, 38.404045623268537 ] ] ] } },
{ "type": "Feature", "properties": { "row": 30, "col": 5, "mostly_overlap": true, "overlap_ratio": 1.0 }, "geometry": { "type": "Polygon", "coordinates": [ [ [ -61.11787263600997, 38.448836324700878 ], [ -61.11787263600997, 38.493627026133218 ], [ -61.192523805063871, 38.493627026133218 ], [ -61.192523805063871, 38.448836324700878 ], [ -61.11787263600997, 38.448836324700878 ] ] ] } },
{ "type": "Feature", "properties": { "row": 30, "col": 6, "mostly_overlap": true, "overlap_ratio": 1.0 }, "geometry": { "type": "Polygon", "coordinates": [ [ [ -61.11787263600997, 38.493627026133218 ], [ -61.11787263600997, 38.538417727565552 ], [ -61.192523805063871, 38.538417727565552 ], [ -61.192523805063871, 38.493627026133218 ], [ -61.11787263600997, 38.493627026133218 ] ] ] } },
{ "type": "Feature", "properties": { "row": 30, "col": 7, "mostly_overlap": true, "overlap_ratio": 1.0 }, "geometry": { "type": "Polygon", "coordinates": [ [ [ -61.11787263600997, 38.538417727565552 ], [ -61.11787263600997, 38.583208428997892 ], [ -61.192523805063871, 38.583208428997892 ], [ -61.192523805063871, 38.538417727565552 ], [ -61.11787263600997, 38.538417727565552 ] ] ] } },
{ "type": "Feature", "properties": { "row": 30, "col": 8, "mostly_overlap": true, "overlap_ratio": 1.0 }, "geometry": { "type": "Polygon", "coordinates": [ [ [ -61.11787263600997, 38.583208428997892 ], [ -61.11787263600997, 38.627999130430233 ], [ -61.192523805063871, 38.627999130430233 ], [ -61.192523805063871, 38.583208428997892 ], [ -61.11787263600997, 38.583208428997892 ] ] ] } },
{ "type": "Feature", "properties": { "row": 30, "col": 9, "mostly_overlap": true, "overlap_ratio": 1.0 }, "geometry": { "type": "Polygon", "coordinates": [ [ [ -61.11787263600997, 38.627999130430233 ], [ -61.11787263600997, 38.672789831862573 ], [ -61.192523805063871, 38.672789831862573 ], [ -61.192523805063871, 38.627999130430233 ], [ -61.11787263600997, 38.627999130430233 ] ] ] } },
{ "type": "Feature", "properties": { "row": 30, "col": 10, "mostly_overlap": true, "overlap_ratio": 1.0 }, "geometry": { "type": "Polygon", "coordinates": [ [ [ -61.11787263600997, 38.672789831862573 ], [ -61.11787263600997, 38.717580533294907 ], [ -61.192523805063871, 38.717580533294907 ], [ -61.192523805063871, 38.672789831862573 ], [ -61.11787263600997, 38.672789831862573 ] ] ] } },
{ "type": "Feature", "properties": { "row": 30, "col": 11, "mostly_overlap": true, "overlap_ratio": 1.0 }, "geometry": { "type": "Polygon", "coordinates": [ [ [ -61.11787263600997, 38.717580533294907 ], [ -61.11787263600997, 38.762371234727247 ], [ -61.192523805063871, 38.762371234727247 ], [ -61.192523805063871, 38.717580533294907 ], [ -61.11787263600997, 38.717580533294907 ] ] ] } },
{ "type": "Feature", "properties": { "row": 30, "col": 12, "mostly_overlap": true, "overlap_ratio": 1.0 }, "geometry": { "type": "Polygon", "coordinates": [ [ [ -61.11787263600997, 38.762371234727247 ], [ -61.11787263600997, 38.807161936159588 ], [ -61.192523805063871, 38.807161936159588 ], [ -61.192523805063871, 38.762371234727247 ], [ -61.11787263600997, 38.762371234727247 ] ] ] } },
{ "type": "Feature", "properties": { "row": 30, "col": 13, "mostly_overlap": true, "overlap_ratio": 1.0 }, "geometry": { "type": "Polygon", "coordinates": [ [ [ -61.11787263600997, 38.807161936159588 ], [ -61.11787263600997, 38.851952637591928 ], [ -61.192523805063871, 38.851952637591928 ], [ -61.192523805063871, 38.807161936159588 ], [ -61.11787263600997, 38.807161936159588 ] ] ] } },
{ "type": "Feature", "properties": { "row": 30, "col": 14, "mostly_overlap": true, "overlap_ratio": 1.0 }, "geometry": { "type": "Polygon", "coordinates": [ [ [ -61.11787263600997, 38.851952637591928 ], [ -61.11787263600997, 38.896743339024269 ], [ -61.192523805063871, 38.896743339024269 ], [ -61.192523805063871, 38.851952637591928 ], [ -61.11787263600997, 38.851952637591928 ] ] ] } },
{ "type": "Feature", "properties": { "row": 30, "col": 15, "mostly_overlap": true, "overlap_ratio": 1.0 }, "geometry": { "type": "Polygon", "coordinates": [ [ [ -61.11787263600997, 38.896743339024269 ], [ -61.11787263600997, 38.941534040456602 ], [ -61.192523805063871, 38.941534040456602 ], [ -61.192523805063871, 38.896743339024269 ], [ -61.11787263600997, 38.896743339024269 ] ] ] } },
{ "type": "Feature", "properties": { "row": 30, "col": 16, "mostly_overlap": true, "overlap_ratio": 0.5637 }, "geometry": { "type": "Polygon", "coordinates": [ [ [ -61.11787263600997, 38.941534040456602 ], [ -61.11787263600997, 38.986324741888943 ], [ -61.192523805063871, 38.986324741888943 ], [ -61.192523805063871, 38.941534040456602 ], [ -61.11787263600997, 38.941534040456602 ] ] ] } },
{ "type": "Feature", "properties": { "row": 30, "col": 17, "mostly_overlap": false, "overlap_ratio": 0.0 }, "geometry": { "type": "Polygon", "coordinates": [ [ [ -61.11787263600997, 38.986324741888943 ], [ -61.11787263600997, 39.031115443321283 ], [ -61.192523805063871, 39.031115443321283 ], [ -61.192523805063871, 38.986324741888943 ], [ -61.11787263600997, 38.986324741888943 ] ] ] } },
{ "type": "Feature", "properties": { "row": 30, "col": 18, "mostly_overlap": false, "overlap_ratio": 0.0 }, "geometry": { "type": "Polygon", "coordinates": [ [ [ -61.11787263600997, 39.031115443321283 ], [ -61.11787263600997, 39.075906144753617 ], [ -61.192523805063871, 39.075906144753617 ], [ -61.192523805063871, 39.031115443321283 ], [ -61.11787263600997, 39.031115443321283 ] ] ] } },
{ "type": "Feature", "properties": { "row": 30, "col": 19, "mostly_overlap": false, "overlap_ratio": 0.0 }, "geometry": { "type": "Polygon", "coordinates": [ [ [ -61.11787263600997, 39.075906144753617 ], [ -61.11787263600997, 39.120696846185957 ], [ -61.192523805063871, 39.120696846185957 ], [ -61.192523805063871, 39.075906144753617 ], [ -61.11787263600997, 39.075906144753617 ] ] ] } },
{ "type": "Feature", "properties": { "row": 30, "col": 20, "mostly_overlap": false, "overlap_ratio": 0.0 }, "geometry": { "type": "Polygon", "coordinates": [ [ [ -61.11787263600997, 39.120696846185957 ], [ -61.11787263600997, 39.165487547618298 ], [ -61.192523805063871, 39.165487547618298 ], [ -61.192523805063871, 39.120696846185957 ], [ -61.11787263600997, 39.120696846185957 ] ] ] } },
{ "type": "Feature", "properties": { "row": 31, "col": 1, "mostly_overlap": true, "overlap_ratio": 0.5448 }, "geometry": { "type": "Polygon", "coordinates": [ [ [ -61.192523805063871, 38.269673518971523 ], [ -61.192523805063871, 38.314464220403863 ], [ -61.267174974117765, 38.314464220403863 ], [ -61.267174974117765, 38.269673518971523 ], [ -61.192523805063871, 38.269673518971523 ] ] ] } },
{ "type": "Feature", "properties": { "row": 31, "col": 2, "mostly_overlap": true, "overlap_ratio": 1.0 }, "geometry": { "type": "Polygon", "coordinates": [ [ [ -61.192523805063871, 38.314464220403863 ], [ -61.192523805063871, 38.359254921836197 ], [ -61.267174974117765, 38.359254921836197 ], [ -61.267174974117765, 38.314464220403863 ], [ -61.192523805063871, 38.314464220403863 ] ] ] } },
{ "type": "Feature", "properties": { "row": 31, "col": 3, "mostly_overlap": true, "overlap_ratio": 1.0 }, "geometry": { "type": "Polygon", "coordinates": [ [ [ -61.192523805063871, 38.359254921836197 ], [ -61.192523805063871, 38.404045623268537 ], [ -61.267174974117765, 38.404045623268537 ], [ -61.267174974117765, 38.359254921836197 ], [ -61.192523805063871, 38.359254921836197 ] ] ] } },
{ "type": "Feature", "properties": { "row": 31, "col": 4, "mostly_overlap": true, "overlap_ratio": 1.0 }, "geometry": { "type": "Polygon", "coordinates": [ [ [ -61.192523805063871, 38.404045623268537 ], [ -61.192523805063871, 38.448836324700878 ], [ -61.267174974117765, 38.448836324700878 ], [ -61.267174974117765, 38.404045623268537 ], [ -61.192523805063871, 38.404045623268537 ] ] ] } },
{ "type": "Feature", "properties": { "row": 31, "col": 5, "mostly_overlap": true, "overlap_ratio": 1.0 }, "geometry": { "type": "Polygon", "coordinates": [ [ [ -61.192523805063871, 38.448836324700878 ], [ -61.192523805063871, 38.493627026133218 ], [ -61.267174974117765, 38.493627026133218 ], [ -61.267174974117765, 38.448836324700878 ], [ -61.192523805063871, 38.448836324700878 ] ] ] } },
{ "type": "Feature", "properties": { "row": 31, "col": 6, "mostly_overlap": true, "overlap_ratio": 1.0 }, "geometry": { "type": "Polygon", "coordinates": [ [ [ -61.192523805063871, 38.493627026133218 ], [ -61.192523805063871, 38.538417727565552 ], [ -61.267174974117765, 38.538417727565552 ], [ -61.267174974117765, 38.493627026133218 ], [ -61.192523805063871, 38.493627026133218 ] ] ] } },
{ "type": "Feature", "properties": { "row": 31, "col": 7, "mostly_overlap": true, "overlap_ratio": 1.0 }, "geometry": { "type": "Polygon", "coordinates": [ [ [ -61.192523805063871, 38.538417727565552 ], [ -61.192523805063871, 38.583208428997892 ], [ -61.267174974117765, 38.583208428997892 ], [ -61.267174974117765, 38.538417727565552 ], [ -61.192523805063871, 38.538417727565552 ] ] ] } },
{ "type": "Feature", "properties": { "row": 31, "col": 8, "mostly_overlap": true, "overlap_ratio": 1.0 }, "geometry": { "type": "Polygon", "coordinates": [ [ [ -61.192523805063871, 38.583208428997892 ], [ -61.192523805063871, 38.627999130430233 ], [ -61.267174974117765, 38.627999130430233 ], [ -61.267174974117765, 38.583208428997892 ], [ -61.192523805063871, 38.583208428997892 ] ] ] } },
{ "type": "Feature", "properties": { "row": 31, "col": 9, "mostly_overlap": true, "overlap_ratio": 1.0 }, "geometry": { "type": "Polygon", "coordinates": [ [ [ -61.192523805063871, 38.627999130430233 ], [ -61.192523805063871, 38.672789831862573 ], [ -61.267174974117765, 38.672789831862573 ], [ -61.267174974117765, 38.627999130430233 ], [ -61.192523805063871, 38.627999130430233 ] ] ] } },
{ "type": "Feature", "properties": { "row": 31, "col": 10, "mostly_overlap": true, "overlap_ratio": 1.0 }, "geometry": { "type": "Polygon", "coordinates": [ [ [ -61.192523805063871, 38.672789831862573 ], [ -61.192523805063871, 38.717580533294907 ], [ -61.267174974117765, 38.717580533294907 ], [ -61.267174974117765, 38.672789831862573 ], [ -61.192523805063871, 38.672789831862573 ] ] ] } },
{ "type": "Feature", "properties": { "row": 31, "col": 11, "mostly_overlap": true, "overlap_ratio": 0.5972 }, "geometry": { "type": "Polygon", "coordinates": [ [ [ -61.192523805063871, 38.717580533294907 ], [ -61.192523805063871, 38.762371234727247 ], [ -61.267174974117765, 38.762371234727247 ], [ -61.267174974117765, 38.717580533294907 ], [ -61.192523805063871, 38.717580533294907 ] ] ] } },
{ "type": "Feature", "properties": { "row": 31, "col": 12, "mostly_overlap": false, "overlap_ratio": 0.0438 }, "geometry": { "type": "Polygon", "coordinates": [ [ [ -61.192523805063871, 38.762371234727247 ], [ -61.192523805063871, 38.807161936159588 ], [ -61.267174974117765, 38.807161936159588 ], [ -61.267174974117765, 38.762371234727247 ], [ -61.192523805063871, 38.762371234727247 ] ] ] } },
{ "type": "Feature", "properties": { "row": 31, "col": 13, "mostly_overlap": false, "overlap_ratio": 0.0438 }, "geometry": { "type": "Polygon", "coordinates": [ [ [ -61.192523805063871, 38.807161936159588 ], [ -61.192523805063871, 38.851952637591928 ], [ -61.267174974117765, 38.851952637591928 ], [ -61.267174974117765, 38.807161936159588 ], [ -61.192523805063871, 38.807161936159588 ] ] ] } },
{ "type": "Feature", "properties": { "row": 31, "col": 14, "mostly_overlap": false, "overlap_ratio": 0.0438 }, "geometry": { "type": "Polygon", "coordinates": [ [ [ -61.192523805063871, 38.851952637591928 ], [ -61.192523805063871, 38.896743339024269 ], [ -61.267174974117765, 38.896743339024269 ], [ -61.267174974117765, 38.851952637591928 ], [ -61.192523805063871, 38.851952637591928 ] ] ] } },
{ "type": "Feature", "properties": { "row": 31, "col": 15, "mostly_overlap": false, "overlap_ratio": 0.0438 }, "geometry": { "type": "Polygon", "coordinates": [ [ [ -61.192523805063871, 38.896743339024269 ], [ -61.192523805063871, 38.941534040456602 ], [ -61.267174974117765, 38.941534040456602 ], [ -61.267174974117765, 38.896743339024269 ], [ -61.192523805063871, 38.896743339024269 ] ] ] } },
{ "type": "Feature", "properties": { "row": 31, "col": 16, "mostly_overlap": false, "overlap_ratio": 0.0241 }, "geometry": { "type": "Polygon", "coordinates": [ [ [ -61.192523805063871, 38.941534040456602 ], [ -61.192523805063871, 38.986324741888943 ], [ -61.267174974117765, 38.986324741888943 ], [ -61.267174974117765, 38.941534040456602 ], [ -61.192523805063871, 38.941534040456602 ] ] ] } },
{ "type": "Feature", "properties": { "row": 31, "col": 17, "mostly_overlap": false, "overlap_ratio": 0.0 }, "geometry": { "type": "Polygon", "coordinates": [ [ [ -61.192523805063871, 38.986324741888943 ], [ -61.192523805063871, 39.031115443321283 ], [ -61.267174974117765, 39.031115443321283 ], [ -61.267174974117765, 38.986324741888943 ], [ -61.192523805063871, 38.986324741888943 ] ] ] } },
{ "type": "Feature", "properties": { "row": 31, "col": 18, "mostly_overlap": false, "overlap_ratio": 0.0 }, "geometry": { "type": "Polygon", "coordinates": [ [ [ -61.192523805063871, 39.031115443321283 ], [ -61.192523805063871, 39.075906144753617 ], [ -61.267174974117765, 39.075906144753617 ], [ -61.267174974117765, 39.031115443321283 ], [ -61.192523805063871, 39.031115443321283 ] ] ] } },
{ "type": "Feature", "properties": { "row": 31, "col": 19, "mostly_overlap": false, "overlap_ratio": 0.0 }, "geometry": { "type": "Polygon", "coordinates": [ [ [ -61.192523805063871, 39.075906144753617 ], [ -61.192523805063871, 39.120696846185957 ], [ -61.267174974117765, 39.120696846185957 ], [ -61.267174974117765, 39.075906144753617 ], [ -61.192523805063871, 39.075906144753617 ] ] ] } },
{ "type": "Feature", "properties": { "row": 31, "col": 20, "mostly_overlap": false, "overlap_ratio": 0.0 }, "geometry": { "type": "Polygon", "coordinates": [ [ [ -61.192523805063871, 39.120696846185957 ], [ -61.192523805063871, 39.165487547618298 ], [ -61.267174974117765, 39.165487547618298 ], [ -61.267174974117765, 39.120696846185957 ], [ -61.192523805063871, 39.120696846185957 ] ] ] } },
{ "type": "Feature", "properties": { "row": 32, "col": 1, "mostly_overlap": true, "overlap_ratio": 0.5421 }, "geometry": { "type": "Polygon", "coordinates": [ [ [ -61.267174974117765, 38.269673518971523 ], [ -61.267174974117765, 38.314464220403863 ], [ -61.341826143171666, 38.314464220403863 ], [ -61.341826143171666, 38.269673518971523 ], [ -61.267174974117765, 38.269673518971523 ] ] ] } },
{ "type": "Feature", "properties": { "row": 32, "col": 2, "mostly_overlap": true, "overlap_ratio": 1.0 }, "geometry": { "type": "Polygon", "coordinates": [ [ [ -61.267174974117765, 38.314464220403863 ], [ -61.267174974117765, 38.359254921836197 ], [ -61.341826143171666, 38.359254921836197 ], [ -61.341826143171666, 38.314464220403863 ], [ -61.267174974117765, 38.314464220403863 ] ] ] } },
{ "type": "Feature", "properties": { "row": 32, "col": 3, "mostly_overlap": true, "overlap_ratio": 1.0 }, "geometry": { "type": "Polygon", "coordinates": [ [ [ -61.267174974117765, 38.359254921836197 ], [ -61.267174974117765, 38.404045623268537 ], [ -61.341826143171666, 38.404045623268537 ], [ -61.341826143171666, 38.359254921836197 ], [ -61.267174974117765, 38.359254921836197 ] ] ] } },
{ "type": "Feature", "properties": { "row": 32, "col": 4, "mostly_overlap": true, "overlap_ratio": 1.0 }, "geometry": { "type": "Polygon", "coordinates": [ [ [ -61.267174974117765, 38.404045623268537 ], [ -61.267174974117765, 38.448836324700878 ], [ -61.341826143171666, 38.448836324700878 ], [ -61.341826143171666, 38.404045623268537 ], [ -61.267174974117765, 38.404045623268537 ] ] ] } },
{ "type": "Feature", "properties": { "row": 32, "col": 5, "mostly_overlap": true, "overlap_ratio": 1.0 }, "geometry": { "type": "Polygon", "coordinates": [ [ [ -61.267174974117765, 38.448836324700878 ], [ -61.267174974117765, 38.493627026133218 ], [ -61.341826143171666, 38.493627026133218 ], [ -61.341826143171666, 38.448836324700878 ], [ -61.267174974117765, 38.448836324700878 ] ] ] } },
{ "type": "Feature", "properties": { "row": 32, "col": 6, "mostly_overlap": true, "overlap_ratio": 1.0 }, "geometry": { "type": "Polygon", "coordinates": [ [ [ -61.267174974117765, 38.493627026133218 ], [ -61.267174974117765, 38.538417727565552 ], [ -61.341826143171666, 38.538417727565552 ], [ -61.341826143171666, 38.493627026133218 ], [ -61.267174974117765, 38.493627026133218 ] ] ] } },
{ "type": "Feature", "properties": { "row": 32, "col": 7, "mostly_overlap": true, "overlap_ratio": 1.0 }, "geometry": { "type": "Polygon", "coordinates": [ [ [ -61.267174974117765, 38.538417727565552 ], [ -61.267174974117765, 38.583208428997892 ], [ -61.341826143171666, 38.583208428997892 ], [ -61.341826143171666, 38.538417727565552 ], [ -61.267174974117765, 38.538417727565552 ] ] ] } },
{ "type": "Feature", "properties": { "row": 32, "col": 8, "mostly_overlap": true, "overlap_ratio": 1.0 }, "geometry": { "type": "Polygon", "coordinates": [ [ [ -61.267174974117765, 38.583208428997892 ], [ -61.267174974117765, 38.627999130430233 ], [ -61.341826143171666, 38.627999130430233 ], [ -61.341826143171666, 38.583208428997892 ], [ -61.267174974117765, 38.583208428997892 ] ] ] } },
{ "type": "Feature", "properties": { "row": 32, "col": 9, "mostly_overlap": true, "overlap_ratio": 1.0 }, "geometry": { "type": "Polygon", "coordinates": [ [ [ -61.267174974117765, 38.627999130430233 ], [ -61.267174974117765, 38.672789831862573 ], [ -61.341826143171666, 38.672789831862573 ], [ -61.341826143171666, 38.627999130430233 ], [ -61.267174974117765, 38.627999130430233 ] ] ] } },
{ "type": "Feature", "properties": { "row": 32, "col": 10, "mostly_overlap": true, "overlap_ratio": 1.0 }, "geometry": { "type": "Polygon", "coordinates": [ [ [ -61.267174974117765, 38.672789831862573 ], [ -61.267174974117765, 38.717580533294907 ], [ -61.341826143171666, 38.717580533294907 ], [ -61.341826143171666, 38.672789831862573 ], [ -61.267174974117765, 38.672789831862573 ] ] ] } },
{ "type": "Feature", "properties": { "row": 32, "col": 11, "mostly_overlap": true, "overlap_ratio": 0.5808 }, "geometry": { "type": "Polygon", "coordinates": [ [ [ -61.267174974117765, 38.717580533294907 ], [ -61.267174974117765, 38.762371234727247 ], [ -61.341826143171666, 38.762371234727247 ], [ -61.341826143171666, 38.717580533294907 ], [ -61.267174974117765, 38.717580533294907 ] ] ] } },
{ "type": "Feature", "properties": { "row": 32, "col": 12, "mostly_overlap": false, "overlap_ratio": 0.0 }, "geometry": { "type": "Polygon", "coordinates": [ [ [ -61.267174974117765, 38.762371234727247 ], [ -61.267174974117765, 38.807161936159588 ], [ -61.341826143171666, 38.807161936159588 ], [ -61.341826143171666, 38.762371234727247 ], [ -61.267174974117765, 38.762371234727247 ] ] ] } },
{ "type": "Feature", "properties": { "row": 32, "col": 13, "mostly_overlap": false, "overlap_ratio": 0.0 }, "geometry": { "type": "Polygon", "coordinates": [ [ [ -61.267174974117765, 38.807161936159588 ], [ -61.267174974117765, 38.851952637591928 ], [ -61.341826143171666, 38.851952637591928 ], [ -61.341826143171666, 38.807161936159588 ], [ -61.267174974117765, 38.807161936159588 ] ] ] } },
{ "type": "Feature", "properties": { "row": 32, "col": 14, "mostly_overlap": false, "overlap_ratio": 0.0 }, "geometry": { "type": "Polygon", "coordinates": [ [ [ -61.267174974117765, 38.851952637591928 ], [ -61.267174974117765, 38.896743339024269 ], [ -61.341826143171666, 38.896743339024269 ], [ -61.341826143171666, 38.851952637591928 ], [ -61.267174974117765, 38.851952637591928 ] ] ] } },
{ "type": "Feature", "properties": { "row": 32, "col": 15, "mostly_overlap": false, "overlap_ratio": 0.0 }, "geometry": { "type": "Polygon", "coordinates": [ [ [ -61.267174974117765, 38.896743339024269 ], [ -61.267174974117765, 38.941534040456602 ], [ -61.341826143171666, 38.941534040456602 ], [ -61.341826143171666, 38.896743339024269 ], [ -61.267174974117765, 38.896743339024269 ] ] ] } },
{ "type": "Feature", "properties": { "row": 32, "col": 16, "mostly_overlap": false, "overlap_ratio": 0.0 }, "geometry": { "type": "Polygon", "coordinates": [ [ [ -61.267174974117765, 38.941534040456602 ], [ -61.267174974117765, 38.986324741888943 ], [ -61.341826143171666, 38.986324741888943 ], [ -61.341826143171666, 38.941534040456602 ], [ -61.267174974117765, 38.941534040456602 ] ] ] } },
{ "type": "Feature", "properties": { "row": 32, "col": 17, "mostly_overlap": false, "overlap_ratio": 0.0 }, "geometry": { "type": "Polygon", "coordinates": [ [ [ -61.267174974117765, 38.986324741888943 ], [ -61.267174974117765, 39.031115443321283 ], [ -61.341826143171666, 39.031115443321283 ], [ -61.341826143171666, 38.986324741888943 ], [ -61.267174974117765, 38.986324741888943 ] ] ] } },
{ "type": "Feature", "properties": { "row": 32, "col": 18, "mostly_overlap": false, "overlap_ratio": 0.0 }, "geometry": { "type": "Polygon", "coordinates": [ [ [ -61.267174974117765, 39.031115443321283 ], [ -61.267174974117765, 39.075906144753617 ], [ -61.341826143171666, 39.075906144753617 ], [ -61.341826143171666, 39.031115443321283 ], [ -61.267174974117765, 39.031115443321283 ] ] ] } },
{ "type": "Feature", "properties": { "row": 32, "col": 19, "mostly_overlap": false, "overlap_ratio": 0.0 }, "geometry": { "type": "Polygon", "coordinates": [ [ [ -61.267174974117765, 39.075906144753617 ], [ -61.267174974117765, 39.120696846185957 ], [ -61.341826143171666, 39.120696846185957 ], [ -61.341826143171666, 39.075906144753617 ], [ -61.267174974117765, 39.075906144753617 ] ] ] } },
{ "type": "Feature", "properties": { "row": 32, "col": 20, "mostly_overlap": false, "overlap_ratio": 0.0 }, "geometry": { "type": "Polygon", "coordinates": [ [ [ -61.267174974117765, 39.120696846185957 ], [ -61.267174974117765, 39.165487547618298 ], [ -61.341826143171666, 39.165487547618298 ], [ -61.341826143171666, 39.120696846185957 ], [ -61.267174974117765, 39.120696846185957 ] ] ] } },
{ "type": "Feature", "properties": { "row": 33, "col": 1, "mostly_overlap": true, "overlap_ratio": 0.5395 }, "geometry": { "type": "Polygon", "coordinates": [ [ [ -61.341826143171666, 38.269673518971523 ], [ -61.341826143171666, 38.314464220403863 ], [ -61.41647731222556, 38.314464220403863 ], [ -61.41647731222556, 38.269673518971523 ], [ -61.341826143171666, 38.269673518971523 ] ] ] } },
{ "type": "Feature", "properties": { "row": 33, "col": 2, "mostly_overlap": true, "overlap_ratio": 1.0 }, "geometry": { "type": "Polygon", "coordinates": [ [ [ -61.341826143171666, 38.314464220403863 ], [ -61.341826143171666, 38.359254921836197 ], [ -61.41647731222556, 38.359254921836197 ], [ -61.41647731222556, 38.314464220403863 ], [ -61.341826143171666, 38.314464220403863 ] ] ] } },
{ "type": "Feature", "properties": { "row": 33, "col": 3, "mostly_overlap": true, "overlap_ratio": 1.0 }, "geometry": { "type": "Polygon", "coordinates": [ [ [ -61.341826143171666, 38.359254921836197 ], [ -61.341826143171666, 38.404045623268537 ], [ -61.41647731222556, 38.404045623268537 ], [ -61.41647731222556, 38.359254921836197 ], [ -61.341826143171666, 38.359254921836197 ] ] ] } },
{ "type": "Feature", "properties": { "row": 33, "col": 4, "mostly_overlap": true, "overlap_ratio": 1.0 }, "geometry": { "type": "Polygon", "coordinates": [ [ [ -61.341826143171666, 38.404045623268537 ], [ -61.341826143171666, 38.448836324700878 ], [ -61.41647731222556, 38.448836324700878 ], [ -61.41647731222556, 38.404045623268537 ], [ -61.341826143171666, 38.404045623268537 ] ] ] } },
{ "type": "Feature", "properties": { "row": 33, "col": 5, "mostly_overlap": true, "overlap_ratio": 1.0 }, "geometry": { "type": "Polygon", "coordinates": [ [ [ -61.341826143171666, 38.448836324700878 ], [ -61.341826143171666, 38.493627026133218 ], [ -61.41647731222556, 38.493627026133218 ], [ -61.41647731222556, 38.448836324700878 ], [ -61.341826143171666, 38.448836324700878 ] ] ] } },
{ "type": "Feature", "properties": { "row": 33, "col": 6, "mostly_overlap": true, "overlap_ratio": 1.0 }, "geometry": { "type": "Polygon", "coordinates": [ [ [ -61.341826143171666, 38.493627026133218 ], [ -61.341826143171666, 38.538417727565552 ], [ -61.41647731222556, 38.538417727565552 ], [ -61.41647731222556, 38.493627026133218 ], [ -61.341826143171666, 38.493627026133218 ] ] ] } },
{ "type": "Feature", "properties": { "row": 33, "col": 7, "mostly_overlap": true, "overlap_ratio": 1.0 }, "geometry": { "type": "Polygon", "coordinates": [ [ [ -61.341826143171666, 38.538417727565552 ], [ -61.341826143171666, 38.583208428997892 ], [ -61.41647731222556, 38.583208428997892 ], [ -61.41647731222556, 38.538417727565552 ], [ -61.341826143171666, 38.538417727565552 ] ] ] } },
{ "type": "Feature", "properties": { "row": 33, "col": 8, "mostly_overlap": true, "overlap_ratio": 1.0 }, "geometry": { "type": "Polygon", "coordinates": [ [ [ -61.341826143171666, 38.583208428997892 ], [ -61.341826143171666, 38.627999130430233 ], [ -61.41647731222556, 38.627999130430233 ], [ -61.41647731222556, 38.583208428997892 ], [ -61.341826143171666, 38.583208428997892 ] ] ] } },
{ "type": "Feature", "properties": { "row": 33, "col": 9, "mostly_overlap": true, "overlap_ratio": 1.0 }, "geometry": { "type": "Polygon", "coordinates": [ [ [ -61.341826143171666, 38.627999130430233 ], [ -61.341826143171666, 38.672789831862573 ], [ -61.41647731222556, 38.672789831862573 ], [ -61.41647731222556, 38.627999130430233 ], [ -61.341826143171666, 38.627999130430233 ] ] ] } },
{ "type": "Feature", "properties": { "row": 33, "col": 10, "mostly_overlap": true, "overlap_ratio": 1.0 }, "geometry": { "type": "Polygon", "coordinates": [ [ [ -61.341826143171666, 38.672789831862573 ], [ -61.341826143171666, 38.717580533294907 ], [ -61.41647731222556, 38.717580533294907 ], [ -61.41647731222556, 38.672789831862573 ], [ -61.341826143171666, 38.672789831862573 ] ] ] } },
{ "type": "Feature", "properties": { "row": 33, "col": 11, "mostly_overlap": true, "overlap_ratio": 0.5829 }, "geometry": { "type": "Polygon", "coordinates": [ [ [ -61.341826143171666, 38.717580533294907 ], [ -61.341826143171666, 38.762371234727247 ], [ -61.41647731222556, 38.762371234727247 ], [ -61.41647731222556, 38.717580533294907 ], [ -61.341826143171666, 38.717580533294907 ] ] ] } },
{ "type": "Feature", "properties": { "row": 33, "col": 12, "mostly_overlap": false, "overlap_ratio": 0.0 }, "geometry": { "type": "Polygon", "coordinates": [ [ [ -61.341826143171666, 38.762371234727247 ], [ -61.341826143171666, 38.807161936159588 ], [ -61.41647731222556, 38.807161936159588 ], [ -61.41647731222556, 38.762371234727247 ], [ -61.341826143171666, 38.762371234727247 ] ] ] } },
{ "type": "Feature", "properties": { "row": 33, "col": 13, "mostly_overlap": false, "overlap_ratio": 0.0 }, "geometry": { "type": "Polygon", "coordinates": [ [ [ -61.341826143171666, 38.807161936159588 ], [ -61.341826143171666, 38.851952637591928 ], [ -61.41647731222556, 38.851952637591928 ], [ -61.41647731222556, 38.807161936159588 ], [ -61.341826143171666, 38.807161936159588 ] ] ] } },
{ "type": "Feature", "properties": { "row": 33, "col": 14, "mostly_overlap": false, "overlap_ratio": 0.0 }, "geometry": { "type": "Polygon", "coordinates": [ [ [ -61.341826143171666, 38.851952637591928 ], [ -61.341826143171666, 38.896743339024269 ], [ -61.41647731222556, 38.896743339024269 ], [ -61.41647731222556, 38.851952637591928 ], [ -61.341826143171666, 38.851952637591928 ] ] ] } },
{ "type": "Feature", "properties": { "row": 33, "col": 15, "mostly_overlap": false, "overlap_ratio": 0.0 }, "geometry": { "type": "Polygon", "coordinates": [ [ [ -61.341826143171666, 38.896743339024269 ], [ -61.341826143171666, 38.941534040456602 ], [ -61.41647731222556, 38.941534040456602 ], [ -61.41647731222556, 38.896743339024269 ], [ -61.341826143171666, 38.896743339024269 ] ] ] } },
{ "type": "Feature", "properties": { "row": 33, "col": 16, "mostly_overlap": false, "overlap_ratio": 0.0 }, "geometry": { "type": "Polygon", "coordinates": [ [ [ -61.341826143171666, 38.941534040456602 ], [ -61.341826143171666, 38.986324741888943 ], [ -61.41647731222556, 38.986324741888943 ], [ -61.41647731222556, 38.941534040456602 ], [ -61.341826143171666, 38.941534040456602 ] ] ] } },
{ "type": "Feature", "properties": { "row": 33, "col": 17, "mostly_overlap": false, "overlap_ratio": 0.0 }, "geometry": { "type": "Polygon", "coordinates": [ [ [ -61.341826143171666, 38.986324741888943 ], [ -61.341826143171666, 39.031115443321283 ], [ -61.41647731222556, 39.031115443321283 ], [ -61.41647731222556, 38.986324741888943 ], [ -61.341826143171666, 38.986324741888943 ] ] ] } },
{ "type": "Feature", "properties": { "row": 33, "col": 18, "mostly_overlap": false, "overlap_ratio": 0.0 }, "geometry": { "type": "Polygon", "coordinates": [ [ [ -61.341826143171666, 39.031115443321283 ], [ -61.341826143171666, 39.075906144753617 ], [ -61.41647731222556, 39.075906144753617 ], [ -61.41647731222556, 39.031115443321283 ], [ -61.341826143171666, 39.031115443321283 ] ] ] } },
{ "type": "Feature", "properties": { "row": 33, "col": 19, "mostly_overlap": false, "overlap_ratio": 0.0 }, "geometry": { "type": "Polygon", "coordinates": [ [ [ -61.341826143171666, 39.075906144753617 ], [ -61.341826143171666, 39.120696846185957 ], [ -61.41647731222556, 39.120696846185957 ], [ -61.41647731222556, 39.075906144753617 ], [ -61.341826143171666, 39.075906144753617 ] ] ] } },
{ "type": "Feature", "properties": { "row": 33, "col": 20, "mostly_overlap": false, "overlap_ratio": 0.0 }, "geometry": { "type": "Polygon", "coordinates": [ [ [ -61.341826143171666, 39.120696846185957 ], [ -61.341826143171666, 39.165487547618298 ], [ -61.41647731222556, 39.165487547618298 ], [ -61.41647731222556, 39.120696846185957 ], [ -61.341826143171666, 39.120696846185957 ] ] ] } },
{ "type": "Feature", "properties": { "row": 34, "col": 1, "mostly_overlap": true, "overlap_ratio": 0.5369 }, "geometry": { "type": "Polygon", "coordinates": [ [ [ -61.41647731222556, 38.269673518971523 ], [ -61.41647731222556, 38.314464220403863 ], [ -61.491128481279461, 38.314464220403863 ], [ -61.491128481279461, 38.269673518971523 ], [ -61.41647731222556, 38.269673518971523 ] ] ] } },
{ "type": "Feature", "properties": { "row": 34, "col": 2, "mostly_overlap": true, "overlap_ratio": 1.0 }, "geometry": { "type": "Polygon", "coordinates": [ [ [ -61.41647731222556, 38.314464220403863 ], [ -61.41647731222556, 38.359254921836197 ], [ -61.491128481279461, 38.359254921836197 ], [ -61.491128481279461, 38.314464220403863 ], [ -61.41647731222556, 38.314464220403863 ] ] ] } },
{ "type": "Feature", "properties": { "row": 34, "col": 3, "mostly_overlap": true, "overlap_ratio": 1.0 }, "geometry": { "type": "Polygon", "coordinates": [ [ [ -61.41647731222556, 38.359254921836197 ], [ -61.41647731222556, 38.404045623268537 ], [ -61.491128481279461, 38.404045623268537 ], [ -61.491128481279461, 38.359254921836197 ], [ -61.41647731222556, 38.359254921836197 ] ] ] } },
{ "type": "Feature", "properties": { "row": 34, "col": 4, "mostly_overlap": true, "overlap_ratio": 1.0 }, "geometry": { "type": "Polygon", "coordinates": [ [ [ -61.41647731222556, 38.404045623268537 ], [ -61.41647731222556, 38.448836324700878 ], [ -61.491128481279461, 38.448836324700878 ], [ -61.491128481279461, 38.404045623268537 ], [ -61.41647731222556, 38.404045623268537 ] ] ] } },
{ "type": "Feature", "properties": { "row": 34, "col": 5, "mostly_overlap": true, "overlap_ratio": 1.0 }, "geometry": { "type": "Polygon", "coordinates": [ [ [ -61.41647731222556, 38.448836324700878 ], [ -61.41647731222556, 38.493627026133218 ], [ -61.491128481279461, 38.493627026133218 ], [ -61.491128481279461, 38.448836324700878 ], [ -61.41647731222556, 38.448836324700878 ] ] ] } },
{ "type": "Feature", "properties": { "row": 34, "col": 6, "mostly_overlap": true, "overlap_ratio": 1.0 }, "geometry": { "type": "Polygon", "coordinates": [ [ [ -61.41647731222556, 38.493627026133218 ], [ -61.41647731222556, 38.538417727565552 ], [ -61.491128481279461, 38.538417727565552 ], [ -61.491128481279461, 38.493627026133218 ], [ -61.41647731222556, 38.493627026133218 ] ] ] } },
{ "type": "Feature", "properties": { "row": 34, "col": 7, "mostly_overlap": true, "overlap_ratio": 1.0 }, "geometry": { "type": "Polygon", "coordinates": [ [ [ -61.41647731222556, 38.538417727565552 ], [ -61.41647731222556, 38.583208428997892 ], [ -61.491128481279461, 38.583208428997892 ], [ -61.491128481279461, 38.538417727565552 ], [ -61.41647731222556, 38.538417727565552 ] ] ] } },
{ "type": "Feature", "properties": { "row": 34, "col": 8, "mostly_overlap": true, "overlap_ratio": 1.0 }, "geometry": { "type": "Polygon", "coordinates": [ [ [ -61.41647731222556, 38.583208428997892 ], [ -61.41647731222556, 38.627999130430233 ], [ -61.491128481279461, 38.627999130430233 ], [ -61.491128481279461, 38.583208428997892 ], [ -61.41647731222556, 38.583208428997892 ] ] ] } },
{ "type": "Feature", "properties": { "row": 34, "col": 9, "mostly_overlap": true, "overlap_ratio": 1.0 }, "geometry": { "type": "Polygon", "coordinates": [ [ [ -61.41647731222556, 38.627999130430233 ], [ -61.41647731222556, 38.672789831862573 ], [ -61.491128481279461, 38.672789831862573 ], [ -61.491128481279461, 38.627999130430233 ], [ -61.41647731222556, 38.627999130430233 ] ] ] } },
{ "type": "Feature", "properties": { "row": 34, "col": 10, "mostly_overlap": true, "overlap_ratio": 1.0 }, "geometry": { "type": "Polygon", "coordinates": [ [ [ -61.41647731222556, 38.672789831862573 ], [ -61.41647731222556, 38.717580533294907 ], [ -61.491128481279461, 38.717580533294907 ], [ -61.491128481279461, 38.672789831862573 ], [ -61.41647731222556, 38.672789831862573 ] ] ] } },
{ "type": "Feature", "properties": { "row": 34, "col": 11, "mostly_overlap": true, "overlap_ratio": 0.585 }, "geometry": { "type": "Polygon", "coordinates": [ [ [ -61.41647731222556, 38.717580533294907 ], [ -61.41647731222556, 38.762371234727247 ], [ -61.491128481279461, 38.762371234727247 ], [ -61.491128481279461, 38.717580533294907 ], [ -61.41647731222556, 38.717580533294907 ] ] ] } },
{ "type": "Feature", "properties": { "row": 34, "col": 12, "mostly_overlap": false, "overlap_ratio": 0.0 }, "geometry": { "type": "Polygon", "coordinates": [ [ [ -61.41647731222556, 38.762371234727247 ], [ -61.41647731222556, 38.807161936159588 ], [ -61.491128481279461, 38.807161936159588 ], [ -61.491128481279461, 38.762371234727247 ], [ -61.41647731222556, 38.762371234727247 ] ] ] } },
{ "type": "Feature", "properties": { "row": 34, "col": 13, "mostly_overlap": false, "overlap_ratio": 0.0 }, "geometry": { "type": "Polygon", "coordinates": [ [ [ -61.41647731222556, 38.807161936159588 ], [ -61.41647731222556, 38.851952637591928 ], [ -61.491128481279461, 38.851952637591928 ], [ -61.491128481279461, 38.807161936159588 ], [ -61.41647731222556, 38.807161936159588 ] ] ] } },
{ "type": "Feature", "properties": { "row": 34, "col": 14, "mostly_overlap": false, "overlap_ratio": 0.0 }, "geometry": { "type": "Polygon", "coordinates": [ [ [ -61.41647731222556, 38.851952637591928 ], [ -61.41647731222556, 38.896743339024269 ], [ -61.491128481279461, 38.896743339024269 ], [ -61.491128481279461, 38.851952637591928 ], [ -61.41647731222556, 38.851952637591928 ] ] ] } },
{ "type": "Feature", "properties": { "row": 34, "col": 15, "mostly_overlap": false, "overlap_ratio": 0.0 }, "geometry": { "type": "Polygon", "coordinates": [ [ [ -61.41647731222556, 38.896743339024269 ], [ -61.41647731222556, 38.941534040456602 ], [ -61.491128481279461, 38.941534040456602 ], [ -61.491128481279461, 38.896743339024269 ], [ -61.41647731222556, 38.896743339024269 ] ] ] } },
{ "type": "Feature", "properties": { "row": 34, "col": 16, "mostly_overlap": false, "overlap_ratio": 0.0 }, "geometry": { "type": "Polygon", "coordinates": [ [ [ -61.41647731222556, 38.941534040456602 ], [ -61.41647731222556, 38.986324741888943 ], [ -61.491128481279461, 38.986324741888943 ], [ -61.491128481279461, 38.941534040456602 ], [ -61.41647731222556, 38.941534040456602 ] ] ] } },
{ "type": "Feature", "properties": { "row": 34, "col": 17, "mostly_overlap": false, "overlap_ratio": 0.0 }, "geometry": { "type": "Polygon", "coordinates": [ [ [ -61.41647731222556, 38.986324741888943 ], [ -61.41647731222556, 39.031115443321283 ], [ -61.491128481279461, 39.031115443321283 ], [ -61.491128481279461, 38.986324741888943 ], [ -61.41647731222556, 38.986324741888943 ] ] ] } },
{ "type": "Feature", "properties": { "row": 34, "col": 18, "mostly_overlap": false, "overlap_ratio": 0.0 }, "geometry": { "type": "Polygon", "coordinates": [ [ [ -61.41647731222556, 39.031115443321283 ], [ -61.41647731222556, 39.075906144753617 ], [ -61.491128481279461, 39.075906144753617 ], [ -61.491128481279461, 39.031115443321283 ], [ -61.41647731222556, 39.031115443321283 ] ] ] } },
{ "type": "Feature", "properties": { "row": 34, "col": 19, "mostly_overlap": false, "overlap_ratio": 0.0 }, "geometry": { "type": "Polygon", "coordinates": [ [ [ -61.41647731222556, 39.075906144753617 ], [ -61.41647731222556, 39.120696846185957 ], [ -61.491128481279461, 39.120696846185957 ], [ -61.491128481279461, 39.075906144753617 ], [ -61.41647731222556, 39.075906144753617 ] ] ] } },
{ "type": "Feature", "properties": { "row": 34, "col": 20, "mostly_overlap": false, "overlap_ratio": 0.0 }, "geometry": { "type": "Polygon", "coordinates": [ [ [ -61.41647731222556, 39.120696846185957 ], [ -61.41647731222556, 39.165487547618298 ], [ -61.491128481279461, 39.165487547618298 ], [ -61.491128481279461, 39.120696846185957 ], [ -61.41647731222556, 39.120696846185957 ] ] ] } },
{ "type": "Feature", "properties": { "row": 35, "col": 1, "mostly_overlap": true, "overlap_ratio": 0.5342 }, "geometry": { "type": "Polygon", "coordinates": [ [ [ -61.491128481279461, 38.269673518971523 ], [ -61.491128481279461, 38.314464220403863 ], [ -61.565779650333361, 38.314464220403863 ], [ -61.565779650333361, 38.269673518971523 ], [ -61.491128481279461, 38.269673518971523 ] ] ] } },
{ "type": "Feature", "properties": { "row": 35, "col": 2, "mostly_overlap": true, "overlap_ratio": 1.0 }, "geometry": { "type": "Polygon", "coordinates": [ [ [ -61.491128481279461, 38.314464220403863 ], [ -61.491128481279461, 38.359254921836197 ], [ -61.565779650333361, 38.359254921836197 ], [ -61.565779650333361, 38.314464220403863 ], [ -61.491128481279461, 38.314464220403863 ] ] ] } },
{ "type": "Feature", "properties": { "row": 35, "col": 3, "mostly_overlap": true, "overlap_ratio": 1.0 }, "geometry": { "type": "Polygon", "coordinates": [ [ [ -61.491128481279461, 38.359254921836197 ], [ -61.491128481279461, 38.404045623268537 ], [ -61.565779650333361, 38.404045623268537 ], [ -61.565779650333361, 38.359254921836197 ], [ -61.491128481279461, 38.359254921836197 ] ] ] } },
{ "type": "Feature", "properties": { "row": 35, "col": 4, "mostly_overlap": true, "overlap_ratio": 1.0 }, "geometry": { "type": "Polygon", "coordinates": [ [ [ -61.491128481279461, 38.404045623268537 ], [ -61.491128481279461, 38.448836324700878 ], [ -61.565779650333361, 38.448836324700878 ], [ -61.565779650333361, 38.404045623268537 ], [ -61.491128481279461, 38.404045623268537 ] ] ] } },
{ "type": "Feature", "properties": { "row": 35, "col": 5, "mostly_overlap": true, "overlap_ratio": 1.0 }, "geometry": { "type": "Polygon", "coordinates": [ [ [ -61.491128481279461, 38.448836324700878 ], [ -61.491128481279461, 38.493627026133218 ], [ -61.565779650333361, 38.493627026133218 ], [ -61.565779650333361, 38.448836324700878 ], [ -61.491128481279461, 38.448836324700878 ] ] ] } },
{ "type": "Feature", "properties": { "row": 35, "col": 6, "mostly_overlap": true, "overlap_ratio": 1.0 }, "geometry": { "type": "Polygon", "coordinates": [ [ [ -61.491128481279461, 38.493627026133218 ], [ -61.491128481279461, 38.538417727565552 ], [ -61.565779650333361, 38.538417727565552 ], [ -61.565779650333361, 38.493627026133218 ], [ -61.491128481279461, 38.493627026133218 ] ] ] } },
{ "type": "Feature", "properties": { "row": 35, "col": 7, "mostly_overlap": true, "overlap_ratio": 1.0 }, "geometry": { "type": "Polygon", "coordinates": [ [ [ -61.491128481279461, 38.538417727565552 ], [ -61.491128481279461, 38.583208428997892 ], [ -61.565779650333361, 38.583208428997892 ], [ -61.565779650333361, 38.538417727565552 ], [ -61.491128481279461, 38.538417727565552 ] ] ] } },
{ "type": "Feature", "properties": { "row": 35, "col": 8, "mostly_overlap": true, "overlap_ratio": 1.0 }, "geometry": { "type": "Polygon", "coordinates": [ [ [ -61.491128481279461, 38.583208428997892 ], [ -61.491128481279461, 38.627999130430233 ], [ -61.565779650333361, 38.627999130430233 ], [ -61.565779650333361, 38.583208428997892 ], [ -61.491128481279461, 38.583208428997892 ] ] ] } },
{ "type": "Feature", "properties": { "row": 35, "col": 9, "mostly_overlap": true, "overlap_ratio": 1.0 }, "geometry": { "type": "Polygon", "coordinates": [ [ [ -61.491128481279461, 38.627999130430233 ], [ -61.491128481279461, 38.672789831862573 ], [ -61.565779650333361, 38.672789831862573 ], [ -61.565779650333361, 38.627999130430233 ], [ -61.491128481279461, 38.627999130430233 ] ] ] } },
{ "type": "Feature", "properties": { "row": 35, "col": 10, "mostly_overlap": true, "overlap_ratio": 1.0 }, "geometry": { "type": "Polygon", "coordinates": [ [ [ -61.491128481279461, 38.672789831862573 ], [ -61.491128481279461, 38.717580533294907 ], [ -61.565779650333361, 38.717580533294907 ], [ -61.565779650333361, 38.672789831862573 ], [ -61.491128481279461, 38.672789831862573 ] ] ] } },
{ "type": "Feature", "properties": { "row": 35, "col": 11, "mostly_overlap": true, "overlap_ratio": 0.5871 }, "geometry": { "type": "Polygon", "coordinates": [ [ [ -61.491128481279461, 38.717580533294907 ], [ -61.491128481279461, 38.762371234727247 ], [ -61.565779650333361, 38.762371234727247 ], [ -61.565779650333361, 38.717580533294907 ], [ -61.491128481279461, 38.717580533294907 ] ] ] } },
{ "type": "Feature", "properties": { "row": 35, "col": 12, "mostly_overlap": false, "overlap_ratio": 0.0 }, "geometry": { "type": "Polygon", "coordinates": [ [ [ -61.491128481279461, 38.762371234727247 ], [ -61.491128481279461, 38.807161936159588 ], [ -61.565779650333361, 38.807161936159588 ], [ -61.565779650333361, 38.762371234727247 ], [ -61.491128481279461, 38.762371234727247 ] ] ] } },
{ "type": "Feature", "properties": { "row": 35, "col": 13, "mostly_overlap": false, "overlap_ratio": 0.0 }, "geometry": { "type": "Polygon", "coordinates": [ [ [ -61.491128481279461, 38.807161936159588 ], [ -61.491128481279461, 38.851952637591928 ], [ -61.565779650333361, 38.851952637591928 ], [ -61.565779650333361, 38.807161936159588 ], [ -61.491128481279461, 38.807161936159588 ] ] ] } },
{ "type": "Feature", "properties": { "row": 35, "col": 14, "mostly_overlap": false, "overlap_ratio": 0.0 }, "geometry": { "type": "Polygon", "coordinates": [ [ [ -61.491128481279461, 38.851952637591928 ], [ -61.491128481279461, 38.896743339024269 ], [ -61.565779650333361, 38.896743339024269 ], [ -61.565779650333361, 38.851952637591928 ], [ -61.491128481279461, 38.851952637591928 ] ] ] } },
{ "type": "Feature", "properties": { "row": 35, "col": 15, "mostly_overlap": false, "overlap_ratio": 0.0 }, "geometry": { "type": "Polygon", "coordinates": [ [ [ -61.491128481279461, 38.896743339024269 ], [ -61.491128481279461, 38.941534040456602 ], [ -61.565779650333361, 38.941534040456602 ], [ -61.565779650333361, 38.896743339024269 ], [ -61.491128481279461, 38.896743339024269 ] ] ] } },
{ "type": "Feature", "properties": { "row": 35, "col": 16, "mostly_overlap": false, "overlap_ratio": 0.0 }, "geometry": { "type": "Polygon", "coordinates": [ [ [ -61.491128481279461, 38.941534040456602 ], [ -61.491128481279461, 38.986324741888943 ], [ -61.565779650333361, 38.986324741888943 ], [ -61.565779650333361, 38.941534040456602 ], [ -61.491128481279461, 38.941534040456602 ] ] ] } },
{ "type": "Feature", "properties": { "row": 35, "col": 17, "mostly_overlap": false, "overlap_ratio": 0.0 }, "geometry": { "type": "Polygon", "coordinates": [ [ [ -61.491128481279461, 38.986324741888943 ], [ -61.491128481279461, 39.031115443321283 ], [ -61.565779650333361, 39.031115443321283 ], [ -61.565779650333361, 38.986324741888943 ], [ -61.491128481279461, 38.986324741888943 ] ] ] } },
{ "type": "Feature", "properties": { "row": 35, "col": 18, "mostly_overlap": false, "overlap_ratio": 0.0 }, "geometry": { "type": "Polygon", "coordinates": [ [ [ -61.491128481279461, 39.031115443321283 ], [ -61.491128481279461, 39.075906144753617 ], [ -61.565779650333361, 39.075906144753617 ], [ -61.565779650333361, 39.031115443321283 ], [ -61.491128481279461, 39.031115443321283 ] ] ] } },
{ "type": "Feature", "properties": { "row": 35, "col": 19, "mostly_overlap": false, "overlap_ratio": 0.0 }, "geometry": { "type": "Polygon", "coordinates": [ [ [ -61.491128481279461, 39.075906144753617 ], [ -61.491128481279461, 39.120696846185957 ], [ -61.565779650333361, 39.120696846185957 ], [ -61.565779650333361, 39.075906144753617 ], [ -61.491128481279461, 39.075906144753617 ] ] ] } },
{ "type": "Feature", "properties": { "row": 35, "col": 20, "mostly_overlap": false, "overlap_ratio": 0.0 }, "geometry": { "type": "Polygon", "coordinates": [ [ [ -61.491128481279461, 39.120696846185957 ], [ -61.491128481279461, 39.165487547618298 ], [ -61.565779650333361, 39.165487547618298 ], [ -61.565779650333361, 39.120696846185957 ], [ -61.491128481279461, 39.120696846185957 ] ] ] } },
{ "type": "Feature", "properties": { "row": 36, "col": 1, "mostly_overlap": true, "overlap_ratio": 0.5316 }, "geometry": { "type": "Polygon", "coordinates": [ [ [ -61.565779650333361, 38.269673518971523 ], [ -61.565779650333361, 38.314464220403863 ], [ -61.640430819387255, 38.314464220403863 ], [ -61.640430819387255, 38.269673518971523 ], [ -61.565779650333361, 38.269673518971523 ] ] ] } },
{ "type": "Feature", "properties": { "row": 36, "col": 2, "mostly_overlap": true, "overlap_ratio": 1.0 }, "geometry": { "type": "Polygon", "coordinates": [ [ [ -61.565779650333361, 38.314464220403863 ], [ -61.565779650333361, 38.359254921836197 ], [ -61.640430819387255, 38.359254921836197 ], [ -61.640430819387255, 38.314464220403863 ], [ -61.565779650333361, 38.314464220403863 ] ] ] } },
{ "type": "Feature", "properties": { "row": 36, "col": 3, "mostly_overlap": true, "overlap_ratio": 1.0 }, "geometry": { "type": "Polygon", "coordinates": [ [ [ -61.565779650333361, 38.359254921836197 ], [ -61.565779650333361, 38.404045623268537 ], [ -61.640430819387255, 38.404045623268537 ], [ -61.640430819387255, 38.359254921836197 ], [ -61.565779650333361, 38.359254921836197 ] ] ] } },
{ "type": "Feature", "properties": { "row": 36, "col": 4, "mostly_overlap": true, "overlap_ratio": 1.0 }, "geometry": { "type": "Polygon", "coordinates": [ [ [ -61.565779650333361, 38.404045623268537 ], [ -61.565779650333361, 38.448836324700878 ], [ -61.640430819387255, 38.448836324700878 ], [ -61.640430819387255, 38.404045623268537 ], [ -61.565779650333361, 38.404045623268537 ] ] ] } },
{ "type": "Feature", "properties": { "row": 36, "col": 5, "mostly_overlap": true, "overlap_ratio": 1.0 }, "geometry": { "type": "Polygon", "coordinates": [ [ [ -61.565779650333361, 38.448836324700878 ], [ -61.565779650333361, 38.493627026133218 ], [ -61.640430819387255, 38.493627026133218 ], [ -61.640430819387255, 38.448836324700878 ], [ -61.565779650333361, 38.448836324700878 ] ] ] } },
{ "type": "Feature", "properties": { "row": 36, "col": 6, "mostly_overlap": true, "overlap_ratio": 1.0 }, "geometry": { "type": "Polygon", "coordinates": [ [ [ -61.565779650333361, 38.493627026133218 ], [ -61.565779650333361, 38.538417727565552 ], [ -61.640430819387255, 38.538417727565552 ], [ -61.640430819387255, 38.493627026133218 ], [ -61.565779650333361, 38.493627026133218 ] ] ] } },
{ "type": "Feature", "properties": { "row": 36, "col": 7, "mostly_overlap": true, "overlap_ratio": 1.0 }, "geometry": { "type": "Polygon", "coordinates": [ [ [ -61.565779650333361, 38.538417727565552 ], [ -61.565779650333361, 38.583208428997892 ], [ -61.640430819387255, 38.583208428997892 ], [ -61.640430819387255, 38.538417727565552 ], [ -61.565779650333361, 38.538417727565552 ] ] ] } },
{ "type": "Feature", "properties": { "row": 36, "col": 8, "mostly_overlap": true, "overlap_ratio": 1.0 }, "geometry": { "type": "Polygon", "coordinates": [ [ [ -61.565779650333361, 38.583208428997892 ], [ -61.565779650333361, 38.627999130430233 ], [ -61.640430819387255, 38.627999130430233 ], [ -61.640430819387255, 38.583208428997892 ], [ -61.565779650333361, 38.583208428997892 ] ] ] } },
{ "type": "Feature", "properties": { "row": 36, "col": 9, "mostly_overlap": true, "overlap_ratio": 1.0 }, "geometry": { "type": "Polygon", "coordinates": [ [ [ -61.565779650333361, 38.627999130430233 ], [ -61.565779650333361, 38.672789831862573 ], [ -61.640430819387255, 38.672789831862573 ], [ -61.640430819387255, 38.627999130430233 ], [ -61.565779650333361, 38.627999130430233 ] ] ] } },
{ "type": "Feature", "properties": { "row": 36, "col": 10, "mostly_overlap": true, "overlap_ratio": 1.0 }, "geometry": { "type": "Polygon", "coordinates": [ [ [ -61.565779650333361, 38.672789831862573 ], [ -61.565779650333361, 38.717580533294907 ], [ -61.640430819387255, 38.717580533294907 ], [ -61.640430819387255, 38.672789831862573 ], [ -61.565779650333361, 38.672789831862573 ] ] ] } },
{ "type": "Feature", "properties": { "row": 36, "col": 11, "mostly_overlap": true, "overlap_ratio": 0.5892 }, "geometry": { "type": "Polygon", "coordinates": [ [ [ -61.565779650333361, 38.717580533294907 ], [ -61.565779650333361, 38.762371234727247 ], [ -61.640430819387255, 38.762371234727247 ], [ -61.640430819387255, 38.717580533294907 ], [ -61.565779650333361, 38.717580533294907 ] ] ] } },
{ "type": "Feature", "properties": { "row": 36, "col": 12, "mostly_overlap": false, "overlap_ratio": 0.0 }, "geometry": { "type": "Polygon", "coordinates": [ [ [ -61.565779650333361, 38.762371234727247 ], [ -61.565779650333361, 38.807161936159588 ], [ -61.640430819387255, 38.807161936159588 ], [ -61.640430819387255, 38.762371234727247 ], [ -61.565779650333361, 38.762371234727247 ] ] ] } },
{ "type": "Feature", "properties": { "row": 36, "col": 13, "mostly_overlap": false, "overlap_ratio": 0.0 }, "geometry": { "type": "Polygon", "coordinates": [ [ [ -61.565779650333361, 38.807161936159588 ], [ -61.565779650333361, 38.851952637591928 ], [ -61.640430819387255, 38.851952637591928 ], [ -61.640430819387255, 38.807161936159588 ], [ -61.565779650333361, 38.807161936159588 ] ] ] } },
{ "type": "Feature", "properties": { "row": 36, "col": 14, "mostly_overlap": false, "overlap_ratio": 0.0 }, "geometry": { "type": "Polygon", "coordinates": [ [ [ -61.565779650333361, 38.851952637591928 ], [ -61.565779650333361, 38.896743339024269 ], [ -61.640430819387255, 38.896743339024269 ], [ -61.640430819387255, 38.851952637591928 ], [ -61.565779650333361, 38.851952637591928 ] ] ] } },
{ "type": "Feature", "properties": { "row": 36, "col": 15, "mostly_overlap": false, "overlap_ratio": 0.0 }, "geometry": { "type": "Polygon", "coordinates": [ [ [ -61.565779650333361, 38.896743339024269 ], [ -61.565779650333361, 38.941534040456602 ], [ -61.640430819387255, 38.941534040456602 ], [ -61.640430819387255, 38.896743339024269 ], [ -61.565779650333361, 38.896743339024269 ] ] ] } },
{ "type": "Feature", "properties": { "row": 36, "col": 16, "mostly_overlap": false, "overlap_ratio": 0.0 }, "geometry": { "type": "Polygon", "coordinates": [ [ [ -61.565779650333361, 38.941534040456602 ], [ -61.565779650333361, 38.986324741888943 ], [ -61.640430819387255, 38.986324741888943 ], [ -61.640430819387255, 38.941534040456602 ], [ -61.565779650333361, 38.941534040456602 ] ] ] } },
{ "type": "Feature", "properties": { "row": 36, "col": 17, "mostly_overlap": false, "overlap_ratio": 0.0 }, "geometry": { "type": "Polygon", "coordinates": [ [ [ -61.565779650333361, 38.986324741888943 ], [ -61.565779650333361, 39.031115443321283 ], [ -61.640430819387255, 39.031115443321283 ], [ -61.640430819387255, 38.986324741888943 ], [ -61.565779650333361, 38.986324741888943 ] ] ] } },
{ "type": "Feature", "properties": { "row": 36, "col": 18, "mostly_overlap": false, "overlap_ratio": 0.0 }, "geometry": { "type": "Polygon", "coordinates": [ [ [ -61.565779650333361, 39.031115443321283 ], [ -61.565779650333361, 39.075906144753617 ], [ -61.640430819387255, 39.075906144753617 ], [ -61.640430819387255, 39.031115443321283 ], [ -61.565779650333361, 39.031115443321283 ] ] ] } },
{ "type": "Feature", "properties": { "row": 36, "col": 19, "mostly_overlap": false, "overlap_ratio": 0.0 }, "geometry": { "type": "Polygon", "coordinates": [ [ [ -61.565779650333361, 39.075906144753617 ], [ -61.565779650333361, 39.120696846185957 ], [ -61.640430819387255, 39.120696846185957 ], [ -61.640430819387255, 39.075906144753617 ], [ -61.565779650333361, 39.075906144753617 ] ] ] } },
{ "type": "Feature", "properties": { "row": 36, "col": 20, "mostly_overlap": false, "overlap_ratio": 0.0 }, "geometry": { "type": "Polygon", "coordinates": [ [ [ -61.565779650333361, 39.120696846185957 ], [ -61.565779650333361, 39.165487547618298 ], [ -61.640430819387255, 39.165487547618298 ], [ -61.640430819387255, 39.120696846185957 ], [ -61.565779650333361, 39.120696846185957 ] ] ] } },
{ "type": "Feature", "properties": { "row": 37, "col": 1, "mostly_overlap": true, "overlap_ratio": 0.529 }, "geometry": { "type": "Polygon", "coordinates": [ [ [ -61.640430819387255, 38.269673518971523 ], [ -61.640430819387255, 38.314464220403863 ], [ -61.715081988441156, 38.314464220403863 ], [ -61.715081988441156, 38.269673518971523 ], [ -61.640430819387255, 38.269673518971523 ] ] ] } },
{ "type": "Feature", "properties": { "row": 37, "col": 2, "mostly_overlap": true, "overlap_ratio": 1.0 }, "geometry": { "type": "Polygon", "coordinates": [ [ [ -61.640430819387255, 38.314464220403863 ], [ -61.640430819387255, 38.359254921836197 ], [ -61.715081988441156, 38.359254921836197 ], [ -61.715081988441156, 38.314464220403863 ], [ -61.640430819387255, 38.314464220403863 ] ] ] } },
{ "type": "Feature", "properties": { "row": 37, "col": 3, "mostly_overlap": true, "overlap_ratio": 1.0 }, "geometry": { "type": "Polygon", "coordinates": [ [ [ -61.640430819387255, 38.359254921836197 ], [ -61.640430819387255, 38.404045623268537 ], [ -61.715081988441156, 38.404045623268537 ], [ -61.715081988441156, 38.359254921836197 ], [ -61.640430819387255, 38.359254921836197 ] ] ] } },
{ "type": "Feature", "properties": { "row": 37, "col": 4, "mostly_overlap": true, "overlap_ratio": 1.0 }, "geometry": { "type": "Polygon", "coordinates": [ [ [ -61.640430819387255, 38.404045623268537 ], [ -61.640430819387255, 38.448836324700878 ], [ -61.715081988441156, 38.448836324700878 ], [ -61.715081988441156, 38.404045623268537 ], [ -61.640430819387255, 38.404045623268537 ] ] ] } },
{ "type": "Feature", "properties": { "row": 37, "col": 5, "mostly_overlap": true, "overlap_ratio": 1.0 }, "geometry": { "type": "Polygon", "coordinates": [ [ [ -61.640430819387255, 38.448836324700878 ], [ -61.640430819387255, 38.493627026133218 ], [ -61.715081988441156, 38.493627026133218 ], [ -61.715081988441156, 38.448836324700878 ], [ -61.640430819387255, 38.448836324700878 ] ] ] } },
{ "type": "Feature", "properties": { "row": 37, "col": 6, "mostly_overlap": true, "overlap_ratio": 1.0 }, "geometry": { "type": "Polygon", "coordinates": [ [ [ -61.640430819387255, 38.493627026133218 ], [ -61.640430819387255, 38.538417727565552 ], [ -61.715081988441156, 38.538417727565552 ], [ -61.715081988441156, 38.493627026133218 ], [ -61.640430819387255, 38.493627026133218 ] ] ] } },
{ "type": "Feature", "properties": { "row": 37, "col": 7, "mostly_overlap": true, "overlap_ratio": 1.0 }, "geometry": { "type": "Polygon", "coordinates": [ [ [ -61.640430819387255, 38.538417727565552 ], [ -61.640430819387255, 38.583208428997892 ], [ -61.715081988441156, 38.583208428997892 ], [ -61.715081988441156, 38.538417727565552 ], [ -61.640430819387255, 38.538417727565552 ] ] ] } },
{ "type": "Feature", "properties": { "row": 37, "col": 8, "mostly_overlap": true, "overlap_ratio": 1.0 }, "geometry": { "type": "Polygon", "coordinates": [ [ [ -61.640430819387255, 38.583208428997892 ], [ -61.640430819387255, 38.627999130430233 ], [ -61.715081988441156, 38.627999130430233 ], [ -61.715081988441156, 38.583208428997892 ], [ -61.640430819387255, 38.583208428997892 ] ] ] } },
{ "type": "Feature", "properties": { "row": 37, "col": 9, "mostly_overlap": true, "overlap_ratio": 1.0 }, "geometry": { "type": "Polygon", "coordinates": [ [ [ -61.640430819387255, 38.627999130430233 ], [ -61.640430819387255, 38.672789831862573 ], [ -61.715081988441156, 38.672789831862573 ], [ -61.715081988441156, 38.627999130430233 ], [ -61.640430819387255, 38.627999130430233 ] ] ] } },
{ "type": "Feature", "properties": { "row": 37, "col": 10, "mostly_overlap": true, "overlap_ratio": 1.0 }, "geometry": { "type": "Polygon", "coordinates": [ [ [ -61.640430819387255, 38.672789831862573 ], [ -61.640430819387255, 38.717580533294907 ], [ -61.715081988441156, 38.717580533294907 ], [ -61.715081988441156, 38.672789831862573 ], [ -61.640430819387255, 38.672789831862573 ] ] ] } },
{ "type": "Feature", "properties": { "row": 37, "col": 11, "mostly_overlap": true, "overlap_ratio": 0.5914 }, "geometry": { "type": "Polygon", "coordinates": [ [ [ -61.640430819387255, 38.717580533294907 ], [ -61.640430819387255, 38.762371234727247 ], [ -61.715081988441156, 38.762371234727247 ], [ -61.715081988441156, 38.717580533294907 ], [ -61.640430819387255, 38.717580533294907 ] ] ] } },
{ "type": "Feature", "properties": { "row": 37, "col": 12, "mostly_overlap": false, "overlap_ratio": 0.0 }, "geometry": { "type": "Polygon", "coordinates": [ [ [ -61.640430819387255, 38.762371234727247 ], [ -61.640430819387255, 38.807161936159588 ], [ -61.715081988441156, 38.807161936159588 ], [ -61.715081988441156, 38.762371234727247 ], [ -61.640430819387255, 38.762371234727247 ] ] ] } },
{ "type": "Feature", "properties": { "row": 37, "col": 13, "mostly_overlap": false, "overlap_ratio": 0.0 }, "geometry": { "type": "Polygon", "coordinates": [ [ [ -61.640430819387255, 38.807161936159588 ], [ -61.640430819387255, 38.851952637591928 ], [ -61.715081988441156, 38.851952637591928 ], [ -61.715081988441156, 38.807161936159588 ], [ -61.640430819387255, 38.807161936159588 ] ] ] } },
{ "type": "Feature", "properties": { "row": 37, "col": 14, "mostly_overlap": false, "overlap_ratio": 0.0 }, "geometry": { "type": "Polygon", "coordinates": [ [ [ -61.640430819387255, 38.851952637591928 ], [ -61.640430819387255, 38.896743339024269 ], [ -61.715081988441156, 38.896743339024269 ], [ -61.715081988441156, 38.851952637591928 ], [ -61.640430819387255, 38.851952637591928 ] ] ] } },
{ "type": "Feature", "properties": { "row": 37, "col": 15, "mostly_overlap": false, "overlap_ratio": 0.0 }, "geometry": { "type": "Polygon", "coordinates": [ [ [ -61.640430819387255, 38.896743339024269 ], [ -61.640430819387255, 38.941534040456602 ], [ -61.715081988441156, 38.941534040456602 ], [ -61.715081988441156, 38.896743339024269 ], [ -61.640430819387255, 38.896743339024269 ] ] ] } },
{ "type": "Feature", "properties": { "row": 37, "col": 16, "mostly_overlap": false, "overlap_ratio": 0.0 }, "geometry": { "type": "Polygon", "coordinates": [ [ [ -61.640430819387255, 38.941534040456602 ], [ -61.640430819387255, 38.986324741888943 ], [ -61.715081988441156, 38.986324741888943 ], [ -61.715081988441156, 38.941534040456602 ], [ -61.640430819387255, 38.941534040456602 ] ] ] } },
{ "type": "Feature", "properties": { "row": 37, "col": 17, "mostly_overlap": false, "overlap_ratio": 0.0 }, "geometry": { "type": "Polygon", "coordinates": [ [ [ -61.640430819387255, 38.986324741888943 ], [ -61.640430819387255, 39.031115443321283 ], [ -61.715081988441156, 39.031115443321283 ], [ -61.715081988441156, 38.986324741888943 ], [ -61.640430819387255, 38.986324741888943 ] ] ] } },
{ "type": "Feature", "properties": { "row": 37, "col": 18, "mostly_overlap": false, "overlap_ratio": 0.0 }, "geometry": { "type": "Polygon", "coordinates": [ [ [ -61.640430819387255, 39.031115443321283 ], [ -61.640430819387255, 39.075906144753617 ], [ -61.715081988441156, 39.075906144753617 ], [ -61.715081988441156, 39.031115443321283 ], [ -61.640430819387255, 39.031115443321283 ] ] ] } },
{ "type": "Feature", "properties": { "row": 37, "col": 19, "mostly_overlap": false, "overlap_ratio": 0.0 }, "geometry": { "type": "Polygon", "coordinates": [ [ [ -61.640430819387255, 39.075906144753617 ], [ -61.640430819387255, 39.120696846185957 ], [ -61.715081988441156, 39.120696846185957 ], [ -61.715081988441156, 39.075906144753617 ], [ -61.640430819387255, 39.075906144753617 ] ] ] } },
{ "type": "Feature", "properties": { "row": 37, "col": 20, "mostly_overlap": false, "overlap_ratio": 0.0 }, "geometry": { "type": "Polygon", "coordinates": [ [ [ -61.640430819387255, 39.120696846185957 ], [ -61.640430819387255, 39.165487547618298 ], [ -61.715081988441156, 39.165487547618298 ], [ -61.715081988441156, 39.120696846185957 ], [ -61.640430819387255, 39.120696846185957 ] ] ] } },
{ "type": "Feature", "properties": { "row": 38, "col": 1, "mostly_overlap": true, "overlap_ratio": 0.5263 }, "geometry": { "type": "Polygon", "coordinates": [ [ [ -61.715081988441156, 38.269673518971523 ], [ -61.715081988441156, 38.314464220403863 ], [ -61.78973315749505, 38.314464220403863 ], [ -61.78973315749505, 38.269673518971523 ], [ -61.715081988441156, 38.269673518971523 ] ] ] } },
{ "type": "Feature", "properties": { "row": 38, "col": 2, "mostly_overlap": true, "overlap_ratio": 1.0 }, "geometry": { "type": "Polygon", "coordinates": [ [ [ -61.715081988441156, 38.314464220403863 ], [ -61.715081988441156, 38.359254921836197 ], [ -61.78973315749505, 38.359254921836197 ], [ -61.78973315749505, 38.314464220403863 ], [ -61.715081988441156, 38.314464220403863 ] ] ] } },
{ "type": "Feature", "properties": { "row": 38, "col": 3, "mostly_overlap": true, "overlap_ratio": 1.0 }, "geometry": { "type": "Polygon", "coordinates": [ [ [ -61.715081988441156, 38.359254921836197 ], [ -61.715081988441156, 38.404045623268537 ], [ -61.78973315749505, 38.404045623268537 ], [ -61.78973315749505, 38.359254921836197 ], [ -61.715081988441156, 38.359254921836197 ] ] ] } },
{ "type": "Feature", "properties": { "row": 38, "col": 4, "mostly_overlap": true, "overlap_ratio": 1.0 }, "geometry": { "type": "Polygon", "coordinates": [ [ [ -61.715081988441156, 38.404045623268537 ], [ -61.715081988441156, 38.448836324700878 ], [ -61.78973315749505, 38.448836324700878 ], [ -61.78973315749505, 38.404045623268537 ], [ -61.715081988441156, 38.404045623268537 ] ] ] } },
{ "type": "Feature", "properties": { "row": 38, "col": 5, "mostly_overlap": true, "overlap_ratio": 1.0 }, "geometry": { "type": "Polygon", "coordinates": [ [ [ -61.715081988441156, 38.448836324700878 ], [ -61.715081988441156, 38.493627026133218 ], [ -61.78973315749505, 38.493627026133218 ], [ -61.78973315749505, 38.448836324700878 ], [ -61.715081988441156, 38.448836324700878 ] ] ] } },
{ "type": "Feature", "properties": { "row": 38, "col": 6, "mostly_overlap": true, "overlap_ratio": 1.0 }, "geometry": { "type": "Polygon", "coordinates": [ [ [ -61.715081988441156, 38.493627026133218 ], [ -61.715081988441156, 38.538417727565552 ], [ -61.78973315749505, 38.538417727565552 ], [ -61.78973315749505, 38.493627026133218 ], [ -61.715081988441156, 38.493627026133218 ] ] ] } },
{ "type": "Feature", "properties": { "row": 38, "col": 7, "mostly_overlap": true, "overlap_ratio": 1.0 }, "geometry": { "type": "Polygon", "coordinates": [ [ [ -61.715081988441156, 38.538417727565552 ], [ -61.715081988441156, 38.583208428997892 ], [ -61.78973315749505, 38.583208428997892 ], [ -61.78973315749505, 38.538417727565552 ], [ -61.715081988441156, 38.538417727565552 ] ] ] } },
{ "type": "Feature", "properties": { "row": 38, "col": 8, "mostly_overlap": true, "overlap_ratio": 1.0 }, "geometry": { "type": "Polygon", "coordinates": [ [ [ -61.715081988441156, 38.583208428997892 ], [ -61.715081988441156, 38.627999130430233 ], [ -61.78973315749505, 38.627999130430233 ], [ -61.78973315749505, 38.583208428997892 ], [ -61.715081988441156, 38.583208428997892 ] ] ] } },
{ "type": "Feature", "properties": { "row": 38, "col": 9, "mostly_overlap": true, "overlap_ratio": 1.0 }, "geometry": { "type": "Polygon", "coordinates": [ [ [ -61.715081988441156, 38.627999130430233 ], [ -61.715081988441156, 38.672789831862573 ], [ -61.78973315749505, 38.672789831862573 ], [ -61.78973315749505, 38.627999130430233 ], [ -61.715081988441156, 38.627999130430233 ] ] ] } },
{ "type": "Feature", "properties": { "row": 38, "col": 10, "mostly_overlap": true, "overlap_ratio": 1.0 }, "geometry": { "type": "Polygon", "coordinates": [ [ [ -61.715081988441156, 38.672789831862573 ], [ -61.715081988441156, 38.717580533294907 ], [ -61.78973315749505, 38.717580533294907 ], [ -61.78973315749505, 38.672789831862573 ], [ -61.715081988441156, 38.672789831862573 ] ] ] } },
{ "type": "Feature", "properties": { "row": 38, "col": 11, "mostly_overlap": true, "overlap_ratio": 0.5935 }, "geometry": { "type": "Polygon", "coordinates": [ [ [ -61.715081988441156, 38.717580533294907 ], [ -61.715081988441156, 38.762371234727247 ], [ -61.78973315749505, 38.762371234727247 ], [ -61.78973315749505, 38.717580533294907 ], [ -61.715081988441156, 38.717580533294907 ] ] ] } },
{ "type": "Feature", "properties": { "row": 38, "col": 12, "mostly_overlap": false, "overlap_ratio": 0.0 }, "geometry": { "type": "Polygon", "coordinates": [ [ [ -61.715081988441156, 38.762371234727247 ], [ -61.715081988441156, 38.807161936159588 ], [ -61.78973315749505, 38.807161936159588 ], [ -61.78973315749505, 38.762371234727247 ], [ -61.715081988441156, 38.762371234727247 ] ] ] } },
{ "type": "Feature", "properties": { "row": 38, "col": 13, "mostly_overlap": false, "overlap_ratio": 0.0 }, "geometry": { "type": "Polygon", "coordinates": [ [ [ -61.715081988441156, 38.807161936159588 ], [ -61.715081988441156, 38.851952637591928 ], [ -61.78973315749505, 38.851952637591928 ], [ -61.78973315749505, 38.807161936159588 ], [ -61.715081988441156, 38.807161936159588 ] ] ] } },
{ "type": "Feature", "properties": { "row": 38, "col": 14, "mostly_overlap": false, "overlap_ratio": 0.0 }, "geometry": { "type": "Polygon", "coordinates": [ [ [ -61.715081988441156, 38.851952637591928 ], [ -61.715081988441156, 38.896743339024269 ], [ -61.78973315749505, 38.896743339024269 ], [ -61.78973315749505, 38.851952637591928 ], [ -61.715081988441156, 38.851952637591928 ] ] ] } },
{ "type": "Feature", "properties": { "row": 38, "col": 15, "mostly_overlap": false, "overlap_ratio": 0.0 }, "geometry": { "type": "Polygon", "coordinates": [ [ [ -61.715081988441156, 38.896743339024269 ], [ -61.715081988441156, 38.941534040456602 ], [ -61.78973315749505, 38.941534040456602 ], [ -61.78973315749505, 38.896743339024269 ], [ -61.715081988441156, 38.896743339024269 ] ] ] } },
{ "type": "Feature", "properties": { "row": 38, "col": 16, "mostly_overlap": false, "overlap_ratio": 0.0 }, "geometry": { "type": "Polygon", "coordinates": [ [ [ -61.715081988441156, 38.941534040456602 ], [ -61.715081988441156, 38.986324741888943 ], [ -61.78973315749505, 38.986324741888943 ], [ -61.78973315749505, 38.941534040456602 ], [ -61.715081988441156, 38.941534040456602 ] ] ] } },
{ "type": "Feature", "properties": { "row": 38, "col": 17, "mostly_overlap": false, "overlap_ratio": 0.0 }, "geometry": { "type": "Polygon", "coordinates": [ [ [ -61.715081988441156, 38.986324741888943 ], [ -61.715081988441156, 39.031115443321283 ], [ -61.78973315749505, 39.031115443321283 ], [ -61.78973315749505, 38.986324741888943 ], [ -61.715081988441156, 38.986324741888943 ] ] ] } },
{ "type": "Feature", "properties": { "row": 38, "col": 18, "mostly_overlap": false, "overlap_ratio": 0.0 }, "geometry": { "type": "Polygon", "coordinates": [ [ [ -61.715081988441156, 39.031115443321283 ], [ -61.715081988441156, 39.075906144753617 ], [ -61.78973315749505, 39.075906144753617 ], [ -61.78973315749505, 39.031115443321283 ], [ -61.715081988441156, 39.031115443321283 ] ] ] } },
{ "type": "Feature", "properties": { "row": 38, "col": 19, "mostly_overlap": false, "overlap_ratio": 0.0 }, "geometry": { "type": "Polygon", "coordinates": [ [ [ -61.715081988441156, 39.075906144753617 ], [ -61.715081988441156, 39.120696846185957 ], [ -61.78973315749505, 39.120696846185957 ], [ -61.78973315749505, 39.075906144753617 ], [ -61.715081988441156, 39.075906144753617 ] ] ] } },
{ "type": "Feature", "properties": { "row": 38, "col": 20, "mostly_overlap": false, "overlap_ratio": 0.0 }, "geometry": { "type": "Polygon", "coordinates": [ [ [ -61.715081988441156, 39.120696846185957 ], [ -61.715081988441156, 39.165487547618298 ], [ -61.78973315749505, 39.165487547618298 ], [ -61.78973315749505, 39.120696846185957 ], [ -61.715081988441156, 39.120696846185957 ] ] ] } },
{ "type": "Feature", "properties": { "row": 39, "col": 1, "mostly_overlap": true, "overlap_ratio": 0.5237 }, "geometry": { "type": "Polygon", "coordinates": [ [ [ -61.78973315749505, 38.269673518971523 ], [ -61.78973315749505, 38.314464220403863 ], [ -61.864384326548951, 38.314464220403863 ], [ -61.864384326548951, 38.269673518971523 ], [ -61.78973315749505, 38.269673518971523 ] ] ] } },
{ "type": "Feature", "properties": { "row": 39, "col": 2, "mostly_overlap": true, "overlap_ratio": 1.0 }, "geometry": { "type": "Polygon", "coordinates": [ [ [ -61.78973315749505, 38.314464220403863 ], [ -61.78973315749505, 38.359254921836197 ], [ -61.864384326548951, 38.359254921836197 ], [ -61.864384326548951, 38.314464220403863 ], [ -61.78973315749505, 38.314464220403863 ] ] ] } },
{ "type": "Feature", "properties": { "row": 39, "col": 3, "mostly_overlap": true, "overlap_ratio": 1.0 }, "geometry": { "type": "Polygon", "coordinates": [ [ [ -61.78973315749505, 38.359254921836197 ], [ -61.78973315749505, 38.404045623268537 ], [ -61.864384326548951, 38.404045623268537 ], [ -61.864384326548951, 38.359254921836197 ], [ -61.78973315749505, 38.359254921836197 ] ] ] } },
{ "type": "Feature", "properties": { "row": 39, "col": 4, "mostly_overlap": true, "overlap_ratio": 1.0 }, "geometry": { "type": "Polygon", "coordinates": [ [ [ -61.78973315749505, 38.404045623268537 ], [ -61.78973315749505, 38.448836324700878 ], [ -61.864384326548951, 38.448836324700878 ], [ -61.864384326548951, 38.404045623268537 ], [ -61.78973315749505, 38.404045623268537 ] ] ] } },
{ "type": "Feature", "properties": { "row": 39, "col": 5, "mostly_overlap": true, "overlap_ratio": 1.0 }, "geometry": { "type": "Polygon", "coordinates": [ [ [ -61.78973315749505, 38.448836324700878 ], [ -61.78973315749505, 38.493627026133218 ], [ -61.864384326548951, 38.493627026133218 ], [ -61.864384326548951, 38.448836324700878 ], [ -61.78973315749505, 38.448836324700878 ] ] ] } },
{ "type": "Feature", "properties": { "row": 39, "col": 6, "mostly_overlap": true, "overlap_ratio": 1.0 }, "geometry": { "type": "Polygon", "coordinates": [ [ [ -61.78973315749505, 38.493627026133218 ], [ -61.78973315749505, 38.538417727565552 ], [ -61.864384326548951, 38.538417727565552 ], [ -61.864384326548951, 38.493627026133218 ], [ -61.78973315749505, 38.493627026133218 ] ] ] } },
{ "type": "Feature", "properties": { "row": 39, "col": 7, "mostly_overlap": true, "overlap_ratio": 1.0 }, "geometry": { "type": "Polygon", "coordinates": [ [ [ -61.78973315749505, 38.538417727565552 ], [ -61.78973315749505, 38.583208428997892 ], [ -61.864384326548951, 38.583208428997892 ], [ -61.864384326548951, 38.538417727565552 ], [ -61.78973315749505, 38.538417727565552 ] ] ] } },
{ "type": "Feature", "properties": { "row": 39, "col": 8, "mostly_overlap": true, "overlap_ratio": 1.0 }, "geometry": { "type": "Polygon", "coordinates": [ [ [ -61.78973315749505, 38.583208428997892 ], [ -61.78973315749505, 38.627999130430233 ], [ -61.864384326548951, 38.627999130430233 ], [ -61.864384326548951, 38.583208428997892 ], [ -61.78973315749505, 38.583208428997892 ] ] ] } },
{ "type": "Feature", "properties": { "row": 39, "col": 9, "mostly_overlap": true, "overlap_ratio": 1.0 }, "geometry": { "type": "Polygon", "coordinates": [ [ [ -61.78973315749505, 38.627999130430233 ], [ -61.78973315749505, 38.672789831862573 ], [ -61.864384326548951, 38.672789831862573 ], [ -61.864384326548951, 38.627999130430233 ], [ -61.78973315749505, 38.627999130430233 ] ] ] } },
{ "type": "Feature", "properties": { "row": 39, "col": 10, "mostly_overlap": true, "overlap_ratio": 1.0 }, "geometry": { "type": "Polygon", "coordinates": [ [ [ -61.78973315749505, 38.672789831862573 ], [ -61.78973315749505, 38.717580533294907 ], [ -61.864384326548951, 38.717580533294907 ], [ -61.864384326548951, 38.672789831862573 ], [ -61.78973315749505, 38.672789831862573 ] ] ] } },
{ "type": "Feature", "properties": { "row": 39, "col": 11, "mostly_overlap": true, "overlap_ratio": 0.5956 }, "geometry": { "type": "Polygon", "coordinates": [ [ [ -61.78973315749505, 38.717580533294907 ], [ -61.78973315749505, 38.762371234727247 ], [ -61.864384326548951, 38.762371234727247 ], [ -61.864384326548951, 38.717580533294907 ], [ -61.78973315749505, 38.717580533294907 ] ] ] } },
{ "type": "Feature", "properties": { "row": 39, "col": 12, "mostly_overlap": false, "overlap_ratio": 0.0 }, "geometry": { "type": "Polygon", "coordinates": [ [ [ -61.78973315749505, 38.762371234727247 ], [ -61.78973315749505, 38.807161936159588 ], [ -61.864384326548951, 38.807161936159588 ], [ -61.864384326548951, 38.762371234727247 ], [ -61.78973315749505, 38.762371234727247 ] ] ] } },
{ "type": "Feature", "properties": { "row": 39, "col": 13, "mostly_overlap": false, "overlap_ratio": 0.0 }, "geometry": { "type": "Polygon", "coordinates": [ [ [ -61.78973315749505, 38.807161936159588 ], [ -61.78973315749505, 38.851952637591928 ], [ -61.864384326548951, 38.851952637591928 ], [ -61.864384326548951, 38.807161936159588 ], [ -61.78973315749505, 38.807161936159588 ] ] ] } },
{ "type": "Feature", "properties": { "row": 39, "col": 14, "mostly_overlap": false, "overlap_ratio": 0.0 }, "geometry": { "type": "Polygon", "coordinates": [ [ [ -61.78973315749505, 38.851952637591928 ], [ -61.78973315749505, 38.896743339024269 ], [ -61.864384326548951, 38.896743339024269 ], [ -61.864384326548951, 38.851952637591928 ], [ -61.78973315749505, 38.851952637591928 ] ] ] } },
{ "type": "Feature", "properties": { "row": 39, "col": 15, "mostly_overlap": false, "overlap_ratio": 0.0 }, "geometry": { "type": "Polygon", "coordinates": [ [ [ -61.78973315749505, 38.896743339024269 ], [ -61.78973315749505, 38.941534040456602 ], [ -61.864384326548951, 38.941534040456602 ], [ -61.864384326548951, 38.896743339024269 ], [ -61.78973315749505, 38.896743339024269 ] ] ] } },
{ "type": "Feature", "properties": { "row": 39, "col": 16, "mostly_overlap": false, "overlap_ratio": 0.0 }, "geometry": { "type": "Polygon", "coordinates": [ [ [ -61.78973315749505, 38.941534040456602 ], [ -61.78973315749505, 38.986324741888943 ], [ -61.864384326548951, 38.986324741888943 ], [ -61.864384326548951, 38.941534040456602 ], [ -61.78973315749505, 38.941534040456602 ] ] ] } },
{ "type": "Feature", "properties": { "row": 39, "col": 17, "mostly_overlap": false, "overlap_ratio": 0.0 }, "geometry": { "type": "Polygon", "coordinates": [ [ [ -61.78973315749505, 38.986324741888943 ], [ -61.78973315749505, 39.031115443321283 ], [ -61.864384326548951, 39.031115443321283 ], [ -61.864384326548951, 38.986324741888943 ], [ -61.78973315749505, 38.986324741888943 ] ] ] } },
{ "type": "Feature", "properties": { "row": 39, "col": 18, "mostly_overlap": false, "overlap_ratio": 0.0 }, "geometry": { "type": "Polygon", "coordinates": [ [ [ -61.78973315749505, 39.031115443321283 ], [ -61.78973315749505, 39.075906144753617 ], [ -61.864384326548951, 39.075906144753617 ], [ -61.864384326548951, 39.031115443321283 ], [ -61.78973315749505, 39.031115443321283 ] ] ] } },
{ "type": "Feature", "properties": { "row": 39, "col": 19, "mostly_overlap": false, "overlap_ratio": 0.0 }, "geometry": { "type": "Polygon", "coordinates": [ [ [ -61.78973315749505, 39.075906144753617 ], [ -61.78973315749505, 39.120696846185957 ], [ -61.864384326548951, 39.120696846185957 ], [ -61.864384326548951, 39.075906144753617 ], [ -61.78973315749505, 39.075906144753617 ] ] ] } },
{ "type": "Feature", "properties": { "row": 39, "col": 20, "mostly_overlap": false, "overlap_ratio": 0.0 }, "geometry": { "type": "Polygon", "coordinates": [ [ [ -61.78973315749505, 39.120696846185957 ], [ -61.78973315749505, 39.165487547618298 ], [ -61.864384326548951, 39.165487547618298 ], [ -61.864384326548951, 39.120696846185957 ], [ -61.78973315749505, 39.120696846185957 ] ] ] } },
{ "type": "Feature", "properties": { "row": 40, "col": 1, "mostly_overlap": true, "overlap_ratio": 0.5211 }, "geometry": { "type": "Polygon", "coordinates": [ [ [ -61.864384326548951, 38.269673518971523 ], [ -61.864384326548951, 38.314464220403863 ], [ -61.939035495602852, 38.314464220403863 ], [ -61.939035495602852, 38.269673518971523 ], [ -61.864384326548951, 38.269673518971523 ] ] ] } },
{ "type": "Feature", "properties": { "row": 40, "col": 2, "mostly_overlap": true, "overlap_ratio": 1.0 }, "geometry": { "type": "Polygon", "coordinates": [ [ [ -61.864384326548951, 38.314464220403863 ], [ -61.864384326548951, 38.359254921836197 ], [ -61.939035495602852, 38.359254921836197 ], [ -61.939035495602852, 38.314464220403863 ], [ -61.864384326548951, 38.314464220403863 ] ] ] } },
{ "type": "Feature", "properties": { "row": 40, "col": 3, "mostly_overlap": true, "overlap_ratio": 1.0 }, "geometry": { "type": "Polygon", "coordinates": [ [ [ -61.864384326548951, 38.359254921836197 ], [ -61.864384326548951, 38.404045623268537 ], [ -61.939035495602852, 38.404045623268537 ], [ -61.939035495602852, 38.359254921836197 ], [ -61.864384326548951, 38.359254921836197 ] ] ] } },
{ "type": "Feature", "properties": { "row": 40, "col": 4, "mostly_overlap": true, "overlap_ratio": 1.0 }, "geometry": { "type": "Polygon", "coordinates": [ [ [ -61.864384326548951, 38.404045623268537 ], [ -61.864384326548951, 38.448836324700878 ], [ -61.939035495602852, 38.448836324700878 ], [ -61.939035495602852, 38.404045623268537 ], [ -61.864384326548951, 38.404045623268537 ] ] ] } },
{ "type": "Feature", "properties": { "row": 40, "col": 5, "mostly_overlap": true, "overlap_ratio": 1.0 }, "geometry": { "type": "Polygon", "coordinates": [ [ [ -61.864384326548951, 38.448836324700878 ], [ -61.864384326548951, 38.493627026133218 ], [ -61.939035495602852, 38.493627026133218 ], [ -61.939035495602852, 38.448836324700878 ], [ -61.864384326548951, 38.448836324700878 ] ] ] } },
{ "type": "Feature", "properties": { "row": 40, "col": 6, "mostly_overlap": true, "overlap_ratio": 1.0 }, "geometry": { "type": "Polygon", "coordinates": [ [ [ -61.864384326548951, 38.493627026133218 ], [ -61.864384326548951, 38.538417727565552 ], [ -61.939035495602852, 38.538417727565552 ], [ -61.939035495602852, 38.493627026133218 ], [ -61.864384326548951, 38.493627026133218 ] ] ] } },
{ "type": "Feature", "properties": { "row": 40, "col": 7, "mostly_overlap": true, "overlap_ratio": 1.0 }, "geometry": { "type": "Polygon", "coordinates": [ [ [ -61.864384326548951, 38.538417727565552 ], [ -61.864384326548951, 38.583208428997892 ], [ -61.939035495602852, 38.583208428997892 ], [ -61.939035495602852, 38.538417727565552 ], [ -61.864384326548951, 38.538417727565552 ] ] ] } },
{ "type": "Feature", "properties": { "row": 40, "col": 8, "mostly_overlap": true, "overlap_ratio": 1.0 }, "geometry": { "type": "Polygon", "coordinates": [ [ [ -61.864384326548951, 38.583208428997892 ], [ -61.864384326548951, 38.627999130430233 ], [ -61.939035495602852, 38.627999130430233 ], [ -61.939035495602852, 38.583208428997892 ], [ -61.864384326548951, 38.583208428997892 ] ] ] } },
{ "type": "Feature", "properties": { "row": 40, "col": 9, "mostly_overlap": true, "overlap_ratio": 1.0 }, "geometry": { "type": "Polygon", "coordinates": [ [ [ -61.864384326548951, 38.627999130430233 ], [ -61.864384326548951, 38.672789831862573 ], [ -61.939035495602852, 38.672789831862573 ], [ -61.939035495602852, 38.627999130430233 ], [ -61.864384326548951, 38.627999130430233 ] ] ] } },
{ "type": "Feature", "properties": { "row": 40, "col": 10, "mostly_overlap": true, "overlap_ratio": 1.0 }, "geometry": { "type": "Polygon", "coordinates": [ [ [ -61.864384326548951, 38.672789831862573 ], [ -61.864384326548951, 38.717580533294907 ], [ -61.939035495602852, 38.717580533294907 ], [ -61.939035495602852, 38.672789831862573 ], [ -61.864384326548951, 38.672789831862573 ] ] ] } },
{ "type": "Feature", "properties": { "row": 40, "col": 11, "mostly_overlap": true, "overlap_ratio": 0.5977 }, "geometry": { "type": "Polygon", "coordinates": [ [ [ -61.864384326548951, 38.717580533294907 ], [ -61.864384326548951, 38.762371234727247 ], [ -61.939035495602852, 38.762371234727247 ], [ -61.939035495602852, 38.717580533294907 ], [ -61.864384326548951, 38.717580533294907 ] ] ] } },
{ "type": "Feature", "properties": { "row": 40, "col": 12, "mostly_overlap": false, "overlap_ratio": 0.0 }, "geometry": { "type": "Polygon", "coordinates": [ [ [ -61.864384326548951, 38.762371234727247 ], [ -61.864384326548951, 38.807161936159588 ], [ -61.939035495602852, 38.807161936159588 ], [ -61.939035495602852, 38.762371234727247 ], [ -61.864384326548951, 38.762371234727247 ] ] ] } },
{ "type": "Feature", "properties": { "row": 40, "col": 13, "mostly_overlap": false, "overlap_ratio": 0.0 }, "geometry": { "type": "Polygon", "coordinates": [ [ [ -61.864384326548951, 38.807161936159588 ], [ -61.864384326548951, 38.851952637591928 ], [ -61.939035495602852, 38.851952637591928 ], [ -61.939035495602852, 38.807161936159588 ], [ -61.864384326548951, 38.807161936159588 ] ] ] } },
{ "type": "Feature", "properties": { "row": 40, "col": 14, "mostly_overlap": false, "overlap_ratio": 0.0 }, "geometry": { "type": "Polygon", "coordinates": [ [ [ -61.864384326548951, 38.851952637591928 ], [ -61.864384326548951, 38.896743339024269 ], [ -61.939035495602852, 38.896743339024269 ], [ -61.939035495602852, 38.851952637591928 ], [ -61.864384326548951, 38.851952637591928 ] ] ] } },
{ "type": "Feature", "properties": { "row": 40, "col": 15, "mostly_overlap": false, "overlap_ratio": 0.0 }, "geometry": { "type": "Polygon", "coordinates": [ [ [ -61.864384326548951, 38.896743339024269 ], [ -61.864384326548951, 38.941534040456602 ], [ -61.939035495602852, 38.941534040456602 ], [ -61.939035495602852, 38.896743339024269 ], [ -61.864384326548951, 38.896743339024269 ] ] ] } },
{ "type": "Feature", "properties": { "row": 40, "col": 16, "mostly_overlap": false, "overlap_ratio": 0.0 }, "geometry": { "type": "Polygon", "coordinates": [ [ [ -61.864384326548951, 38.941534040456602 ], [ -61.864384326548951, 38.986324741888943 ], [ -61.939035495602852, 38.986324741888943 ], [ -61.939035495602852, 38.941534040456602 ], [ -61.864384326548951, 38.941534040456602 ] ] ] } },
{ "type": "Feature", "properties": { "row": 40, "col": 17, "mostly_overlap": false, "overlap_ratio": 0.0 }, "geometry": { "type": "Polygon", "coordinates": [ [ [ -61.864384326548951, 38.986324741888943 ], [ -61.864384326548951, 39.031115443321283 ], [ -61.939035495602852, 39.031115443321283 ], [ -61.939035495602852, 38.986324741888943 ], [ -61.864384326548951, 38.986324741888943 ] ] ] } },
{ "type": "Feature", "properties": { "row": 40, "col": 18, "mostly_overlap": false, "overlap_ratio": 0.0 }, "geometry": { "type": "Polygon", "coordinates": [ [ [ -61.864384326548951, 39.031115443321283 ], [ -61.864384326548951, 39.075906144753617 ], [ -61.939035495602852, 39.075906144753617 ], [ -61.939035495602852, 39.031115443321283 ], [ -61.864384326548951, 39.031115443321283 ] ] ] } },
{ "type": "Feature", "properties": { "row": 40, "col": 19, "mostly_overlap": false, "overlap_ratio": 0.0 }, "geometry": { "type": "Polygon", "coordinates": [ [ [ -61.864384326548951, 39.075906144753617 ], [ -61.864384326548951, 39.120696846185957 ], [ -61.939035495602852, 39.120696846185957 ], [ -61.939035495602852, 39.075906144753617 ], [ -61.864384326548951, 39.075906144753617 ] ] ] } },
{ "type": "Feature", "properties": { "row": 40, "col": 20, "mostly_overlap": false, "overlap_ratio": 0.0 }, "geometry": { "type": "Polygon", "coordinates": [ [ [ -61.864384326548951, 39.120696846185957 ], [ -61.864384326548951, 39.165487547618298 ], [ -61.939035495602852, 39.165487547618298 ], [ -61.939035495602852, 39.120696846185957 ], [ -61.864384326548951, 39.120696846185957 ] ] ] } },
{ "type": "Feature", "properties": { "row": 41, "col": 1, "mostly_overlap": true, "overlap_ratio": 0.5184 }, "geometry": { "type": "Polygon", "coordinates": [ [ [ -61.939035495602852, 38.269673518971523 ], [ -61.939035495602852, 38.314464220403863 ], [ -62.013686664656746, 38.314464220403863 ], [ -62.013686664656746, 38.269673518971523 ], [ -61.939035495602852, 38.269673518971523 ] ] ] } },
{ "type": "Feature", "properties": { "row": 41, "col": 2, "mostly_overlap": true, "overlap_ratio": 1.0 }, "geometry": { "type": "Polygon", "coordinates": [ [ [ -61.939035495602852, 38.314464220403863 ], [ -61.939035495602852, 38.359254921836197 ], [ -62.013686664656746, 38.359254921836197 ], [ -62.013686664656746, 38.314464220403863 ], [ -61.939035495602852, 38.314464220403863 ] ] ] } },
{ "type": "Feature", "properties": { "row": 41, "col": 3, "mostly_overlap": true, "overlap_ratio": 1.0 }, "geometry": { "type": "Polygon", "coordinates": [ [ [ -61.939035495602852, 38.359254921836197 ], [ -61.939035495602852, 38.404045623268537 ], [ -62.013686664656746, 38.404045623268537 ], [ -62.013686664656746, 38.359254921836197 ], [ -61.939035495602852, 38.359254921836197 ] ] ] } },
{ "type": "Feature", "properties": { "row": 41, "col": 4, "mostly_overlap": true, "overlap_ratio": 1.0 }, "geometry": { "type": "Polygon", "coordinates": [ [ [ -61.939035495602852, 38.404045623268537 ], [ -61.939035495602852, 38.448836324700878 ], [ -62.013686664656746, 38.448836324700878 ], [ -62.013686664656746, 38.404045623268537 ], [ -61.939035495602852, 38.404045623268537 ] ] ] } },
{ "type": "Feature", "properties": { "row": 41, "col": 5, "mostly_overlap": true, "overlap_ratio": 1.0 }, "geometry": { "type": "Polygon", "coordinates": [ [ [ -61.939035495602852, 38.448836324700878 ], [ -61.939035495602852, 38.493627026133218 ], [ -62.013686664656746, 38.493627026133218 ], [ -62.013686664656746, 38.448836324700878 ], [ -61.939035495602852, 38.448836324700878 ] ] ] } },
{ "type": "Feature", "properties": { "row": 41, "col": 6, "mostly_overlap": true, "overlap_ratio": 1.0 }, "geometry": { "type": "Polygon", "coordinates": [ [ [ -61.939035495602852, 38.493627026133218 ], [ -61.939035495602852, 38.538417727565552 ], [ -62.013686664656746, 38.538417727565552 ], [ -62.013686664656746, 38.493627026133218 ], [ -61.939035495602852, 38.493627026133218 ] ] ] } },
{ "type": "Feature", "properties": { "row": 41, "col": 7, "mostly_overlap": true, "overlap_ratio": 1.0 }, "geometry": { "type": "Polygon", "coordinates": [ [ [ -61.939035495602852, 38.538417727565552 ], [ -61.939035495602852, 38.583208428997892 ], [ -62.013686664656746, 38.583208428997892 ], [ -62.013686664656746, 38.538417727565552 ], [ -61.939035495602852, 38.538417727565552 ] ] ] } },
{ "type": "Feature", "properties": { "row": 41, "col": 8, "mostly_overlap": true, "overlap_ratio": 1.0 }, "geometry": { "type": "Polygon", "coordinates": [ [ [ -61.939035495602852, 38.583208428997892 ], [ -61.939035495602852, 38.627999130430233 ], [ -62.013686664656746, 38.627999130430233 ], [ -62.013686664656746, 38.583208428997892 ], [ -61.939035495602852, 38.583208428997892 ] ] ] } },
{ "type": "Feature", "properties": { "row": 41, "col": 9, "mostly_overlap": true, "overlap_ratio": 1.0 }, "geometry": { "type": "Polygon", "coordinates": [ [ [ -61.939035495602852, 38.627999130430233 ], [ -61.939035495602852, 38.672789831862573 ], [ -62.013686664656746, 38.672789831862573 ], [ -62.013686664656746, 38.627999130430233 ], [ -61.939035495602852, 38.627999130430233 ] ] ] } },
{ "type": "Feature", "properties": { "row": 41, "col": 10, "mostly_overlap": true, "overlap_ratio": 1.0 }, "geometry": { "type": "Polygon", "coordinates": [ [ [ -61.939035495602852, 38.672789831862573 ], [ -61.939035495602852, 38.717580533294907 ], [ -62.013686664656746, 38.717580533294907 ], [ -62.013686664656746, 38.672789831862573 ], [ -61.939035495602852, 38.672789831862573 ] ] ] } },
{ "type": "Feature", "properties": { "row": 41, "col": 11, "mostly_overlap": true, "overlap_ratio": 0.6 }, "geometry": { "type": "Polygon", "coordinates": [ [ [ -61.939035495602852, 38.717580533294907 ], [ -61.939035495602852, 38.762371234727247 ], [ -62.013686664656746, 38.762371234727247 ], [ -62.013686664656746, 38.717580533294907 ], [ -61.939035495602852, 38.717580533294907 ] ] ] } },
{ "type": "Feature", "properties": { "row": 41, "col": 12, "mostly_overlap": false, "overlap_ratio": 0.0 }, "geometry": { "type": "Polygon", "coordinates": [ [ [ -61.939035495602852, 38.762371234727247 ], [ -61.939035495602852, 38.807161936159588 ], [ -62.013686664656746, 38.807161936159588 ], [ -62.013686664656746, 38.762371234727247 ], [ -61.939035495602852, 38.762371234727247 ] ] ] } },
{ "type": "Feature", "properties": { "row": 41, "col": 13, "mostly_overlap": false, "overlap_ratio": 0.0 }, "geometry": { "type": "Polygon", "coordinates": [ [ [ -61.939035495602852, 38.807161936159588 ], [ -61.939035495602852, 38.851952637591928 ], [ -62.013686664656746, 38.851952637591928 ], [ -62.013686664656746, 38.807161936159588 ], [ -61.939035495602852, 38.807161936159588 ] ] ] } },
{ "type": "Feature", "properties": { "row": 41, "col": 14, "mostly_overlap": false, "overlap_ratio": 0.0 }, "geometry": { "type": "Polygon", "coordinates": [ [ [ -61.939035495602852, 38.851952637591928 ], [ -61.939035495602852, 38.896743339024269 ], [ -62.013686664656746, 38.896743339024269 ], [ -62.013686664656746, 38.851952637591928 ], [ -61.939035495602852, 38.851952637591928 ] ] ] } },
{ "type": "Feature", "properties": { "row": 41, "col": 15, "mostly_overlap": false, "overlap_ratio": 0.0 }, "geometry": { "type": "Polygon", "coordinates": [ [ [ -61.939035495602852, 38.896743339024269 ], [ -61.939035495602852, 38.941534040456602 ], [ -62.013686664656746, 38.941534040456602 ], [ -62.013686664656746, 38.896743339024269 ], [ -61.939035495602852, 38.896743339024269 ] ] ] } },
{ "type": "Feature", "properties": { "row": 41, "col": 16, "mostly_overlap": false, "overlap_ratio": 0.0 }, "geometry": { "type": "Polygon", "coordinates": [ [ [ -61.939035495602852, 38.941534040456602 ], [ -61.939035495602852, 38.986324741888943 ], [ -62.013686664656746, 38.986324741888943 ], [ -62.013686664656746, 38.941534040456602 ], [ -61.939035495602852, 38.941534040456602 ] ] ] } },
{ "type": "Feature", "properties": { "row": 41, "col": 17, "mostly_overlap": false, "overlap_ratio": 0.0 }, "geometry": { "type": "Polygon", "coordinates": [ [ [ -61.939035495602852, 38.986324741888943 ], [ -61.939035495602852, 39.031115443321283 ], [ -62.013686664656746, 39.031115443321283 ], [ -62.013686664656746, 38.986324741888943 ], [ -61.939035495602852, 38.986324741888943 ] ] ] } },
{ "type": "Feature", "properties": { "row": 41, "col": 18, "mostly_overlap": false, "overlap_ratio": 0.0 }, "geometry": { "type": "Polygon", "coordinates": [ [ [ -61.939035495602852, 39.031115443321283 ], [ -61.939035495602852, 39.075906144753617 ], [ -62.013686664656746, 39.075906144753617 ], [ -62.013686664656746, 39.031115443321283 ], [ -61.939035495602852, 39.031115443321283 ] ] ] } },
{ "type": "Feature", "properties": { "row": 41, "col": 19, "mostly_overlap": false, "overlap_ratio": 0.0 }, "geometry": { "type": "Polygon", "coordinates": [ [ [ -61.939035495602852, 39.075906144753617 ], [ -61.939035495602852, 39.120696846185957 ], [ -62.013686664656746, 39.120696846185957 ], [ -62.013686664656746, 39.075906144753617 ], [ -61.939035495602852, 39.075906144753617 ] ] ] } },
{ "type": "Feature", "properties": { "row": 41, "col": 20, "mostly_overlap": false, "overlap_ratio": 0.0 }, "geometry": { "type": "Polygon", "coordinates": [ [ [ -61.939035495602852, 39.120696846185957 ], [ -61.939035495602852, 39.165487547618298 ], [ -62.013686664656746, 39.165487547618298 ], [ -62.013686664656746, 39.120696846185957 ], [ -61.939035495602852, 39.120696846185957 ] ] ] } },
{ "type": "Feature", "properties": { "row": 42, "col": 1, "mostly_overlap": true, "overlap_ratio": 0.5158 }, "geometry": { "type": "Polygon", "coordinates": [ [ [ -62.013686664656746, 38.269673518971523 ], [ -62.013686664656746, 38.314464220403863 ], [ -62.088337833710646, 38.314464220403863 ], [ -62.088337833710646, 38.269673518971523 ], [ -62.013686664656746, 38.269673518971523 ] ] ] } },
{ "type": "Feature", "properties": { "row": 42, "col": 2, "mostly_overlap": true, "overlap_ratio": 1.0 }, "geometry": { "type": "Polygon", "coordinates": [ [ [ -62.013686664656746, 38.314464220403863 ], [ -62.013686664656746, 38.359254921836197 ], [ -62.088337833710646, 38.359254921836197 ], [ -62.088337833710646, 38.314464220403863 ], [ -62.013686664656746, 38.314464220403863 ] ] ] } },
{ "type": "Feature", "properties": { "row": 42, "col": 3, "mostly_overlap": true, "overlap_ratio": 1.0 }, "geometry": { "type": "Polygon", "coordinates": [ [ [ -62.013686664656746, 38.359254921836197 ], [ -62.013686664656746, 38.404045623268537 ], [ -62.088337833710646, 38.404045623268537 ], [ -62.088337833710646, 38.359254921836197 ], [ -62.013686664656746, 38.359254921836197 ] ] ] } },
{ "type": "Feature", "properties": { "row": 42, "col": 4, "mostly_overlap": true, "overlap_ratio": 1.0 }, "geometry": { "type": "Polygon", "coordinates": [ [ [ -62.013686664656746, 38.404045623268537 ], [ -62.013686664656746, 38.448836324700878 ], [ -62.088337833710646, 38.448836324700878 ], [ -62.088337833710646, 38.404045623268537 ], [ -62.013686664656746, 38.404045623268537 ] ] ] } },
{ "type": "Feature", "properties": { "row": 42, "col": 5, "mostly_overlap": true, "overlap_ratio": 1.0 }, "geometry": { "type": "Polygon", "coordinates": [ [ [ -62.013686664656746, 38.448836324700878 ], [ -62.013686664656746, 38.493627026133218 ], [ -62.088337833710646, 38.493627026133218 ], [ -62.088337833710646, 38.448836324700878 ], [ -62.013686664656746, 38.448836324700878 ] ] ] } },
{ "type": "Feature", "properties": { "row": 42, "col": 6, "mostly_overlap": true, "overlap_ratio": 1.0 }, "geometry": { "type": "Polygon", "coordinates": [ [ [ -62.013686664656746, 38.493627026133218 ], [ -62.013686664656746, 38.538417727565552 ], [ -62.088337833710646, 38.538417727565552 ], [ -62.088337833710646, 38.493627026133218 ], [ -62.013686664656746, 38.493627026133218 ] ] ] } },
{ "type": "Feature", "properties": { "row": 42, "col": 7, "mostly_overlap": true, "overlap_ratio": 1.0 }, "geometry": { "type": "Polygon", "coordinates": [ [ [ -62.013686664656746, 38.538417727565552 ], [ -62.013686664656746, 38.583208428997892 ], [ -62.088337833710646, 38.583208428997892 ], [ -62.088337833710646, 38.538417727565552 ], [ -62.013686664656746, 38.538417727565552 ] ] ] } },
{ "type": "Feature", "properties": { "row": 42, "col": 8, "mostly_overlap": true, "overlap_ratio": 1.0 }, "geometry": { "type": "Polygon", "coordinates": [ [ [ -62.013686664656746, 38.583208428997892 ], [ -62.013686664656746, 38.627999130430233 ], [ -62.088337833710646, 38.627999130430233 ], [ -62.088337833710646, 38.583208428997892 ], [ -62.013686664656746, 38.583208428997892 ] ] ] } },
{ "type": "Feature", "properties": { "row": 42, "col": 9, "mostly_overlap": true, "overlap_ratio": 1.0 }, "geometry": { "type": "Polygon", "coordinates": [ [ [ -62.013686664656746, 38.627999130430233 ], [ -62.013686664656746, 38.672789831862573 ], [ -62.088337833710646, 38.672789831862573 ], [ -62.088337833710646, 38.627999130430233 ], [ -62.013686664656746, 38.627999130430233 ] ] ] } },
{ "type": "Feature", "properties": { "row": 42, "col": 10, "mostly_overlap": true, "overlap_ratio": 1.0 }, "geometry": { "type": "Polygon", "coordinates": [ [ [ -62.013686664656746, 38.672789831862573 ], [ -62.013686664656746, 38.717580533294907 ], [ -62.088337833710646, 38.717580533294907 ], [ -62.088337833710646, 38.672789831862573 ], [ -62.013686664656746, 38.672789831862573 ] ] ] } },
{ "type": "Feature", "properties": { "row": 42, "col": 11, "mostly_overlap": true, "overlap_ratio": 0.6039 }, "geometry": { "type": "Polygon", "coordinates": [ [ [ -62.013686664656746, 38.717580533294907 ], [ -62.013686664656746, 38.762371234727247 ], [ -62.088337833710646, 38.762371234727247 ], [ -62.088337833710646, 38.717580533294907 ], [ -62.013686664656746, 38.717580533294907 ] ] ] } },
{ "type": "Feature", "properties": { "row": 42, "col": 12, "mostly_overlap": false, "overlap_ratio": 0.0 }, "geometry": { "type": "Polygon", "coordinates": [ [ [ -62.013686664656746, 38.762371234727247 ], [ -62.013686664656746, 38.807161936159588 ], [ -62.088337833710646, 38.807161936159588 ], [ -62.088337833710646, 38.762371234727247 ], [ -62.013686664656746, 38.762371234727247 ] ] ] } },
{ "type": "Feature", "properties": { "row": 42, "col": 13, "mostly_overlap": false, "overlap_ratio": 0.0 }, "geometry": { "type": "Polygon", "coordinates": [ [ [ -62.013686664656746, 38.807161936159588 ], [ -62.013686664656746, 38.851952637591928 ], [ -62.088337833710646, 38.851952637591928 ], [ -62.088337833710646, 38.807161936159588 ], [ -62.013686664656746, 38.807161936159588 ] ] ] } },
{ "type": "Feature", "properties": { "row": 42, "col": 14, "mostly_overlap": false, "overlap_ratio": 0.0 }, "geometry": { "type": "Polygon", "coordinates": [ [ [ -62.013686664656746, 38.851952637591928 ], [ -62.013686664656746, 38.896743339024269 ], [ -62.088337833710646, 38.896743339024269 ], [ -62.088337833710646, 38.851952637591928 ], [ -62.013686664656746, 38.851952637591928 ] ] ] } },
{ "type": "Feature", "properties": { "row": 42, "col": 15, "mostly_overlap": false, "overlap_ratio": 0.0 }, "geometry": { "type": "Polygon", "coordinates": [ [ [ -62.013686664656746, 38.896743339024269 ], [ -62.013686664656746, 38.941534040456602 ], [ -62.088337833710646, 38.941534040456602 ], [ -62.088337833710646, 38.896743339024269 ], [ -62.013686664656746, 38.896743339024269 ] ] ] } },
{ "type": "Feature", "properties": { "row": 42, "col": 16, "mostly_overlap": false, "overlap_ratio": 0.0 }, "geometry": { "type": "Polygon", "coordinates": [ [ [ -62.013686664656746, 38.941534040456602 ], [ -62.013686664656746, 38.986324741888943 ], [ -62.088337833710646, 38.986324741888943 ], [ -62.088337833710646, 38.941534040456602 ], [ -62.013686664656746, 38.941534040456602 ] ] ] } },
{ "type": "Feature", "properties": { "row": 42, "col": 17, "mostly_overlap": false, "overlap_ratio": 0.0 }, "geometry": { "type": "Polygon", "coordinates": [ [ [ -62.013686664656746, 38.986324741888943 ], [ -62.013686664656746, 39.031115443321283 ], [ -62.088337833710646, 39.031115443321283 ], [ -62.088337833710646, 38.986324741888943 ], [ -62.013686664656746, 38.986324741888943 ] ] ] } },
{ "type": "Feature", "properties": { "row": 42, "col": 18, "mostly_overlap": false, "overlap_ratio": 0.0 }, "geometry": { "type": "Polygon", "coordinates": [ [ [ -62.013686664656746, 39.031115443321283 ], [ -62.013686664656746, 39.075906144753617 ], [ -62.088337833710646, 39.075906144753617 ], [ -62.088337833710646, 39.031115443321283 ], [ -62.013686664656746, 39.031115443321283 ] ] ] } },
{ "type": "Feature", "properties": { "row": 42, "col": 19, "mostly_overlap": false, "overlap_ratio": 0.0 }, "geometry": { "type": "Polygon", "coordinates": [ [ [ -62.013686664656746, 39.075906144753617 ], [ -62.013686664656746, 39.120696846185957 ], [ -62.088337833710646, 39.120696846185957 ], [ -62.088337833710646, 39.075906144753617 ], [ -62.013686664656746, 39.075906144753617 ] ] ] } },
{ "type": "Feature", "properties": { "row": 42, "col": 20, "mostly_overlap": false, "overlap_ratio": 0.0 }, "geometry": { "type": "Polygon", "coordinates": [ [ [ -62.013686664656746, 39.120696846185957 ], [ -62.013686664656746, 39.165487547618298 ], [ -62.088337833710646, 39.165487547618298 ], [ -62.088337833710646, 39.120696846185957 ], [ -62.013686664656746, 39.120696846185957 ] ] ] } },
{ "type": "Feature", "properties": { "row": 43, "col": 1, "mostly_overlap": true, "overlap_ratio": 0.5132 }, "geometry": { "type": "Polygon", "coordinates": [ [ [ -62.088337833710646, 38.269673518971523 ], [ -62.088337833710646, 38.314464220403863 ], [ -62.16298900276454, 38.314464220403863 ], [ -62.16298900276454, 38.269673518971523 ], [ -62.088337833710646, 38.269673518971523 ] ] ] } },
{ "type": "Feature", "properties": { "row": 43, "col": 2, "mostly_overlap": true, "overlap_ratio": 1.0 }, "geometry": { "type": "Polygon", "coordinates": [ [ [ -62.088337833710646, 38.314464220403863 ], [ -62.088337833710646, 38.359254921836197 ], [ -62.16298900276454, 38.359254921836197 ], [ -62.16298900276454, 38.314464220403863 ], [ -62.088337833710646, 38.314464220403863 ] ] ] } },
{ "type": "Feature", "properties": { "row": 43, "col": 3, "mostly_overlap": true, "overlap_ratio": 1.0 }, "geometry": { "type": "Polygon", "coordinates": [ [ [ -62.088337833710646, 38.359254921836197 ], [ -62.088337833710646, 38.404045623268537 ], [ -62.16298900276454, 38.404045623268537 ], [ -62.16298900276454, 38.359254921836197 ], [ -62.088337833710646, 38.359254921836197 ] ] ] } },
{ "type": "Feature", "properties": { "row": 43, "col": 4, "mostly_overlap": true, "overlap_ratio": 1.0 }, "geometry": { "type": "Polygon", "coordinates": [ [ [ -62.088337833710646, 38.404045623268537 ], [ -62.088337833710646, 38.448836324700878 ], [ -62.16298900276454, 38.448836324700878 ], [ -62.16298900276454, 38.404045623268537 ], [ -62.088337833710646, 38.404045623268537 ] ] ] } },
{ "type": "Feature", "properties": { "row": 43, "col": 5, "mostly_overlap": true, "overlap_ratio": 1.0 }, "geometry": { "type": "Polygon", "coordinates": [ [ [ -62.088337833710646, 38.448836324700878 ], [ -62.088337833710646, 38.493627026133218 ], [ -62.16298900276454, 38.493627026133218 ], [ -62.16298900276454, 38.448836324700878 ], [ -62.088337833710646, 38.448836324700878 ] ] ] } },
{ "type": "Feature", "properties": { "row": 43, "col": 6, "mostly_overlap": true, "overlap_ratio": 1.0 }, "geometry": { "type": "Polygon", "coordinates": [ [ [ -62.088337833710646, 38.493627026133218 ], [ -62.088337833710646, 38.538417727565552 ], [ -62.16298900276454, 38.538417727565552 ], [ -62.16298900276454, 38.493627026133218 ], [ -62.088337833710646, 38.493627026133218 ] ] ] } },
{ "type": "Feature", "properties": { "row": 43, "col": 7, "mostly_overlap": true, "overlap_ratio": 1.0 }, "geometry": { "type": "Polygon", "coordinates": [ [ [ -62.088337833710646, 38.538417727565552 ], [ -62.088337833710646, 38.583208428997892 ], [ -62.16298900276454, 38.583208428997892 ], [ -62.16298900276454, 38.538417727565552 ], [ -62.088337833710646, 38.538417727565552 ] ] ] } },
{ "type": "Feature", "properties": { "row": 43, "col": 8, "mostly_overlap": true, "overlap_ratio": 1.0 }, "geometry": { "type": "Polygon", "coordinates": [ [ [ -62.088337833710646, 38.583208428997892 ], [ -62.088337833710646, 38.627999130430233 ], [ -62.16298900276454, 38.627999130430233 ], [ -62.16298900276454, 38.583208428997892 ], [ -62.088337833710646, 38.583208428997892 ] ] ] } },
{ "type": "Feature", "properties": { "row": 43, "col": 9, "mostly_overlap": true, "overlap_ratio": 1.0 }, "geometry": { "type": "Polygon", "coordinates": [ [ [ -62.088337833710646, 38.627999130430233 ], [ -62.088337833710646, 38.672789831862573 ], [ -62.16298900276454, 38.672789831862573 ], [ -62.16298900276454, 38.627999130430233 ], [ -62.088337833710646, 38.627999130430233 ] ] ] } },
{ "type": "Feature", "properties": { "row": 43, "col": 10, "mostly_overlap": true, "overlap_ratio": 1.0 }, "geometry": { "type": "Polygon", "coordinates": [ [ [ -62.088337833710646, 38.672789831862573 ], [ -62.088337833710646, 38.717580533294907 ], [ -62.16298900276454, 38.717580533294907 ], [ -62.16298900276454, 38.672789831862573 ], [ -62.088337833710646, 38.672789831862573 ] ] ] } },
{ "type": "Feature", "properties": { "row": 43, "col": 11, "mostly_overlap": true, "overlap_ratio": 0.6082 }, "geometry": { "type": "Polygon", "coordinates": [ [ [ -62.088337833710646, 38.717580533294907 ], [ -62.088337833710646, 38.762371234727247 ], [ -62.16298900276454, 38.762371234727247 ], [ -62.16298900276454, 38.717580533294907 ], [ -62.088337833710646, 38.717580533294907 ] ] ] } },
{ "type": "Feature", "properties": { "row": 43, "col": 12, "mostly_overlap": false, "overlap_ratio": 0.0 }, "geometry": { "type": "Polygon", "coordinates": [ [ [ -62.088337833710646, 38.762371234727247 ], [ -62.088337833710646, 38.807161936159588 ], [ -62.16298900276454, 38.807161936159588 ], [ -62.16298900276454, 38.762371234727247 ], [ -62.088337833710646, 38.762371234727247 ] ] ] } },
{ "type": "Feature", "properties": { "row": 43, "col": 13, "mostly_overlap": false, "overlap_ratio": 0.0 }, "geometry": { "type": "Polygon", "coordinates": [ [ [ -62.088337833710646, 38.807161936159588 ], [ -62.088337833710646, 38.851952637591928 ], [ -62.16298900276454, 38.851952637591928 ], [ -62.16298900276454, 38.807161936159588 ], [ -62.088337833710646, 38.807161936159588 ] ] ] } },
{ "type": "Feature", "properties": { "row": 43, "col": 14, "mostly_overlap": false, "overlap_ratio": 0.0 }, "geometry": { "type": "Polygon", "coordinates": [ [ [ -62.088337833710646, 38.851952637591928 ], [ -62.088337833710646, 38.896743339024269 ], [ -62.16298900276454, 38.896743339024269 ], [ -62.16298900276454, 38.851952637591928 ], [ -62.088337833710646, 38.851952637591928 ] ] ] } },
{ "type": "Feature", "properties": { "row": 43, "col": 15, "mostly_overlap": false, "overlap_ratio": 0.0 }, "geometry": { "type": "Polygon", "coordinates": [ [ [ -62.088337833710646, 38.896743339024269 ], [ -62.088337833710646, 38.941534040456602 ], [ -62.16298900276454, 38.941534040456602 ], [ -62.16298900276454, 38.896743339024269 ], [ -62.088337833710646, 38.896743339024269 ] ] ] } },
{ "type": "Feature", "properties": { "row": 43, "col": 16, "mostly_overlap": false, "overlap_ratio": 0.0 }, "geometry": { "type": "Polygon", "coordinates": [ [ [ -62.088337833710646, 38.941534040456602 ], [ -62.088337833710646, 38.986324741888943 ], [ -62.16298900276454, 38.986324741888943 ], [ -62.16298900276454, 38.941534040456602 ], [ -62.088337833710646, 38.941534040456602 ] ] ] } },
{ "type": "Feature", "properties": { "row": 43, "col": 17, "mostly_overlap": false, "overlap_ratio": 0.0 }, "geometry": { "type": "Polygon", "coordinates": [ [ [ -62.088337833710646, 38.986324741888943 ], [ -62.088337833710646, 39.031115443321283 ], [ -62.16298900276454, 39.031115443321283 ], [ -62.16298900276454, 38.986324741888943 ], [ -62.088337833710646, 38.986324741888943 ] ] ] } },
{ "type": "Feature", "properties": { "row": 43, "col": 18, "mostly_overlap": false, "overlap_ratio": 0.0 }, "geometry": { "type": "Polygon", "coordinates": [ [ [ -62.088337833710646, 39.031115443321283 ], [ -62.088337833710646, 39.075906144753617 ], [ -62.16298900276454, 39.075906144753617 ], [ -62.16298900276454, 39.031115443321283 ], [ -62.088337833710646, 39.031115443321283 ] ] ] } },
{ "type": "Feature", "properties": { "row": 43, "col": 19, "mostly_overlap": false, "overlap_ratio": 0.0 }, "geometry": { "type": "Polygon", "coordinates": [ [ [ -62.088337833710646, 39.075906144753617 ], [ -62.088337833710646, 39.120696846185957 ], [ -62.16298900276454, 39.120696846185957 ], [ -62.16298900276454, 39.075906144753617 ], [ -62.088337833710646, 39.075906144753617 ] ] ] } },
{ "type": "Feature", "properties": { "row": 43, "col": 20, "mostly_overlap": false, "overlap_ratio": 0.0 }, "geometry": { "type": "Polygon", "coordinates": [ [ [ -62.088337833710646, 39.120696846185957 ], [ -62.088337833710646, 39.165487547618298 ], [ -62.16298900276454, 39.165487547618298 ], [ -62.16298900276454, 39.120696846185957 ], [ -62.088337833710646, 39.120696846185957 ] ] ] } },
{ "type": "Feature", "properties": { "row": 44, "col": 1, "mostly_overlap": true, "overlap_ratio": 0.5105 }, "geometry": { "type": "Polygon", "coordinates": [ [ [ -62.16298900276454, 38.269673518971523 ], [ -62.16298900276454, 38.314464220403863 ], [ -62.237640171818441, 38.314464220403863 ], [ -62.237640171818441, 38.269673518971523 ], [ -62.16298900276454, 38.269673518971523 ] ] ] } },
{ "type": "Feature", "properties": { "row": 44, "col": 2, "mostly_overlap": true, "overlap_ratio": 1.0 }, "geometry": { "type": "Polygon", "coordinates": [ [ [ -62.16298900276454, 38.314464220403863 ], [ -62.16298900276454, 38.359254921836197 ], [ -62.237640171818441, 38.359254921836197 ], [ -62.237640171818441, 38.314464220403863 ], [ -62.16298900276454, 38.314464220403863 ] ] ] } },
{ "type": "Feature", "properties": { "row": 44, "col": 3, "mostly_overlap": true, "overlap_ratio": 1.0 }, "geometry": { "type": "Polygon", "coordinates": [ [ [ -62.16298900276454, 38.359254921836197 ], [ -62.16298900276454, 38.404045623268537 ], [ -62.237640171818441, 38.404045623268537 ], [ -62.237640171818441, 38.359254921836197 ], [ -62.16298900276454, 38.359254921836197 ] ] ] } },
{ "type": "Feature", "properties": { "row": 44, "col": 4, "mostly_overlap": true, "overlap_ratio": 1.0 }, "geometry": { "type": "Polygon", "coordinates": [ [ [ -62.16298900276454, 38.404045623268537 ], [ -62.16298900276454, 38.448836324700878 ], [ -62.237640171818441, 38.448836324700878 ], [ -62.237640171818441, 38.404045623268537 ], [ -62.16298900276454, 38.404045623268537 ] ] ] } },
{ "type": "Feature", "properties": { "row": 44, "col": 5, "mostly_overlap": true, "overlap_ratio": 1.0 }, "geometry": { "type": "Polygon", "coordinates": [ [ [ -62.16298900276454, 38.448836324700878 ], [ -62.16298900276454, 38.493627026133218 ], [ -62.237640171818441, 38.493627026133218 ], [ -62.237640171818441, 38.448836324700878 ], [ -62.16298900276454, 38.448836324700878 ] ] ] } },
{ "type": "Feature", "properties": { "row": 44, "col": 6, "mostly_overlap": true, "overlap_ratio": 1.0 }, "geometry": { "type": "Polygon", "coordinates": [ [ [ -62.16298900276454, 38.493627026133218 ], [ -62.16298900276454, 38.538417727565552 ], [ -62.237640171818441, 38.538417727565552 ], [ -62.237640171818441, 38.493627026133218 ], [ -62.16298900276454, 38.493627026133218 ] ] ] } },
{ "type": "Feature", "properties": { "row": 44, "col": 7, "mostly_overlap": true, "overlap_ratio": 1.0 }, "geometry": { "type": "Polygon", "coordinates": [ [ [ -62.16298900276454, 38.538417727565552 ], [ -62.16298900276454, 38.583208428997892 ], [ -62.237640171818441, 38.583208428997892 ], [ -62.237640171818441, 38.538417727565552 ], [ -62.16298900276454, 38.538417727565552 ] ] ] } },
{ "type": "Feature", "properties": { "row": 44, "col": 8, "mostly_overlap": true, "overlap_ratio": 1.0 }, "geometry": { "type": "Polygon", "coordinates": [ [ [ -62.16298900276454, 38.583208428997892 ], [ -62.16298900276454, 38.627999130430233 ], [ -62.237640171818441, 38.627999130430233 ], [ -62.237640171818441, 38.583208428997892 ], [ -62.16298900276454, 38.583208428997892 ] ] ] } },
{ "type": "Feature", "properties": { "row": 44, "col": 9, "mostly_overlap": true, "overlap_ratio": 1.0 }, "geometry": { "type": "Polygon", "coordinates": [ [ [ -62.16298900276454, 38.627999130430233 ], [ -62.16298900276454, 38.672789831862573 ], [ -62.237640171818441, 38.672789831862573 ], [ -62.237640171818441, 38.627999130430233 ], [ -62.16298900276454, 38.627999130430233 ] ] ] } },
{ "type": "Feature", "properties": { "row": 44, "col": 10, "mostly_overlap": true, "overlap_ratio": 1.0 }, "geometry": { "type": "Polygon", "coordinates": [ [ [ -62.16298900276454, 38.672789831862573 ], [ -62.16298900276454, 38.717580533294907 ], [ -62.237640171818441, 38.717580533294907 ], [ -62.237640171818441, 38.672789831862573 ], [ -62.16298900276454, 38.672789831862573 ] ] ] } },
{ "type": "Feature", "properties": { "row": 44, "col": 11, "mostly_overlap": true, "overlap_ratio": 0.6124 }, "geometry": { "type": "Polygon", "coordinates": [ [ [ -62.16298900276454, 38.717580533294907 ], [ -62.16298900276454, 38.762371234727247 ], [ -62.237640171818441, 38.762371234727247 ], [ -62.237640171818441, 38.717580533294907 ], [ -62.16298900276454, 38.717580533294907 ] ] ] } },
{ "type": "Feature", "properties": { "row": 44, "col": 12, "mostly_overlap": false, "overlap_ratio": 0.0 }, "geometry": { "type": "Polygon", "coordinates": [ [ [ -62.16298900276454, 38.762371234727247 ], [ -62.16298900276454, 38.807161936159588 ], [ -62.237640171818441, 38.807161936159588 ], [ -62.237640171818441, 38.762371234727247 ], [ -62.16298900276454, 38.762371234727247 ] ] ] } },
{ "type": "Feature", "properties": { "row": 44, "col": 13, "mostly_overlap": false, "overlap_ratio": 0.0 }, "geometry": { "type": "Polygon", "coordinates": [ [ [ -62.16298900276454, 38.807161936159588 ], [ -62.16298900276454, 38.851952637591928 ], [ -62.237640171818441, 38.851952637591928 ], [ -62.237640171818441, 38.807161936159588 ], [ -62.16298900276454, 38.807161936159588 ] ] ] } },
{ "type": "Feature", "properties": { "row": 44, "col": 14, "mostly_overlap": false, "overlap_ratio": 0.0 }, "geometry": { "type": "Polygon", "coordinates": [ [ [ -62.16298900276454, 38.851952637591928 ], [ -62.16298900276454, 38.896743339024269 ], [ -62.237640171818441, 38.896743339024269 ], [ -62.237640171818441, 38.851952637591928 ], [ -62.16298900276454, 38.851952637591928 ] ] ] } },
{ "type": "Feature", "properties": { "row": 44, "col": 15, "mostly_overlap": false, "overlap_ratio": 0.0 }, "geometry": { "type": "Polygon", "coordinates": [ [ [ -62.16298900276454, 38.896743339024269 ], [ -62.16298900276454, 38.941534040456602 ], [ -62.237640171818441, 38.941534040456602 ], [ -62.237640171818441, 38.896743339024269 ], [ -62.16298900276454, 38.896743339024269 ] ] ] } },
{ "type": "Feature", "properties": { "row": 44, "col": 16, "mostly_overlap": false, "overlap_ratio": 0.0 }, "geometry": { "type": "Polygon", "coordinates": [ [ [ -62.16298900276454, 38.941534040456602 ], [ -62.16298900276454, 38.986324741888943 ], [ -62.237640171818441, 38.986324741888943 ], [ -62.237640171818441, 38.941534040456602 ], [ -62.16298900276454, 38.941534040456602 ] ] ] } },
{ "type": "Feature", "properties": { "row": 44, "col": 17, "mostly_overlap": false, "overlap_ratio": 0.0 }, "geometry": { "type": "Polygon", "coordinates": [ [ [ -62.16298900276454, 38.986324741888943 ], [ -62.16298900276454, 39.031115443321283 ], [ -62.237640171818441, 39.031115443321283 ], [ -62.237640171818441, 38.986324741888943 ], [ -62.16298900276454, 38.986324741888943 ] ] ] } },
{ "type": "Feature", "properties": { "row": 44, "col": 18, "mostly_overlap": false, "overlap_ratio": 0.0 }, "geometry": { "type": "Polygon", "coordinates": [ [ [ -62.16298900276454, 39.031115443321283 ], [ -62.16298900276454, 39.075906144753617 ], [ -62.237640171818441, 39.075906144753617 ], [ -62.237640171818441, 39.031115443321283 ], [ -62.16298900276454, 39.031115443321283 ] ] ] } },
{ "type": "Feature", "properties": { "row": 44, "col": 19, "mostly_overlap": false, "overlap_ratio": 0.0 }, "geometry": { "type": "Polygon", "coordinates": [ [ [ -62.16298900276454, 39.075906144753617 ], [ -62.16298900276454, 39.120696846185957 ], [ -62.237640171818441, 39.120696846185957 ], [ -62.237640171818441, 39.075906144753617 ], [ -62.16298900276454, 39.075906144753617 ] ] ] } },
{ "type": "Feature", "properties": { "row": 44, "col": 20, "mostly_overlap": false, "overlap_ratio": 0.0 }, "geometry": { "type": "Polygon", "coordinates": [ [ [ -62.16298900276454, 39.120696846185957 ], [ -62.16298900276454, 39.165487547618298 ], [ -62.237640171818441, 39.165487547618298 ], [ -62.237640171818441, 39.120696846185957 ], [ -62.16298900276454, 39.120696846185957 ] ] ] } },
{ "type": "Feature", "properties": { "row": 45, "col": 1, "mostly_overlap": true, "overlap_ratio": 0.5079 }, "geometry": { "type": "Polygon", "coordinates": [ [ [ -62.237640171818441, 38.269673518971523 ], [ -62.237640171818441, 38.314464220403863 ], [ -62.312291340872335, 38.314464220403863 ], [ -62.312291340872335, 38.269673518971523 ], [ -62.237640171818441, 38.269673518971523 ] ] ] } },
{ "type": "Feature", "properties": { "row": 45, "col": 2, "mostly_overlap": true, "overlap_ratio": 1.0 }, "geometry": { "type": "Polygon", "coordinates": [ [ [ -62.237640171818441, 38.314464220403863 ], [ -62.237640171818441, 38.359254921836197 ], [ -62.312291340872335, 38.359254921836197 ], [ -62.312291340872335, 38.314464220403863 ], [ -62.237640171818441, 38.314464220403863 ] ] ] } },
{ "type": "Feature", "properties": { "row": 45, "col": 3, "mostly_overlap": true, "overlap_ratio": 1.0 }, "geometry": { "type": "Polygon", "coordinates": [ [ [ -62.237640171818441, 38.359254921836197 ], [ -62.237640171818441, 38.404045623268537 ], [ -62.312291340872335, 38.404045623268537 ], [ -62.312291340872335, 38.359254921836197 ], [ -62.237640171818441, 38.359254921836197 ] ] ] } },
{ "type": "Feature", "properties": { "row": 45, "col": 4, "mostly_overlap": true, "overlap_ratio": 1.0 }, "geometry": { "type": "Polygon", "coordinates": [ [ [ -62.237640171818441, 38.404045623268537 ], [ -62.237640171818441, 38.448836324700878 ], [ -62.312291340872335, 38.448836324700878 ], [ -62.312291340872335, 38.404045623268537 ], [ -62.237640171818441, 38.404045623268537 ] ] ] } },
{ "type": "Feature", "properties": { "row": 45, "col": 5, "mostly_overlap": true, "overlap_ratio": 1.0 }, "geometry": { "type": "Polygon", "coordinates": [ [ [ -62.237640171818441, 38.448836324700878 ], [ -62.237640171818441, 38.493627026133218 ], [ -62.312291340872335, 38.493627026133218 ], [ -62.312291340872335, 38.448836324700878 ], [ -62.237640171818441, 38.448836324700878 ] ] ] } },
{ "type": "Feature", "properties": { "row": 45, "col": 6, "mostly_overlap": true, "overlap_ratio": 1.0 }, "geometry": { "type": "Polygon", "coordinates": [ [ [ -62.237640171818441, 38.493627026133218 ], [ -62.237640171818441, 38.538417727565552 ], [ -62.312291340872335, 38.538417727565552 ], [ -62.312291340872335, 38.493627026133218 ], [ -62.237640171818441, 38.493627026133218 ] ] ] } },
{ "type": "Feature", "properties": { "row": 45, "col": 7, "mostly_overlap": true, "overlap_ratio": 1.0 }, "geometry": { "type": "Polygon", "coordinates": [ [ [ -62.237640171818441, 38.538417727565552 ], [ -62.237640171818441, 38.583208428997892 ], [ -62.312291340872335, 38.583208428997892 ], [ -62.312291340872335, 38.538417727565552 ], [ -62.237640171818441, 38.538417727565552 ] ] ] } },
{ "type": "Feature", "properties": { "row": 45, "col": 8, "mostly_overlap": true, "overlap_ratio": 1.0 }, "geometry": { "type": "Polygon", "coordinates": [ [ [ -62.237640171818441, 38.583208428997892 ], [ -62.237640171818441, 38.627999130430233 ], [ -62.312291340872335, 38.627999130430233 ], [ -62.312291340872335, 38.583208428997892 ], [ -62.237640171818441, 38.583208428997892 ] ] ] } },
{ "type": "Feature", "properties": { "row": 45, "col": 9, "mostly_overlap": true, "overlap_ratio": 1.0 }, "geometry": { "type": "Polygon", "coordinates": [ [ [ -62.237640171818441, 38.627999130430233 ], [ -62.237640171818441, 38.672789831862573 ], [ -62.312291340872335, 38.672789831862573 ], [ -62.312291340872335, 38.627999130430233 ], [ -62.237640171818441, 38.627999130430233 ] ] ] } },
{ "type": "Feature", "properties": { "row": 45, "col": 10, "mostly_overlap": true, "overlap_ratio": 1.0 }, "geometry": { "type": "Polygon", "coordinates": [ [ [ -62.237640171818441, 38.672789831862573 ], [ -62.237640171818441, 38.717580533294907 ], [ -62.312291340872335, 38.717580533294907 ], [ -62.312291340872335, 38.672789831862573 ], [ -62.237640171818441, 38.672789831862573 ] ] ] } },
{ "type": "Feature", "properties": { "row": 45, "col": 11, "mostly_overlap": true, "overlap_ratio": 0.6166 }, "geometry": { "type": "Polygon", "coordinates": [ [ [ -62.237640171818441, 38.717580533294907 ], [ -62.237640171818441, 38.762371234727247 ], [ -62.312291340872335, 38.762371234727247 ], [ -62.312291340872335, 38.717580533294907 ], [ -62.237640171818441, 38.717580533294907 ] ] ] } },
{ "type": "Feature", "properties": { "row": 45, "col": 12, "mostly_overlap": false, "overlap_ratio": 0.0 }, "geometry": { "type": "Polygon", "coordinates": [ [ [ -62.237640171818441, 38.762371234727247 ], [ -62.237640171818441, 38.807161936159588 ], [ -62.312291340872335, 38.807161936159588 ], [ -62.312291340872335, 38.762371234727247 ], [ -62.237640171818441, 38.762371234727247 ] ] ] } },
{ "type": "Feature", "properties": { "row": 45, "col": 13, "mostly_overlap": false, "overlap_ratio": 0.0 }, "geometry": { "type": "Polygon", "coordinates": [ [ [ -62.237640171818441, 38.807161936159588 ], [ -62.237640171818441, 38.851952637591928 ], [ -62.312291340872335, 38.851952637591928 ], [ -62.312291340872335, 38.807161936159588 ], [ -62.237640171818441, 38.807161936159588 ] ] ] } },
{ "type": "Feature", "properties": { "row": 45, "col": 14, "mostly_overlap": false, "overlap_ratio": 0.0 }, "geometry": { "type": "Polygon", "coordinates": [ [ [ -62.237640171818441, 38.851952637591928 ], [ -62.237640171818441, 38.896743339024269 ], [ -62.312291340872335, 38.896743339024269 ], [ -62.312291340872335, 38.851952637591928 ], [ -62.237640171818441, 38.851952637591928 ] ] ] } },
{ "type": "Feature", "properties": { "row": 45, "col": 15, "mostly_overlap": false, "overlap_ratio": 0.0 }, "geometry": { "type": "Polygon", "coordinates": [ [ [ -62.237640171818441, 38.896743339024269 ], [ -62.237640171818441, 38.941534040456602 ], [ -62.312291340872335, 38.941534040456602 ], [ -62.312291340872335, 38.896743339024269 ], [ -62.237640171818441, 38.896743339024269 ] ] ] } },
{ "type": "Feature", "properties": { "row": 45, "col": 16, "mostly_overlap": false, "overlap_ratio": 0.0 }, "geometry": { "type": "Polygon", "coordinates": [ [ [ -62.237640171818441, 38.941534040456602 ], [ -62.237640171818441, 38.986324741888943 ], [ -62.312291340872335, 38.986324741888943 ], [ -62.312291340872335, 38.941534040456602 ], [ -62.237640171818441, 38.941534040456602 ] ] ] } },
{ "type": "Feature", "properties": { "row": 45, "col": 17, "mostly_overlap": false, "overlap_ratio": 0.0 }, "geometry": { "type": "Polygon", "coordinates": [ [ [ -62.237640171818441, 38.986324741888943 ], [ -62.237640171818441, 39.031115443321283 ], [ -62.312291340872335, 39.031115443321283 ], [ -62.312291340872335, 38.986324741888943 ], [ -62.237640171818441, 38.986324741888943 ] ] ] } },
{ "type": "Feature", "properties": { "row": 45, "col": 18, "mostly_overlap": false, "overlap_ratio": 0.0 }, "geometry": { "type": "Polygon", "coordinates": [ [ [ -62.237640171818441, 39.031115443321283 ], [ -62.237640171818441, 39.075906144753617 ], [ -62.312291340872335, 39.075906144753617 ], [ -62.312291340872335, 39.031115443321283 ], [ -62.237640171818441, 39.031115443321283 ] ] ] } },
{ "type": "Feature", "properties": { "row": 45, "col": 19, "mostly_overlap": false, "overlap_ratio": 0.0 }, "geometry": { "type": "Polygon", "coordinates": [ [ [ -62.237640171818441, 39.075906144753617 ], [ -62.237640171818441, 39.120696846185957 ], [ -62.312291340872335, 39.120696846185957 ], [ -62.312291340872335, 39.075906144753617 ], [ -62.237640171818441, 39.075906144753617 ] ] ] } },
{ "type": "Feature", "properties": { "row": 45, "col": 20, "mostly_overlap": false, "overlap_ratio": 0.0 }, "geometry": { "type": "Polygon", "coordinates": [ [ [ -62.237640171818441, 39.120696846185957 ], [ -62.237640171818441, 39.165487547618298 ], [ -62.312291340872335, 39.165487547618298 ], [ -62.312291340872335, 39.120696846185957 ], [ -62.237640171818441, 39.120696846185957 ] ] ] } },
{ "type": "Feature", "properties": { "row": 46, "col": 1, "mostly_overlap": true, "overlap_ratio": 0.5053 }, "geometry": { "type": "Polygon", "coordinates": [ [ [ -62.312291340872335, 38.269673518971523 ], [ -62.312291340872335, 38.314464220403863 ], [ -62.386942509926236, 38.314464220403863 ], [ -62.386942509926236, 38.269673518971523 ], [ -62.312291340872335, 38.269673518971523 ] ] ] } },
{ "type": "Feature", "properties": { "row": 46, "col": 2, "mostly_overlap": true, "overlap_ratio": 1.0 }, "geometry": { "type": "Polygon", "coordinates": [ [ [ -62.312291340872335, 38.314464220403863 ], [ -62.312291340872335, 38.359254921836197 ], [ -62.386942509926236, 38.359254921836197 ], [ -62.386942509926236, 38.314464220403863 ], [ -62.312291340872335, 38.314464220403863 ] ] ] } },
{ "type": "Feature", "properties": { "row": 46, "col": 3, "mostly_overlap": true, "overlap_ratio": 1.0 }, "geometry": { "type": "Polygon", "coordinates": [ [ [ -62.312291340872335, 38.359254921836197 ], [ -62.312291340872335, 38.404045623268537 ], [ -62.386942509926236, 38.404045623268537 ], [ -62.386942509926236, 38.359254921836197 ], [ -62.312291340872335, 38.359254921836197 ] ] ] } },
{ "type": "Feature", "properties": { "row": 46, "col": 4, "mostly_overlap": true, "overlap_ratio": 1.0 }, "geometry": { "type": "Polygon", "coordinates": [ [ [ -62.312291340872335, 38.404045623268537 ], [ -62.312291340872335, 38.448836324700878 ], [ -62.386942509926236, 38.448836324700878 ], [ -62.386942509926236, 38.404045623268537 ], [ -62.312291340872335, 38.404045623268537 ] ] ] } },
{ "type": "Feature", "properties": { "row": 46, "col": 5, "mostly_overlap": true, "overlap_ratio": 1.0 }, "geometry": { "type": "Polygon", "coordinates": [ [ [ -62.312291340872335, 38.448836324700878 ], [ -62.312291340872335, 38.493627026133218 ], [ -62.386942509926236, 38.493627026133218 ], [ -62.386942509926236, 38.448836324700878 ], [ -62.312291340872335, 38.448836324700878 ] ] ] } },
{ "type": "Feature", "properties": { "row": 46, "col": 6, "mostly_overlap": true, "overlap_ratio": 1.0 }, "geometry": { "type": "Polygon", "coordinates": [ [ [ -62.312291340872335, 38.493627026133218 ], [ -62.312291340872335, 38.538417727565552 ], [ -62.386942509926236, 38.538417727565552 ], [ -62.386942509926236, 38.493627026133218 ], [ -62.312291340872335, 38.493627026133218 ] ] ] } },
{ "type": "Feature", "properties": { "row": 46, "col": 7, "mostly_overlap": true, "overlap_ratio": 1.0 }, "geometry": { "type": "Polygon", "coordinates": [ [ [ -62.312291340872335, 38.538417727565552 ], [ -62.312291340872335, 38.583208428997892 ], [ -62.386942509926236, 38.583208428997892 ], [ -62.386942509926236, 38.538417727565552 ], [ -62.312291340872335, 38.538417727565552 ] ] ] } },
{ "type": "Feature", "properties": { "row": 46, "col": 8, "mostly_overlap": true, "overlap_ratio": 1.0 }, "geometry": { "type": "Polygon", "coordinates": [ [ [ -62.312291340872335, 38.583208428997892 ], [ -62.312291340872335, 38.627999130430233 ], [ -62.386942509926236, 38.627999130430233 ], [ -62.386942509926236, 38.583208428997892 ], [ -62.312291340872335, 38.583208428997892 ] ] ] } },
{ "type": "Feature", "properties": { "row": 46, "col": 9, "mostly_overlap": true, "overlap_ratio": 1.0 }, "geometry": { "type": "Polygon", "coordinates": [ [ [ -62.312291340872335, 38.627999130430233 ], [ -62.312291340872335, 38.672789831862573 ], [ -62.386942509926236, 38.672789831862573 ], [ -62.386942509926236, 38.627999130430233 ], [ -62.312291340872335, 38.627999130430233 ] ] ] } },
{ "type": "Feature", "properties": { "row": 46, "col": 10, "mostly_overlap": true, "overlap_ratio": 1.0 }, "geometry": { "type": "Polygon", "coordinates": [ [ [ -62.312291340872335, 38.672789831862573 ], [ -62.312291340872335, 38.717580533294907 ], [ -62.386942509926236, 38.717580533294907 ], [ -62.386942509926236, 38.672789831862573 ], [ -62.312291340872335, 38.672789831862573 ] ] ] } },
{ "type": "Feature", "properties": { "row": 46, "col": 11, "mostly_overlap": true, "overlap_ratio": 0.6207 }, "geometry": { "type": "Polygon", "coordinates": [ [ [ -62.312291340872335, 38.717580533294907 ], [ -62.312291340872335, 38.762371234727247 ], [ -62.386942509926236, 38.762371234727247 ], [ -62.386942509926236, 38.717580533294907 ], [ -62.312291340872335, 38.717580533294907 ] ] ] } },
{ "type": "Feature", "properties": { "row": 46, "col": 12, "mostly_overlap": false, "overlap_ratio": 0.0 }, "geometry": { "type": "Polygon", "coordinates": [ [ [ -62.312291340872335, 38.762371234727247 ], [ -62.312291340872335, 38.807161936159588 ], [ -62.386942509926236, 38.807161936159588 ], [ -62.386942509926236, 38.762371234727247 ], [ -62.312291340872335, 38.762371234727247 ] ] ] } },
{ "type": "Feature", "properties": { "row": 46, "col": 13, "mostly_overlap": false, "overlap_ratio": 0.0 }, "geometry": { "type": "Polygon", "coordinates": [ [ [ -62.312291340872335, 38.807161936159588 ], [ -62.312291340872335, 38.851952637591928 ], [ -62.386942509926236, 38.851952637591928 ], [ -62.386942509926236, 38.807161936159588 ], [ -62.312291340872335, 38.807161936159588 ] ] ] } },
{ "type": "Feature", "properties": { "row": 46, "col": 14, "mostly_overlap": false, "overlap_ratio": 0.0 }, "geometry": { "type": "Polygon", "coordinates": [ [ [ -62.312291340872335, 38.851952637591928 ], [ -62.312291340872335, 38.896743339024269 ], [ -62.386942509926236, 38.896743339024269 ], [ -62.386942509926236, 38.851952637591928 ], [ -62.312291340872335, 38.851952637591928 ] ] ] } },
{ "type": "Feature", "properties": { "row": 46, "col": 15, "mostly_overlap": false, "overlap_ratio": 0.0 }, "geometry": { "type": "Polygon", "coordinates": [ [ [ -62.312291340872335, 38.896743339024269 ], [ -62.312291340872335, 38.941534040456602 ], [ -62.386942509926236, 38.941534040456602 ], [ -62.386942509926236, 38.896743339024269 ], [ -62.312291340872335, 38.896743339024269 ] ] ] } },
{ "type": "Feature", "properties": { "row": 46, "col": 16, "mostly_overlap": false, "overlap_ratio": 0.0 }, "geometry": { "type": "Polygon", "coordinates": [ [ [ -62.312291340872335, 38.941534040456602 ], [ -62.312291340872335, 38.986324741888943 ], [ -62.386942509926236, 38.986324741888943 ], [ -62.386942509926236, 38.941534040456602 ], [ -62.312291340872335, 38.941534040456602 ] ] ] } },
{ "type": "Feature", "properties": { "row": 46, "col": 17, "mostly_overlap": false, "overlap_ratio": 0.0 }, "geometry": { "type": "Polygon", "coordinates": [ [ [ -62.312291340872335, 38.986324741888943 ], [ -62.312291340872335, 39.031115443321283 ], [ -62.386942509926236, 39.031115443321283 ], [ -62.386942509926236, 38.986324741888943 ], [ -62.312291340872335, 38.986324741888943 ] ] ] } },
{ "type": "Feature", "properties": { "row": 46, "col": 18, "mostly_overlap": false, "overlap_ratio": 0.0 }, "geometry": { "type": "Polygon", "coordinates": [ [ [ -62.312291340872335, 39.031115443321283 ], [ -62.312291340872335, 39.075906144753617 ], [ -62.386942509926236, 39.075906144753617 ], [ -62.386942509926236, 39.031115443321283 ], [ -62.312291340872335, 39.031115443321283 ] ] ] } },
{ "type": "Feature", "properties": { "row": 46, "col": 19, "mostly_overlap": false, "overlap_ratio": 0.0 }, "geometry": { "type": "Polygon", "coordinates": [ [ [ -62.312291340872335, 39.075906144753617 ], [ -62.312291340872335, 39.120696846185957 ], [ -62.386942509926236, 39.120696846185957 ], [ -62.386942509926236, 39.075906144753617 ], [ -62.312291340872335, 39.075906144753617 ] ] ] } },
{ "type": "Feature", "properties": { "row": 46, "col": 20, "mostly_overlap": false, "overlap_ratio": 0.0 }, "geometry": { "type": "Polygon", "coordinates": [ [ [ -62.312291340872335, 39.120696846185957 ], [ -62.312291340872335, 39.165487547618298 ], [ -62.386942509926236, 39.165487547618298 ], [ -62.386942509926236, 39.120696846185957 ], [ -62.312291340872335, 39.120696846185957 ] ] ] } },
{ "type": "Feature", "properties": { "row": 47, "col": 1, "mostly_overlap": true, "overlap_ratio": 0.5027 }, "geometry": { "type": "Polygon", "coordinates": [ [ [ -62.386942509926236, 38.269673518971523 ], [ -62.386942509926236, 38.314464220403863 ], [ -62.461593678980137, 38.314464220403863 ], [ -62.461593678980137, 38.269673518971523 ], [ -62.386942509926236, 38.269673518971523 ] ] ] } },
{ "type": "Feature", "properties": { "row": 47, "col": 2, "mostly_overlap": true, "overlap_ratio": 1.0 }, "geometry": { "type": "Polygon", "coordinates": [ [ [ -62.386942509926236, 38.314464220403863 ], [ -62.386942509926236, 38.359254921836197 ], [ -62.461593678980137, 38.359254921836197 ], [ -62.461593678980137, 38.314464220403863 ], [ -62.386942509926236, 38.314464220403863 ] ] ] } },
{ "type": "Feature", "properties": { "row": 47, "col": 3, "mostly_overlap": true, "overlap_ratio": 1.0 }, "geometry": { "type": "Polygon", "coordinates": [ [ [ -62.386942509926236, 38.359254921836197 ], [ -62.386942509926236, 38.404045623268537 ], [ -62.461593678980137, 38.404045623268537 ], [ -62.461593678980137, 38.359254921836197 ], [ -62.386942509926236, 38.359254921836197 ] ] ] } },
{ "type": "Feature", "properties": { "row": 47, "col": 4, "mostly_overlap": true, "overlap_ratio": 1.0 }, "geometry": { "type": "Polygon", "coordinates": [ [ [ -62.386942509926236, 38.404045623268537 ], [ -62.386942509926236, 38.448836324700878 ], [ -62.461593678980137, 38.448836324700878 ], [ -62.461593678980137, 38.404045623268537 ], [ -62.386942509926236, 38.404045623268537 ] ] ] } },
{ "type": "Feature", "properties": { "row": 47, "col": 5, "mostly_overlap": true, "overlap_ratio": 1.0 }, "geometry": { "type": "Polygon", "coordinates": [ [ [ -62.386942509926236, 38.448836324700878 ], [ -62.386942509926236, 38.493627026133218 ], [ -62.461593678980137, 38.493627026133218 ], [ -62.461593678980137, 38.448836324700878 ], [ -62.386942509926236, 38.448836324700878 ] ] ] } },
{ "type": "Feature", "properties": { "row": 47, "col": 6, "mostly_overlap": true, "overlap_ratio": 1.0 }, "geometry": { "type": "Polygon", "coordinates": [ [ [ -62.386942509926236, 38.493627026133218 ], [ -62.386942509926236, 38.538417727565552 ], [ -62.461593678980137, 38.538417727565552 ], [ -62.461593678980137, 38.493627026133218 ], [ -62.386942509926236, 38.493627026133218 ] ] ] } },
{ "type": "Feature", "properties": { "row": 47, "col": 7, "mostly_overlap": true, "overlap_ratio": 1.0 }, "geometry": { "type": "Polygon", "coordinates": [ [ [ -62.386942509926236, 38.538417727565552 ], [ -62.386942509926236, 38.583208428997892 ], [ -62.461593678980137, 38.583208428997892 ], [ -62.461593678980137, 38.538417727565552 ], [ -62.386942509926236, 38.538417727565552 ] ] ] } },
{ "type": "Feature", "properties": { "row": 47, "col": 8, "mostly_overlap": true, "overlap_ratio": 1.0 }, "geometry": { "type": "Polygon", "coordinates": [ [ [ -62.386942509926236, 38.583208428997892 ], [ -62.386942509926236, 38.627999130430233 ], [ -62.461593678980137, 38.627999130430233 ], [ -62.461593678980137, 38.583208428997892 ], [ -62.386942509926236, 38.583208428997892 ] ] ] } },
{ "type": "Feature", "properties": { "row": 47, "col": 9, "mostly_overlap": true, "overlap_ratio": 1.0 }, "geometry": { "type": "Polygon", "coordinates": [ [ [ -62.386942509926236, 38.627999130430233 ], [ -62.386942509926236, 38.672789831862573 ], [ -62.461593678980137, 38.672789831862573 ], [ -62.461593678980137, 38.627999130430233 ], [ -62.386942509926236, 38.627999130430233 ] ] ] } },
{ "type": "Feature", "properties": { "row": 47, "col": 10, "mostly_overlap": true, "overlap_ratio": 1.0 }, "geometry": { "type": "Polygon", "coordinates": [ [ [ -62.386942509926236, 38.672789831862573 ], [ -62.386942509926236, 38.717580533294907 ], [ -62.461593678980137, 38.717580533294907 ], [ -62.461593678980137, 38.672789831862573 ], [ -62.386942509926236, 38.672789831862573 ] ] ] } },
{ "type": "Feature", "properties": { "row": 47, "col": 11, "mostly_overlap": true, "overlap_ratio": 0.6221 }, "geometry": { "type": "Polygon", "coordinates": [ [ [ -62.386942509926236, 38.717580533294907 ], [ -62.386942509926236, 38.762371234727247 ], [ -62.461593678980137, 38.762371234727247 ], [ -62.461593678980137, 38.717580533294907 ], [ -62.386942509926236, 38.717580533294907 ] ] ] } },
{ "type": "Feature", "properties": { "row": 47, "col": 12, "mostly_overlap": false, "overlap_ratio": 0.0 }, "geometry": { "type": "Polygon", "coordinates": [ [ [ -62.386942509926236, 38.762371234727247 ], [ -62.386942509926236, 38.807161936159588 ], [ -62.461593678980137, 38.807161936159588 ], [ -62.461593678980137, 38.762371234727247 ], [ -62.386942509926236, 38.762371234727247 ] ] ] } },
{ "type": "Feature", "properties": { "row": 47, "col": 13, "mostly_overlap": false, "overlap_ratio": 0.0 }, "geometry": { "type": "Polygon", "coordinates": [ [ [ -62.386942509926236, 38.807161936159588 ], [ -62.386942509926236, 38.851952637591928 ], [ -62.461593678980137, 38.851952637591928 ], [ -62.461593678980137, 38.807161936159588 ], [ -62.386942509926236, 38.807161936159588 ] ] ] } },
{ "type": "Feature", "properties": { "row": 47, "col": 14, "mostly_overlap": false, "overlap_ratio": 0.0 }, "geometry": { "type": "Polygon", "coordinates": [ [ [ -62.386942509926236, 38.851952637591928 ], [ -62.386942509926236, 38.896743339024269 ], [ -62.461593678980137, 38.896743339024269 ], [ -62.461593678980137, 38.851952637591928 ], [ -62.386942509926236, 38.851952637591928 ] ] ] } },
{ "type": "Feature", "properties": { "row": 47, "col": 15, "mostly_overlap": false, "overlap_ratio": 0.0 }, "geometry": { "type": "Polygon", "coordinates": [ [ [ -62.386942509926236, 38.896743339024269 ], [ -62.386942509926236, 38.941534040456602 ], [ -62.461593678980137, 38.941534040456602 ], [ -62.461593678980137, 38.896743339024269 ], [ -62.386942509926236, 38.896743339024269 ] ] ] } },
{ "type": "Feature", "properties": { "row": 47, "col": 16, "mostly_overlap": false, "overlap_ratio": 0.0 }, "geometry": { "type": "Polygon", "coordinates": [ [ [ -62.386942509926236, 38.941534040456602 ], [ -62.386942509926236, 38.986324741888943 ], [ -62.461593678980137, 38.986324741888943 ], [ -62.461593678980137, 38.941534040456602 ], [ -62.386942509926236, 38.941534040456602 ] ] ] } },
{ "type": "Feature", "properties": { "row": 47, "col": 17, "mostly_overlap": false, "overlap_ratio": 0.0 }, "geometry": { "type": "Polygon", "coordinates": [ [ [ -62.386942509926236, 38.986324741888943 ], [ -62.386942509926236, 39.031115443321283 ], [ -62.461593678980137, 39.031115443321283 ], [ -62.461593678980137, 38.986324741888943 ], [ -62.386942509926236, 38.986324741888943 ] ] ] } },
{ "type": "Feature", "properties": { "row": 47, "col": 18, "mostly_overlap": false, "overlap_ratio": 0.0 }, "geometry": { "type": "Polygon", "coordinates": [ [ [ -62.386942509926236, 39.031115443321283 ], [ -62.386942509926236, 39.075906144753617 ], [ -62.461593678980137, 39.075906144753617 ], [ -62.461593678980137, 39.031115443321283 ], [ -62.386942509926236, 39.031115443321283 ] ] ] } },
{ "type": "Feature", "properties": { "row": 47, "col": 19, "mostly_overlap": false, "overlap_ratio": 0.0 }, "geometry": { "type": "Polygon", "coordinates": [ [ [ -62.386942509926236, 39.075906144753617 ], [ -62.386942509926236, 39.120696846185957 ], [ -62.461593678980137, 39.120696846185957 ], [ -62.461593678980137, 39.075906144753617 ], [ -62.386942509926236, 39.075906144753617 ] ] ] } },
{ "type": "Feature", "properties": { "row": 47, "col": 20, "mostly_overlap": false, "overlap_ratio": 0.0 }, "geometry": { "type": "Polygon", "coordinates": [ [ [ -62.386942509926236, 39.120696846185957 ], [ -62.386942509926236, 39.165487547618298 ], [ -62.461593678980137, 39.165487547618298 ], [ -62.461593678980137, 39.120696846185957 ], [ -62.386942509926236, 39.120696846185957 ] ] ] } },
{ "type": "Feature", "properties": { "row": 48, "col": 1, "mostly_overlap": true, "overlap_ratio": 0.5 }, "geometry": { "type": "Polygon", "coordinates": [ [ [ -62.461593678980137, 38.269673518971523 ], [ -62.461593678980137, 38.314464220403863 ], [ -62.53624484803403, 38.314464220403863 ], [ -62.53624484803403, 38.269673518971523 ], [ -62.461593678980137, 38.269673518971523 ] ] ] } },
{ "type": "Feature", "properties": { "row": 48, "col": 2, "mostly_overlap": true, "overlap_ratio": 1.0 }, "geometry": { "type": "Polygon", "coordinates": [ [ [ -62.461593678980137, 38.314464220403863 ], [ -62.461593678980137, 38.359254921836197 ], [ -62.53624484803403, 38.359254921836197 ], [ -62.53624484803403, 38.314464220403863 ], [ -62.461593678980137, 38.314464220403863 ] ] ] } },
{ "type": "Feature", "properties": { "row": 48, "col": 3, "mostly_overlap": true, "overlap_ratio": 1.0 }, "geometry": { "type": "Polygon", "coordinates": [ [ [ -62.461593678980137, 38.359254921836197 ], [ -62.461593678980137, 38.404045623268537 ], [ -62.53624484803403, 38.404045623268537 ], [ -62.53624484803403, 38.359254921836197 ], [ -62.461593678980137, 38.359254921836197 ] ] ] } },
{ "type": "Feature", "properties": { "row": 48, "col": 4, "mostly_overlap": true, "overlap_ratio": 1.0 }, "geometry": { "type": "Polygon", "coordinates": [ [ [ -62.461593678980137, 38.404045623268537 ], [ -62.461593678980137, 38.448836324700878 ], [ -62.53624484803403, 38.448836324700878 ], [ -62.53624484803403, 38.404045623268537 ], [ -62.461593678980137, 38.404045623268537 ] ] ] } },
{ "type": "Feature", "properties": { "row": 48, "col": 5, "mostly_overlap": true, "overlap_ratio": 1.0 }, "geometry": { "type": "Polygon", "coordinates": [ [ [ -62.461593678980137, 38.448836324700878 ], [ -62.461593678980137, 38.493627026133218 ], [ -62.53624484803403, 38.493627026133218 ], [ -62.53624484803403, 38.448836324700878 ], [ -62.461593678980137, 38.448836324700878 ] ] ] } },
{ "type": "Feature", "properties": { "row": 48, "col": 6, "mostly_overlap": true, "overlap_ratio": 1.0 }, "geometry": { "type": "Polygon", "coordinates": [ [ [ -62.461593678980137, 38.493627026133218 ], [ -62.461593678980137, 38.538417727565552 ], [ -62.53624484803403, 38.538417727565552 ], [ -62.53624484803403, 38.493627026133218 ], [ -62.461593678980137, 38.493627026133218 ] ] ] } },
{ "type": "Feature", "properties": { "row": 48, "col": 7, "mostly_overlap": true, "overlap_ratio": 1.0 }, "geometry": { "type": "Polygon", "coordinates": [ [ [ -62.461593678980137, 38.538417727565552 ], [ -62.461593678980137, 38.583208428997892 ], [ -62.53624484803403, 38.583208428997892 ], [ -62.53624484803403, 38.538417727565552 ], [ -62.461593678980137, 38.538417727565552 ] ] ] } },
{ "type": "Feature", "properties": { "row": 48, "col": 8, "mostly_overlap": true, "overlap_ratio": 1.0 }, "geometry": { "type": "Polygon", "coordinates": [ [ [ -62.461593678980137, 38.583208428997892 ], [ -62.461593678980137, 38.627999130430233 ], [ -62.53624484803403, 38.627999130430233 ], [ -62.53624484803403, 38.583208428997892 ], [ -62.461593678980137, 38.583208428997892 ] ] ] } },
{ "type": "Feature", "properties": { "row": 48, "col": 9, "mostly_overlap": true, "overlap_ratio": 1.0 }, "geometry": { "type": "Polygon", "coordinates": [ [ [ -62.461593678980137, 38.627999130430233 ], [ -62.461593678980137, 38.672789831862573 ], [ -62.53624484803403, 38.672789831862573 ], [ -62.53624484803403, 38.627999130430233 ], [ -62.461593678980137, 38.627999130430233 ] ] ] } },
{ "type": "Feature", "properties": { "row": 48, "col": 10, "mostly_overlap": true, "overlap_ratio": 1.0 }, "geometry": { "type": "Polygon", "coordinates": [ [ [ -62.461593678980137, 38.672789831862573 ], [ -62.461593678980137, 38.717580533294907 ], [ -62.53624484803403, 38.717580533294907 ], [ -62.53624484803403, 38.672789831862573 ], [ -62.461593678980137, 38.672789831862573 ] ] ] } },
{ "type": "Feature", "properties": { "row": 48, "col": 11, "mostly_overlap": true, "overlap_ratio": 0.6221 }, "geometry": { "type": "Polygon", "coordinates": [ [ [ -62.461593678980137, 38.717580533294907 ], [ -62.461593678980137, 38.762371234727247 ], [ -62.53624484803403, 38.762371234727247 ], [ -62.53624484803403, 38.717580533294907 ], [ -62.461593678980137, 38.717580533294907 ] ] ] } },
{ "type": "Feature", "properties": { "row": 48, "col": 12, "mostly_overlap": false, "overlap_ratio": 0.0 }, "geometry": { "type": "Polygon", "coordinates": [ [ [ -62.461593678980137, 38.762371234727247 ], [ -62.461593678980137, 38.807161936159588 ], [ -62.53624484803403, 38.807161936159588 ], [ -62.53624484803403, 38.762371234727247 ], [ -62.461593678980137, 38.762371234727247 ] ] ] } },
{ "type": "Feature", "properties": { "row": 48, "col": 13, "mostly_overlap": false, "overlap_ratio": 0.0 }, "geometry": { "type": "Polygon", "coordinates": [ [ [ -62.461593678980137, 38.807161936159588 ], [ -62.461593678980137, 38.851952637591928 ], [ -62.53624484803403, 38.851952637591928 ], [ -62.53624484803403, 38.807161936159588 ], [ -62.461593678980137, 38.807161936159588 ] ] ] } },
{ "type": "Feature", "properties": { "row": 48, "col": 14, "mostly_overlap": false, "overlap_ratio": 0.0 }, "geometry": { "type": "Polygon", "coordinates": [ [ [ -62.461593678980137, 38.851952637591928 ], [ -62.461593678980137, 38.896743339024269 ], [ -62.53624484803403, 38.896743339024269 ], [ -62.53624484803403, 38.851952637591928 ], [ -62.461593678980137, 38.851952637591928 ] ] ] } },
{ "type": "Feature", "properties": { "row": 48, "col": 15, "mostly_overlap": false, "overlap_ratio": 0.0 }, "geometry": { "type": "Polygon", "coordinates": [ [ [ -62.461593678980137, 38.896743339024269 ], [ -62.461593678980137, 38.941534040456602 ], [ -62.53624484803403, 38.941534040456602 ], [ -62.53624484803403, 38.896743339024269 ], [ -62.461593678980137, 38.896743339024269 ] ] ] } },
{ "type": "Feature", "properties": { "row": 48, "col": 16, "mostly_overlap": false, "overlap_ratio": 0.0 }, "geometry": { "type": "Polygon", "coordinates": [ [ [ -62.461593678980137, 38.941534040456602 ], [ -62.461593678980137, 38.986324741888943 ], [ -62.53624484803403, 38.986324741888943 ], [ -62.53624484803403, 38.941534040456602 ], [ -62.461593678980137, 38.941534040456602 ] ] ] } },
{ "type": "Feature", "properties": { "row": 48, "col": 17, "mostly_overlap": false, "overlap_ratio": 0.0 }, "geometry": { "type": "Polygon", "coordinates": [ [ [ -62.461593678980137, 38.986324741888943 ], [ -62.461593678980137, 39.031115443321283 ], [ -62.53624484803403, 39.031115443321283 ], [ -62.53624484803403, 38.986324741888943 ], [ -62.461593678980137, 38.986324741888943 ] ] ] } },
{ "type": "Feature", "properties": { "row": 48, "col": 18, "mostly_overlap": false, "overlap_ratio": 0.0 }, "geometry": { "type": "Polygon", "coordinates": [ [ [ -62.461593678980137, 39.031115443321283 ], [ -62.461593678980137, 39.075906144753617 ], [ -62.53624484803403, 39.075906144753617 ], [ -62.53624484803403, 39.031115443321283 ], [ -62.461593678980137, 39.031115443321283 ] ] ] } },
{ "type": "Feature", "properties": { "row": 48, "col": 19, "mostly_overlap": false, "overlap_ratio": 0.0 }, "geometry": { "type": "Polygon", "coordinates": [ [ [ -62.461593678980137, 39.075906144753617 ], [ -62.461593678980137, 39.120696846185957 ], [ -62.53624484803403, 39.120696846185957 ], [ -62.53624484803403, 39.075906144753617 ], [ -62.461593678980137, 39.075906144753617 ] ] ] } },
{ "type": "Feature", "properties": { "row": 48, "col": 20, "mostly_overlap": false, "overlap_ratio": 0.0 }, "geometry": { "type": "Polygon", "coordinates": [ [ [ -62.461593678980137, 39.120696846185957 ], [ -62.461593678980137, 39.165487547618298 ], [ -62.53624484803403, 39.165487547618298 ], [ -62.53624484803403, 39.120696846185957 ], [ -62.461593678980137, 39.120696846185957 ] ] ] } },
{ "type": "Feature", "properties": { "row": 49, "col": 1, "mostly_overlap": false, "overlap_ratio": 0.4974 }, "geometry": { "type": "Polygon", "coordinates": [ [ [ -62.53624484803403, 38.269673518971523 ], [ -62.53624484803403, 38.314464220403863 ], [ -62.610896017087931, 38.314464220403863 ], [ -62.610896017087931, 38.269673518971523 ], [ -62.53624484803403, 38.269673518971523 ] ] ] } },
{ "type": "Feature", "properties": { "row": 49, "col": 2, "mostly_overlap": true, "overlap_ratio": 1.0 }, "geometry": { "type": "Polygon", "coordinates": [ [ [ -62.53624484803403, 38.314464220403863 ], [ -62.53624484803403, 38.359254921836197 ], [ -62.610896017087931, 38.359254921836197 ], [ -62.610896017087931, 38.314464220403863 ], [ -62.53624484803403, 38.314464220403863 ] ] ] } },
{ "type": "Feature", "properties": { "row": 49, "col": 3, "mostly_overlap": true, "overlap_ratio": 1.0 }, "geometry": { "type": "Polygon", "coordinates": [ [ [ -62.53624484803403, 38.359254921836197 ], [ -62.53624484803403, 38.404045623268537 ], [ -62.610896017087931, 38.404045623268537 ], [ -62.610896017087931, 38.359254921836197 ], [ -62.53624484803403, 38.359254921836197 ] ] ] } },
{ "type": "Feature", "properties": { "row": 49, "col": 4, "mostly_overlap": true, "overlap_ratio": 1.0 }, "geometry": { "type": "Polygon", "coordinates": [ [ [ -62.53624484803403, 38.404045623268537 ], [ -62.53624484803403, 38.448836324700878 ], [ -62.610896017087931, 38.448836324700878 ], [ -62.610896017087931, 38.404045623268537 ], [ -62.53624484803403, 38.404045623268537 ] ] ] } },
{ "type": "Feature", "properties": { "row": 49, "col": 5, "mostly_overlap": true, "overlap_ratio": 1.0 }, "geometry": { "type": "Polygon", "coordinates": [ [ [ -62.53624484803403, 38.448836324700878 ], [ -62.53624484803403, 38.493627026133218 ], [ -62.610896017087931, 38.493627026133218 ], [ -62.610896017087931, 38.448836324700878 ], [ -62.53624484803403, 38.448836324700878 ] ] ] } },
{ "type": "Feature", "properties": { "row": 49, "col": 6, "mostly_overlap": true, "overlap_ratio": 1.0 }, "geometry": { "type": "Polygon", "coordinates": [ [ [ -62.53624484803403, 38.493627026133218 ], [ -62.53624484803403, 38.538417727565552 ], [ -62.610896017087931, 38.538417727565552 ], [ -62.610896017087931, 38.493627026133218 ], [ -62.53624484803403, 38.493627026133218 ] ] ] } },
{ "type": "Feature", "properties": { "row": 49, "col": 7, "mostly_overlap": true, "overlap_ratio": 1.0 }, "geometry": { "type": "Polygon", "coordinates": [ [ [ -62.53624484803403, 38.538417727565552 ], [ -62.53624484803403, 38.583208428997892 ], [ -62.610896017087931, 38.583208428997892 ], [ -62.610896017087931, 38.538417727565552 ], [ -62.53624484803403, 38.538417727565552 ] ] ] } },
{ "type": "Feature", "properties": { "row": 49, "col": 8, "mostly_overlap": true, "overlap_ratio": 1.0 }, "geometry": { "type": "Polygon", "coordinates": [ [ [ -62.53624484803403, 38.583208428997892 ], [ -62.53624484803403, 38.627999130430233 ], [ -62.610896017087931, 38.627999130430233 ], [ -62.610896017087931, 38.583208428997892 ], [ -62.53624484803403, 38.583208428997892 ] ] ] } },
{ "type": "Feature", "properties": { "row": 49, "col": 9, "mostly_overlap": true, "overlap_ratio": 1.0 }, "geometry": { "type": "Polygon", "coordinates": [ [ [ -62.53624484803403, 38.627999130430233 ], [ -62.53624484803403, 38.672789831862573 ], [ -62.610896017087931, 38.672789831862573 ], [ -62.610896017087931, 38.627999130430233 ], [ -62.53624484803403, 38.627999130430233 ] ] ] } },
{ "type": "Feature", "properties": { "row": 49, "col": 10, "mostly_overlap": true, "overlap_ratio": 1.0 }, "geometry": { "type": "Polygon", "coordinates": [ [ [ -62.53624484803403, 38.672789831862573 ], [ -62.53624484803403, 38.717580533294907 ], [ -62.610896017087931, 38.717580533294907 ], [ -62.610896017087931, 38.672789831862573 ], [ -62.53624484803403, 38.672789831862573 ] ] ] } },
{ "type": "Feature", "properties": { "row": 49, "col": 11, "mostly_overlap": true, "overlap_ratio": 0.6221 }, "geometry": { "type": "Polygon", "coordinates": [ [ [ -62.53624484803403, 38.717580533294907 ], [ -62.53624484803403, 38.762371234727247 ], [ -62.610896017087931, 38.762371234727247 ], [ -62.610896017087931, 38.717580533294907 ], [ -62.53624484803403, 38.717580533294907 ] ] ] } },
{ "type": "Feature", "properties": { "row": 49, "col": 12, "mostly_overlap": false, "overlap_ratio": 0.0 }, "geometry": { "type": "Polygon", "coordinates": [ [ [ -62.53624484803403, 38.762371234727247 ], [ -62.53624484803403, 38.807161936159588 ], [ -62.610896017087931, 38.807161936159588 ], [ -62.610896017087931, 38.762371234727247 ], [ -62.53624484803403, 38.762371234727247 ] ] ] } },
{ "type": "Feature", "properties": { "row": 49, "col": 13, "mostly_overlap": false, "overlap_ratio": 0.0 }, "geometry": { "type": "Polygon", "coordinates": [ [ [ -62.53624484803403, 38.807161936159588 ], [ -62.53624484803403, 38.851952637591928 ], [ -62.610896017087931, 38.851952637591928 ], [ -62.610896017087931, 38.807161936159588 ], [ -62.53624484803403, 38.807161936159588 ] ] ] } },
{ "type": "Feature", "properties": { "row": 49, "col": 14, "mostly_overlap": false, "overlap_ratio": 0.0 }, "geometry": { "type": "Polygon", "coordinates": [ [ [ -62.53624484803403, 38.851952637591928 ], [ -62.53624484803403, 38.896743339024269 ], [ -62.610896017087931, 38.896743339024269 ], [ -62.610896017087931, 38.851952637591928 ], [ -62.53624484803403, 38.851952637591928 ] ] ] } },
{ "type": "Feature", "properties": { "row": 49, "col": 15, "mostly_overlap": false, "overlap_ratio": 0.0 }, "geometry": { "type": "Polygon", "coordinates": [ [ [ -62.53624484803403, 38.896743339024269 ], [ -62.53624484803403, 38.941534040456602 ], [ -62.610896017087931, 38.941534040456602 ], [ -62.610896017087931, 38.896743339024269 ], [ -62.53624484803403, 38.896743339024269 ] ] ] } },
{ "type": "Feature", "properties": { "row": 49, "col": 16, "mostly_overlap": false, "overlap_ratio": 0.0 }, "geometry": { "type": "Polygon", "coordinates": [ [ [ -62.53624484803403, 38.941534040456602 ], [ -62.53624484803403, 38.986324741888943 ], [ -62.610896017087931, 38.986324741888943 ], [ -62.610896017087931, 38.941534040456602 ], [ -62.53624484803403, 38.941534040456602 ] ] ] } },
{ "type": "Feature", "properties": { "row": 49, "col": 17, "mostly_overlap": false, "overlap_ratio": 0.0 }, "geometry": { "type": "Polygon", "coordinates": [ [ [ -62.53624484803403, 38.986324741888943 ], [ -62.53624484803403, 39.031115443321283 ], [ -62.610896017087931, 39.031115443321283 ], [ -62.610896017087931, 38.986324741888943 ], [ -62.53624484803403, 38.986324741888943 ] ] ] } },
{ "type": "Feature", "properties": { "row": 49, "col": 18, "mostly_overlap": false, "overlap_ratio": 0.0 }, "geometry": { "type": "Polygon", "coordinates": [ [ [ -62.53624484803403, 39.031115443321283 ], [ -62.53624484803403, 39.075906144753617 ], [ -62.610896017087931, 39.075906144753617 ], [ -62.610896017087931, 39.031115443321283 ], [ -62.53624484803403, 39.031115443321283 ] ] ] } },
{ "type": "Feature", "properties": { "row": 49, "col": 19, "mostly_overlap": false, "overlap_ratio": 0.0 }, "geometry": { "type": "Polygon", "coordinates": [ [ [ -62.53624484803403, 39.075906144753617 ], [ -62.53624484803403, 39.120696846185957 ], [ -62.610896017087931, 39.120696846185957 ], [ -62.610896017087931, 39.075906144753617 ], [ -62.53624484803403, 39.075906144753617 ] ] ] } },
{ "type": "Feature", "properties": { "row": 49, "col": 20, "mostly_overlap": false, "overlap_ratio": 0.0 }, "geometry": { "type": "Polygon", "coordinates": [ [ [ -62.53624484803403, 39.120696846185957 ], [ -62.53624484803403, 39.165487547618298 ], [ -62.610896017087931, 39.165487547618298 ], [ -62.610896017087931, 39.120696846185957 ], [ -62.53624484803403, 39.120696846185957 ] ] ] } },
{ "type": "Feature", "properties": { "row": 50, "col": 1, "mostly_overlap": false, "overlap_ratio": 0.4948 }, "geometry": { "type": "Polygon", "coordinates": [ [ [ -62.610896017087931, 38.269673518971523 ], [ -62.610896017087931, 38.314464220403863 ], [ -62.685547186141825, 38.314464220403863 ], [ -62.685547186141825, 38.269673518971523 ], [ -62.610896017087931, 38.269673518971523 ] ] ] } },
{ "type": "Feature", "properties": { "row": 50, "col": 2, "mostly_overlap": true, "overlap_ratio": 1.0 }, "geometry": { "type": "Polygon", "coordinates": [ [ [ -62.610896017087931, 38.314464220403863 ], [ -62.610896017087931, 38.359254921836197 ], [ -62.685547186141825, 38.359254921836197 ], [ -62.685547186141825, 38.314464220403863 ], [ -62.610896017087931, 38.314464220403863 ] ] ] } },
{ "type": "Feature", "properties": { "row": 50, "col": 3, "mostly_overlap": true, "overlap_ratio": 1.0 }, "geometry": { "type": "Polygon", "coordinates": [ [ [ -62.610896017087931, 38.359254921836197 ], [ -62.610896017087931, 38.404045623268537 ], [ -62.685547186141825, 38.404045623268537 ], [ -62.685547186141825, 38.359254921836197 ], [ -62.610896017087931, 38.359254921836197 ] ] ] } },
{ "type": "Feature", "properties": { "row": 50, "col": 4, "mostly_overlap": true, "overlap_ratio": 1.0 }, "geometry": { "type": "Polygon", "coordinates": [ [ [ -62.610896017087931, 38.404045623268537 ], [ -62.610896017087931, 38.448836324700878 ], [ -62.685547186141825, 38.448836324700878 ], [ -62.685547186141825, 38.404045623268537 ], [ -62.610896017087931, 38.404045623268537 ] ] ] } },
{ "type": "Feature", "properties": { "row": 50, "col": 5, "mostly_overlap": true, "overlap_ratio": 1.0 }, "geometry": { "type": "Polygon", "coordinates": [ [ [ -62.610896017087931, 38.448836324700878 ], [ -62.610896017087931, 38.493627026133218 ], [ -62.685547186141825, 38.493627026133218 ], [ -62.685547186141825, 38.448836324700878 ], [ -62.610896017087931, 38.448836324700878 ] ] ] } },
{ "type": "Feature", "properties": { "row": 50, "col": 6, "mostly_overlap": true, "overlap_ratio": 1.0 }, "geometry": { "type": "Polygon", "coordinates": [ [ [ -62.610896017087931, 38.493627026133218 ], [ -62.610896017087931, 38.538417727565552 ], [ -62.685547186141825, 38.538417727565552 ], [ -62.685547186141825, 38.493627026133218 ], [ -62.610896017087931, 38.493627026133218 ] ] ] } },
{ "type": "Feature", "properties": { "row": 50, "col": 7, "mostly_overlap": true, "overlap_ratio": 1.0 }, "geometry": { "type": "Polygon", "coordinates": [ [ [ -62.610896017087931, 38.538417727565552 ], [ -62.610896017087931, 38.583208428997892 ], [ -62.685547186141825, 38.583208428997892 ], [ -62.685547186141825, 38.538417727565552 ], [ -62.610896017087931, 38.538417727565552 ] ] ] } },
{ "type": "Feature", "properties": { "row": 50, "col": 8, "mostly_overlap": true, "overlap_ratio": 1.0 }, "geometry": { "type": "Polygon", "coordinates": [ [ [ -62.610896017087931, 38.583208428997892 ], [ -62.610896017087931, 38.627999130430233 ], [ -62.685547186141825, 38.627999130430233 ], [ -62.685547186141825, 38.583208428997892 ], [ -62.610896017087931, 38.583208428997892 ] ] ] } },
{ "type": "Feature", "properties": { "row": 50, "col": 9, "mostly_overlap": true, "overlap_ratio": 1.0 }, "geometry": { "type": "Polygon", "coordinates": [ [ [ -62.610896017087931, 38.627999130430233 ], [ -62.610896017087931, 38.672789831862573 ], [ -62.685547186141825, 38.672789831862573 ], [ -62.685547186141825, 38.627999130430233 ], [ -62.610896017087931, 38.627999130430233 ] ] ] } },
{ "type": "Feature", "properties": { "row": 50, "col": 10, "mostly_overlap": true, "overlap_ratio": 1.0 }, "geometry": { "type": "Polygon", "coordinates": [ [ [ -62.610896017087931, 38.672789831862573 ], [ -62.610896017087931, 38.717580533294907 ], [ -62.685547186141825, 38.717580533294907 ], [ -62.685547186141825, 38.672789831862573 ], [ -62.610896017087931, 38.672789831862573 ] ] ] } },
{ "type": "Feature", "properties": { "row": 50, "col": 11, "mostly_overlap": true, "overlap_ratio": 0.6221 }, "geometry": { "type": "Polygon", "coordinates": [ [ [ -62.610896017087931, 38.717580533294907 ], [ -62.610896017087931, 38.762371234727247 ], [ -62.685547186141825, 38.762371234727247 ], [ -62.685547186141825, 38.717580533294907 ], [ -62.610896017087931, 38.717580533294907 ] ] ] } },
{ "type": "Feature", "properties": { "row": 50, "col": 12, "mostly_overlap": false, "overlap_ratio": 0.0 }, "geometry": { "type": "Polygon", "coordinates": [ [ [ -62.610896017087931, 38.762371234727247 ], [ -62.610896017087931, 38.807161936159588 ], [ -62.685547186141825, 38.807161936159588 ], [ -62.685547186141825, 38.762371234727247 ], [ -62.610896017087931, 38.762371234727247 ] ] ] } },
{ "type": "Feature", "properties": { "row": 50, "col": 13, "mostly_overlap": false, "overlap_ratio": 0.0 }, "geometry": { "type": "Polygon", "coordinates": [ [ [ -62.610896017087931, 38.807161936159588 ], [ -62.610896017087931, 38.851952637591928 ], [ -62.685547186141825, 38.851952637591928 ], [ -62.685547186141825, 38.807161936159588 ], [ -62.610896017087931, 38.807161936159588 ] ] ] } },
{ "type": "Feature", "properties": { "row": 50, "col": 14, "mostly_overlap": false, "overlap_ratio": 0.0 }, "geometry": { "type": "Polygon", "coordinates": [ [ [ -62.610896017087931, 38.851952637591928 ], [ -62.610896017087931, 38.896743339024269 ], [ -62.685547186141825, 38.896743339024269 ], [ -62.685547186141825, 38.851952637591928 ], [ -62.610896017087931, 38.851952637591928 ] ] ] } },
{ "type": "Feature", "properties": { "row": 50, "col": 15, "mostly_overlap": false, "overlap_ratio": 0.0 }, "geometry": { "type": "Polygon", "coordinates": [ [ [ -62.610896017087931, 38.896743339024269 ], [ -62.610896017087931, 38.941534040456602 ], [ -62.685547186141825, 38.941534040456602 ], [ -62.685547186141825, 38.896743339024269 ], [ -62.610896017087931, 38.896743339024269 ] ] ] } },
{ "type": "Feature", "properties": { "row": 50, "col": 16, "mostly_overlap": false, "overlap_ratio": 0.0 }, "geometry": { "type": "Polygon", "coordinates": [ [ [ -62.610896017087931, 38.941534040456602 ], [ -62.610896017087931, 38.986324741888943 ], [ -62.685547186141825, 38.986324741888943 ], [ -62.685547186141825, 38.941534040456602 ], [ -62.610896017087931, 38.941534040456602 ] ] ] } },
{ "type": "Feature", "properties": { "row": 50, "col": 17, "mostly_overlap": false, "overlap_ratio": 0.0 }, "geometry": { "type": "Polygon", "coordinates": [ [ [ -62.610896017087931, 38.986324741888943 ], [ -62.610896017087931, 39.031115443321283 ], [ -62.685547186141825, 39.031115443321283 ], [ -62.685547186141825, 38.986324741888943 ], [ -62.610896017087931, 38.986324741888943 ] ] ] } },
{ "type": "Feature", "properties": { "row": 50, "col": 18, "mostly_overlap": false, "overlap_ratio": 0.0 }, "geometry": { "type": "Polygon", "coordinates": [ [ [ -62.610896017087931, 39.031115443321283 ], [ -62.610896017087931, 39.075906144753617 ], [ -62.685547186141825, 39.075906144753617 ], [ -62.685547186141825, 39.031115443321283 ], [ -62.610896017087931, 39.031115443321283 ] ] ] } },
{ "type": "Feature", "properties": { "row": 50, "col": 19, "mostly_overlap": false, "overlap_ratio": 0.0 }, "geometry": { "type": "Polygon", "coordinates": [ [ [ -62.610896017087931, 39.075906144753617 ], [ -62.610896017087931, 39.120696846185957 ], [ -62.685547186141825, 39.120696846185957 ], [ -62.685547186141825, 39.075906144753617 ], [ -62.610896017087931, 39.075906144753617 ] ] ] } },
{ "type": "Feature", "properties": { "row": 50, "col": 20, "mostly_overlap": false, "overlap_ratio": 0.0 }, "geometry": { "type": "Polygon", "coordinates": [ [ [ -62.610896017087931, 39.120696846185957 ], [ -62.610896017087931, 39.165487547618298 ], [ -62.685547186141825, 39.165487547618298 ], [ -62.685547186141825, 39.120696846185957 ], [ -62.610896017087931, 39.120696846185957 ] ] ] } },
{ "type": "Feature", "properties": { "row": 51, "col": 1, "mostly_overlap": false, "overlap_ratio": 0.4921 }, "geometry": { "type": "Polygon", "coordinates": [ [ [ -62.685547186141825, 38.269673518971523 ], [ -62.685547186141825, 38.314464220403863 ], [ -62.760198355195726, 38.314464220403863 ], [ -62.760198355195726, 38.269673518971523 ], [ -62.685547186141825, 38.269673518971523 ] ] ] } },
{ "type": "Feature", "properties": { "row": 51, "col": 2, "mostly_overlap": true, "overlap_ratio": 1.0 }, "geometry": { "type": "Polygon", "coordinates": [ [ [ -62.685547186141825, 38.314464220403863 ], [ -62.685547186141825, 38.359254921836197 ], [ -62.760198355195726, 38.359254921836197 ], [ -62.760198355195726, 38.314464220403863 ], [ -62.685547186141825, 38.314464220403863 ] ] ] } },
{ "type": "Feature", "properties": { "row": 51, "col": 3, "mostly_overlap": true, "overlap_ratio": 1.0 }, "geometry": { "type": "Polygon", "coordinates": [ [ [ -62.685547186141825, 38.359254921836197 ], [ -62.685547186141825, 38.404045623268537 ], [ -62.760198355195726, 38.404045623268537 ], [ -62.760198355195726, 38.359254921836197 ], [ -62.685547186141825, 38.359254921836197 ] ] ] } },
{ "type": "Feature", "properties": { "row": 51, "col": 4, "mostly_overlap": true, "overlap_ratio": 1.0 }, "geometry": { "type": "Polygon", "coordinates": [ [ [ -62.685547186141825, 38.404045623268537 ], [ -62.685547186141825, 38.448836324700878 ], [ -62.760198355195726, 38.448836324700878 ], [ -62.760198355195726, 38.404045623268537 ], [ -62.685547186141825, 38.404045623268537 ] ] ] } },
{ "type": "Feature", "properties": { "row": 51, "col": 5, "mostly_overlap": true, "overlap_ratio": 1.0 }, "geometry": { "type": "Polygon", "coordinates": [ [ [ -62.685547186141825, 38.448836324700878 ], [ -62.685547186141825, 38.493627026133218 ], [ -62.760198355195726, 38.493627026133218 ], [ -62.760198355195726, 38.448836324700878 ], [ -62.685547186141825, 38.448836324700878 ] ] ] } },
{ "type": "Feature", "properties": { "row": 51, "col": 6, "mostly_overlap": true, "overlap_ratio": 1.0 }, "geometry": { "type": "Polygon", "coordinates": [ [ [ -62.685547186141825, 38.493627026133218 ], [ -62.685547186141825, 38.538417727565552 ], [ -62.760198355195726, 38.538417727565552 ], [ -62.760198355195726, 38.493627026133218 ], [ -62.685547186141825, 38.493627026133218 ] ] ] } },
{ "type": "Feature", "properties": { "row": 51, "col": 7, "mostly_overlap": true, "overlap_ratio": 1.0 }, "geometry": { "type": "Polygon", "coordinates": [ [ [ -62.685547186141825, 38.538417727565552 ], [ -62.685547186141825, 38.583208428997892 ], [ -62.760198355195726, 38.583208428997892 ], [ -62.760198355195726, 38.538417727565552 ], [ -62.685547186141825, 38.538417727565552 ] ] ] } },
{ "type": "Feature", "properties": { "row": 51, "col": 8, "mostly_overlap": true, "overlap_ratio": 1.0 }, "geometry": { "type": "Polygon", "coordinates": [ [ [ -62.685547186141825, 38.583208428997892 ], [ -62.685547186141825, 38.627999130430233 ], [ -62.760198355195726, 38.627999130430233 ], [ -62.760198355195726, 38.583208428997892 ], [ -62.685547186141825, 38.583208428997892 ] ] ] } },
{ "type": "Feature", "properties": { "row": 51, "col": 9, "mostly_overlap": true, "overlap_ratio": 1.0 }, "geometry": { "type": "Polygon", "coordinates": [ [ [ -62.685547186141825, 38.627999130430233 ], [ -62.685547186141825, 38.672789831862573 ], [ -62.760198355195726, 38.672789831862573 ], [ -62.760198355195726, 38.627999130430233 ], [ -62.685547186141825, 38.627999130430233 ] ] ] } },
{ "type": "Feature", "properties": { "row": 51, "col": 10, "mostly_overlap": true, "overlap_ratio": 1.0 }, "geometry": { "type": "Polygon", "coordinates": [ [ [ -62.685547186141825, 38.672789831862573 ], [ -62.685547186141825, 38.717580533294907 ], [ -62.760198355195726, 38.717580533294907 ], [ -62.760198355195726, 38.672789831862573 ], [ -62.685547186141825, 38.672789831862573 ] ] ] } },
{ "type": "Feature", "properties": { "row": 51, "col": 11, "mostly_overlap": true, "overlap_ratio": 0.6221 }, "geometry": { "type": "Polygon", "coordinates": [ [ [ -62.685547186141825, 38.717580533294907 ], [ -62.685547186141825, 38.762371234727247 ], [ -62.760198355195726, 38.762371234727247 ], [ -62.760198355195726, 38.717580533294907 ], [ -62.685547186141825, 38.717580533294907 ] ] ] } },
{ "type": "Feature", "properties": { "row": 51, "col": 12, "mostly_overlap": false, "overlap_ratio": 0.0 }, "geometry": { "type": "Polygon", "coordinates": [ [ [ -62.685547186141825, 38.762371234727247 ], [ -62.685547186141825, 38.807161936159588 ], [ -62.760198355195726, 38.807161936159588 ], [ -62.760198355195726, 38.762371234727247 ], [ -62.685547186141825, 38.762371234727247 ] ] ] } },
{ "type": "Feature", "properties": { "row": 51, "col": 13, "mostly_overlap": false, "overlap_ratio": 0.0 }, "geometry": { "type": "Polygon", "coordinates": [ [ [ -62.685547186141825, 38.807161936159588 ], [ -62.685547186141825, 38.851952637591928 ], [ -62.760198355195726, 38.851952637591928 ], [ -62.760198355195726, 38.807161936159588 ], [ -62.685547186141825, 38.807161936159588 ] ] ] } },
{ "type": "Feature", "properties": { "row": 51, "col": 14, "mostly_overlap": false, "overlap_ratio": 0.0 }, "geometry": { "type": "Polygon", "coordinates": [ [ [ -62.685547186141825, 38.851952637591928 ], [ -62.685547186141825, 38.896743339024269 ], [ -62.760198355195726, 38.896743339024269 ], [ -62.760198355195726, 38.851952637591928 ], [ -62.685547186141825, 38.851952637591928 ] ] ] } },
{ "type": "Feature", "properties": { "row": 51, "col": 15, "mostly_overlap": false, "overlap_ratio": 0.0 }, "geometry": { "type": "Polygon", "coordinates": [ [ [ -62.685547186141825, 38.896743339024269 ], [ -62.685547186141825, 38.941534040456602 ], [ -62.760198355195726, 38.941534040456602 ], [ -62.760198355195726, 38.896743339024269 ], [ -62.685547186141825, 38.896743339024269 ] ] ] } },
{ "type": "Feature", "properties": { "row": 51, "col": 16, "mostly_overlap": false, "overlap_ratio": 0.0 }, "geometry": { "type": "Polygon", "coordinates": [ [ [ -62.685547186141825, 38.941534040456602 ], [ -62.685547186141825, 38.986324741888943 ], [ -62.760198355195726, 38.986324741888943 ], [ -62.760198355195726, 38.941534040456602 ], [ -62.685547186141825, 38.941534040456602 ] ] ] } },
{ "type": "Feature", "properties": { "row": 51, "col": 17, "mostly_overlap": false, "overlap_ratio": 0.0 }, "geometry": { "type": "Polygon", "coordinates": [ [ [ -62.685547186141825, 38.986324741888943 ], [ -62.685547186141825, 39.031115443321283 ], [ -62.760198355195726, 39.031115443321283 ], [ -62.760198355195726, 38.986324741888943 ], [ -62.685547186141825, 38.986324741888943 ] ] ] } },
{ "type": "Feature", "properties": { "row": 51, "col": 18, "mostly_overlap": false, "overlap_ratio": 0.0 }, "geometry": { "type": "Polygon", "coordinates": [ [ [ -62.685547186141825, 39.031115443321283 ], [ -62.685547186141825, 39.075906144753617 ], [ -62.760198355195726, 39.075906144753617 ], [ -62.760198355195726, 39.031115443321283 ], [ -62.685547186141825, 39.031115443321283 ] ] ] } },
{ "type": "Feature", "properties": { "row": 51, "col": 19, "mostly_overlap": false, "overlap_ratio": 0.0 }, "geometry": { "type": "Polygon", "coordinates": [ [ [ -62.685547186141825, 39.075906144753617 ], [ -62.685547186141825, 39.120696846185957 ], [ -62.760198355195726, 39.120696846185957 ], [ -62.760198355195726, 39.075906144753617 ], [ -62.685547186141825, 39.075906144753617 ] ] ] } },
{ "type": "Feature", "properties": { "row": 51, "col": 20, "mostly_overlap": false, "overlap_ratio": 0.0 }, "geometry": { "type": "Polygon", "coordinates": [ [ [ -62.685547186141825, 39.120696846185957 ], [ -62.685547186141825, 39.165487547618298 ], [ -62.760198355195726, 39.165487547618298 ], [ -62.760198355195726, 39.120696846185957 ], [ -62.685547186141825, 39.120696846185957 ] ] ] } },
{ "type": "Feature", "properties": { "row": 52, "col": 1, "mostly_overlap": false, "overlap_ratio": 0.4895 }, "geometry": { "type": "Polygon", "coordinates": [ [ [ -62.760198355195726, 38.269673518971523 ], [ -62.760198355195726, 38.314464220403863 ], [ -62.834849524249627, 38.314464220403863 ], [ -62.834849524249627, 38.269673518971523 ], [ -62.760198355195726, 38.269673518971523 ] ] ] } },
{ "type": "Feature", "properties": { "row": 52, "col": 2, "mostly_overlap": true, "overlap_ratio": 1.0 }, "geometry": { "type": "Polygon", "coordinates": [ [ [ -62.760198355195726, 38.314464220403863 ], [ -62.760198355195726, 38.359254921836197 ], [ -62.834849524249627, 38.359254921836197 ], [ -62.834849524249627, 38.314464220403863 ], [ -62.760198355195726, 38.314464220403863 ] ] ] } },
{ "type": "Feature", "properties": { "row": 52, "col": 3, "mostly_overlap": true, "overlap_ratio": 1.0 }, "geometry": { "type": "Polygon", "coordinates": [ [ [ -62.760198355195726, 38.359254921836197 ], [ -62.760198355195726, 38.404045623268537 ], [ -62.834849524249627, 38.404045623268537 ], [ -62.834849524249627, 38.359254921836197 ], [ -62.760198355195726, 38.359254921836197 ] ] ] } },
{ "type": "Feature", "properties": { "row": 52, "col": 4, "mostly_overlap": true, "overlap_ratio": 1.0 }, "geometry": { "type": "Polygon", "coordinates": [ [ [ -62.760198355195726, 38.404045623268537 ], [ -62.760198355195726, 38.448836324700878 ], [ -62.834849524249627, 38.448836324700878 ], [ -62.834849524249627, 38.404045623268537 ], [ -62.760198355195726, 38.404045623268537 ] ] ] } },
{ "type": "Feature", "properties": { "row": 52, "col": 5, "mostly_overlap": true, "overlap_ratio": 1.0 }, "geometry": { "type": "Polygon", "coordinates": [ [ [ -62.760198355195726, 38.448836324700878 ], [ -62.760198355195726, 38.493627026133218 ], [ -62.834849524249627, 38.493627026133218 ], [ -62.834849524249627, 38.448836324700878 ], [ -62.760198355195726, 38.448836324700878 ] ] ] } },
{ "type": "Feature", "properties": { "row": 52, "col": 6, "mostly_overlap": true, "overlap_ratio": 1.0 }, "geometry": { "type": "Polygon", "coordinates": [ [ [ -62.760198355195726, 38.493627026133218 ], [ -62.760198355195726, 38.538417727565552 ], [ -62.834849524249627, 38.538417727565552 ], [ -62.834849524249627, 38.493627026133218 ], [ -62.760198355195726, 38.493627026133218 ] ] ] } },
{ "type": "Feature", "properties": { "row": 52, "col": 7, "mostly_overlap": true, "overlap_ratio": 1.0 }, "geometry": { "type": "Polygon", "coordinates": [ [ [ -62.760198355195726, 38.538417727565552 ], [ -62.760198355195726, 38.583208428997892 ], [ -62.834849524249627, 38.583208428997892 ], [ -62.834849524249627, 38.538417727565552 ], [ -62.760198355195726, 38.538417727565552 ] ] ] } },
{ "type": "Feature", "properties": { "row": 52, "col": 8, "mostly_overlap": true, "overlap_ratio": 1.0 }, "geometry": { "type": "Polygon", "coordinates": [ [ [ -62.760198355195726, 38.583208428997892 ], [ -62.760198355195726, 38.627999130430233 ], [ -62.834849524249627, 38.627999130430233 ], [ -62.834849524249627, 38.583208428997892 ], [ -62.760198355195726, 38.583208428997892 ] ] ] } },
{ "type": "Feature", "properties": { "row": 52, "col": 9, "mostly_overlap": true, "overlap_ratio": 1.0 }, "geometry": { "type": "Polygon", "coordinates": [ [ [ -62.760198355195726, 38.627999130430233 ], [ -62.760198355195726, 38.672789831862573 ], [ -62.834849524249627, 38.672789831862573 ], [ -62.834849524249627, 38.627999130430233 ], [ -62.760198355195726, 38.627999130430233 ] ] ] } },
{ "type": "Feature", "properties": { "row": 52, "col": 10, "mostly_overlap": true, "overlap_ratio": 1.0 }, "geometry": { "type": "Polygon", "coordinates": [ [ [ -62.760198355195726, 38.672789831862573 ], [ -62.760198355195726, 38.717580533294907 ], [ -62.834849524249627, 38.717580533294907 ], [ -62.834849524249627, 38.672789831862573 ], [ -62.760198355195726, 38.672789831862573 ] ] ] } },
{ "type": "Feature", "properties": { "row": 52, "col": 11, "mostly_overlap": true, "overlap_ratio": 0.6221 }, "geometry": { "type": "Polygon", "coordinates": [ [ [ -62.760198355195726, 38.717580533294907 ], [ -62.760198355195726, 38.762371234727247 ], [ -62.834849524249627, 38.762371234727247 ], [ -62.834849524249627, 38.717580533294907 ], [ -62.760198355195726, 38.717580533294907 ] ] ] } },
{ "type": "Feature", "properties": { "row": 52, "col": 12, "mostly_overlap": false, "overlap_ratio": 0.0 }, "geometry": { "type": "Polygon", "coordinates": [ [ [ -62.760198355195726, 38.762371234727247 ], [ -62.760198355195726, 38.807161936159588 ], [ -62.834849524249627, 38.807161936159588 ], [ -62.834849524249627, 38.762371234727247 ], [ -62.760198355195726, 38.762371234727247 ] ] ] } },
{ "type": "Feature", "properties": { "row": 52, "col": 13, "mostly_overlap": false, "overlap_ratio": 0.0 }, "geometry": { "type": "Polygon", "coordinates": [ [ [ -62.760198355195726, 38.807161936159588 ], [ -62.760198355195726, 38.851952637591928 ], [ -62.834849524249627, 38.851952637591928 ], [ -62.834849524249627, 38.807161936159588 ], [ -62.760198355195726, 38.807161936159588 ] ] ] } },
{ "type": "Feature", "properties": { "row": 52, "col": 14, "mostly_overlap": false, "overlap_ratio": 0.0 }, "geometry": { "type": "Polygon", "coordinates": [ [ [ -62.760198355195726, 38.851952637591928 ], [ -62.760198355195726, 38.896743339024269 ], [ -62.834849524249627, 38.896743339024269 ], [ -62.834849524249627, 38.851952637591928 ], [ -62.760198355195726, 38.851952637591928 ] ] ] } },
{ "type": "Feature", "properties": { "row": 52, "col": 15, "mostly_overlap": false, "overlap_ratio": 0.0 }, "geometry": { "type": "Polygon", "coordinates": [ [ [ -62.760198355195726, 38.896743339024269 ], [ -62.760198355195726, 38.941534040456602 ], [ -62.834849524249627, 38.941534040456602 ], [ -62.834849524249627, 38.896743339024269 ], [ -62.760198355195726, 38.896743339024269 ] ] ] } },
{ "type": "Feature", "properties": { "row": 52, "col": 16, "mostly_overlap": false, "overlap_ratio": 0.0 }, "geometry": { "type": "Polygon", "coordinates": [ [ [ -62.760198355195726, 38.941534040456602 ], [ -62.760198355195726, 38.986324741888943 ], [ -62.834849524249627, 38.986324741888943 ], [ -62.834849524249627, 38.941534040456602 ], [ -62.760198355195726, 38.941534040456602 ] ] ] } },
{ "type": "Feature", "properties": { "row": 52, "col": 17, "mostly_overlap": false, "overlap_ratio": 0.0 }, "geometry": { "type": "Polygon", "coordinates": [ [ [ -62.760198355195726, 38.986324741888943 ], [ -62.760198355195726, 39.031115443321283 ], [ -62.834849524249627, 39.031115443321283 ], [ -62.834849524249627, 38.986324741888943 ], [ -62.760198355195726, 38.986324741888943 ] ] ] } },
{ "type": "Feature", "properties": { "row": 52, "col": 18, "mostly_overlap": false, "overlap_ratio": 0.0 }, "geometry": { "type": "Polygon", "coordinates": [ [ [ -62.760198355195726, 39.031115443321283 ], [ -62.760198355195726, 39.075906144753617 ], [ -62.834849524249627, 39.075906144753617 ], [ -62.834849524249627, 39.031115443321283 ], [ -62.760198355195726, 39.031115443321283 ] ] ] } },
{ "type": "Feature", "properties": { "row": 52, "col": 19, "mostly_overlap": false, "overlap_ratio": 0.0 }, "geometry": { "type": "Polygon", "coordinates": [ [ [ -62.760198355195726, 39.075906144753617 ], [ -62.760198355195726, 39.120696846185957 ], [ -62.834849524249627, 39.120696846185957 ], [ -62.834849524249627, 39.075906144753617 ], [ -62.760198355195726, 39.075906144753617 ] ] ] } },
{ "type": "Feature", "properties": { "row": 52, "col": 20, "mostly_overlap": false, "overlap_ratio": 0.0 }, "geometry": { "type": "Polygon", "coordinates": [ [ [ -62.760198355195726, 39.120696846185957 ], [ -62.760198355195726, 39.165487547618298 ], [ -62.834849524249627, 39.165487547618298 ], [ -62.834849524249627, 39.120696846185957 ], [ -62.760198355195726, 39.120696846185957 ] ] ] } },
{ "type": "Feature", "properties": { "row": 53, "col": 1, "mostly_overlap": false, "overlap_ratio": 0.4869 }, "geometry": { "type": "Polygon", "coordinates": [ [ [ -62.834849524249627, 38.269673518971523 ], [ -62.834849524249627, 38.314464220403863 ], [ -62.909500693303521, 38.314464220403863 ], [ -62.909500693303521, 38.269673518971523 ], [ -62.834849524249627, 38.269673518971523 ] ] ] } },
{ "type": "Feature", "properties": { "row": 53, "col": 2, "mostly_overlap": true, "overlap_ratio": 1.0 }, "geometry": { "type": "Polygon", "coordinates": [ [ [ -62.834849524249627, 38.314464220403863 ], [ -62.834849524249627, 38.359254921836197 ], [ -62.909500693303521, 38.359254921836197 ], [ -62.909500693303521, 38.314464220403863 ], [ -62.834849524249627, 38.314464220403863 ] ] ] } },
{ "type": "Feature", "properties": { "row": 53, "col": 3, "mostly_overlap": true, "overlap_ratio": 1.0 }, "geometry": { "type": "Polygon", "coordinates": [ [ [ -62.834849524249627, 38.359254921836197 ], [ -62.834849524249627, 38.404045623268537 ], [ -62.909500693303521, 38.404045623268537 ], [ -62.909500693303521, 38.359254921836197 ], [ -62.834849524249627, 38.359254921836197 ] ] ] } },
{ "type": "Feature", "properties": { "row": 53, "col": 4, "mostly_overlap": true, "overlap_ratio": 1.0 }, "geometry": { "type": "Polygon", "coordinates": [ [ [ -62.834849524249627, 38.404045623268537 ], [ -62.834849524249627, 38.448836324700878 ], [ -62.909500693303521, 38.448836324700878 ], [ -62.909500693303521, 38.404045623268537 ], [ -62.834849524249627, 38.404045623268537 ] ] ] } },
{ "type": "Feature", "properties": { "row": 53, "col": 5, "mostly_overlap": true, "overlap_ratio": 1.0 }, "geometry": { "type": "Polygon", "coordinates": [ [ [ -62.834849524249627, 38.448836324700878 ], [ -62.834849524249627, 38.493627026133218 ], [ -62.909500693303521, 38.493627026133218 ], [ -62.909500693303521, 38.448836324700878 ], [ -62.834849524249627, 38.448836324700878 ] ] ] } },
{ "type": "Feature", "properties": { "row": 53, "col": 6, "mostly_overlap": true, "overlap_ratio": 1.0 }, "geometry": { "type": "Polygon", "coordinates": [ [ [ -62.834849524249627, 38.493627026133218 ], [ -62.834849524249627, 38.538417727565552 ], [ -62.909500693303521, 38.538417727565552 ], [ -62.909500693303521, 38.493627026133218 ], [ -62.834849524249627, 38.493627026133218 ] ] ] } },
{ "type": "Feature", "properties": { "row": 53, "col": 7, "mostly_overlap": true, "overlap_ratio": 1.0 }, "geometry": { "type": "Polygon", "coordinates": [ [ [ -62.834849524249627, 38.538417727565552 ], [ -62.834849524249627, 38.583208428997892 ], [ -62.909500693303521, 38.583208428997892 ], [ -62.909500693303521, 38.538417727565552 ], [ -62.834849524249627, 38.538417727565552 ] ] ] } },
{ "type": "Feature", "properties": { "row": 53, "col": 8, "mostly_overlap": true, "overlap_ratio": 1.0 }, "geometry": { "type": "Polygon", "coordinates": [ [ [ -62.834849524249627, 38.583208428997892 ], [ -62.834849524249627, 38.627999130430233 ], [ -62.909500693303521, 38.627999130430233 ], [ -62.909500693303521, 38.583208428997892 ], [ -62.834849524249627, 38.583208428997892 ] ] ] } },
{ "type": "Feature", "properties": { "row": 53, "col": 9, "mostly_overlap": true, "overlap_ratio": 1.0 }, "geometry": { "type": "Polygon", "coordinates": [ [ [ -62.834849524249627, 38.627999130430233 ], [ -62.834849524249627, 38.672789831862573 ], [ -62.909500693303521, 38.672789831862573 ], [ -62.909500693303521, 38.627999130430233 ], [ -62.834849524249627, 38.627999130430233 ] ] ] } },
{ "type": "Feature", "properties": { "row": 53, "col": 10, "mostly_overlap": true, "overlap_ratio": 1.0 }, "geometry": { "type": "Polygon", "coordinates": [ [ [ -62.834849524249627, 38.672789831862573 ], [ -62.834849524249627, 38.717580533294907 ], [ -62.909500693303521, 38.717580533294907 ], [ -62.909500693303521, 38.672789831862573 ], [ -62.834849524249627, 38.672789831862573 ] ] ] } },
{ "type": "Feature", "properties": { "row": 53, "col": 11, "mostly_overlap": true, "overlap_ratio": 0.6221 }, "geometry": { "type": "Polygon", "coordinates": [ [ [ -62.834849524249627, 38.717580533294907 ], [ -62.834849524249627, 38.762371234727247 ], [ -62.909500693303521, 38.762371234727247 ], [ -62.909500693303521, 38.717580533294907 ], [ -62.834849524249627, 38.717580533294907 ] ] ] } },
{ "type": "Feature", "properties": { "row": 53, "col": 12, "mostly_overlap": false, "overlap_ratio": 0.0 }, "geometry": { "type": "Polygon", "coordinates": [ [ [ -62.834849524249627, 38.762371234727247 ], [ -62.834849524249627, 38.807161936159588 ], [ -62.909500693303521, 38.807161936159588 ], [ -62.909500693303521, 38.762371234727247 ], [ -62.834849524249627, 38.762371234727247 ] ] ] } },
{ "type": "Feature", "properties": { "row": 53, "col": 13, "mostly_overlap": false, "overlap_ratio": 0.0 }, "geometry": { "type": "Polygon", "coordinates": [ [ [ -62.834849524249627, 38.807161936159588 ], [ -62.834849524249627, 38.851952637591928 ], [ -62.909500693303521, 38.851952637591928 ], [ -62.909500693303521, 38.807161936159588 ], [ -62.834849524249627, 38.807161936159588 ] ] ] } },
{ "type": "Feature", "properties": { "row": 53, "col": 14, "mostly_overlap": false, "overlap_ratio": 0.0 }, "geometry": { "type": "Polygon", "coordinates": [ [ [ -62.834849524249627, 38.851952637591928 ], [ -62.834849524249627, 38.896743339024269 ], [ -62.909500693303521, 38.896743339024269 ], [ -62.909500693303521, 38.851952637591928 ], [ -62.834849524249627, 38.851952637591928 ] ] ] } },
{ "type": "Feature", "properties": { "row": 53, "col": 15, "mostly_overlap": false, "overlap_ratio": 0.0 }, "geometry": { "type": "Polygon", "coordinates": [ [ [ -62.834849524249627, 38.896743339024269 ], [ -62.834849524249627, 38.941534040456602 ], [ -62.909500693303521, 38.941534040456602 ], [ -62.909500693303521, 38.896743339024269 ], [ -62.834849524249627, 38.896743339024269 ] ] ] } },
{ "type": "Feature", "properties": { "row": 53, "col": 16, "mostly_overlap": false, "overlap_ratio": 0.0 }, "geometry": { "type": "Polygon", "coordinates": [ [ [ -62.834849524249627, 38.941534040456602 ], [ -62.834849524249627, 38.986324741888943 ], [ -62.909500693303521, 38.986324741888943 ], [ -62.909500693303521, 38.941534040456602 ], [ -62.834849524249627, 38.941534040456602 ] ] ] } },
{ "type": "Feature", "properties": { "row": 53, "col": 17, "mostly_overlap": false, "overlap_ratio": 0.0 }, "geometry": { "type": "Polygon", "coordinates": [ [ [ -62.834849524249627, 38.986324741888943 ], [ -62.834849524249627, 39.031115443321283 ], [ -62.909500693303521, 39.031115443321283 ], [ -62.909500693303521, 38.986324741888943 ], [ -62.834849524249627, 38.986324741888943 ] ] ] } },
{ "type": "Feature", "properties": { "row": 53, "col": 18, "mostly_overlap": false, "overlap_ratio": 0.0 }, "geometry": { "type": "Polygon", "coordinates": [ [ [ -62.834849524249627, 39.031115443321283 ], [ -62.834849524249627, 39.075906144753617 ], [ -62.909500693303521, 39.075906144753617 ], [ -62.909500693303521, 39.031115443321283 ], [ -62.834849524249627, 39.031115443321283 ] ] ] } },
{ "type": "Feature", "properties": { "row": 53, "col": 19, "mostly_overlap": false, "overlap_ratio": 0.0 }, "geometry": { "type": "Polygon", "coordinates": [ [ [ -62.834849524249627, 39.075906144753617 ], [ -62.834849524249627, 39.120696846185957 ], [ -62.909500693303521, 39.120696846185957 ], [ -62.909500693303521, 39.075906144753617 ], [ -62.834849524249627, 39.075906144753617 ] ] ] } },
{ "type": "Feature", "properties": { "row": 53, "col": 20, "mostly_overlap": false, "overlap_ratio": 0.0 }, "geometry": { "type": "Polygon", "coordinates": [ [ [ -62.834849524249627, 39.120696846185957 ], [ -62.834849524249627, 39.165487547618298 ], [ -62.909500693303521, 39.165487547618298 ], [ -62.909500693303521, 39.120696846185957 ], [ -62.834849524249627, 39.120696846185957 ] ] ] } },
{ "type": "Feature", "properties": { "row": 54, "col": 1, "mostly_overlap": false, "overlap_ratio": 0.4842 }, "geometry": { "type": "Polygon", "coordinates": [ [ [ -62.909500693303521, 38.269673518971523 ], [ -62.909500693303521, 38.314464220403863 ], [ -62.984151862357422, 38.314464220403863 ], [ -62.984151862357422, 38.269673518971523 ], [ -62.909500693303521, 38.269673518971523 ] ] ] } },
{ "type": "Feature", "properties": { "row": 54, "col": 2, "mostly_overlap": true, "overlap_ratio": 1.0 }, "geometry": { "type": "Polygon", "coordinates": [ [ [ -62.909500693303521, 38.314464220403863 ], [ -62.909500693303521, 38.359254921836197 ], [ -62.984151862357422, 38.359254921836197 ], [ -62.984151862357422, 38.314464220403863 ], [ -62.909500693303521, 38.314464220403863 ] ] ] } },
{ "type": "Feature", "properties": { "row": 54, "col": 3, "mostly_overlap": true, "overlap_ratio": 1.0 }, "geometry": { "type": "Polygon", "coordinates": [ [ [ -62.909500693303521, 38.359254921836197 ], [ -62.909500693303521, 38.404045623268537 ], [ -62.984151862357422, 38.404045623268537 ], [ -62.984151862357422, 38.359254921836197 ], [ -62.909500693303521, 38.359254921836197 ] ] ] } },
{ "type": "Feature", "properties": { "row": 54, "col": 4, "mostly_overlap": true, "overlap_ratio": 1.0 }, "geometry": { "type": "Polygon", "coordinates": [ [ [ -62.909500693303521, 38.404045623268537 ], [ -62.909500693303521, 38.448836324700878 ], [ -62.984151862357422, 38.448836324700878 ], [ -62.984151862357422, 38.404045623268537 ], [ -62.909500693303521, 38.404045623268537 ] ] ] } },
{ "type": "Feature", "properties": { "row": 54, "col": 5, "mostly_overlap": true, "overlap_ratio": 1.0 }, "geometry": { "type": "Polygon", "coordinates": [ [ [ -62.909500693303521, 38.448836324700878 ], [ -62.909500693303521, 38.493627026133218 ], [ -62.984151862357422, 38.493627026133218 ], [ -62.984151862357422, 38.448836324700878 ], [ -62.909500693303521, 38.448836324700878 ] ] ] } },
{ "type": "Feature", "properties": { "row": 54, "col": 6, "mostly_overlap": true, "overlap_ratio": 1.0 }, "geometry": { "type": "Polygon", "coordinates": [ [ [ -62.909500693303521, 38.493627026133218 ], [ -62.909500693303521, 38.538417727565552 ], [ -62.984151862357422, 38.538417727565552 ], [ -62.984151862357422, 38.493627026133218 ], [ -62.909500693303521, 38.493627026133218 ] ] ] } },
{ "type": "Feature", "properties": { "row": 54, "col": 7, "mostly_overlap": true, "overlap_ratio": 1.0 }, "geometry": { "type": "Polygon", "coordinates": [ [ [ -62.909500693303521, 38.538417727565552 ], [ -62.909500693303521, 38.583208428997892 ], [ -62.984151862357422, 38.583208428997892 ], [ -62.984151862357422, 38.538417727565552 ], [ -62.909500693303521, 38.538417727565552 ] ] ] } },
{ "type": "Feature", "properties": { "row": 54, "col": 8, "mostly_overlap": true, "overlap_ratio": 1.0 }, "geometry": { "type": "Polygon", "coordinates": [ [ [ -62.909500693303521, 38.583208428997892 ], [ -62.909500693303521, 38.627999130430233 ], [ -62.984151862357422, 38.627999130430233 ], [ -62.984151862357422, 38.583208428997892 ], [ -62.909500693303521, 38.583208428997892 ] ] ] } },
{ "type": "Feature", "properties": { "row": 54, "col": 9, "mostly_overlap": true, "overlap_ratio": 1.0 }, "geometry": { "type": "Polygon", "coordinates": [ [ [ -62.909500693303521, 38.627999130430233 ], [ -62.909500693303521, 38.672789831862573 ], [ -62.984151862357422, 38.672789831862573 ], [ -62.984151862357422, 38.627999130430233 ], [ -62.909500693303521, 38.627999130430233 ] ] ] } },
{ "type": "Feature", "properties": { "row": 54, "col": 10, "mostly_overlap": true, "overlap_ratio": 1.0 }, "geometry": { "type": "Polygon", "coordinates": [ [ [ -62.909500693303521, 38.672789831862573 ], [ -62.909500693303521, 38.717580533294907 ], [ -62.984151862357422, 38.717580533294907 ], [ -62.984151862357422, 38.672789831862573 ], [ -62.909500693303521, 38.672789831862573 ] ] ] } },
{ "type": "Feature", "properties": { "row": 54, "col": 11, "mostly_overlap": true, "overlap_ratio": 0.6221 }, "geometry": { "type": "Polygon", "coordinates": [ [ [ -62.909500693303521, 38.717580533294907 ], [ -62.909500693303521, 38.762371234727247 ], [ -62.984151862357422, 38.762371234727247 ], [ -62.984151862357422, 38.717580533294907 ], [ -62.909500693303521, 38.717580533294907 ] ] ] } },
{ "type": "Feature", "properties": { "row": 54, "col": 12, "mostly_overlap": false, "overlap_ratio": 0.0 }, "geometry": { "type": "Polygon", "coordinates": [ [ [ -62.909500693303521, 38.762371234727247 ], [ -62.909500693303521, 38.807161936159588 ], [ -62.984151862357422, 38.807161936159588 ], [ -62.984151862357422, 38.762371234727247 ], [ -62.909500693303521, 38.762371234727247 ] ] ] } },
{ "type": "Feature", "properties": { "row": 54, "col": 13, "mostly_overlap": false, "overlap_ratio": 0.0 }, "geometry": { "type": "Polygon", "coordinates": [ [ [ -62.909500693303521, 38.807161936159588 ], [ -62.909500693303521, 38.851952637591928 ], [ -62.984151862357422, 38.851952637591928 ], [ -62.984151862357422, 38.807161936159588 ], [ -62.909500693303521, 38.807161936159588 ] ] ] } },
{ "type": "Feature", "properties": { "row": 54, "col": 14, "mostly_overlap": false, "overlap_ratio": 0.0 }, "geometry": { "type": "Polygon", "coordinates": [ [ [ -62.909500693303521, 38.851952637591928 ], [ -62.909500693303521, 38.896743339024269 ], [ -62.984151862357422, 38.896743339024269 ], [ -62.984151862357422, 38.851952637591928 ], [ -62.909500693303521, 38.851952637591928 ] ] ] } },
{ "type": "Feature", "properties": { "row": 54, "col": 15, "mostly_overlap": false, "overlap_ratio": 0.0 }, "geometry": { "type": "Polygon", "coordinates": [ [ [ -62.909500693303521, 38.896743339024269 ], [ -62.909500693303521, 38.941534040456602 ], [ -62.984151862357422, 38.941534040456602 ], [ -62.984151862357422, 38.896743339024269 ], [ -62.909500693303521, 38.896743339024269 ] ] ] } },
{ "type": "Feature", "properties": { "row": 54, "col": 16, "mostly_overlap": false, "overlap_ratio": 0.0 }, "geometry": { "type": "Polygon", "coordinates": [ [ [ -62.909500693303521, 38.941534040456602 ], [ -62.909500693303521, 38.986324741888943 ], [ -62.984151862357422, 38.986324741888943 ], [ -62.984151862357422, 38.941534040456602 ], [ -62.909500693303521, 38.941534040456602 ] ] ] } },
{ "type": "Feature", "properties": { "row": 54, "col": 17, "mostly_overlap": false, "overlap_ratio": 0.0 }, "geometry": { "type": "Polygon", "coordinates": [ [ [ -62.909500693303521, 38.986324741888943 ], [ -62.909500693303521, 39.031115443321283 ], [ -62.984151862357422, 39.031115443321283 ], [ -62.984151862357422, 38.986324741888943 ], [ -62.909500693303521, 38.986324741888943 ] ] ] } },
{ "type": "Feature", "properties": { "row": 54, "col": 18, "mostly_overlap": false, "overlap_ratio": 0.0 }, "geometry": { "type": "Polygon", "coordinates": [ [ [ -62.909500693303521, 39.031115443321283 ], [ -62.909500693303521, 39.075906144753617 ], [ -62.984151862357422, 39.075906144753617 ], [ -62.984151862357422, 39.031115443321283 ], [ -62.909500693303521, 39.031115443321283 ] ] ] } },
{ "type": "Feature", "properties": { "row": 54, "col": 19, "mostly_overlap": false, "overlap_ratio": 0.0 }, "geometry": { "type": "Polygon", "coordinates": [ [ [ -62.909500693303521, 39.075906144753617 ], [ -62.909500693303521, 39.120696846185957 ], [ -62.984151862357422, 39.120696846185957 ], [ -62.984151862357422, 39.075906144753617 ], [ -62.909500693303521, 39.075906144753617 ] ] ] } },
{ "type": "Feature", "properties": { "row": 54, "col": 20, "mostly_overlap": false, "overlap_ratio": 0.0 }, "geometry": { "type": "Polygon", "coordinates": [ [ [ -62.909500693303521, 39.120696846185957 ], [ -62.909500693303521, 39.165487547618298 ], [ -62.984151862357422, 39.165487547618298 ], [ -62.984151862357422, 39.120696846185957 ], [ -62.909500693303521, 39.120696846185957 ] ] ] } },
{ "type": "Feature", "properties": { "row": 55, "col": 1, "mostly_overlap": false, "overlap_ratio": 0.4816 }, "geometry": { "type": "Polygon", "coordinates": [ [ [ -62.984151862357422, 38.269673518971523 ], [ -62.984151862357422, 38.314464220403863 ], [ -63.058803031411315, 38.314464220403863 ], [ -63.058803031411315, 38.269673518971523 ], [ -62.984151862357422, 38.269673518971523 ] ] ] } },
{ "type": "Feature", "properties": { "row": 55, "col": 2, "mostly_overlap": true, "overlap_ratio": 1.0 }, "geometry": { "type": "Polygon", "coordinates": [ [ [ -62.984151862357422, 38.314464220403863 ], [ -62.984151862357422, 38.359254921836197 ], [ -63.058803031411315, 38.359254921836197 ], [ -63.058803031411315, 38.314464220403863 ], [ -62.984151862357422, 38.314464220403863 ] ] ] } },
{ "type": "Feature", "properties": { "row": 55, "col": 3, "mostly_overlap": true, "overlap_ratio": 1.0 }, "geometry": { "type": "Polygon", "coordinates": [ [ [ -62.984151862357422, 38.359254921836197 ], [ -62.984151862357422, 38.404045623268537 ], [ -63.058803031411315, 38.404045623268537 ], [ -63.058803031411315, 38.359254921836197 ], [ -62.984151862357422, 38.359254921836197 ] ] ] } },
{ "type": "Feature", "properties": { "row": 55, "col": 4, "mostly_overlap": true, "overlap_ratio": 1.0 }, "geometry": { "type": "Polygon", "coordinates": [ [ [ -62.984151862357422, 38.404045623268537 ], [ -62.984151862357422, 38.448836324700878 ], [ -63.058803031411315, 38.448836324700878 ], [ -63.058803031411315, 38.404045623268537 ], [ -62.984151862357422, 38.404045623268537 ] ] ] } },
{ "type": "Feature", "properties": { "row": 55, "col": 5, "mostly_overlap": true, "overlap_ratio": 1.0 }, "geometry": { "type": "Polygon", "coordinates": [ [ [ -62.984151862357422, 38.448836324700878 ], [ -62.984151862357422, 38.493627026133218 ], [ -63.058803031411315, 38.493627026133218 ], [ -63.058803031411315, 38.448836324700878 ], [ -62.984151862357422, 38.448836324700878 ] ] ] } },
{ "type": "Feature", "properties": { "row": 55, "col": 6, "mostly_overlap": true, "overlap_ratio": 1.0 }, "geometry": { "type": "Polygon", "coordinates": [ [ [ -62.984151862357422, 38.493627026133218 ], [ -62.984151862357422, 38.538417727565552 ], [ -63.058803031411315, 38.538417727565552 ], [ -63.058803031411315, 38.493627026133218 ], [ -62.984151862357422, 38.493627026133218 ] ] ] } },
{ "type": "Feature", "properties": { "row": 55, "col": 7, "mostly_overlap": true, "overlap_ratio": 1.0 }, "geometry": { "type": "Polygon", "coordinates": [ [ [ -62.984151862357422, 38.538417727565552 ], [ -62.984151862357422, 38.583208428997892 ], [ -63.058803031411315, 38.583208428997892 ], [ -63.058803031411315, 38.538417727565552 ], [ -62.984151862357422, 38.538417727565552 ] ] ] } },
{ "type": "Feature", "properties": { "row": 55, "col": 8, "mostly_overlap": true, "overlap_ratio": 1.0 }, "geometry": { "type": "Polygon", "coordinates": [ [ [ -62.984151862357422, 38.583208428997892 ], [ -62.984151862357422, 38.627999130430233 ], [ -63.058803031411315, 38.627999130430233 ], [ -63.058803031411315, 38.583208428997892 ], [ -62.984151862357422, 38.583208428997892 ] ] ] } },
{ "type": "Feature", "properties": { "row": 55, "col": 9, "mostly_overlap": true, "overlap_ratio": 1.0 }, "geometry": { "type": "Polygon", "coordinates": [ [ [ -62.984151862357422, 38.627999130430233 ], [ -62.984151862357422, 38.672789831862573 ], [ -63.058803031411315, 38.672789831862573 ], [ -63.058803031411315, 38.627999130430233 ], [ -62.984151862357422, 38.627999130430233 ] ] ] } },
{ "type": "Feature", "properties": { "row": 55, "col": 10, "mostly_overlap": true, "overlap_ratio": 1.0 }, "geometry": { "type": "Polygon", "coordinates": [ [ [ -62.984151862357422, 38.672789831862573 ], [ -62.984151862357422, 38.717580533294907 ], [ -63.058803031411315, 38.717580533294907 ], [ -63.058803031411315, 38.672789831862573 ], [ -62.984151862357422, 38.672789831862573 ] ] ] } },
{ "type": "Feature", "properties": { "row": 55, "col": 11, "mostly_overlap": true, "overlap_ratio": 0.6221 }, "geometry": { "type": "Polygon", "coordinates": [ [ [ -62.984151862357422, 38.717580533294907 ], [ -62.984151862357422, 38.762371234727247 ], [ -63.058803031411315, 38.762371234727247 ], [ -63.058803031411315, 38.717580533294907 ], [ -62.984151862357422, 38.717580533294907 ] ] ] } },
{ "type": "Feature", "properties": { "row": 55, "col": 12, "mostly_overlap": false, "overlap_ratio": 0.0 }, "geometry": { "type": "Polygon", "coordinates": [ [ [ -62.984151862357422, 38.762371234727247 ], [ -62.984151862357422, 38.807161936159588 ], [ -63.058803031411315, 38.807161936159588 ], [ -63.058803031411315, 38.762371234727247 ], [ -62.984151862357422, 38.762371234727247 ] ] ] } },
{ "type": "Feature", "properties": { "row": 55, "col": 13, "mostly_overlap": false, "overlap_ratio": 0.0 }, "geometry": { "type": "Polygon", "coordinates": [ [ [ -62.984151862357422, 38.807161936159588 ], [ -62.984151862357422, 38.851952637591928 ], [ -63.058803031411315, 38.851952637591928 ], [ -63.058803031411315, 38.807161936159588 ], [ -62.984151862357422, 38.807161936159588 ] ] ] } },
{ "type": "Feature", "properties": { "row": 55, "col": 14, "mostly_overlap": false, "overlap_ratio": 0.0 }, "geometry": { "type": "Polygon", "coordinates": [ [ [ -62.984151862357422, 38.851952637591928 ], [ -62.984151862357422, 38.896743339024269 ], [ -63.058803031411315, 38.896743339024269 ], [ -63.058803031411315, 38.851952637591928 ], [ -62.984151862357422, 38.851952637591928 ] ] ] } },
{ "type": "Feature", "properties": { "row": 55, "col": 15, "mostly_overlap": false, "overlap_ratio": 0.0 }, "geometry": { "type": "Polygon", "coordinates": [ [ [ -62.984151862357422, 38.896743339024269 ], [ -62.984151862357422, 38.941534040456602 ], [ -63.058803031411315, 38.941534040456602 ], [ -63.058803031411315, 38.896743339024269 ], [ -62.984151862357422, 38.896743339024269 ] ] ] } },
{ "type": "Feature", "properties": { "row": 55, "col": 16, "mostly_overlap": false, "overlap_ratio": 0.0 }, "geometry": { "type": "Polygon", "coordinates": [ [ [ -62.984151862357422, 38.941534040456602 ], [ -62.984151862357422, 38.986324741888943 ], [ -63.058803031411315, 38.986324741888943 ], [ -63.058803031411315, 38.941534040456602 ], [ -62.984151862357422, 38.941534040456602 ] ] ] } },
{ "type": "Feature", "properties": { "row": 55, "col": 17, "mostly_overlap": false, "overlap_ratio": 0.0 }, "geometry": { "type": "Polygon", "coordinates": [ [ [ -62.984151862357422, 38.986324741888943 ], [ -62.984151862357422, 39.031115443321283 ], [ -63.058803031411315, 39.031115443321283 ], [ -63.058803031411315, 38.986324741888943 ], [ -62.984151862357422, 38.986324741888943 ] ] ] } },
{ "type": "Feature", "properties": { "row": 55, "col": 18, "mostly_overlap": false, "overlap_ratio": 0.0 }, "geometry": { "type": "Polygon", "coordinates": [ [ [ -62.984151862357422, 39.031115443321283 ], [ -62.984151862357422, 39.075906144753617 ], [ -63.058803031411315, 39.075906144753617 ], [ -63.058803031411315, 39.031115443321283 ], [ -62.984151862357422, 39.031115443321283 ] ] ] } },
{ "type": "Feature", "properties": { "row": 55, "col": 19, "mostly_overlap": false, "overlap_ratio": 0.0 }, "geometry": { "type": "Polygon", "coordinates": [ [ [ -62.984151862357422, 39.075906144753617 ], [ -62.984151862357422, 39.120696846185957 ], [ -63.058803031411315, 39.120696846185957 ], [ -63.058803031411315, 39.075906144753617 ], [ -62.984151862357422, 39.075906144753617 ] ] ] } },
{ "type": "Feature", "properties": { "row": 55, "col": 20, "mostly_overlap": false, "overlap_ratio": 0.0 }, "geometry": { "type": "Polygon", "coordinates": [ [ [ -62.984151862357422, 39.120696846185957 ], [ -62.984151862357422, 39.165487547618298 ], [ -63.058803031411315, 39.165487547618298 ], [ -63.058803031411315, 39.120696846185957 ], [ -62.984151862357422, 39.120696846185957 ] ] ] } },
{ "type": "Feature", "properties": { "row": 56, "col": 1, "mostly_overlap": false, "overlap_ratio": 0.479 }, "geometry": { "type": "Polygon", "coordinates": [ [ [ -63.058803031411315, 38.269673518971523 ], [ -63.058803031411315, 38.314464220403863 ], [ -63.133454200465216, 38.314464220403863 ], [ -63.133454200465216, 38.269673518971523 ], [ -63.058803031411315, 38.269673518971523 ] ] ] } },
{ "type": "Feature", "properties": { "row": 56, "col": 2, "mostly_overlap": true, "overlap_ratio": 1.0 }, "geometry": { "type": "Polygon", "coordinates": [ [ [ -63.058803031411315, 38.314464220403863 ], [ -63.058803031411315, 38.359254921836197 ], [ -63.133454200465216, 38.359254921836197 ], [ -63.133454200465216, 38.314464220403863 ], [ -63.058803031411315, 38.314464220403863 ] ] ] } },
{ "type": "Feature", "properties": { "row": 56, "col": 3, "mostly_overlap": true, "overlap_ratio": 1.0 }, "geometry": { "type": "Polygon", "coordinates": [ [ [ -63.058803031411315, 38.359254921836197 ], [ -63.058803031411315, 38.404045623268537 ], [ -63.133454200465216, 38.404045623268537 ], [ -63.133454200465216, 38.359254921836197 ], [ -63.058803031411315, 38.359254921836197 ] ] ] } },
{ "type": "Feature", "properties": { "row": 56, "col": 4, "mostly_overlap": true, "overlap_ratio": 1.0 }, "geometry": { "type": "Polygon", "coordinates": [ [ [ -63.058803031411315, 38.404045623268537 ], [ -63.058803031411315, 38.448836324700878 ], [ -63.133454200465216, 38.448836324700878 ], [ -63.133454200465216, 38.404045623268537 ], [ -63.058803031411315, 38.404045623268537 ] ] ] } },
{ "type": "Feature", "properties": { "row": 56, "col": 5, "mostly_overlap": true, "overlap_ratio": 1.0 }, "geometry": { "type": "Polygon", "coordinates": [ [ [ -63.058803031411315, 38.448836324700878 ], [ -63.058803031411315, 38.493627026133218 ], [ -63.133454200465216, 38.493627026133218 ], [ -63.133454200465216, 38.448836324700878 ], [ -63.058803031411315, 38.448836324700878 ] ] ] } },
{ "type": "Feature", "properties": { "row": 56, "col": 6, "mostly_overlap": true, "overlap_ratio": 1.0 }, "geometry": { "type": "Polygon", "coordinates": [ [ [ -63.058803031411315, 38.493627026133218 ], [ -63.058803031411315, 38.538417727565552 ], [ -63.133454200465216, 38.538417727565552 ], [ -63.133454200465216, 38.493627026133218 ], [ -63.058803031411315, 38.493627026133218 ] ] ] } },
{ "type": "Feature", "properties": { "row": 56, "col": 7, "mostly_overlap": true, "overlap_ratio": 1.0 }, "geometry": { "type": "Polygon", "coordinates": [ [ [ -63.058803031411315, 38.538417727565552 ], [ -63.058803031411315, 38.583208428997892 ], [ -63.133454200465216, 38.583208428997892 ], [ -63.133454200465216, 38.538417727565552 ], [ -63.058803031411315, 38.538417727565552 ] ] ] } },
{ "type": "Feature", "properties": { "row": 56, "col": 8, "mostly_overlap": true, "overlap_ratio": 1.0 }, "geometry": { "type": "Polygon", "coordinates": [ [ [ -63.058803031411315, 38.583208428997892 ], [ -63.058803031411315, 38.627999130430233 ], [ -63.133454200465216, 38.627999130430233 ], [ -63.133454200465216, 38.583208428997892 ], [ -63.058803031411315, 38.583208428997892 ] ] ] } },
{ "type": "Feature", "properties": { "row": 56, "col": 9, "mostly_overlap": true, "overlap_ratio": 1.0 }, "geometry": { "type": "Polygon", "coordinates": [ [ [ -63.058803031411315, 38.627999130430233 ], [ -63.058803031411315, 38.672789831862573 ], [ -63.133454200465216, 38.672789831862573 ], [ -63.133454200465216, 38.627999130430233 ], [ -63.058803031411315, 38.627999130430233 ] ] ] } },
{ "type": "Feature", "properties": { "row": 56, "col": 10, "mostly_overlap": true, "overlap_ratio": 1.0 }, "geometry": { "type": "Polygon", "coordinates": [ [ [ -63.058803031411315, 38.672789831862573 ], [ -63.058803031411315, 38.717580533294907 ], [ -63.133454200465216, 38.717580533294907 ], [ -63.133454200465216, 38.672789831862573 ], [ -63.058803031411315, 38.672789831862573 ] ] ] } },
{ "type": "Feature", "properties": { "row": 56, "col": 11, "mostly_overlap": true, "overlap_ratio": 0.6221 }, "geometry": { "type": "Polygon", "coordinates": [ [ [ -63.058803031411315, 38.717580533294907 ], [ -63.058803031411315, 38.762371234727247 ], [ -63.133454200465216, 38.762371234727247 ], [ -63.133454200465216, 38.717580533294907 ], [ -63.058803031411315, 38.717580533294907 ] ] ] } },
{ "type": "Feature", "properties": { "row": 56, "col": 12, "mostly_overlap": false, "overlap_ratio": 0.0 }, "geometry": { "type": "Polygon", "coordinates": [ [ [ -63.058803031411315, 38.762371234727247 ], [ -63.058803031411315, 38.807161936159588 ], [ -63.133454200465216, 38.807161936159588 ], [ -63.133454200465216, 38.762371234727247 ], [ -63.058803031411315, 38.762371234727247 ] ] ] } },
{ "type": "Feature", "properties": { "row": 56, "col": 13, "mostly_overlap": false, "overlap_ratio": 0.0 }, "geometry": { "type": "Polygon", "coordinates": [ [ [ -63.058803031411315, 38.807161936159588 ], [ -63.058803031411315, 38.851952637591928 ], [ -63.133454200465216, 38.851952637591928 ], [ -63.133454200465216, 38.807161936159588 ], [ -63.058803031411315, 38.807161936159588 ] ] ] } },
{ "type": "Feature", "properties": { "row": 56, "col": 14, "mostly_overlap": false, "overlap_ratio": 0.0 }, "geometry": { "type": "Polygon", "coordinates": [ [ [ -63.058803031411315, 38.851952637591928 ], [ -63.058803031411315, 38.896743339024269 ], [ -63.133454200465216, 38.896743339024269 ], [ -63.133454200465216, 38.851952637591928 ], [ -63.058803031411315, 38.851952637591928 ] ] ] } },
{ "type": "Feature", "properties": { "row": 56, "col": 15, "mostly_overlap": false, "overlap_ratio": 0.0 }, "geometry": { "type": "Polygon", "coordinates": [ [ [ -63.058803031411315, 38.896743339024269 ], [ -63.058803031411315, 38.941534040456602 ], [ -63.133454200465216, 38.941534040456602 ], [ -63.133454200465216, 38.896743339024269 ], [ -63.058803031411315, 38.896743339024269 ] ] ] } },
{ "type": "Feature", "properties": { "row": 56, "col": 16, "mostly_overlap": false, "overlap_ratio": 0.0 }, "geometry": { "type": "Polygon", "coordinates": [ [ [ -63.058803031411315, 38.941534040456602 ], [ -63.058803031411315, 38.986324741888943 ], [ -63.133454200465216, 38.986324741888943 ], [ -63.133454200465216, 38.941534040456602 ], [ -63.058803031411315, 38.941534040456602 ] ] ] } },
{ "type": "Feature", "properties": { "row": 56, "col": 17, "mostly_overlap": false, "overlap_ratio": 0.0 }, "geometry": { "type": "Polygon", "coordinates": [ [ [ -63.058803031411315, 38.986324741888943 ], [ -63.058803031411315, 39.031115443321283 ], [ -63.133454200465216, 39.031115443321283 ], [ -63.133454200465216, 38.986324741888943 ], [ -63.058803031411315, 38.986324741888943 ] ] ] } },
{ "type": "Feature", "properties": { "row": 56, "col": 18, "mostly_overlap": false, "overlap_ratio": 0.0 }, "geometry": { "type": "Polygon", "coordinates": [ [ [ -63.058803031411315, 39.031115443321283 ], [ -63.058803031411315, 39.075906144753617 ], [ -63.133454200465216, 39.075906144753617 ], [ -63.133454200465216, 39.031115443321283 ], [ -63.058803031411315, 39.031115443321283 ] ] ] } },
{ "type": "Feature", "properties": { "row": 56, "col": 19, "mostly_overlap": false, "overlap_ratio": 0.0 }, "geometry": { "type": "Polygon", "coordinates": [ [ [ -63.058803031411315, 39.075906144753617 ], [ -63.058803031411315, 39.120696846185957 ], [ -63.133454200465216, 39.120696846185957 ], [ -63.133454200465216, 39.075906144753617 ], [ -63.058803031411315, 39.075906144753617 ] ] ] } },
{ "type": "Feature", "properties": { "row": 56, "col": 20, "mostly_overlap": false, "overlap_ratio": 0.0 }, "geometry": { "type": "Polygon", "coordinates": [ [ [ -63.058803031411315, 39.120696846185957 ], [ -63.058803031411315, 39.165487547618298 ], [ -63.133454200465216, 39.165487547618298 ], [ -63.133454200465216, 39.120696846185957 ], [ -63.058803031411315, 39.120696846185957 ] ] ] } },
{ "type": "Feature", "properties": { "row": 57, "col": 1, "mostly_overlap": false, "overlap_ratio": 0.4763 }, "geometry": { "type": "Polygon", "coordinates": [ [ [ -63.133454200465216, 38.269673518971523 ], [ -63.133454200465216, 38.314464220403863 ], [ -63.20810536951911, 38.314464220403863 ], [ -63.20810536951911, 38.269673518971523 ], [ -63.133454200465216, 38.269673518971523 ] ] ] } },
{ "type": "Feature", "properties": { "row": 57, "col": 2, "mostly_overlap": true, "overlap_ratio": 1.0 }, "geometry": { "type": "Polygon", "coordinates": [ [ [ -63.133454200465216, 38.314464220403863 ], [ -63.133454200465216, 38.359254921836197 ], [ -63.20810536951911, 38.359254921836197 ], [ -63.20810536951911, 38.314464220403863 ], [ -63.133454200465216, 38.314464220403863 ] ] ] } },
{ "type": "Feature", "properties": { "row": 57, "col": 3, "mostly_overlap": true, "overlap_ratio": 1.0 }, "geometry": { "type": "Polygon", "coordinates": [ [ [ -63.133454200465216, 38.359254921836197 ], [ -63.133454200465216, 38.404045623268537 ], [ -63.20810536951911, 38.404045623268537 ], [ -63.20810536951911, 38.359254921836197 ], [ -63.133454200465216, 38.359254921836197 ] ] ] } },
{ "type": "Feature", "properties": { "row": 57, "col": 4, "mostly_overlap": true, "overlap_ratio": 1.0 }, "geometry": { "type": "Polygon", "coordinates": [ [ [ -63.133454200465216, 38.404045623268537 ], [ -63.133454200465216, 38.448836324700878 ], [ -63.20810536951911, 38.448836324700878 ], [ -63.20810536951911, 38.404045623268537 ], [ -63.133454200465216, 38.404045623268537 ] ] ] } },
{ "type": "Feature", "properties": { "row": 57, "col": 5, "mostly_overlap": true, "overlap_ratio": 1.0 }, "geometry": { "type": "Polygon", "coordinates": [ [ [ -63.133454200465216, 38.448836324700878 ], [ -63.133454200465216, 38.493627026133218 ], [ -63.20810536951911, 38.493627026133218 ], [ -63.20810536951911, 38.448836324700878 ], [ -63.133454200465216, 38.448836324700878 ] ] ] } },
{ "type": "Feature", "properties": { "row": 57, "col": 6, "mostly_overlap": true, "overlap_ratio": 1.0 }, "geometry": { "type": "Polygon", "coordinates": [ [ [ -63.133454200465216, 38.493627026133218 ], [ -63.133454200465216, 38.538417727565552 ], [ -63.20810536951911, 38.538417727565552 ], [ -63.20810536951911, 38.493627026133218 ], [ -63.133454200465216, 38.493627026133218 ] ] ] } },
{ "type": "Feature", "properties": { "row": 57, "col": 7, "mostly_overlap": true, "overlap_ratio": 1.0 }, "geometry": { "type": "Polygon", "coordinates": [ [ [ -63.133454200465216, 38.538417727565552 ], [ -63.133454200465216, 38.583208428997892 ], [ -63.20810536951911, 38.583208428997892 ], [ -63.20810536951911, 38.538417727565552 ], [ -63.133454200465216, 38.538417727565552 ] ] ] } },
{ "type": "Feature", "properties": { "row": 57, "col": 8, "mostly_overlap": true, "overlap_ratio": 1.0 }, "geometry": { "type": "Polygon", "coordinates": [ [ [ -63.133454200465216, 38.583208428997892 ], [ -63.133454200465216, 38.627999130430233 ], [ -63.20810536951911, 38.627999130430233 ], [ -63.20810536951911, 38.583208428997892 ], [ -63.133454200465216, 38.583208428997892 ] ] ] } },
{ "type": "Feature", "properties": { "row": 57, "col": 9, "mostly_overlap": true, "overlap_ratio": 1.0 }, "geometry": { "type": "Polygon", "coordinates": [ [ [ -63.133454200465216, 38.627999130430233 ], [ -63.133454200465216, 38.672789831862573 ], [ -63.20810536951911, 38.672789831862573 ], [ -63.20810536951911, 38.627999130430233 ], [ -63.133454200465216, 38.627999130430233 ] ] ] } },
{ "type": "Feature", "properties": { "row": 57, "col": 10, "mostly_overlap": true, "overlap_ratio": 1.0 }, "geometry": { "type": "Polygon", "coordinates": [ [ [ -63.133454200465216, 38.672789831862573 ], [ -63.133454200465216, 38.717580533294907 ], [ -63.20810536951911, 38.717580533294907 ], [ -63.20810536951911, 38.672789831862573 ], [ -63.133454200465216, 38.672789831862573 ] ] ] } },
{ "type": "Feature", "properties": { "row": 57, "col": 11, "mostly_overlap": true, "overlap_ratio": 0.6221 }, "geometry": { "type": "Polygon", "coordinates": [ [ [ -63.133454200465216, 38.717580533294907 ], [ -63.133454200465216, 38.762371234727247 ], [ -63.20810536951911, 38.762371234727247 ], [ -63.20810536951911, 38.717580533294907 ], [ -63.133454200465216, 38.717580533294907 ] ] ] } },
{ "type": "Feature", "properties": { "row": 57, "col": 12, "mostly_overlap": false, "overlap_ratio": 0.0 }, "geometry": { "type": "Polygon", "coordinates": [ [ [ -63.133454200465216, 38.762371234727247 ], [ -63.133454200465216, 38.807161936159588 ], [ -63.20810536951911, 38.807161936159588 ], [ -63.20810536951911, 38.762371234727247 ], [ -63.133454200465216, 38.762371234727247 ] ] ] } },
{ "type": "Feature", "properties": { "row": 57, "col": 13, "mostly_overlap": false, "overlap_ratio": 0.0 }, "geometry": { "type": "Polygon", "coordinates": [ [ [ -63.133454200465216, 38.807161936159588 ], [ -63.133454200465216, 38.851952637591928 ], [ -63.20810536951911, 38.851952637591928 ], [ -63.20810536951911, 38.807161936159588 ], [ -63.133454200465216, 38.807161936159588 ] ] ] } },
{ "type": "Feature", "properties": { "row": 57, "col": 14, "mostly_overlap": false, "overlap_ratio": 0.0 }, "geometry": { "type": "Polygon", "coordinates": [ [ [ -63.133454200465216, 38.851952637591928 ], [ -63.133454200465216, 38.896743339024269 ], [ -63.20810536951911, 38.896743339024269 ], [ -63.20810536951911, 38.851952637591928 ], [ -63.133454200465216, 38.851952637591928 ] ] ] } },
{ "type": "Feature", "properties": { "row": 57, "col": 15, "mostly_overlap": false, "overlap_ratio": 0.0 }, "geometry": { "type": "Polygon", "coordinates": [ [ [ -63.133454200465216, 38.896743339024269 ], [ -63.133454200465216, 38.941534040456602 ], [ -63.20810536951911, 38.941534040456602 ], [ -63.20810536951911, 38.896743339024269 ], [ -63.133454200465216, 38.896743339024269 ] ] ] } },
{ "type": "Feature", "properties": { "row": 57, "col": 16, "mostly_overlap": false, "overlap_ratio": 0.0 }, "geometry": { "type": "Polygon", "coordinates": [ [ [ -63.133454200465216, 38.941534040456602 ], [ -63.133454200465216, 38.986324741888943 ], [ -63.20810536951911, 38.986324741888943 ], [ -63.20810536951911, 38.941534040456602 ], [ -63.133454200465216, 38.941534040456602 ] ] ] } },
{ "type": "Feature", "properties": { "row": 57, "col": 17, "mostly_overlap": false, "overlap_ratio": 0.0 }, "geometry": { "type": "Polygon", "coordinates": [ [ [ -63.133454200465216, 38.986324741888943 ], [ -63.133454200465216, 39.031115443321283 ], [ -63.20810536951911, 39.031115443321283 ], [ -63.20810536951911, 38.986324741888943 ], [ -63.133454200465216, 38.986324741888943 ] ] ] } },
{ "type": "Feature", "properties": { "row": 57, "col": 18, "mostly_overlap": false, "overlap_ratio": 0.0 }, "geometry": { "type": "Polygon", "coordinates": [ [ [ -63.133454200465216, 39.031115443321283 ], [ -63.133454200465216, 39.075906144753617 ], [ -63.20810536951911, 39.075906144753617 ], [ -63.20810536951911, 39.031115443321283 ], [ -63.133454200465216, 39.031115443321283 ] ] ] } },
{ "type": "Feature", "properties": { "row": 57, "col": 19, "mostly_overlap": false, "overlap_ratio": 0.0 }, "geometry": { "type": "Polygon", "coordinates": [ [ [ -63.133454200465216, 39.075906144753617 ], [ -63.133454200465216, 39.120696846185957 ], [ -63.20810536951911, 39.120696846185957 ], [ -63.20810536951911, 39.075906144753617 ], [ -63.133454200465216, 39.075906144753617 ] ] ] } },
{ "type": "Feature", "properties": { "row": 57, "col": 20, "mostly_overlap": false, "overlap_ratio": 0.0 }, "geometry": { "type": "Polygon", "coordinates": [ [ [ -63.133454200465216, 39.120696846185957 ], [ -63.133454200465216, 39.165487547618298 ], [ -63.20810536951911, 39.165487547618298 ], [ -63.20810536951911, 39.120696846185957 ], [ -63.133454200465216, 39.120696846185957 ] ] ] } },
{ "type": "Feature", "properties": { "row": 58, "col": 1, "mostly_overlap": false, "overlap_ratio": 0.4737 }, "geometry": { "type": "Polygon", "coordinates": [ [ [ -63.208105369519117, 38.269673518971523 ], [ -63.208105369519117, 38.314464220403863 ], [ -63.282756538573011, 38.314464220403863 ], [ -63.282756538573011, 38.269673518971523 ], [ -63.208105369519117, 38.269673518971523 ] ] ] } },
{ "type": "Feature", "properties": { "row": 58, "col": 2, "mostly_overlap": true, "overlap_ratio": 1.0 }, "geometry": { "type": "Polygon", "coordinates": [ [ [ -63.208105369519117, 38.314464220403863 ], [ -63.208105369519117, 38.359254921836197 ], [ -63.282756538573011, 38.359254921836197 ], [ -63.282756538573011, 38.314464220403863 ], [ -63.208105369519117, 38.314464220403863 ] ] ] } },
{ "type": "Feature", "properties": { "row": 58, "col": 3, "mostly_overlap": true, "overlap_ratio": 1.0 }, "geometry": { "type": "Polygon", "coordinates": [ [ [ -63.208105369519117, 38.359254921836197 ], [ -63.208105369519117, 38.404045623268537 ], [ -63.282756538573011, 38.404045623268537 ], [ -63.282756538573011, 38.359254921836197 ], [ -63.208105369519117, 38.359254921836197 ] ] ] } },
{ "type": "Feature", "properties": { "row": 58, "col": 4, "mostly_overlap": true, "overlap_ratio": 1.0 }, "geometry": { "type": "Polygon", "coordinates": [ [ [ -63.208105369519117, 38.404045623268537 ], [ -63.208105369519117, 38.448836324700878 ], [ -63.282756538573011, 38.448836324700878 ], [ -63.282756538573011, 38.404045623268537 ], [ -63.208105369519117, 38.404045623268537 ] ] ] } },
{ "type": "Feature", "properties": { "row": 58, "col": 5, "mostly_overlap": true, "overlap_ratio": 1.0 }, "geometry": { "type": "Polygon", "coordinates": [ [ [ -63.208105369519117, 38.448836324700878 ], [ -63.208105369519117, 38.493627026133218 ], [ -63.282756538573011, 38.493627026133218 ], [ -63.282756538573011, 38.448836324700878 ], [ -63.208105369519117, 38.448836324700878 ] ] ] } },
{ "type": "Feature", "properties": { "row": 58, "col": 6, "mostly_overlap": true, "overlap_ratio": 1.0 }, "geometry": { "type": "Polygon", "coordinates": [ [ [ -63.208105369519117, 38.493627026133218 ], [ -63.208105369519117, 38.538417727565552 ], [ -63.282756538573011, 38.538417727565552 ], [ -63.282756538573011, 38.493627026133218 ], [ -63.208105369519117, 38.493627026133218 ] ] ] } },
{ "type": "Feature", "properties": { "row": 58, "col": 7, "mostly_overlap": true, "overlap_ratio": 1.0 }, "geometry": { "type": "Polygon", "coordinates": [ [ [ -63.208105369519117, 38.538417727565552 ], [ -63.208105369519117, 38.583208428997892 ], [ -63.282756538573011, 38.583208428997892 ], [ -63.282756538573011, 38.538417727565552 ], [ -63.208105369519117, 38.538417727565552 ] ] ] } },
{ "type": "Feature", "properties": { "row": 58, "col": 8, "mostly_overlap": true, "overlap_ratio": 1.0 }, "geometry": { "type": "Polygon", "coordinates": [ [ [ -63.208105369519117, 38.583208428997892 ], [ -63.208105369519117, 38.627999130430233 ], [ -63.282756538573011, 38.627999130430233 ], [ -63.282756538573011, 38.583208428997892 ], [ -63.208105369519117, 38.583208428997892 ] ] ] } },
{ "type": "Feature", "properties": { "row": 58, "col": 9, "mostly_overlap": true, "overlap_ratio": 1.0 }, "geometry": { "type": "Polygon", "coordinates": [ [ [ -63.208105369519117, 38.627999130430233 ], [ -63.208105369519117, 38.672789831862573 ], [ -63.282756538573011, 38.672789831862573 ], [ -63.282756538573011, 38.627999130430233 ], [ -63.208105369519117, 38.627999130430233 ] ] ] } },
{ "type": "Feature", "properties": { "row": 58, "col": 10, "mostly_overlap": true, "overlap_ratio": 1.0 }, "geometry": { "type": "Polygon", "coordinates": [ [ [ -63.208105369519117, 38.672789831862573 ], [ -63.208105369519117, 38.717580533294907 ], [ -63.282756538573011, 38.717580533294907 ], [ -63.282756538573011, 38.672789831862573 ], [ -63.208105369519117, 38.672789831862573 ] ] ] } },
{ "type": "Feature", "properties": { "row": 58, "col": 11, "mostly_overlap": true, "overlap_ratio": 0.6221 }, "geometry": { "type": "Polygon", "coordinates": [ [ [ -63.208105369519117, 38.717580533294907 ], [ -63.208105369519117, 38.762371234727247 ], [ -63.282756538573011, 38.762371234727247 ], [ -63.282756538573011, 38.717580533294907 ], [ -63.208105369519117, 38.717580533294907 ] ] ] } },
{ "type": "Feature", "properties": { "row": 58, "col": 12, "mostly_overlap": false, "overlap_ratio": 0.0 }, "geometry": { "type": "Polygon", "coordinates": [ [ [ -63.208105369519117, 38.762371234727247 ], [ -63.208105369519117, 38.807161936159588 ], [ -63.282756538573011, 38.807161936159588 ], [ -63.282756538573011, 38.762371234727247 ], [ -63.208105369519117, 38.762371234727247 ] ] ] } },
{ "type": "Feature", "properties": { "row": 58, "col": 13, "mostly_overlap": false, "overlap_ratio": 0.0 }, "geometry": { "type": "Polygon", "coordinates": [ [ [ -63.208105369519117, 38.807161936159588 ], [ -63.208105369519117, 38.851952637591928 ], [ -63.282756538573011, 38.851952637591928 ], [ -63.282756538573011, 38.807161936159588 ], [ -63.208105369519117, 38.807161936159588 ] ] ] } },
{ "type": "Feature", "properties": { "row": 58, "col": 14, "mostly_overlap": false, "overlap_ratio": 0.0 }, "geometry": { "type": "Polygon", "coordinates": [ [ [ -63.208105369519117, 38.851952637591928 ], [ -63.208105369519117, 38.896743339024269 ], [ -63.282756538573011, 38.896743339024269 ], [ -63.282756538573011, 38.851952637591928 ], [ -63.208105369519117, 38.851952637591928 ] ] ] } },
{ "type": "Feature", "properties": { "row": 58, "col": 15, "mostly_overlap": false, "overlap_ratio": 0.0 }, "geometry": { "type": "Polygon", "coordinates": [ [ [ -63.208105369519117, 38.896743339024269 ], [ -63.208105369519117, 38.941534040456602 ], [ -63.282756538573011, 38.941534040456602 ], [ -63.282756538573011, 38.896743339024269 ], [ -63.208105369519117, 38.896743339024269 ] ] ] } },
{ "type": "Feature", "properties": { "row": 58, "col": 16, "mostly_overlap": false, "overlap_ratio": 0.0 }, "geometry": { "type": "Polygon", "coordinates": [ [ [ -63.208105369519117, 38.941534040456602 ], [ -63.208105369519117, 38.986324741888943 ], [ -63.282756538573011, 38.986324741888943 ], [ -63.282756538573011, 38.941534040456602 ], [ -63.208105369519117, 38.941534040456602 ] ] ] } },
{ "type": "Feature", "properties": { "row": 58, "col": 17, "mostly_overlap": false, "overlap_ratio": 0.0 }, "geometry": { "type": "Polygon", "coordinates": [ [ [ -63.208105369519117, 38.986324741888943 ], [ -63.208105369519117, 39.031115443321283 ], [ -63.282756538573011, 39.031115443321283 ], [ -63.282756538573011, 38.986324741888943 ], [ -63.208105369519117, 38.986324741888943 ] ] ] } },
{ "type": "Feature", "properties": { "row": 58, "col": 18, "mostly_overlap": false, "overlap_ratio": 0.0 }, "geometry": { "type": "Polygon", "coordinates": [ [ [ -63.208105369519117, 39.031115443321283 ], [ -63.208105369519117, 39.075906144753617 ], [ -63.282756538573011, 39.075906144753617 ], [ -63.282756538573011, 39.031115443321283 ], [ -63.208105369519117, 39.031115443321283 ] ] ] } },
{ "type": "Feature", "properties": { "row": 58, "col": 19, "mostly_overlap": false, "overlap_ratio": 0.0 }, "geometry": { "type": "Polygon", "coordinates": [ [ [ -63.208105369519117, 39.075906144753617 ], [ -63.208105369519117, 39.120696846185957 ], [ -63.282756538573011, 39.120696846185957 ], [ -63.282756538573011, 39.075906144753617 ], [ -63.208105369519117, 39.075906144753617 ] ] ] } },
{ "type": "Feature", "properties": { "row": 58, "col": 20, "mostly_overlap": false, "overlap_ratio": 0.0 }, "geometry": { "type": "Polygon", "coordinates": [ [ [ -63.208105369519117, 39.120696846185957 ], [ -63.208105369519117, 39.165487547618298 ], [ -63.282756538573011, 39.165487547618298 ], [ -63.282756538573011, 39.120696846185957 ], [ -63.208105369519117, 39.120696846185957 ] ] ] } },
{ "type": "Feature", "properties": { "row": 59, "col": 1, "mostly_overlap": false, "overlap_ratio": 0.4711 }, "geometry": { "type": "Polygon", "coordinates": [ [ [ -63.282756538573011, 38.269673518971523 ], [ -63.282756538573011, 38.314464220403863 ], [ -63.357407707626912, 38.314464220403863 ], [ -63.357407707626912, 38.269673518971523 ], [ -63.282756538573011, 38.269673518971523 ] ] ] } },
{ "type": "Feature", "properties": { "row": 59, "col": 2, "mostly_overlap": true, "overlap_ratio": 1.0 }, "geometry": { "type": "Polygon", "coordinates": [ [ [ -63.282756538573011, 38.314464220403863 ], [ -63.282756538573011, 38.359254921836197 ], [ -63.357407707626912, 38.359254921836197 ], [ -63.357407707626912, 38.314464220403863 ], [ -63.282756538573011, 38.314464220403863 ] ] ] } },
{ "type": "Feature", "properties": { "row": 59, "col": 3, "mostly_overlap": true, "overlap_ratio": 1.0 }, "geometry": { "type": "Polygon", "coordinates": [ [ [ -63.282756538573011, 38.359254921836197 ], [ -63.282756538573011, 38.404045623268537 ], [ -63.357407707626912, 38.404045623268537 ], [ -63.357407707626912, 38.359254921836197 ], [ -63.282756538573011, 38.359254921836197 ] ] ] } },
{ "type": "Feature", "properties": { "row": 59, "col": 4, "mostly_overlap": true, "overlap_ratio": 1.0 }, "geometry": { "type": "Polygon", "coordinates": [ [ [ -63.282756538573011, 38.404045623268537 ], [ -63.282756538573011, 38.448836324700878 ], [ -63.357407707626912, 38.448836324700878 ], [ -63.357407707626912, 38.404045623268537 ], [ -63.282756538573011, 38.404045623268537 ] ] ] } },
{ "type": "Feature", "properties": { "row": 59, "col": 5, "mostly_overlap": true, "overlap_ratio": 1.0 }, "geometry": { "type": "Polygon", "coordinates": [ [ [ -63.282756538573011, 38.448836324700878 ], [ -63.282756538573011, 38.493627026133218 ], [ -63.357407707626912, 38.493627026133218 ], [ -63.357407707626912, 38.448836324700878 ], [ -63.282756538573011, 38.448836324700878 ] ] ] } },
{ "type": "Feature", "properties": { "row": 59, "col": 6, "mostly_overlap": true, "overlap_ratio": 1.0 }, "geometry": { "type": "Polygon", "coordinates": [ [ [ -63.282756538573011, 38.493627026133218 ], [ -63.282756538573011, 38.538417727565552 ], [ -63.357407707626912, 38.538417727565552 ], [ -63.357407707626912, 38.493627026133218 ], [ -63.282756538573011, 38.493627026133218 ] ] ] } },
{ "type": "Feature", "properties": { "row": 59, "col": 7, "mostly_overlap": true, "overlap_ratio": 1.0 }, "geometry": { "type": "Polygon", "coordinates": [ [ [ -63.282756538573011, 38.538417727565552 ], [ -63.282756538573011, 38.583208428997892 ], [ -63.357407707626912, 38.583208428997892 ], [ -63.357407707626912, 38.538417727565552 ], [ -63.282756538573011, 38.538417727565552 ] ] ] } },
{ "type": "Feature", "properties": { "row": 59, "col": 8, "mostly_overlap": true, "overlap_ratio": 1.0 }, "geometry": { "type": "Polygon", "coordinates": [ [ [ -63.282756538573011, 38.583208428997892 ], [ -63.282756538573011, 38.627999130430233 ], [ -63.357407707626912, 38.627999130430233 ], [ -63.357407707626912, 38.583208428997892 ], [ -63.282756538573011, 38.583208428997892 ] ] ] } },
{ "type": "Feature", "properties": { "row": 59, "col": 9, "mostly_overlap": true, "overlap_ratio": 1.0 }, "geometry": { "type": "Polygon", "coordinates": [ [ [ -63.282756538573011, 38.627999130430233 ], [ -63.282756538573011, 38.672789831862573 ], [ -63.357407707626912, 38.672789831862573 ], [ -63.357407707626912, 38.627999130430233 ], [ -63.282756538573011, 38.627999130430233 ] ] ] } },
{ "type": "Feature", "properties": { "row": 59, "col": 10, "mostly_overlap": true, "overlap_ratio": 1.0 }, "geometry": { "type": "Polygon", "coordinates": [ [ [ -63.282756538573011, 38.672789831862573 ], [ -63.282756538573011, 38.717580533294907 ], [ -63.357407707626912, 38.717580533294907 ], [ -63.357407707626912, 38.672789831862573 ], [ -63.282756538573011, 38.672789831862573 ] ] ] } },
{ "type": "Feature", "properties": { "row": 59, "col": 11, "mostly_overlap": true, "overlap_ratio": 0.6221 }, "geometry": { "type": "Polygon", "coordinates": [ [ [ -63.282756538573011, 38.717580533294907 ], [ -63.282756538573011, 38.762371234727247 ], [ -63.357407707626912, 38.762371234727247 ], [ -63.357407707626912, 38.717580533294907 ], [ -63.282756538573011, 38.717580533294907 ] ] ] } },
{ "type": "Feature", "properties": { "row": 59, "col": 12, "mostly_overlap": false, "overlap_ratio": 0.0 }, "geometry": { "type": "Polygon", "coordinates": [ [ [ -63.282756538573011, 38.762371234727247 ], [ -63.282756538573011, 38.807161936159588 ], [ -63.357407707626912, 38.807161936159588 ], [ -63.357407707626912, 38.762371234727247 ], [ -63.282756538573011, 38.762371234727247 ] ] ] } },
{ "type": "Feature", "properties": { "row": 59, "col": 13, "mostly_overlap": false, "overlap_ratio": 0.0 }, "geometry": { "type": "Polygon", "coordinates": [ [ [ -63.282756538573011, 38.807161936159588 ], [ -63.282756538573011, 38.851952637591928 ], [ -63.357407707626912, 38.851952637591928 ], [ -63.357407707626912, 38.807161936159588 ], [ -63.282756538573011, 38.807161936159588 ] ] ] } },
{ "type": "Feature", "properties": { "row": 59, "col": 14, "mostly_overlap": false, "overlap_ratio": 0.0 }, "geometry": { "type": "Polygon", "coordinates": [ [ [ -63.282756538573011, 38.851952637591928 ], [ -63.282756538573011, 38.896743339024269 ], [ -63.357407707626912, 38.896743339024269 ], [ -63.357407707626912, 38.851952637591928 ], [ -63.282756538573011, 38.851952637591928 ] ] ] } },
{ "type": "Feature", "properties": { "row": 59, "col": 15, "mostly_overlap": false, "overlap_ratio": 0.0 }, "geometry": { "type": "Polygon", "coordinates": [ [ [ -63.282756538573011, 38.896743339024269 ], [ -63.282756538573011, 38.941534040456602 ], [ -63.357407707626912, 38.941534040456602 ], [ -63.357407707626912, 38.896743339024269 ], [ -63.282756538573011, 38.896743339024269 ] ] ] } },
{ "type": "Feature", "properties": { "row": 59, "col": 16, "mostly_overlap": false, "overlap_ratio": 0.0 }, "geometry": { "type": "Polygon", "coordinates": [ [ [ -63.282756538573011, 38.941534040456602 ], [ -63.282756538573011, 38.986324741888943 ], [ -63.357407707626912, 38.986324741888943 ], [ -63.357407707626912, 38.941534040456602 ], [ -63.282756538573011, 38.941534040456602 ] ] ] } },
{ "type": "Feature", "properties": { "row": 59, "col": 17, "mostly_overlap": false, "overlap_ratio": 0.0 }, "geometry": { "type": "Polygon", "coordinates": [ [ [ -63.282756538573011, 38.986324741888943 ], [ -63.282756538573011, 39.031115443321283 ], [ -63.357407707626912, 39.031115443321283 ], [ -63.357407707626912, 38.986324741888943 ], [ -63.282756538573011, 38.986324741888943 ] ] ] } },
{ "type": "Feature", "properties": { "row": 59, "col": 18, "mostly_overlap": false, "overlap_ratio": 0.0 }, "geometry": { "type": "Polygon", "coordinates": [ [ [ -63.282756538573011, 39.031115443321283 ], [ -63.282756538573011, 39.075906144753617 ], [ -63.357407707626912, 39.075906144753617 ], [ -63.357407707626912, 39.031115443321283 ], [ -63.282756538573011, 39.031115443321283 ] ] ] } },
{ "type": "Feature", "properties": { "row": 59, "col": 19, "mostly_overlap": false, "overlap_ratio": 0.0 }, "geometry": { "type": "Polygon", "coordinates": [ [ [ -63.282756538573011, 39.075906144753617 ], [ -63.282756538573011, 39.120696846185957 ], [ -63.357407707626912, 39.120696846185957 ], [ -63.357407707626912, 39.075906144753617 ], [ -63.282756538573011, 39.075906144753617 ] ] ] } },
{ "type": "Feature", "properties": { "row": 59, "col": 20, "mostly_overlap": false, "overlap_ratio": 0.0 }, "geometry": { "type": "Polygon", "coordinates": [ [ [ -63.282756538573011, 39.120696846185957 ], [ -63.282756538573011, 39.165487547618298 ], [ -63.357407707626912, 39.165487547618298 ], [ -63.357407707626912, 39.120696846185957 ], [ -63.282756538573011, 39.120696846185957 ] ] ] } },
{ "type": "Feature", "properties": { "row": 60, "col": 1, "mostly_overlap": false, "overlap_ratio": 0.4684 }, "geometry": { "type": "Polygon", "coordinates": [ [ [ -63.357407707626912, 38.269673518971523 ], [ -63.357407707626912, 38.314464220403863 ], [ -63.432058876680806, 38.314464220403863 ], [ -63.432058876680806, 38.269673518971523 ], [ -63.357407707626912, 38.269673518971523 ] ] ] } },
{ "type": "Feature", "properties": { "row": 60, "col": 2, "mostly_overlap": true, "overlap_ratio": 1.0 }, "geometry": { "type": "Polygon", "coordinates": [ [ [ -63.357407707626912, 38.314464220403863 ], [ -63.357407707626912, 38.359254921836197 ], [ -63.432058876680806, 38.359254921836197 ], [ -63.432058876680806, 38.314464220403863 ], [ -63.357407707626912, 38.314464220403863 ] ] ] } },
{ "type": "Feature", "properties": { "row": 60, "col": 3, "mostly_overlap": true, "overlap_ratio": 1.0 }, "geometry": { "type": "Polygon", "coordinates": [ [ [ -63.357407707626912, 38.359254921836197 ], [ -63.357407707626912, 38.404045623268537 ], [ -63.432058876680806, 38.404045623268537 ], [ -63.432058876680806, 38.359254921836197 ], [ -63.357407707626912, 38.359254921836197 ] ] ] } },
{ "type": "Feature", "properties": { "row": 60, "col": 4, "mostly_overlap": true, "overlap_ratio": 1.0 }, "geometry": { "type": "Polygon", "coordinates": [ [ [ -63.357407707626912, 38.404045623268537 ], [ -63.357407707626912, 38.448836324700878 ], [ -63.432058876680806, 38.448836324700878 ], [ -63.432058876680806, 38.404045623268537 ], [ -63.357407707626912, 38.404045623268537 ] ] ] } },
{ "type": "Feature", "properties": { "row": 60, "col": 5, "mostly_overlap": true, "overlap_ratio": 1.0 }, "geometry": { "type": "Polygon", "coordinates": [ [ [ -63.357407707626912, 38.448836324700878 ], [ -63.357407707626912, 38.493627026133218 ], [ -63.432058876680806, 38.493627026133218 ], [ -63.432058876680806, 38.448836324700878 ], [ -63.357407707626912, 38.448836324700878 ] ] ] } },
{ "type": "Feature", "properties": { "row": 60, "col": 6, "mostly_overlap": true, "overlap_ratio": 1.0 }, "geometry": { "type": "Polygon", "coordinates": [ [ [ -63.357407707626912, 38.493627026133218 ], [ -63.357407707626912, 38.538417727565552 ], [ -63.432058876680806, 38.538417727565552 ], [ -63.432058876680806, 38.493627026133218 ], [ -63.357407707626912, 38.493627026133218 ] ] ] } },
{ "type": "Feature", "properties": { "row": 60, "col": 7, "mostly_overlap": true, "overlap_ratio": 1.0 }, "geometry": { "type": "Polygon", "coordinates": [ [ [ -63.357407707626912, 38.538417727565552 ], [ -63.357407707626912, 38.583208428997892 ], [ -63.432058876680806, 38.583208428997892 ], [ -63.432058876680806, 38.538417727565552 ], [ -63.357407707626912, 38.538417727565552 ] ] ] } },
{ "type": "Feature", "properties": { "row": 60, "col": 8, "mostly_overlap": true, "overlap_ratio": 1.0 }, "geometry": { "type": "Polygon", "coordinates": [ [ [ -63.357407707626912, 38.583208428997892 ], [ -63.357407707626912, 38.627999130430233 ], [ -63.432058876680806, 38.627999130430233 ], [ -63.432058876680806, 38.583208428997892 ], [ -63.357407707626912, 38.583208428997892 ] ] ] } },
{ "type": "Feature", "properties": { "row": 60, "col": 9, "mostly_overlap": true, "overlap_ratio": 1.0 }, "geometry": { "type": "Polygon", "coordinates": [ [ [ -63.357407707626912, 38.627999130430233 ], [ -63.357407707626912, 38.672789831862573 ], [ -63.432058876680806, 38.672789831862573 ], [ -63.432058876680806, 38.627999130430233 ], [ -63.357407707626912, 38.627999130430233 ] ] ] } },
{ "type": "Feature", "properties": { "row": 60, "col": 10, "mostly_overlap": true, "overlap_ratio": 1.0 }, "geometry": { "type": "Polygon", "coordinates": [ [ [ -63.357407707626912, 38.672789831862573 ], [ -63.357407707626912, 38.717580533294907 ], [ -63.432058876680806, 38.717580533294907 ], [ -63.432058876680806, 38.672789831862573 ], [ -63.357407707626912, 38.672789831862573 ] ] ] } },
{ "type": "Feature", "properties": { "row": 60, "col": 11, "mostly_overlap": true, "overlap_ratio": 0.6221 }, "geometry": { "type": "Polygon", "coordinates": [ [ [ -63.357407707626912, 38.717580533294907 ], [ -63.357407707626912, 38.762371234727247 ], [ -63.432058876680806, 38.762371234727247 ], [ -63.432058876680806, 38.717580533294907 ], [ -63.357407707626912, 38.717580533294907 ] ] ] } },
{ "type": "Feature", "properties": { "row": 60, "col": 12, "mostly_overlap": false, "overlap_ratio": 0.0 }, "geometry": { "type": "Polygon", "coordinates": [ [ [ -63.357407707626912, 38.762371234727247 ], [ -63.357407707626912, 38.807161936159588 ], [ -63.432058876680806, 38.807161936159588 ], [ -63.432058876680806, 38.762371234727247 ], [ -63.357407707626912, 38.762371234727247 ] ] ] } },
{ "type": "Feature", "properties": { "row": 60, "col": 13, "mostly_overlap": false, "overlap_ratio": 0.0 }, "geometry": { "type": "Polygon", "coordinates": [ [ [ -63.357407707626912, 38.807161936159588 ], [ -63.357407707626912, 38.851952637591928 ], [ -63.432058876680806, 38.851952637591928 ], [ -63.432058876680806, 38.807161936159588 ], [ -63.357407707626912, 38.807161936159588 ] ] ] } },
{ "type": "Feature", "properties": { "row": 60, "col": 14, "mostly_overlap": false, "overlap_ratio": 0.0 }, "geometry": { "type": "Polygon", "coordinates": [ [ [ -63.357407707626912, 38.851952637591928 ], [ -63.357407707626912, 38.896743339024269 ], [ -63.432058876680806, 38.896743339024269 ], [ -63.432058876680806, 38.851952637591928 ], [ -63.357407707626912, 38.851952637591928 ] ] ] } },
{ "type": "Feature", "properties": { "row": 60, "col": 15, "mostly_overlap": false, "overlap_ratio": 0.0 }, "geometry": { "type": "Polygon", "coordinates": [ [ [ -63.357407707626912, 38.896743339024269 ], [ -63.357407707626912, 38.941534040456602 ], [ -63.432058876680806, 38.941534040456602 ], [ -63.432058876680806, 38.896743339024269 ], [ -63.357407707626912, 38.896743339024269 ] ] ] } },
{ "type": "Feature", "properties": { "row": 60, "col": 16, "mostly_overlap": false, "overlap_ratio": 0.0 }, "geometry": { "type": "Polygon", "coordinates": [ [ [ -63.357407707626912, 38.941534040456602 ], [ -63.357407707626912, 38.986324741888943 ], [ -63.432058876680806, 38.986324741888943 ], [ -63.432058876680806, 38.941534040456602 ], [ -63.357407707626912, 38.941534040456602 ] ] ] } },
{ "type": "Feature", "properties": { "row": 60, "col": 17, "mostly_overlap": false, "overlap_ratio": 0.0 }, "geometry": { "type": "Polygon", "coordinates": [ [ [ -63.357407707626912, 38.986324741888943 ], [ -63.357407707626912, 39.031115443321283 ], [ -63.432058876680806, 39.031115443321283 ], [ -63.432058876680806, 38.986324741888943 ], [ -63.357407707626912, 38.986324741888943 ] ] ] } },
{ "type": "Feature", "properties": { "row": 60, "col": 18, "mostly_overlap": false, "overlap_ratio": 0.0 }, "geometry": { "type": "Polygon", "coordinates": [ [ [ -63.357407707626912, 39.031115443321283 ], [ -63.357407707626912, 39.075906144753617 ], [ -63.432058876680806, 39.075906144753617 ], [ -63.432058876680806, 39.031115443321283 ], [ -63.357407707626912, 39.031115443321283 ] ] ] } },
{ "type": "Feature", "properties": { "row": 60, "col": 19, "mostly_overlap": false, "overlap_ratio": 0.0 }, "geometry": { "type": "Polygon", "coordinates": [ [ [ -63.357407707626912, 39.075906144753617 ], [ -63.357407707626912, 39.120696846185957 ], [ -63.432058876680806, 39.120696846185957 ], [ -63.432058876680806, 39.075906144753617 ], [ -63.357407707626912, 39.075906144753617 ] ] ] } },
{ "type": "Feature", "properties": { "row": 60, "col": 20, "mostly_overlap": false, "overlap_ratio": 0.0 }, "geometry": { "type": "Polygon", "coordinates": [ [ [ -63.357407707626912, 39.120696846185957 ], [ -63.357407707626912, 39.165487547618298 ], [ -63.432058876680806, 39.165487547618298 ], [ -63.432058876680806, 39.120696846185957 ], [ -63.357407707626912, 39.120696846185957 ] ] ] } },
{ "type": "Feature", "properties": { "row": 61, "col": 1, "mostly_overlap": false, "overlap_ratio": 0.4658 }, "geometry": { "type": "Polygon", "coordinates": [ [ [ -63.432058876680806, 38.269673518971523 ], [ -63.432058876680806, 38.314464220403863 ], [ -63.506710045734707, 38.314464220403863 ], [ -63.506710045734707, 38.269673518971523 ], [ -63.432058876680806, 38.269673518971523 ] ] ] } },
{ "type": "Feature", "properties": { "row": 61, "col": 2, "mostly_overlap": true, "overlap_ratio": 1.0 }, "geometry": { "type": "Polygon", "coordinates": [ [ [ -63.432058876680806, 38.314464220403863 ], [ -63.432058876680806, 38.359254921836197 ], [ -63.506710045734707, 38.359254921836197 ], [ -63.506710045734707, 38.314464220403863 ], [ -63.432058876680806, 38.314464220403863 ] ] ] } },
{ "type": "Feature", "properties": { "row": 61, "col": 3, "mostly_overlap": true, "overlap_ratio": 1.0 }, "geometry": { "type": "Polygon", "coordinates": [ [ [ -63.432058876680806, 38.359254921836197 ], [ -63.432058876680806, 38.404045623268537 ], [ -63.506710045734707, 38.404045623268537 ], [ -63.506710045734707, 38.359254921836197 ], [ -63.432058876680806, 38.359254921836197 ] ] ] } },
{ "type": "Feature", "properties": { "row": 61, "col": 4, "mostly_overlap": true, "overlap_ratio": 1.0 }, "geometry": { "type": "Polygon", "coordinates": [ [ [ -63.432058876680806, 38.404045623268537 ], [ -63.432058876680806, 38.448836324700878 ], [ -63.506710045734707, 38.448836324700878 ], [ -63.506710045734707, 38.404045623268537 ], [ -63.432058876680806, 38.404045623268537 ] ] ] } },
{ "type": "Feature", "properties": { "row": 61, "col": 5, "mostly_overlap": true, "overlap_ratio": 1.0 }, "geometry": { "type": "Polygon", "coordinates": [ [ [ -63.432058876680806, 38.448836324700878 ], [ -63.432058876680806, 38.493627026133218 ], [ -63.506710045734707, 38.493627026133218 ], [ -63.506710045734707, 38.448836324700878 ], [ -63.432058876680806, 38.448836324700878 ] ] ] } },
{ "type": "Feature", "properties": { "row": 61, "col": 6, "mostly_overlap": true, "overlap_ratio": 1.0 }, "geometry": { "type": "Polygon", "coordinates": [ [ [ -63.432058876680806, 38.493627026133218 ], [ -63.432058876680806, 38.538417727565552 ], [ -63.506710045734707, 38.538417727565552 ], [ -63.506710045734707, 38.493627026133218 ], [ -63.432058876680806, 38.493627026133218 ] ] ] } },
{ "type": "Feature", "properties": { "row": 61, "col": 7, "mostly_overlap": true, "overlap_ratio": 1.0 }, "geometry": { "type": "Polygon", "coordinates": [ [ [ -63.432058876680806, 38.538417727565552 ], [ -63.432058876680806, 38.583208428997892 ], [ -63.506710045734707, 38.583208428997892 ], [ -63.506710045734707, 38.538417727565552 ], [ -63.432058876680806, 38.538417727565552 ] ] ] } },
{ "type": "Feature", "properties": { "row": 61, "col": 8, "mostly_overlap": true, "overlap_ratio": 1.0 }, "geometry": { "type": "Polygon", "coordinates": [ [ [ -63.432058876680806, 38.583208428997892 ], [ -63.432058876680806, 38.627999130430233 ], [ -63.506710045734707, 38.627999130430233 ], [ -63.506710045734707, 38.583208428997892 ], [ -63.432058876680806, 38.583208428997892 ] ] ] } },
{ "type": "Feature", "properties": { "row": 61, "col": 9, "mostly_overlap": true, "overlap_ratio": 1.0 }, "geometry": { "type": "Polygon", "coordinates": [ [ [ -63.432058876680806, 38.627999130430233 ], [ -63.432058876680806, 38.672789831862573 ], [ -63.506710045734707, 38.672789831862573 ], [ -63.506710045734707, 38.627999130430233 ], [ -63.432058876680806, 38.627999130430233 ] ] ] } },
{ "type": "Feature", "properties": { "row": 61, "col": 10, "mostly_overlap": true, "overlap_ratio": 1.0 }, "geometry": { "type": "Polygon", "coordinates": [ [ [ -63.432058876680806, 38.672789831862573 ], [ -63.432058876680806, 38.717580533294907 ], [ -63.506710045734707, 38.717580533294907 ], [ -63.506710045734707, 38.672789831862573 ], [ -63.432058876680806, 38.672789831862573 ] ] ] } },
{ "type": "Feature", "properties": { "row": 61, "col": 11, "mostly_overlap": true, "overlap_ratio": 0.6221 }, "geometry": { "type": "Polygon", "coordinates": [ [ [ -63.432058876680806, 38.717580533294907 ], [ -63.432058876680806, 38.762371234727247 ], [ -63.506710045734707, 38.762371234727247 ], [ -63.506710045734707, 38.717580533294907 ], [ -63.432058876680806, 38.717580533294907 ] ] ] } },
{ "type": "Feature", "properties": { "row": 61, "col": 12, "mostly_overlap": false, "overlap_ratio": 0.0 }, "geometry": { "type": "Polygon", "coordinates": [ [ [ -63.432058876680806, 38.762371234727247 ], [ -63.432058876680806, 38.807161936159588 ], [ -63.506710045734707, 38.807161936159588 ], [ -63.506710045734707, 38.762371234727247 ], [ -63.432058876680806, 38.762371234727247 ] ] ] } },
{ "type": "Feature", "properties": { "row": 61, "col": 13, "mostly_overlap": false, "overlap_ratio": 0.0 }, "geometry": { "type": "Polygon", "coordinates": [ [ [ -63.432058876680806, 38.807161936159588 ], [ -63.432058876680806, 38.851952637591928 ], [ -63.506710045734707, 38.851952637591928 ], [ -63.506710045734707, 38.807161936159588 ], [ -63.432058876680806, 38.807161936159588 ] ] ] } },
{ "type": "Feature", "properties": { "row": 61, "col": 14, "mostly_overlap": false, "overlap_ratio": 0.0 }, "geometry": { "type": "Polygon", "coordinates": [ [ [ -63.432058876680806, 38.851952637591928 ], [ -63.432058876680806, 38.896743339024269 ], [ -63.506710045734707, 38.896743339024269 ], [ -63.506710045734707, 38.851952637591928 ], [ -63.432058876680806, 38.851952637591928 ] ] ] } },
{ "type": "Feature", "properties": { "row": 61, "col": 15, "mostly_overlap": false, "overlap_ratio": 0.0 }, "geometry": { "type": "Polygon", "coordinates": [ [ [ -63.432058876680806, 38.896743339024269 ], [ -63.432058876680806, 38.941534040456602 ], [ -63.506710045734707, 38.941534040456602 ], [ -63.506710045734707, 38.896743339024269 ], [ -63.432058876680806, 38.896743339024269 ] ] ] } },
{ "type": "Feature", "properties": { "row": 61, "col": 16, "mostly_overlap": false, "overlap_ratio": 0.0 }, "geometry": { "type": "Polygon", "coordinates": [ [ [ -63.432058876680806, 38.941534040456602 ], [ -63.432058876680806, 38.986324741888943 ], [ -63.506710045734707, 38.986324741888943 ], [ -63.506710045734707, 38.941534040456602 ], [ -63.432058876680806, 38.941534040456602 ] ] ] } },
{ "type": "Feature", "properties": { "row": 61, "col": 17, "mostly_overlap": false, "overlap_ratio": 0.0 }, "geometry": { "type": "Polygon", "coordinates": [ [ [ -63.432058876680806, 38.986324741888943 ], [ -63.432058876680806, 39.031115443321283 ], [ -63.506710045734707, 39.031115443321283 ], [ -63.506710045734707, 38.986324741888943 ], [ -63.432058876680806, 38.986324741888943 ] ] ] } },
{ "type": "Feature", "properties": { "row": 61, "col": 18, "mostly_overlap": false, "overlap_ratio": 0.0 }, "geometry": { "type": "Polygon", "coordinates": [ [ [ -63.432058876680806, 39.031115443321283 ], [ -63.432058876680806, 39.075906144753617 ], [ -63.506710045734707, 39.075906144753617 ], [ -63.506710045734707, 39.031115443321283 ], [ -63.432058876680806, 39.031115443321283 ] ] ] } },
{ "type": "Feature", "properties": { "row": 61, "col": 19, "mostly_overlap": false, "overlap_ratio": 0.0 }, "geometry": { "type": "Polygon", "coordinates": [ [ [ -63.432058876680806, 39.075906144753617 ], [ -63.432058876680806, 39.120696846185957 ], [ -63.506710045734707, 39.120696846185957 ], [ -63.506710045734707, 39.075906144753617 ], [ -63.432058876680806, 39.075906144753617 ] ] ] } },
{ "type": "Feature", "properties": { "row": 61, "col": 20, "mostly_overlap": false, "overlap_ratio": 0.0 }, "geometry": { "type": "Polygon", "coordinates": [ [ [ -63.432058876680806, 39.120696846185957 ], [ -63.432058876680806, 39.165487547618298 ], [ -63.506710045734707, 39.165487547618298 ], [ -63.506710045734707, 39.120696846185957 ], [ -63.432058876680806, 39.120696846185957 ] ] ] } },
{ "type": "Feature", "properties": { "row": 62, "col": 1, "mostly_overlap": false, "overlap_ratio": 0.4632 }, "geometry": { "type": "Polygon", "coordinates": [ [ [ -63.506710045734707, 38.269673518971523 ], [ -63.506710045734707, 38.314464220403863 ], [ -63.5813612147886, 38.314464220403863 ], [ -63.5813612147886, 38.269673518971523 ], [ -63.506710045734707, 38.269673518971523 ] ] ] } },
{ "type": "Feature", "properties": { "row": 62, "col": 2, "mostly_overlap": true, "overlap_ratio": 1.0 }, "geometry": { "type": "Polygon", "coordinates": [ [ [ -63.506710045734707, 38.314464220403863 ], [ -63.506710045734707, 38.359254921836197 ], [ -63.5813612147886, 38.359254921836197 ], [ -63.5813612147886, 38.314464220403863 ], [ -63.506710045734707, 38.314464220403863 ] ] ] } },
{ "type": "Feature", "properties": { "row": 62, "col": 3, "mostly_overlap": true, "overlap_ratio": 1.0 }, "geometry": { "type": "Polygon", "coordinates": [ [ [ -63.506710045734707, 38.359254921836197 ], [ -63.506710045734707, 38.404045623268537 ], [ -63.5813612147886, 38.404045623268537 ], [ -63.5813612147886, 38.359254921836197 ], [ -63.506710045734707, 38.359254921836197 ] ] ] } },
{ "type": "Feature", "properties": { "row": 62, "col": 4, "mostly_overlap": true, "overlap_ratio": 1.0 }, "geometry": { "type": "Polygon", "coordinates": [ [ [ -63.506710045734707, 38.404045623268537 ], [ -63.506710045734707, 38.448836324700878 ], [ -63.5813612147886, 38.448836324700878 ], [ -63.5813612147886, 38.404045623268537 ], [ -63.506710045734707, 38.404045623268537 ] ] ] } },
{ "type": "Feature", "properties": { "row": 62, "col": 5, "mostly_overlap": true, "overlap_ratio": 1.0 }, "geometry": { "type": "Polygon", "coordinates": [ [ [ -63.506710045734707, 38.448836324700878 ], [ -63.506710045734707, 38.493627026133218 ], [ -63.5813612147886, 38.493627026133218 ], [ -63.5813612147886, 38.448836324700878 ], [ -63.506710045734707, 38.448836324700878 ] ] ] } },
{ "type": "Feature", "properties": { "row": 62, "col": 6, "mostly_overlap": true, "overlap_ratio": 1.0 }, "geometry": { "type": "Polygon", "coordinates": [ [ [ -63.506710045734707, 38.493627026133218 ], [ -63.506710045734707, 38.538417727565552 ], [ -63.5813612147886, 38.538417727565552 ], [ -63.5813612147886, 38.493627026133218 ], [ -63.506710045734707, 38.493627026133218 ] ] ] } },
{ "type": "Feature", "properties": { "row": 62, "col": 7, "mostly_overlap": true, "overlap_ratio": 1.0 }, "geometry": { "type": "Polygon", "coordinates": [ [ [ -63.506710045734707, 38.538417727565552 ], [ -63.506710045734707, 38.583208428997892 ], [ -63.5813612147886, 38.583208428997892 ], [ -63.5813612147886, 38.538417727565552 ], [ -63.506710045734707, 38.538417727565552 ] ] ] } },
{ "type": "Feature", "properties": { "row": 62, "col": 8, "mostly_overlap": true, "overlap_ratio": 1.0 }, "geometry": { "type": "Polygon", "coordinates": [ [ [ -63.506710045734707, 38.583208428997892 ], [ -63.506710045734707, 38.627999130430233 ], [ -63.5813612147886, 38.627999130430233 ], [ -63.5813612147886, 38.583208428997892 ], [ -63.506710045734707, 38.583208428997892 ] ] ] } },
{ "type": "Feature", "properties": { "row": 62, "col": 9, "mostly_overlap": true, "overlap_ratio": 1.0 }, "geometry": { "type": "Polygon", "coordinates": [ [ [ -63.506710045734707, 38.627999130430233 ], [ -63.506710045734707, 38.672789831862573 ], [ -63.5813612147886, 38.672789831862573 ], [ -63.5813612147886, 38.627999130430233 ], [ -63.506710045734707, 38.627999130430233 ] ] ] } },
{ "type": "Feature", "properties": { "row": 62, "col": 10, "mostly_overlap": true, "overlap_ratio": 1.0 }, "geometry": { "type": "Polygon", "coordinates": [ [ [ -63.506710045734707, 38.672789831862573 ], [ -63.506710045734707, 38.717580533294907 ], [ -63.5813612147886, 38.717580533294907 ], [ -63.5813612147886, 38.672789831862573 ], [ -63.506710045734707, 38.672789831862573 ] ] ] } },
{ "type": "Feature", "properties": { "row": 62, "col": 11, "mostly_overlap": true, "overlap_ratio": 0.6221 }, "geometry": { "type": "Polygon", "coordinates": [ [ [ -63.506710045734707, 38.717580533294907 ], [ -63.506710045734707, 38.762371234727247 ], [ -63.5813612147886, 38.762371234727247 ], [ -63.5813612147886, 38.717580533294907 ], [ -63.506710045734707, 38.717580533294907 ] ] ] } },
{ "type": "Feature", "properties": { "row": 62, "col": 12, "mostly_overlap": false, "overlap_ratio": 0.0 }, "geometry": { "type": "Polygon", "coordinates": [ [ [ -63.506710045734707, 38.762371234727247 ], [ -63.506710045734707, 38.807161936159588 ], [ -63.5813612147886, 38.807161936159588 ], [ -63.5813612147886, 38.762371234727247 ], [ -63.506710045734707, 38.762371234727247 ] ] ] } },
{ "type": "Feature", "properties": { "row": 62, "col": 13, "mostly_overlap": false, "overlap_ratio": 0.0 }, "geometry": { "type": "Polygon", "coordinates": [ [ [ -63.506710045734707, 38.807161936159588 ], [ -63.506710045734707, 38.851952637591928 ], [ -63.5813612147886, 38.851952637591928 ], [ -63.5813612147886, 38.807161936159588 ], [ -63.506710045734707, 38.807161936159588 ] ] ] } },
{ "type": "Feature", "properties": { "row": 62, "col": 14, "mostly_overlap": false, "overlap_ratio": 0.0 }, "geometry": { "type": "Polygon", "coordinates": [ [ [ -63.506710045734707, 38.851952637591928 ], [ -63.506710045734707, 38.896743339024269 ], [ -63.5813612147886, 38.896743339024269 ], [ -63.5813612147886, 38.851952637591928 ], [ -63.506710045734707, 38.851952637591928 ] ] ] } },
{ "type": "Feature", "properties": { "row": 62, "col": 15, "mostly_overlap": false, "overlap_ratio": 0.0 }, "geometry": { "type": "Polygon", "coordinates": [ [ [ -63.506710045734707, 38.896743339024269 ], [ -63.506710045734707, 38.941534040456602 ], [ -63.5813612147886, 38.941534040456602 ], [ -63.5813612147886, 38.896743339024269 ], [ -63.506710045734707, 38.896743339024269 ] ] ] } },
{ "type": "Feature", "properties": { "row": 62, "col": 16, "mostly_overlap": false, "overlap_ratio": 0.0 }, "geometry": { "type": "Polygon", "coordinates": [ [ [ -63.506710045734707, 38.941534040456602 ], [ -63.506710045734707, 38.986324741888943 ], [ -63.5813612147886, 38.986324741888943 ], [ -63.5813612147886, 38.941534040456602 ], [ -63.506710045734707, 38.941534040456602 ] ] ] } },
{ "type": "Feature", "properties": { "row": 62, "col": 17, "mostly_overlap": false, "overlap_ratio": 0.0 }, "geometry": { "type": "Polygon", "coordinates": [ [ [ -63.506710045734707, 38.986324741888943 ], [ -63.506710045734707, 39.031115443321283 ], [ -63.5813612147886, 39.031115443321283 ], [ -63.5813612147886, 38.986324741888943 ], [ -63.506710045734707, 38.986324741888943 ] ] ] } },
{ "type": "Feature", "properties": { "row": 62, "col": 18, "mostly_overlap": false, "overlap_ratio": 0.0 }, "geometry": { "type": "Polygon", "coordinates": [ [ [ -63.506710045734707, 39.031115443321283 ], [ -63.506710045734707, 39.075906144753617 ], [ -63.5813612147886, 39.075906144753617 ], [ -63.5813612147886, 39.031115443321283 ], [ -63.506710045734707, 39.031115443321283 ] ] ] } },
{ "type": "Feature", "properties": { "row": 62, "col": 19, "mostly_overlap": false, "overlap_ratio": 0.0 }, "geometry": { "type": "Polygon", "coordinates": [ [ [ -63.506710045734707, 39.075906144753617 ], [ -63.506710045734707, 39.120696846185957 ], [ -63.5813612147886, 39.120696846185957 ], [ -63.5813612147886, 39.075906144753617 ], [ -63.506710045734707, 39.075906144753617 ] ] ] } },
{ "type": "Feature", "properties": { "row": 62, "col": 20, "mostly_overlap": false, "overlap_ratio": 0.0 }, "geometry": { "type": "Polygon", "coordinates": [ [ [ -63.506710045734707, 39.120696846185957 ], [ -63.506710045734707, 39.165487547618298 ], [ -63.5813612147886, 39.165487547618298 ], [ -63.5813612147886, 39.120696846185957 ], [ -63.506710045734707, 39.120696846185957 ] ] ] } },
{ "type": "Feature", "properties": { "row": 63, "col": 1, "mostly_overlap": false, "overlap_ratio": 0.4605 }, "geometry": { "type": "Polygon", "coordinates": [ [ [ -63.5813612147886, 38.269673518971523 ], [ -63.5813612147886, 38.314464220403863 ], [ -63.656012383842501, 38.314464220403863 ], [ -63.656012383842501, 38.269673518971523 ], [ -63.5813612147886, 38.269673518971523 ] ] ] } },
{ "type": "Feature", "properties": { "row": 63, "col": 2, "mostly_overlap": true, "overlap_ratio": 1.0 }, "geometry": { "type": "Polygon", "coordinates": [ [ [ -63.5813612147886, 38.314464220403863 ], [ -63.5813612147886, 38.359254921836197 ], [ -63.656012383842501, 38.359254921836197 ], [ -63.656012383842501, 38.314464220403863 ], [ -63.5813612147886, 38.314464220403863 ] ] ] } },
{ "type": "Feature", "properties": { "row": 63, "col": 3, "mostly_overlap": true, "overlap_ratio": 1.0 }, "geometry": { "type": "Polygon", "coordinates": [ [ [ -63.5813612147886, 38.359254921836197 ], [ -63.5813612147886, 38.404045623268537 ], [ -63.656012383842501, 38.404045623268537 ], [ -63.656012383842501, 38.359254921836197 ], [ -63.5813612147886, 38.359254921836197 ] ] ] } },
{ "type": "Feature", "properties": { "row": 63, "col": 4, "mostly_overlap": true, "overlap_ratio": 1.0 }, "geometry": { "type": "Polygon", "coordinates": [ [ [ -63.5813612147886, 38.404045623268537 ], [ -63.5813612147886, 38.448836324700878 ], [ -63.656012383842501, 38.448836324700878 ], [ -63.656012383842501, 38.404045623268537 ], [ -63.5813612147886, 38.404045623268537 ] ] ] } },
{ "type": "Feature", "properties": { "row": 63, "col": 5, "mostly_overlap": true, "overlap_ratio": 1.0 }, "geometry": { "type": "Polygon", "coordinates": [ [ [ -63.5813612147886, 38.448836324700878 ], [ -63.5813612147886, 38.493627026133218 ], [ -63.656012383842501, 38.493627026133218 ], [ -63.656012383842501, 38.448836324700878 ], [ -63.5813612147886, 38.448836324700878 ] ] ] } },
{ "type": "Feature", "properties": { "row": 63, "col": 6, "mostly_overlap": true, "overlap_ratio": 1.0 }, "geometry": { "type": "Polygon", "coordinates": [ [ [ -63.5813612147886, 38.493627026133218 ], [ -63.5813612147886, 38.538417727565552 ], [ -63.656012383842501, 38.538417727565552 ], [ -63.656012383842501, 38.493627026133218 ], [ -63.5813612147886, 38.493627026133218 ] ] ] } },
{ "type": "Feature", "properties": { "row": 63, "col": 7, "mostly_overlap": true, "overlap_ratio": 1.0 }, "geometry": { "type": "Polygon", "coordinates": [ [ [ -63.5813612147886, 38.538417727565552 ], [ -63.5813612147886, 38.583208428997892 ], [ -63.656012383842501, 38.583208428997892 ], [ -63.656012383842501, 38.538417727565552 ], [ -63.5813612147886, 38.538417727565552 ] ] ] } },
{ "type": "Feature", "properties": { "row": 63, "col": 8, "mostly_overlap": true, "overlap_ratio": 1.0 }, "geometry": { "type": "Polygon", "coordinates": [ [ [ -63.5813612147886, 38.583208428997892 ], [ -63.5813612147886, 38.627999130430233 ], [ -63.656012383842501, 38.627999130430233 ], [ -63.656012383842501, 38.583208428997892 ], [ -63.5813612147886, 38.583208428997892 ] ] ] } },
{ "type": "Feature", "properties": { "row": 63, "col": 9, "mostly_overlap": true, "overlap_ratio": 1.0 }, "geometry": { "type": "Polygon", "coordinates": [ [ [ -63.5813612147886, 38.627999130430233 ], [ -63.5813612147886, 38.672789831862573 ], [ -63.656012383842501, 38.672789831862573 ], [ -63.656012383842501, 38.627999130430233 ], [ -63.5813612147886, 38.627999130430233 ] ] ] } },
{ "type": "Feature", "properties": { "row": 63, "col": 10, "mostly_overlap": true, "overlap_ratio": 1.0 }, "geometry": { "type": "Polygon", "coordinates": [ [ [ -63.5813612147886, 38.672789831862573 ], [ -63.5813612147886, 38.717580533294907 ], [ -63.656012383842501, 38.717580533294907 ], [ -63.656012383842501, 38.672789831862573 ], [ -63.5813612147886, 38.672789831862573 ] ] ] } },
{ "type": "Feature", "properties": { "row": 63, "col": 11, "mostly_overlap": true, "overlap_ratio": 0.6237 }, "geometry": { "type": "Polygon", "coordinates": [ [ [ -63.5813612147886, 38.717580533294907 ], [ -63.5813612147886, 38.762371234727247 ], [ -63.656012383842501, 38.762371234727247 ], [ -63.656012383842501, 38.717580533294907 ], [ -63.5813612147886, 38.717580533294907 ] ] ] } },
{ "type": "Feature", "properties": { "row": 63, "col": 12, "mostly_overlap": false, "overlap_ratio": 0.0 }, "geometry": { "type": "Polygon", "coordinates": [ [ [ -63.5813612147886, 38.762371234727247 ], [ -63.5813612147886, 38.807161936159588 ], [ -63.656012383842501, 38.807161936159588 ], [ -63.656012383842501, 38.762371234727247 ], [ -63.5813612147886, 38.762371234727247 ] ] ] } },
{ "type": "Feature", "properties": { "row": 63, "col": 13, "mostly_overlap": false, "overlap_ratio": 0.0 }, "geometry": { "type": "Polygon", "coordinates": [ [ [ -63.5813612147886, 38.807161936159588 ], [ -63.5813612147886, 38.851952637591928 ], [ -63.656012383842501, 38.851952637591928 ], [ -63.656012383842501, 38.807161936159588 ], [ -63.5813612147886, 38.807161936159588 ] ] ] } },
{ "type": "Feature", "properties": { "row": 63, "col": 14, "mostly_overlap": false, "overlap_ratio": 0.0 }, "geometry": { "type": "Polygon", "coordinates": [ [ [ -63.5813612147886, 38.851952637591928 ], [ -63.5813612147886, 38.896743339024269 ], [ -63.656012383842501, 38.896743339024269 ], [ -63.656012383842501, 38.851952637591928 ], [ -63.5813612147886, 38.851952637591928 ] ] ] } },
{ "type": "Feature", "properties": { "row": 63, "col": 15, "mostly_overlap": false, "overlap_ratio": 0.0 }, "geometry": { "type": "Polygon", "coordinates": [ [ [ -63.5813612147886, 38.896743339024269 ], [ -63.5813612147886, 38.941534040456602 ], [ -63.656012383842501, 38.941534040456602 ], [ -63.656012383842501, 38.896743339024269 ], [ -63.5813612147886, 38.896743339024269 ] ] ] } },
{ "type": "Feature", "properties": { "row": 63, "col": 16, "mostly_overlap": false, "overlap_ratio": 0.0 }, "geometry": { "type": "Polygon", "coordinates": [ [ [ -63.5813612147886, 38.941534040456602 ], [ -63.5813612147886, 38.986324741888943 ], [ -63.656012383842501, 38.986324741888943 ], [ -63.656012383842501, 38.941534040456602 ], [ -63.5813612147886, 38.941534040456602 ] ] ] } },
{ "type": "Feature", "properties": { "row": 63, "col": 17, "mostly_overlap": false, "overlap_ratio": 0.0 }, "geometry": { "type": "Polygon", "coordinates": [ [ [ -63.5813612147886, 38.986324741888943 ], [ -63.5813612147886, 39.031115443321283 ], [ -63.656012383842501, 39.031115443321283 ], [ -63.656012383842501, 38.986324741888943 ], [ -63.5813612147886, 38.986324741888943 ] ] ] } },
{ "type": "Feature", "properties": { "row": 63, "col": 18, "mostly_overlap": false, "overlap_ratio": 0.0 }, "geometry": { "type": "Polygon", "coordinates": [ [ [ -63.5813612147886, 39.031115443321283 ], [ -63.5813612147886, 39.075906144753617 ], [ -63.656012383842501, 39.075906144753617 ], [ -63.656012383842501, 39.031115443321283 ], [ -63.5813612147886, 39.031115443321283 ] ] ] } },
{ "type": "Feature", "properties": { "row": 63, "col": 19, "mostly_overlap": false, "overlap_ratio": 0.0 }, "geometry": { "type": "Polygon", "coordinates": [ [ [ -63.5813612147886, 39.075906144753617 ], [ -63.5813612147886, 39.120696846185957 ], [ -63.656012383842501, 39.120696846185957 ], [ -63.656012383842501, 39.075906144753617 ], [ -63.5813612147886, 39.075906144753617 ] ] ] } },
{ "type": "Feature", "properties": { "row": 63, "col": 20, "mostly_overlap": false, "overlap_ratio": 0.0 }, "geometry": { "type": "Polygon", "coordinates": [ [ [ -63.5813612147886, 39.120696846185957 ], [ -63.5813612147886, 39.165487547618298 ], [ -63.656012383842501, 39.165487547618298 ], [ -63.656012383842501, 39.120696846185957 ], [ -63.5813612147886, 39.120696846185957 ] ] ] } },
{ "type": "Feature", "properties": { "row": 64, "col": 1, "mostly_overlap": false, "overlap_ratio": 0.4579 }, "geometry": { "type": "Polygon", "coordinates": [ [ [ -63.656012383842501, 38.269673518971523 ], [ -63.656012383842501, 38.314464220403863 ], [ -63.730663552896402, 38.314464220403863 ], [ -63.730663552896402, 38.269673518971523 ], [ -63.656012383842501, 38.269673518971523 ] ] ] } },
{ "type": "Feature", "properties": { "row": 64, "col": 2, "mostly_overlap": true, "overlap_ratio": 1.0 }, "geometry": { "type": "Polygon", "coordinates": [ [ [ -63.656012383842501, 38.314464220403863 ], [ -63.656012383842501, 38.359254921836197 ], [ -63.730663552896402, 38.359254921836197 ], [ -63.730663552896402, 38.314464220403863 ], [ -63.656012383842501, 38.314464220403863 ] ] ] } },
{ "type": "Feature", "properties": { "row": 64, "col": 3, "mostly_overlap": true, "overlap_ratio": 1.0 }, "geometry": { "type": "Polygon", "coordinates": [ [ [ -63.656012383842501, 38.359254921836197 ], [ -63.656012383842501, 38.404045623268537 ], [ -63.730663552896402, 38.404045623268537 ], [ -63.730663552896402, 38.359254921836197 ], [ -63.656012383842501, 38.359254921836197 ] ] ] } },
{ "type": "Feature", "properties": { "row": 64, "col": 4, "mostly_overlap": true, "overlap_ratio": 1.0 }, "geometry": { "type": "Polygon", "coordinates": [ [ [ -63.656012383842501, 38.404045623268537 ], [ -63.656012383842501, 38.448836324700878 ], [ -63.730663552896402, 38.448836324700878 ], [ -63.730663552896402, 38.404045623268537 ], [ -63.656012383842501, 38.404045623268537 ] ] ] } },
{ "type": "Feature", "properties": { "row": 64, "col": 5, "mostly_overlap": true, "overlap_ratio": 1.0 }, "geometry": { "type": "Polygon", "coordinates": [ [ [ -63.656012383842501, 38.448836324700878 ], [ -63.656012383842501, 38.493627026133218 ], [ -63.730663552896402, 38.493627026133218 ], [ -63.730663552896402, 38.448836324700878 ], [ -63.656012383842501, 38.448836324700878 ] ] ] } },
{ "type": "Feature", "properties": { "row": 64, "col": 6, "mostly_overlap": true, "overlap_ratio": 1.0 }, "geometry": { "type": "Polygon", "coordinates": [ [ [ -63.656012383842501, 38.493627026133218 ], [ -63.656012383842501, 38.538417727565552 ], [ -63.730663552896402, 38.538417727565552 ], [ -63.730663552896402, 38.493627026133218 ], [ -63.656012383842501, 38.493627026133218 ] ] ] } },
{ "type": "Feature", "properties": { "row": 64, "col": 7, "mostly_overlap": true, "overlap_ratio": 1.0 }, "geometry": { "type": "Polygon", "coordinates": [ [ [ -63.656012383842501, 38.538417727565552 ], [ -63.656012383842501, 38.583208428997892 ], [ -63.730663552896402, 38.583208428997892 ], [ -63.730663552896402, 38.538417727565552 ], [ -63.656012383842501, 38.538417727565552 ] ] ] } },
{ "type": "Feature", "properties": { "row": 64, "col": 8, "mostly_overlap": true, "overlap_ratio": 1.0 }, "geometry": { "type": "Polygon", "coordinates": [ [ [ -63.656012383842501, 38.583208428997892 ], [ -63.656012383842501, 38.627999130430233 ], [ -63.730663552896402, 38.627999130430233 ], [ -63.730663552896402, 38.583208428997892 ], [ -63.656012383842501, 38.583208428997892 ] ] ] } },
{ "type": "Feature", "properties": { "row": 64, "col": 9, "mostly_overlap": true, "overlap_ratio": 1.0 }, "geometry": { "type": "Polygon", "coordinates": [ [ [ -63.656012383842501, 38.627999130430233 ], [ -63.656012383842501, 38.672789831862573 ], [ -63.730663552896402, 38.672789831862573 ], [ -63.730663552896402, 38.627999130430233 ], [ -63.656012383842501, 38.627999130430233 ] ] ] } },
{ "type": "Feature", "properties": { "row": 64, "col": 10, "mostly_overlap": true, "overlap_ratio": 1.0 }, "geometry": { "type": "Polygon", "coordinates": [ [ [ -63.656012383842501, 38.672789831862573 ], [ -63.656012383842501, 38.717580533294907 ], [ -63.730663552896402, 38.717580533294907 ], [ -63.730663552896402, 38.672789831862573 ], [ -63.656012383842501, 38.672789831862573 ] ] ] } },
{ "type": "Feature", "properties": { "row": 64, "col": 11, "mostly_overlap": true, "overlap_ratio": 0.6354 }, "geometry": { "type": "Polygon", "coordinates": [ [ [ -63.656012383842501, 38.717580533294907 ], [ -63.656012383842501, 38.762371234727247 ], [ -63.730663552896402, 38.762371234727247 ], [ -63.730663552896402, 38.717580533294907 ], [ -63.656012383842501, 38.717580533294907 ] ] ] } },
{ "type": "Feature", "properties": { "row": 64, "col": 12, "mostly_overlap": false, "overlap_ratio": 0.0 }, "geometry": { "type": "Polygon", "coordinates": [ [ [ -63.656012383842501, 38.762371234727247 ], [ -63.656012383842501, 38.807161936159588 ], [ -63.730663552896402, 38.807161936159588 ], [ -63.730663552896402, 38.762371234727247 ], [ -63.656012383842501, 38.762371234727247 ] ] ] } },
{ "type": "Feature", "properties": { "row": 64, "col": 13, "mostly_overlap": false, "overlap_ratio": 0.0 }, "geometry": { "type": "Polygon", "coordinates": [ [ [ -63.656012383842501, 38.807161936159588 ], [ -63.656012383842501, 38.851952637591928 ], [ -63.730663552896402, 38.851952637591928 ], [ -63.730663552896402, 38.807161936159588 ], [ -63.656012383842501, 38.807161936159588 ] ] ] } },
{ "type": "Feature", "properties": { "row": 64, "col": 14, "mostly_overlap": false, "overlap_ratio": 0.0 }, "geometry": { "type": "Polygon", "coordinates": [ [ [ -63.656012383842501, 38.851952637591928 ], [ -63.656012383842501, 38.896743339024269 ], [ -63.730663552896402, 38.896743339024269 ], [ -63.730663552896402, 38.851952637591928 ], [ -63.656012383842501, 38.851952637591928 ] ] ] } },
{ "type": "Feature", "properties": { "row": 64, "col": 15, "mostly_overlap": false, "overlap_ratio": 0.0 }, "geometry": { "type": "Polygon", "coordinates": [ [ [ -63.656012383842501, 38.896743339024269 ], [ -63.656012383842501, 38.941534040456602 ], [ -63.730663552896402, 38.941534040456602 ], [ -63.730663552896402, 38.896743339024269 ], [ -63.656012383842501, 38.896743339024269 ] ] ] } },
{ "type": "Feature", "properties": { "row": 64, "col": 16, "mostly_overlap": false, "overlap_ratio": 0.0 }, "geometry": { "type": "Polygon", "coordinates": [ [ [ -63.656012383842501, 38.941534040456602 ], [ -63.656012383842501, 38.986324741888943 ], [ -63.730663552896402, 38.986324741888943 ], [ -63.730663552896402, 38.941534040456602 ], [ -63.656012383842501, 38.941534040456602 ] ] ] } },
{ "type": "Feature", "properties": { "row": 64, "col": 17, "mostly_overlap": false, "overlap_ratio": 0.0 }, "geometry": { "type": "Polygon", "coordinates": [ [ [ -63.656012383842501, 38.986324741888943 ], [ -63.656012383842501, 39.031115443321283 ], [ -63.730663552896402, 39.031115443321283 ], [ -63.730663552896402, 38.986324741888943 ], [ -63.656012383842501, 38.986324741888943 ] ] ] } },
{ "type": "Feature", "properties": { "row": 64, "col": 18, "mostly_overlap": false, "overlap_ratio": 0.0 }, "geometry": { "type": "Polygon", "coordinates": [ [ [ -63.656012383842501, 39.031115443321283 ], [ -63.656012383842501, 39.075906144753617 ], [ -63.730663552896402, 39.075906144753617 ], [ -63.730663552896402, 39.031115443321283 ], [ -63.656012383842501, 39.031115443321283 ] ] ] } },
{ "type": "Feature", "properties": { "row": 64, "col": 19, "mostly_overlap": false, "overlap_ratio": 0.0 }, "geometry": { "type": "Polygon", "coordinates": [ [ [ -63.656012383842501, 39.075906144753617 ], [ -63.656012383842501, 39.120696846185957 ], [ -63.730663552896402, 39.120696846185957 ], [ -63.730663552896402, 39.075906144753617 ], [ -63.656012383842501, 39.075906144753617 ] ] ] } },
{ "type": "Feature", "properties": { "row": 64, "col": 20, "mostly_overlap": false, "overlap_ratio": 0.0 }, "geometry": { "type": "Polygon", "coordinates": [ [ [ -63.656012383842501, 39.120696846185957 ], [ -63.656012383842501, 39.165487547618298 ], [ -63.730663552896402, 39.165487547618298 ], [ -63.730663552896402, 39.120696846185957 ], [ -63.656012383842501, 39.120696846185957 ] ] ] } },
{ "type": "Feature", "properties": { "row": 65, "col": 1, "mostly_overlap": false, "overlap_ratio": 0.4553 }, "geometry": { "type": "Polygon", "coordinates": [ [ [ -63.730663552896402, 38.269673518971523 ], [ -63.730663552896402, 38.314464220403863 ], [ -63.805314721950296, 38.314464220403863 ], [ -63.805314721950296, 38.269673518971523 ], [ -63.730663552896402, 38.269673518971523 ] ] ] } },
{ "type": "Feature", "properties": { "row": 65, "col": 2, "mostly_overlap": true, "overlap_ratio": 1.0 }, "geometry": { "type": "Polygon", "coordinates": [ [ [ -63.730663552896402, 38.314464220403863 ], [ -63.730663552896402, 38.359254921836197 ], [ -63.805314721950296, 38.359254921836197 ], [ -63.805314721950296, 38.314464220403863 ], [ -63.730663552896402, 38.314464220403863 ] ] ] } },
{ "type": "Feature", "properties": { "row": 65, "col": 3, "mostly_overlap": true, "overlap_ratio": 1.0 }, "geometry": { "type": "Polygon", "coordinates": [ [ [ -63.730663552896402, 38.359254921836197 ], [ -63.730663552896402, 38.404045623268537 ], [ -63.805314721950296, 38.404045623268537 ], [ -63.805314721950296, 38.359254921836197 ], [ -63.730663552896402, 38.359254921836197 ] ] ] } },
{ "type": "Feature", "properties": { "row": 65, "col": 4, "mostly_overlap": true, "overlap_ratio": 1.0 }, "geometry": { "type": "Polygon", "coordinates": [ [ [ -63.730663552896402, 38.404045623268537 ], [ -63.730663552896402, 38.448836324700878 ], [ -63.805314721950296, 38.448836324700878 ], [ -63.805314721950296, 38.404045623268537 ], [ -63.730663552896402, 38.404045623268537 ] ] ] } },
{ "type": "Feature", "properties": { "row": 65, "col": 5, "mostly_overlap": true, "overlap_ratio": 1.0 }, "geometry": { "type": "Polygon", "coordinates": [ [ [ -63.730663552896402, 38.448836324700878 ], [ -63.730663552896402, 38.493627026133218 ], [ -63.805314721950296, 38.493627026133218 ], [ -63.805314721950296, 38.448836324700878 ], [ -63.730663552896402, 38.448836324700878 ] ] ] } },
{ "type": "Feature", "properties": { "row": 65, "col": 6, "mostly_overlap": true, "overlap_ratio": 1.0 }, "geometry": { "type": "Polygon", "coordinates": [ [ [ -63.730663552896402, 38.493627026133218 ], [ -63.730663552896402, 38.538417727565552 ], [ -63.805314721950296, 38.538417727565552 ], [ -63.805314721950296, 38.493627026133218 ], [ -63.730663552896402, 38.493627026133218 ] ] ] } },
{ "type": "Feature", "properties": { "row": 65, "col": 7, "mostly_overlap": true, "overlap_ratio": 1.0 }, "geometry": { "type": "Polygon", "coordinates": [ [ [ -63.730663552896402, 38.538417727565552 ], [ -63.730663552896402, 38.583208428997892 ], [ -63.805314721950296, 38.583208428997892 ], [ -63.805314721950296, 38.538417727565552 ], [ -63.730663552896402, 38.538417727565552 ] ] ] } },
{ "type": "Feature", "properties": { "row": 65, "col": 8, "mostly_overlap": true, "overlap_ratio": 1.0 }, "geometry": { "type": "Polygon", "coordinates": [ [ [ -63.730663552896402, 38.583208428997892 ], [ -63.730663552896402, 38.627999130430233 ], [ -63.805314721950296, 38.627999130430233 ], [ -63.805314721950296, 38.583208428997892 ], [ -63.730663552896402, 38.583208428997892 ] ] ] } },
{ "type": "Feature", "properties": { "row": 65, "col": 9, "mostly_overlap": true, "overlap_ratio": 1.0 }, "geometry": { "type": "Polygon", "coordinates": [ [ [ -63.730663552896402, 38.627999130430233 ], [ -63.730663552896402, 38.672789831862573 ], [ -63.805314721950296, 38.672789831862573 ], [ -63.805314721950296, 38.627999130430233 ], [ -63.730663552896402, 38.627999130430233 ] ] ] } },
{ "type": "Feature", "properties": { "row": 65, "col": 10, "mostly_overlap": true, "overlap_ratio": 1.0 }, "geometry": { "type": "Polygon", "coordinates": [ [ [ -63.730663552896402, 38.672789831862573 ], [ -63.730663552896402, 38.717580533294907 ], [ -63.805314721950296, 38.717580533294907 ], [ -63.805314721950296, 38.672789831862573 ], [ -63.730663552896402, 38.672789831862573 ] ] ] } },
{ "type": "Feature", "properties": { "row": 65, "col": 11, "mostly_overlap": true, "overlap_ratio": 0.6487 }, "geometry": { "type": "Polygon", "coordinates": [ [ [ -63.730663552896402, 38.717580533294907 ], [ -63.730663552896402, 38.762371234727247 ], [ -63.805314721950296, 38.762371234727247 ], [ -63.805314721950296, 38.717580533294907 ], [ -63.730663552896402, 38.717580533294907 ] ] ] } },
{ "type": "Feature", "properties": { "row": 65, "col": 12, "mostly_overlap": false, "overlap_ratio": 0.0 }, "geometry": { "type": "Polygon", "coordinates": [ [ [ -63.730663552896402, 38.762371234727247 ], [ -63.730663552896402, 38.807161936159588 ], [ -63.805314721950296, 38.807161936159588 ], [ -63.805314721950296, 38.762371234727247 ], [ -63.730663552896402, 38.762371234727247 ] ] ] } },
{ "type": "Feature", "properties": { "row": 65, "col": 13, "mostly_overlap": false, "overlap_ratio": 0.0 }, "geometry": { "type": "Polygon", "coordinates": [ [ [ -63.730663552896402, 38.807161936159588 ], [ -63.730663552896402, 38.851952637591928 ], [ -63.805314721950296, 38.851952637591928 ], [ -63.805314721950296, 38.807161936159588 ], [ -63.730663552896402, 38.807161936159588 ] ] ] } },
{ "type": "Feature", "properties": { "row": 65, "col": 14, "mostly_overlap": false, "overlap_ratio": 0.0 }, "geometry": { "type": "Polygon", "coordinates": [ [ [ -63.730663552896402, 38.851952637591928 ], [ -63.730663552896402, 38.896743339024269 ], [ -63.805314721950296, 38.896743339024269 ], [ -63.805314721950296, 38.851952637591928 ], [ -63.730663552896402, 38.851952637591928 ] ] ] } },
{ "type": "Feature", "properties": { "row": 65, "col": 15, "mostly_overlap": false, "overlap_ratio": 0.0 }, "geometry": { "type": "Polygon", "coordinates": [ [ [ -63.730663552896402, 38.896743339024269 ], [ -63.730663552896402, 38.941534040456602 ], [ -63.805314721950296, 38.941534040456602 ], [ -63.805314721950296, 38.896743339024269 ], [ -63.730663552896402, 38.896743339024269 ] ] ] } },
{ "type": "Feature", "properties": { "row": 65, "col": 16, "mostly_overlap": false, "overlap_ratio": 0.0 }, "geometry": { "type": "Polygon", "coordinates": [ [ [ -63.730663552896402, 38.941534040456602 ], [ -63.730663552896402, 38.986324741888943 ], [ -63.805314721950296, 38.986324741888943 ], [ -63.805314721950296, 38.941534040456602 ], [ -63.730663552896402, 38.941534040456602 ] ] ] } },
{ "type": "Feature", "properties": { "row": 65, "col": 17, "mostly_overlap": false, "overlap_ratio": 0.0 }, "geometry": { "type": "Polygon", "coordinates": [ [ [ -63.730663552896402, 38.986324741888943 ], [ -63.730663552896402, 39.031115443321283 ], [ -63.805314721950296, 39.031115443321283 ], [ -63.805314721950296, 38.986324741888943 ], [ -63.730663552896402, 38.986324741888943 ] ] ] } },
{ "type": "Feature", "properties": { "row": 65, "col": 18, "mostly_overlap": false, "overlap_ratio": 0.0 }, "geometry": { "type": "Polygon", "coordinates": [ [ [ -63.730663552896402, 39.031115443321283 ], [ -63.730663552896402, 39.075906144753617 ], [ -63.805314721950296, 39.075906144753617 ], [ -63.805314721950296, 39.031115443321283 ], [ -63.730663552896402, 39.031115443321283 ] ] ] } },
{ "type": "Feature", "properties": { "row": 65, "col": 19, "mostly_overlap": false, "overlap_ratio": 0.0 }, "geometry": { "type": "Polygon", "coordinates": [ [ [ -63.730663552896402, 39.075906144753617 ], [ -63.730663552896402, 39.120696846185957 ], [ -63.805314721950296, 39.120696846185957 ], [ -63.805314721950296, 39.075906144753617 ], [ -63.730663552896402, 39.075906144753617 ] ] ] } },
{ "type": "Feature", "properties": { "row": 65, "col": 20, "mostly_overlap": false, "overlap_ratio": 0.0 }, "geometry": { "type": "Polygon", "coordinates": [ [ [ -63.730663552896402, 39.120696846185957 ], [ -63.730663552896402, 39.165487547618298 ], [ -63.805314721950296, 39.165487547618298 ], [ -63.805314721950296, 39.120696846185957 ], [ -63.730663552896402, 39.120696846185957 ] ] ] } },
{ "type": "Feature", "properties": { "row": 66, "col": 1, "mostly_overlap": false, "overlap_ratio": 0.4524 }, "geometry": { "type": "Polygon", "coordinates": [ [ [ -63.805314721950296, 38.269673518971523 ], [ -63.805314721950296, 38.314464220403863 ], [ -63.879965891004197, 38.314464220403863 ], [ -63.879965891004197, 38.269673518971523 ], [ -63.805314721950296, 38.269673518971523 ] ] ] } },
{ "type": "Feature", "properties": { "row": 66, "col": 2, "mostly_overlap": true, "overlap_ratio": 1.0 }, "geometry": { "type": "Polygon", "coordinates": [ [ [ -63.805314721950296, 38.314464220403863 ], [ -63.805314721950296, 38.359254921836197 ], [ -63.879965891004197, 38.359254921836197 ], [ -63.879965891004197, 38.314464220403863 ], [ -63.805314721950296, 38.314464220403863 ] ] ] } },
{ "type": "Feature", "properties": { "row": 66, "col": 3, "mostly_overlap": true, "overlap_ratio": 1.0 }, "geometry": { "type": "Polygon", "coordinates": [ [ [ -63.805314721950296, 38.359254921836197 ], [ -63.805314721950296, 38.404045623268537 ], [ -63.879965891004197, 38.404045623268537 ], [ -63.879965891004197, 38.359254921836197 ], [ -63.805314721950296, 38.359254921836197 ] ] ] } },
{ "type": "Feature", "properties": { "row": 66, "col": 4, "mostly_overlap": true, "overlap_ratio": 1.0 }, "geometry": { "type": "Polygon", "coordinates": [ [ [ -63.805314721950296, 38.404045623268537 ], [ -63.805314721950296, 38.448836324700878 ], [ -63.879965891004197, 38.448836324700878 ], [ -63.879965891004197, 38.404045623268537 ], [ -63.805314721950296, 38.404045623268537 ] ] ] } },
{ "type": "Feature", "properties": { "row": 66, "col": 5, "mostly_overlap": true, "overlap_ratio": 1.0 }, "geometry": { "type": "Polygon", "coordinates": [ [ [ -63.805314721950296, 38.448836324700878 ], [ -63.805314721950296, 38.493627026133218 ], [ -63.879965891004197, 38.493627026133218 ], [ -63.879965891004197, 38.448836324700878 ], [ -63.805314721950296, 38.448836324700878 ] ] ] } },
{ "type": "Feature", "properties": { "row": 66, "col": 6, "mostly_overlap": true, "overlap_ratio": 1.0 }, "geometry": { "type": "Polygon", "coordinates": [ [ [ -63.805314721950296, 38.493627026133218 ], [ -63.805314721950296, 38.538417727565552 ], [ -63.879965891004197, 38.538417727565552 ], [ -63.879965891004197, 38.493627026133218 ], [ -63.805314721950296, 38.493627026133218 ] ] ] } },
{ "type": "Feature", "properties": { "row": 66, "col": 7, "mostly_overlap": true, "overlap_ratio": 1.0 }, "geometry": { "type": "Polygon", "coordinates": [ [ [ -63.805314721950296, 38.538417727565552 ], [ -63.805314721950296, 38.583208428997892 ], [ -63.879965891004197, 38.583208428997892 ], [ -63.879965891004197, 38.538417727565552 ], [ -63.805314721950296, 38.538417727565552 ] ] ] } },
{ "type": "Feature", "properties": { "row": 66, "col": 8, "mostly_overlap": true, "overlap_ratio": 1.0 }, "geometry": { "type": "Polygon", "coordinates": [ [ [ -63.805314721950296, 38.583208428997892 ], [ -63.805314721950296, 38.627999130430233 ], [ -63.879965891004197, 38.627999130430233 ], [ -63.879965891004197, 38.583208428997892 ], [ -63.805314721950296, 38.583208428997892 ] ] ] } },
{ "type": "Feature", "properties": { "row": 66, "col": 9, "mostly_overlap": true, "overlap_ratio": 1.0 }, "geometry": { "type": "Polygon", "coordinates": [ [ [ -63.805314721950296, 38.627999130430233 ], [ -63.805314721950296, 38.672789831862573 ], [ -63.879965891004197, 38.672789831862573 ], [ -63.879965891004197, 38.627999130430233 ], [ -63.805314721950296, 38.627999130430233 ] ] ] } },
{ "type": "Feature", "properties": { "row": 66, "col": 10, "mostly_overlap": true, "overlap_ratio": 1.0 }, "geometry": { "type": "Polygon", "coordinates": [ [ [ -63.805314721950296, 38.672789831862573 ], [ -63.805314721950296, 38.717580533294907 ], [ -63.879965891004197, 38.717580533294907 ], [ -63.879965891004197, 38.672789831862573 ], [ -63.805314721950296, 38.672789831862573 ] ] ] } },
{ "type": "Feature", "properties": { "row": 66, "col": 11, "mostly_overlap": true, "overlap_ratio": 0.6621 }, "geometry": { "type": "Polygon", "coordinates": [ [ [ -63.805314721950296, 38.717580533294907 ], [ -63.805314721950296, 38.762371234727247 ], [ -63.879965891004197, 38.762371234727247 ], [ -63.879965891004197, 38.717580533294907 ], [ -63.805314721950296, 38.717580533294907 ] ] ] } },
{ "type": "Feature", "properties": { "row": 66, "col": 12, "mostly_overlap": false, "overlap_ratio": 0.0 }, "geometry": { "type": "Polygon", "coordinates": [ [ [ -63.805314721950296, 38.762371234727247 ], [ -63.805314721950296, 38.807161936159588 ], [ -63.879965891004197, 38.807161936159588 ], [ -63.879965891004197, 38.762371234727247 ], [ -63.805314721950296, 38.762371234727247 ] ] ] } },
{ "type": "Feature", "properties": { "row": 66, "col": 13, "mostly_overlap": false, "overlap_ratio": 0.0 }, "geometry": { "type": "Polygon", "coordinates": [ [ [ -63.805314721950296, 38.807161936159588 ], [ -63.805314721950296, 38.851952637591928 ], [ -63.879965891004197, 38.851952637591928 ], [ -63.879965891004197, 38.807161936159588 ], [ -63.805314721950296, 38.807161936159588 ] ] ] } },
{ "type": "Feature", "properties": { "row": 66, "col": 14, "mostly_overlap": false, "overlap_ratio": 0.0 }, "geometry": { "type": "Polygon", "coordinates": [ [ [ -63.805314721950296, 38.851952637591928 ], [ -63.805314721950296, 38.896743339024269 ], [ -63.879965891004197, 38.896743339024269 ], [ -63.879965891004197, 38.851952637591928 ], [ -63.805314721950296, 38.851952637591928 ] ] ] } },
{ "type": "Feature", "properties": { "row": 66, "col": 15, "mostly_overlap": false, "overlap_ratio": 0.0 }, "geometry": { "type": "Polygon", "coordinates": [ [ [ -63.805314721950296, 38.896743339024269 ], [ -63.805314721950296, 38.941534040456602 ], [ -63.879965891004197, 38.941534040456602 ], [ -63.879965891004197, 38.896743339024269 ], [ -63.805314721950296, 38.896743339024269 ] ] ] } },
{ "type": "Feature", "properties": { "row": 66, "col": 16, "mostly_overlap": false, "overlap_ratio": 0.0 }, "geometry": { "type": "Polygon", "coordinates": [ [ [ -63.805314721950296, 38.941534040456602 ], [ -63.805314721950296, 38.986324741888943 ], [ -63.879965891004197, 38.986324741888943 ], [ -63.879965891004197, 38.941534040456602 ], [ -63.805314721950296, 38.941534040456602 ] ] ] } },
{ "type": "Feature", "properties": { "row": 66, "col": 17, "mostly_overlap": false, "overlap_ratio": 0.0 }, "geometry": { "type": "Polygon", "coordinates": [ [ [ -63.805314721950296, 38.986324741888943 ], [ -63.805314721950296, 39.031115443321283 ], [ -63.879965891004197, 39.031115443321283 ], [ -63.879965891004197, 38.986324741888943 ], [ -63.805314721950296, 38.986324741888943 ] ] ] } },
{ "type": "Feature", "properties": { "row": 66, "col": 18, "mostly_overlap": false, "overlap_ratio": 0.0 }, "geometry": { "type": "Polygon", "coordinates": [ [ [ -63.805314721950296, 39.031115443321283 ], [ -63.805314721950296, 39.075906144753617 ], [ -63.879965891004197, 39.075906144753617 ], [ -63.879965891004197, 39.031115443321283 ], [ -63.805314721950296, 39.031115443321283 ] ] ] } },
{ "type": "Feature", "properties": { "row": 66, "col": 19, "mostly_overlap": false, "overlap_ratio": 0.0 }, "geometry": { "type": "Polygon", "coordinates": [ [ [ -63.805314721950296, 39.075906144753617 ], [ -63.805314721950296, 39.120696846185957 ], [ -63.879965891004197, 39.120696846185957 ], [ -63.879965891004197, 39.075906144753617 ], [ -63.805314721950296, 39.075906144753617 ] ] ] } },
{ "type": "Feature", "properties": { "row": 66, "col": 20, "mostly_overlap": false, "overlap_ratio": 0.0 }, "geometry": { "type": "Polygon", "coordinates": [ [ [ -63.805314721950296, 39.120696846185957 ], [ -63.805314721950296, 39.165487547618298 ], [ -63.879965891004197, 39.165487547618298 ], [ -63.879965891004197, 39.120696846185957 ], [ -63.805314721950296, 39.120696846185957 ] ] ] } },
{ "type": "Feature", "properties": { "row": 67, "col": 1, "mostly_overlap": false, "overlap_ratio": 0.4485 }, "geometry": { "type": "Polygon", "coordinates": [ [ [ -63.879965891004197, 38.269673518971523 ], [ -63.879965891004197, 38.314464220403863 ], [ -63.954617060058091, 38.314464220403863 ], [ -63.954617060058091, 38.269673518971523 ], [ -63.879965891004197, 38.269673518971523 ] ] ] } },
{ "type": "Feature", "properties": { "row": 67, "col": 2, "mostly_overlap": true, "overlap_ratio": 1.0 }, "geometry": { "type": "Polygon", "coordinates": [ [ [ -63.879965891004197, 38.314464220403863 ], [ -63.879965891004197, 38.359254921836197 ], [ -63.954617060058091, 38.359254921836197 ], [ -63.954617060058091, 38.314464220403863 ], [ -63.879965891004197, 38.314464220403863 ] ] ] } },
{ "type": "Feature", "properties": { "row": 67, "col": 3, "mostly_overlap": true, "overlap_ratio": 1.0 }, "geometry": { "type": "Polygon", "coordinates": [ [ [ -63.879965891004197, 38.359254921836197 ], [ -63.879965891004197, 38.404045623268537 ], [ -63.954617060058091, 38.404045623268537 ], [ -63.954617060058091, 38.359254921836197 ], [ -63.879965891004197, 38.359254921836197 ] ] ] } },
{ "type": "Feature", "properties": { "row": 67, "col": 4, "mostly_overlap": true, "overlap_ratio": 1.0 }, "geometry": { "type": "Polygon", "coordinates": [ [ [ -63.879965891004197, 38.404045623268537 ], [ -63.879965891004197, 38.448836324700878 ], [ -63.954617060058091, 38.448836324700878 ], [ -63.954617060058091, 38.404045623268537 ], [ -63.879965891004197, 38.404045623268537 ] ] ] } },
{ "type": "Feature", "properties": { "row": 67, "col": 5, "mostly_overlap": true, "overlap_ratio": 1.0 }, "geometry": { "type": "Polygon", "coordinates": [ [ [ -63.879965891004197, 38.448836324700878 ], [ -63.879965891004197, 38.493627026133218 ], [ -63.954617060058091, 38.493627026133218 ], [ -63.954617060058091, 38.448836324700878 ], [ -63.879965891004197, 38.448836324700878 ] ] ] } },
{ "type": "Feature", "properties": { "row": 67, "col": 6, "mostly_overlap": true, "overlap_ratio": 1.0 }, "geometry": { "type": "Polygon", "coordinates": [ [ [ -63.879965891004197, 38.493627026133218 ], [ -63.879965891004197, 38.538417727565552 ], [ -63.954617060058091, 38.538417727565552 ], [ -63.954617060058091, 38.493627026133218 ], [ -63.879965891004197, 38.493627026133218 ] ] ] } },
{ "type": "Feature", "properties": { "row": 67, "col": 7, "mostly_overlap": true, "overlap_ratio": 1.0 }, "geometry": { "type": "Polygon", "coordinates": [ [ [ -63.879965891004197, 38.538417727565552 ], [ -63.879965891004197, 38.583208428997892 ], [ -63.954617060058091, 38.583208428997892 ], [ -63.954617060058091, 38.538417727565552 ], [ -63.879965891004197, 38.538417727565552 ] ] ] } },
{ "type": "Feature", "properties": { "row": 67, "col": 8, "mostly_overlap": true, "overlap_ratio": 1.0 }, "geometry": { "type": "Polygon", "coordinates": [ [ [ -63.879965891004197, 38.583208428997892 ], [ -63.879965891004197, 38.627999130430233 ], [ -63.954617060058091, 38.627999130430233 ], [ -63.954617060058091, 38.583208428997892 ], [ -63.879965891004197, 38.583208428997892 ] ] ] } },
{ "type": "Feature", "properties": { "row": 67, "col": 9, "mostly_overlap": true, "overlap_ratio": 1.0 }, "geometry": { "type": "Polygon", "coordinates": [ [ [ -63.879965891004197, 38.627999130430233 ], [ -63.879965891004197, 38.672789831862573 ], [ -63.954617060058091, 38.672789831862573 ], [ -63.954617060058091, 38.627999130430233 ], [ -63.879965891004197, 38.627999130430233 ] ] ] } },
{ "type": "Feature", "properties": { "row": 67, "col": 10, "mostly_overlap": true, "overlap_ratio": 1.0 }, "geometry": { "type": "Polygon", "coordinates": [ [ [ -63.879965891004197, 38.672789831862573 ], [ -63.879965891004197, 38.717580533294907 ], [ -63.954617060058091, 38.717580533294907 ], [ -63.954617060058091, 38.672789831862573 ], [ -63.879965891004197, 38.672789831862573 ] ] ] } },
{ "type": "Feature", "properties": { "row": 67, "col": 11, "mostly_overlap": true, "overlap_ratio": 0.6754 }, "geometry": { "type": "Polygon", "coordinates": [ [ [ -63.879965891004197, 38.717580533294907 ], [ -63.879965891004197, 38.762371234727247 ], [ -63.954617060058091, 38.762371234727247 ], [ -63.954617060058091, 38.717580533294907 ], [ -63.879965891004197, 38.717580533294907 ] ] ] } },
{ "type": "Feature", "properties": { "row": 67, "col": 12, "mostly_overlap": false, "overlap_ratio": 0.0 }, "geometry": { "type": "Polygon", "coordinates": [ [ [ -63.879965891004197, 38.762371234727247 ], [ -63.879965891004197, 38.807161936159588 ], [ -63.954617060058091, 38.807161936159588 ], [ -63.954617060058091, 38.762371234727247 ], [ -63.879965891004197, 38.762371234727247 ] ] ] } },
{ "type": "Feature", "properties": { "row": 67, "col": 13, "mostly_overlap": false, "overlap_ratio": 0.0 }, "geometry": { "type": "Polygon", "coordinates": [ [ [ -63.879965891004197, 38.807161936159588 ], [ -63.879965891004197, 38.851952637591928 ], [ -63.954617060058091, 38.851952637591928 ], [ -63.954617060058091, 38.807161936159588 ], [ -63.879965891004197, 38.807161936159588 ] ] ] } },
{ "type": "Feature", "properties": { "row": 67, "col": 14, "mostly_overlap": false, "overlap_ratio": 0.0 }, "geometry": { "type": "Polygon", "coordinates": [ [ [ -63.879965891004197, 38.851952637591928 ], [ -63.879965891004197, 38.896743339024269 ], [ -63.954617060058091, 38.896743339024269 ], [ -63.954617060058091, 38.851952637591928 ], [ -63.879965891004197, 38.851952637591928 ] ] ] } },
{ "type": "Feature", "properties": { "row": 67, "col": 15, "mostly_overlap": false, "overlap_ratio": 0.0 }, "geometry": { "type": "Polygon", "coordinates": [ [ [ -63.879965891004197, 38.896743339024269 ], [ -63.879965891004197, 38.941534040456602 ], [ -63.954617060058091, 38.941534040456602 ], [ -63.954617060058091, 38.896743339024269 ], [ -63.879965891004197, 38.896743339024269 ] ] ] } },
{ "type": "Feature", "properties": { "row": 67, "col": 16, "mostly_overlap": false, "overlap_ratio": 0.0 }, "geometry": { "type": "Polygon", "coordinates": [ [ [ -63.879965891004197, 38.941534040456602 ], [ -63.879965891004197, 38.986324741888943 ], [ -63.954617060058091, 38.986324741888943 ], [ -63.954617060058091, 38.941534040456602 ], [ -63.879965891004197, 38.941534040456602 ] ] ] } },
{ "type": "Feature", "properties": { "row": 67, "col": 17, "mostly_overlap": false, "overlap_ratio": 0.0 }, "geometry": { "type": "Polygon", "coordinates": [ [ [ -63.879965891004197, 38.986324741888943 ], [ -63.879965891004197, 39.031115443321283 ], [ -63.954617060058091, 39.031115443321283 ], [ -63.954617060058091, 38.986324741888943 ], [ -63.879965891004197, 38.986324741888943 ] ] ] } },
{ "type": "Feature", "properties": { "row": 67, "col": 18, "mostly_overlap": false, "overlap_ratio": 0.0 }, "geometry": { "type": "Polygon", "coordinates": [ [ [ -63.879965891004197, 39.031115443321283 ], [ -63.879965891004197, 39.075906144753617 ], [ -63.954617060058091, 39.075906144753617 ], [ -63.954617060058091, 39.031115443321283 ], [ -63.879965891004197, 39.031115443321283 ] ] ] } },
{ "type": "Feature", "properties": { "row": 67, "col": 19, "mostly_overlap": false, "overlap_ratio": 0.0 }, "geometry": { "type": "Polygon", "coordinates": [ [ [ -63.879965891004197, 39.075906144753617 ], [ -63.879965891004197, 39.120696846185957 ], [ -63.954617060058091, 39.120696846185957 ], [ -63.954617060058091, 39.075906144753617 ], [ -63.879965891004197, 39.075906144753617 ] ] ] } },
{ "type": "Feature", "properties": { "row": 67, "col": 20, "mostly_overlap": false, "overlap_ratio": 0.0 }, "geometry": { "type": "Polygon", "coordinates": [ [ [ -63.879965891004197, 39.120696846185957 ], [ -63.879965891004197, 39.165487547618298 ], [ -63.954617060058091, 39.165487547618298 ], [ -63.954617060058091, 39.120696846185957 ], [ -63.879965891004197, 39.120696846185957 ] ] ] } },
{ "type": "Feature", "properties": { "row": 68, "col": 1, "mostly_overlap": false, "overlap_ratio": 0.4446 }, "geometry": { "type": "Polygon", "coordinates": [ [ [ -63.954617060058091, 38.269673518971523 ], [ -63.954617060058091, 38.314464220403863 ], [ -64.029268229111992, 38.314464220403863 ], [ -64.029268229111992, 38.269673518971523 ], [ -63.954617060058091, 38.269673518971523 ] ] ] } },
{ "type": "Feature", "properties": { "row": 68, "col": 2, "mostly_overlap": true, "overlap_ratio": 1.0 }, "geometry": { "type": "Polygon", "coordinates": [ [ [ -63.954617060058091, 38.314464220403863 ], [ -63.954617060058091, 38.359254921836197 ], [ -64.029268229111992, 38.359254921836197 ], [ -64.029268229111992, 38.314464220403863 ], [ -63.954617060058091, 38.314464220403863 ] ] ] } },
{ "type": "Feature", "properties": { "row": 68, "col": 3, "mostly_overlap": true, "overlap_ratio": 1.0 }, "geometry": { "type": "Polygon", "coordinates": [ [ [ -63.954617060058091, 38.359254921836197 ], [ -63.954617060058091, 38.404045623268537 ], [ -64.029268229111992, 38.404045623268537 ], [ -64.029268229111992, 38.359254921836197 ], [ -63.954617060058091, 38.359254921836197 ] ] ] } },
{ "type": "Feature", "properties": { "row": 68, "col": 4, "mostly_overlap": true, "overlap_ratio": 1.0 }, "geometry": { "type": "Polygon", "coordinates": [ [ [ -63.954617060058091, 38.404045623268537 ], [ -63.954617060058091, 38.448836324700878 ], [ -64.029268229111992, 38.448836324700878 ], [ -64.029268229111992, 38.404045623268537 ], [ -63.954617060058091, 38.404045623268537 ] ] ] } },
{ "type": "Feature", "properties": { "row": 68, "col": 5, "mostly_overlap": true, "overlap_ratio": 1.0 }, "geometry": { "type": "Polygon", "coordinates": [ [ [ -63.954617060058091, 38.448836324700878 ], [ -63.954617060058091, 38.493627026133218 ], [ -64.029268229111992, 38.493627026133218 ], [ -64.029268229111992, 38.448836324700878 ], [ -63.954617060058091, 38.448836324700878 ] ] ] } },
{ "type": "Feature", "properties": { "row": 68, "col": 6, "mostly_overlap": true, "overlap_ratio": 1.0 }, "geometry": { "type": "Polygon", "coordinates": [ [ [ -63.954617060058091, 38.493627026133218 ], [ -63.954617060058091, 38.538417727565552 ], [ -64.029268229111992, 38.538417727565552 ], [ -64.029268229111992, 38.493627026133218 ], [ -63.954617060058091, 38.493627026133218 ] ] ] } },
{ "type": "Feature", "properties": { "row": 68, "col": 7, "mostly_overlap": true, "overlap_ratio": 1.0 }, "geometry": { "type": "Polygon", "coordinates": [ [ [ -63.954617060058091, 38.538417727565552 ], [ -63.954617060058091, 38.583208428997892 ], [ -64.029268229111992, 38.583208428997892 ], [ -64.029268229111992, 38.538417727565552 ], [ -63.954617060058091, 38.538417727565552 ] ] ] } },
{ "type": "Feature", "properties": { "row": 68, "col": 8, "mostly_overlap": true, "overlap_ratio": 1.0 }, "geometry": { "type": "Polygon", "coordinates": [ [ [ -63.954617060058091, 38.583208428997892 ], [ -63.954617060058091, 38.627999130430233 ], [ -64.029268229111992, 38.627999130430233 ], [ -64.029268229111992, 38.583208428997892 ], [ -63.954617060058091, 38.583208428997892 ] ] ] } },
{ "type": "Feature", "properties": { "row": 68, "col": 9, "mostly_overlap": true, "overlap_ratio": 1.0 }, "geometry": { "type": "Polygon", "coordinates": [ [ [ -63.954617060058091, 38.627999130430233 ], [ -63.954617060058091, 38.672789831862573 ], [ -64.029268229111992, 38.672789831862573 ], [ -64.029268229111992, 38.627999130430233 ], [ -63.954617060058091, 38.627999130430233 ] ] ] } },
{ "type": "Feature", "properties": { "row": 68, "col": 10, "mostly_overlap": true, "overlap_ratio": 1.0 }, "geometry": { "type": "Polygon", "coordinates": [ [ [ -63.954617060058091, 38.672789831862573 ], [ -63.954617060058091, 38.717580533294907 ], [ -64.029268229111992, 38.717580533294907 ], [ -64.029268229111992, 38.672789831862573 ], [ -63.954617060058091, 38.672789831862573 ] ] ] } },
{ "type": "Feature", "properties": { "row": 68, "col": 11, "mostly_overlap": true, "overlap_ratio": 0.6888 }, "geometry": { "type": "Polygon", "coordinates": [ [ [ -63.954617060058091, 38.717580533294907 ], [ -63.954617060058091, 38.762371234727247 ], [ -64.029268229111992, 38.762371234727247 ], [ -64.029268229111992, 38.717580533294907 ], [ -63.954617060058091, 38.717580533294907 ] ] ] } },
{ "type": "Feature", "properties": { "row": 68, "col": 12, "mostly_overlap": false, "overlap_ratio": 0.0 }, "geometry": { "type": "Polygon", "coordinates": [ [ [ -63.954617060058091, 38.762371234727247 ], [ -63.954617060058091, 38.807161936159588 ], [ -64.029268229111992, 38.807161936159588 ], [ -64.029268229111992, 38.762371234727247 ], [ -63.954617060058091, 38.762371234727247 ] ] ] } },
{ "type": "Feature", "properties": { "row": 68, "col": 13, "mostly_overlap": false, "overlap_ratio": 0.0 }, "geometry": { "type": "Polygon", "coordinates": [ [ [ -63.954617060058091, 38.807161936159588 ], [ -63.954617060058091, 38.851952637591928 ], [ -64.029268229111992, 38.851952637591928 ], [ -64.029268229111992, 38.807161936159588 ], [ -63.954617060058091, 38.807161936159588 ] ] ] } },
{ "type": "Feature", "properties": { "row": 68, "col": 14, "mostly_overlap": false, "overlap_ratio": 0.0 }, "geometry": { "type": "Polygon", "coordinates": [ [ [ -63.954617060058091, 38.851952637591928 ], [ -63.954617060058091, 38.896743339024269 ], [ -64.029268229111992, 38.896743339024269 ], [ -64.029268229111992, 38.851952637591928 ], [ -63.954617060058091, 38.851952637591928 ] ] ] } },
{ "type": "Feature", "properties": { "row": 68, "col": 15, "mostly_overlap": false, "overlap_ratio": 0.0 }, "geometry": { "type": "Polygon", "coordinates": [ [ [ -63.954617060058091, 38.896743339024269 ], [ -63.954617060058091, 38.941534040456602 ], [ -64.029268229111992, 38.941534040456602 ], [ -64.029268229111992, 38.896743339024269 ], [ -63.954617060058091, 38.896743339024269 ] ] ] } },
{ "type": "Feature", "properties": { "row": 68, "col": 16, "mostly_overlap": false, "overlap_ratio": 0.0 }, "geometry": { "type": "Polygon", "coordinates": [ [ [ -63.954617060058091, 38.941534040456602 ], [ -63.954617060058091, 38.986324741888943 ], [ -64.029268229111992, 38.986324741888943 ], [ -64.029268229111992, 38.941534040456602 ], [ -63.954617060058091, 38.941534040456602 ] ] ] } },
{ "type": "Feature", "properties": { "row": 68, "col": 17, "mostly_overlap": false, "overlap_ratio": 0.0 }, "geometry": { "type": "Polygon", "coordinates": [ [ [ -63.954617060058091, 38.986324741888943 ], [ -63.954617060058091, 39.031115443321283 ], [ -64.029268229111992, 39.031115443321283 ], [ -64.029268229111992, 38.986324741888943 ], [ -63.954617060058091, 38.986324741888943 ] ] ] } },
{ "type": "Feature", "properties": { "row": 68, "col": 18, "mostly_overlap": false, "overlap_ratio": 0.0 }, "geometry": { "type": "Polygon", "coordinates": [ [ [ -63.954617060058091, 39.031115443321283 ], [ -63.954617060058091, 39.075906144753617 ], [ -64.029268229111992, 39.075906144753617 ], [ -64.029268229111992, 39.031115443321283 ], [ -63.954617060058091, 39.031115443321283 ] ] ] } },
{ "type": "Feature", "properties": { "row": 68, "col": 19, "mostly_overlap": false, "overlap_ratio": 0.0 }, "geometry": { "type": "Polygon", "coordinates": [ [ [ -63.954617060058091, 39.075906144753617 ], [ -63.954617060058091, 39.120696846185957 ], [ -64.029268229111992, 39.120696846185957 ], [ -64.029268229111992, 39.075906144753617 ], [ -63.954617060058091, 39.075906144753617 ] ] ] } },
{ "type": "Feature", "properties": { "row": 68, "col": 20, "mostly_overlap": false, "overlap_ratio": 0.0 }, "geometry": { "type": "Polygon", "coordinates": [ [ [ -63.954617060058091, 39.120696846185957 ], [ -63.954617060058091, 39.165487547618298 ], [ -64.029268229111992, 39.165487547618298 ], [ -64.029268229111992, 39.120696846185957 ], [ -63.954617060058091, 39.120696846185957 ] ] ] } },
{ "type": "Feature", "properties": { "row": 69, "col": 1, "mostly_overlap": false, "overlap_ratio": 0.4406 }, "geometry": { "type": "Polygon", "coordinates": [ [ [ -64.029268229111992, 38.269673518971523 ], [ -64.029268229111992, 38.314464220403863 ], [ -64.103919398165885, 38.314464220403863 ], [ -64.103919398165885, 38.269673518971523 ], [ -64.029268229111992, 38.269673518971523 ] ] ] } },
{ "type": "Feature", "properties": { "row": 69, "col": 2, "mostly_overlap": true, "overlap_ratio": 1.0 }, "geometry": { "type": "Polygon", "coordinates": [ [ [ -64.029268229111992, 38.314464220403863 ], [ -64.029268229111992, 38.359254921836197 ], [ -64.103919398165885, 38.359254921836197 ], [ -64.103919398165885, 38.314464220403863 ], [ -64.029268229111992, 38.314464220403863 ] ] ] } },
{ "type": "Feature", "properties": { "row": 69, "col": 3, "mostly_overlap": true, "overlap_ratio": 1.0 }, "geometry": { "type": "Polygon", "coordinates": [ [ [ -64.029268229111992, 38.359254921836197 ], [ -64.029268229111992, 38.404045623268537 ], [ -64.103919398165885, 38.404045623268537 ], [ -64.103919398165885, 38.359254921836197 ], [ -64.029268229111992, 38.359254921836197 ] ] ] } },
{ "type": "Feature", "properties": { "row": 69, "col": 4, "mostly_overlap": true, "overlap_ratio": 1.0 }, "geometry": { "type": "Polygon", "coordinates": [ [ [ -64.029268229111992, 38.404045623268537 ], [ -64.029268229111992, 38.448836324700878 ], [ -64.103919398165885, 38.448836324700878 ], [ -64.103919398165885, 38.404045623268537 ], [ -64.029268229111992, 38.404045623268537 ] ] ] } },
{ "type": "Feature", "properties": { "row": 69, "col": 5, "mostly_overlap": true, "overlap_ratio": 1.0 }, "geometry": { "type": "Polygon", "coordinates": [ [ [ -64.029268229111992, 38.448836324700878 ], [ -64.029268229111992, 38.493627026133218 ], [ -64.103919398165885, 38.493627026133218 ], [ -64.103919398165885, 38.448836324700878 ], [ -64.029268229111992, 38.448836324700878 ] ] ] } },
{ "type": "Feature", "properties": { "row": 69, "col": 6, "mostly_overlap": true, "overlap_ratio": 1.0 }, "geometry": { "type": "Polygon", "coordinates": [ [ [ -64.029268229111992, 38.493627026133218 ], [ -64.029268229111992, 38.538417727565552 ], [ -64.103919398165885, 38.538417727565552 ], [ -64.103919398165885, 38.493627026133218 ], [ -64.029268229111992, 38.493627026133218 ] ] ] } },
{ "type": "Feature", "properties": { "row": 69, "col": 7, "mostly_overlap": true, "overlap_ratio": 1.0 }, "geometry": { "type": "Polygon", "coordinates": [ [ [ -64.029268229111992, 38.538417727565552 ], [ -64.029268229111992, 38.583208428997892 ], [ -64.103919398165885, 38.583208428997892 ], [ -64.103919398165885, 38.538417727565552 ], [ -64.029268229111992, 38.538417727565552 ] ] ] } },
{ "type": "Feature", "properties": { "row": 69, "col": 8, "mostly_overlap": true, "overlap_ratio": 1.0 }, "geometry": { "type": "Polygon", "coordinates": [ [ [ -64.029268229111992, 38.583208428997892 ], [ -64.029268229111992, 38.627999130430233 ], [ -64.103919398165885, 38.627999130430233 ], [ -64.103919398165885, 38.583208428997892 ], [ -64.029268229111992, 38.583208428997892 ] ] ] } },
{ "type": "Feature", "properties": { "row": 69, "col": 9, "mostly_overlap": true, "overlap_ratio": 1.0 }, "geometry": { "type": "Polygon", "coordinates": [ [ [ -64.029268229111992, 38.627999130430233 ], [ -64.029268229111992, 38.672789831862573 ], [ -64.103919398165885, 38.672789831862573 ], [ -64.103919398165885, 38.627999130430233 ], [ -64.029268229111992, 38.627999130430233 ] ] ] } },
{ "type": "Feature", "properties": { "row": 69, "col": 10, "mostly_overlap": true, "overlap_ratio": 1.0 }, "geometry": { "type": "Polygon", "coordinates": [ [ [ -64.029268229111992, 38.672789831862573 ], [ -64.029268229111992, 38.717580533294907 ], [ -64.103919398165885, 38.717580533294907 ], [ -64.103919398165885, 38.672789831862573 ], [ -64.029268229111992, 38.672789831862573 ] ] ] } },
{ "type": "Feature", "properties": { "row": 69, "col": 11, "mostly_overlap": true, "overlap_ratio": 0.7021 }, "geometry": { "type": "Polygon", "coordinates": [ [ [ -64.029268229111992, 38.717580533294907 ], [ -64.029268229111992, 38.762371234727247 ], [ -64.103919398165885, 38.762371234727247 ], [ -64.103919398165885, 38.717580533294907 ], [ -64.029268229111992, 38.717580533294907 ] ] ] } },
{ "type": "Feature", "properties": { "row": 69, "col": 12, "mostly_overlap": false, "overlap_ratio": 0.0 }, "geometry": { "type": "Polygon", "coordinates": [ [ [ -64.029268229111992, 38.762371234727247 ], [ -64.029268229111992, 38.807161936159588 ], [ -64.103919398165885, 38.807161936159588 ], [ -64.103919398165885, 38.762371234727247 ], [ -64.029268229111992, 38.762371234727247 ] ] ] } },
{ "type": "Feature", "properties": { "row": 69, "col": 13, "mostly_overlap": false, "overlap_ratio": 0.0 }, "geometry": { "type": "Polygon", "coordinates": [ [ [ -64.029268229111992, 38.807161936159588 ], [ -64.029268229111992, 38.851952637591928 ], [ -64.103919398165885, 38.851952637591928 ], [ -64.103919398165885, 38.807161936159588 ], [ -64.029268229111992, 38.807161936159588 ] ] ] } },
{ "type": "Feature", "properties": { "row": 69, "col": 14, "mostly_overlap": false, "overlap_ratio": 0.0 }, "geometry": { "type": "Polygon", "coordinates": [ [ [ -64.029268229111992, 38.851952637591928 ], [ -64.029268229111992, 38.896743339024269 ], [ -64.103919398165885, 38.896743339024269 ], [ -64.103919398165885, 38.851952637591928 ], [ -64.029268229111992, 38.851952637591928 ] ] ] } },
{ "type": "Feature", "properties": { "row": 69, "col": 15, "mostly_overlap": false, "overlap_ratio": 0.0 }, "geometry": { "type": "Polygon", "coordinates": [ [ [ -64.029268229111992, 38.896743339024269 ], [ -64.029268229111992, 38.941534040456602 ], [ -64.103919398165885, 38.941534040456602 ], [ -64.103919398165885, 38.896743339024269 ], [ -64.029268229111992, 38.896743339024269 ] ] ] } },
{ "type": "Feature", "properties": { "row": 69, "col": 16, "mostly_overlap": false, "overlap_ratio": 0.0 }, "geometry": { "type": "Polygon", "coordinates": [ [ [ -64.029268229111992, 38.941534040456602 ], [ -64.029268229111992, 38.986324741888943 ], [ -64.103919398165885, 38.986324741888943 ], [ -64.103919398165885, 38.941534040456602 ], [ -64.029268229111992, 38.941534040456602 ] ] ] } },
{ "type": "Feature", "properties": { "row": 69, "col": 17, "mostly_overlap": false, "overlap_ratio": 0.0 }, "geometry": { "type": "Polygon", "coordinates": [ [ [ -64.029268229111992, 38.986324741888943 ], [ -64.029268229111992, 39.031115443321283 ], [ -64.103919398165885, 39.031115443321283 ], [ -64.103919398165885, 38.986324741888943 ], [ -64.029268229111992, 38.986324741888943 ] ] ] } },
{ "type": "Feature", "properties": { "row": 69, "col": 18, "mostly_overlap": false, "overlap_ratio": 0.0 }, "geometry": { "type": "Polygon", "coordinates": [ [ [ -64.029268229111992, 39.031115443321283 ], [ -64.029268229111992, 39.075906144753617 ], [ -64.103919398165885, 39.075906144753617 ], [ -64.103919398165885, 39.031115443321283 ], [ -64.029268229111992, 39.031115443321283 ] ] ] } },
{ "type": "Feature", "properties": { "row": 69, "col": 19, "mostly_overlap": false, "overlap_ratio": 0.0 }, "geometry": { "type": "Polygon", "coordinates": [ [ [ -64.029268229111992, 39.075906144753617 ], [ -64.029268229111992, 39.120696846185957 ], [ -64.103919398165885, 39.120696846185957 ], [ -64.103919398165885, 39.075906144753617 ], [ -64.029268229111992, 39.075906144753617 ] ] ] } },
{ "type": "Feature", "properties": { "row": 69, "col": 20, "mostly_overlap": false, "overlap_ratio": 0.0 }, "geometry": { "type": "Polygon", "coordinates": [ [ [ -64.029268229111992, 39.120696846185957 ], [ -64.029268229111992, 39.165487547618298 ], [ -64.103919398165885, 39.165487547618298 ], [ -64.103919398165885, 39.120696846185957 ], [ -64.029268229111992, 39.120696846185957 ] ] ] } },
{ "type": "Feature", "properties": { "row": 70, "col": 1, "mostly_overlap": false, "overlap_ratio": 0.4367 }, "geometry": { "type": "Polygon", "coordinates": [ [ [ -64.103919398165885, 38.269673518971523 ], [ -64.103919398165885, 38.314464220403863 ], [ -64.178570567219793, 38.314464220403863 ], [ -64.178570567219793, 38.269673518971523 ], [ -64.103919398165885, 38.269673518971523 ] ] ] } },
{ "type": "Feature", "properties": { "row": 70, "col": 2, "mostly_overlap": true, "overlap_ratio": 1.0 }, "geometry": { "type": "Polygon", "coordinates": [ [ [ -64.103919398165885, 38.314464220403863 ], [ -64.103919398165885, 38.359254921836197 ], [ -64.178570567219793, 38.359254921836197 ], [ -64.178570567219793, 38.314464220403863 ], [ -64.103919398165885, 38.314464220403863 ] ] ] } },
{ "type": "Feature", "properties": { "row": 70, "col": 3, "mostly_overlap": true, "overlap_ratio": 1.0 }, "geometry": { "type": "Polygon", "coordinates": [ [ [ -64.103919398165885, 38.359254921836197 ], [ -64.103919398165885, 38.404045623268537 ], [ -64.178570567219793, 38.404045623268537 ], [ -64.178570567219793, 38.359254921836197 ], [ -64.103919398165885, 38.359254921836197 ] ] ] } },
{ "type": "Feature", "properties": { "row": 70, "col": 4, "mostly_overlap": true, "overlap_ratio": 1.0 }, "geometry": { "type": "Polygon", "coordinates": [ [ [ -64.103919398165885, 38.404045623268537 ], [ -64.103919398165885, 38.448836324700878 ], [ -64.178570567219793, 38.448836324700878 ], [ -64.178570567219793, 38.404045623268537 ], [ -64.103919398165885, 38.404045623268537 ] ] ] } },
{ "type": "Feature", "properties": { "row": 70, "col": 5, "mostly_overlap": true, "overlap_ratio": 1.0 }, "geometry": { "type": "Polygon", "coordinates": [ [ [ -64.103919398165885, 38.448836324700878 ], [ -64.103919398165885, 38.493627026133218 ], [ -64.178570567219793, 38.493627026133218 ], [ -64.178570567219793, 38.448836324700878 ], [ -64.103919398165885, 38.448836324700878 ] ] ] } },
{ "type": "Feature", "properties": { "row": 70, "col": 6, "mostly_overlap": true, "overlap_ratio": 1.0 }, "geometry": { "type": "Polygon", "coordinates": [ [ [ -64.103919398165885, 38.493627026133218 ], [ -64.103919398165885, 38.538417727565552 ], [ -64.178570567219793, 38.538417727565552 ], [ -64.178570567219793, 38.493627026133218 ], [ -64.103919398165885, 38.493627026133218 ] ] ] } },
{ "type": "Feature", "properties": { "row": 70, "col": 7, "mostly_overlap": true, "overlap_ratio": 1.0 }, "geometry": { "type": "Polygon", "coordinates": [ [ [ -64.103919398165885, 38.538417727565552 ], [ -64.103919398165885, 38.583208428997892 ], [ -64.178570567219793, 38.583208428997892 ], [ -64.178570567219793, 38.538417727565552 ], [ -64.103919398165885, 38.538417727565552 ] ] ] } },
{ "type": "Feature", "properties": { "row": 70, "col": 8, "mostly_overlap": true, "overlap_ratio": 1.0 }, "geometry": { "type": "Polygon", "coordinates": [ [ [ -64.103919398165885, 38.583208428997892 ], [ -64.103919398165885, 38.627999130430233 ], [ -64.178570567219793, 38.627999130430233 ], [ -64.178570567219793, 38.583208428997892 ], [ -64.103919398165885, 38.583208428997892 ] ] ] } },
{ "type": "Feature", "properties": { "row": 70, "col": 9, "mostly_overlap": true, "overlap_ratio": 1.0 }, "geometry": { "type": "Polygon", "coordinates": [ [ [ -64.103919398165885, 38.627999130430233 ], [ -64.103919398165885, 38.672789831862573 ], [ -64.178570567219793, 38.672789831862573 ], [ -64.178570567219793, 38.627999130430233 ], [ -64.103919398165885, 38.627999130430233 ] ] ] } },
{ "type": "Feature", "properties": { "row": 70, "col": 10, "mostly_overlap": true, "overlap_ratio": 1.0 }, "geometry": { "type": "Polygon", "coordinates": [ [ [ -64.103919398165885, 38.672789831862573 ], [ -64.103919398165885, 38.717580533294907 ], [ -64.178570567219793, 38.717580533294907 ], [ -64.178570567219793, 38.672789831862573 ], [ -64.103919398165885, 38.672789831862573 ] ] ] } },
{ "type": "Feature", "properties": { "row": 70, "col": 11, "mostly_overlap": true, "overlap_ratio": 0.7176 }, "geometry": { "type": "Polygon", "coordinates": [ [ [ -64.103919398165885, 38.717580533294907 ], [ -64.103919398165885, 38.762371234727247 ], [ -64.178570567219793, 38.762371234727247 ], [ -64.178570567219793, 38.717580533294907 ], [ -64.103919398165885, 38.717580533294907 ] ] ] } },
{ "type": "Feature", "properties": { "row": 70, "col": 12, "mostly_overlap": false, "overlap_ratio": 0.0 }, "geometry": { "type": "Polygon", "coordinates": [ [ [ -64.103919398165885, 38.762371234727247 ], [ -64.103919398165885, 38.807161936159588 ], [ -64.178570567219793, 38.807161936159588 ], [ -64.178570567219793, 38.762371234727247 ], [ -64.103919398165885, 38.762371234727247 ] ] ] } },
{ "type": "Feature", "properties": { "row": 70, "col": 13, "mostly_overlap": false, "overlap_ratio": 0.0 }, "geometry": { "type": "Polygon", "coordinates": [ [ [ -64.103919398165885, 38.807161936159588 ], [ -64.103919398165885, 38.851952637591928 ], [ -64.178570567219793, 38.851952637591928 ], [ -64.178570567219793, 38.807161936159588 ], [ -64.103919398165885, 38.807161936159588 ] ] ] } },
{ "type": "Feature", "properties": { "row": 70, "col": 14, "mostly_overlap": false, "overlap_ratio": 0.0 }, "geometry": { "type": "Polygon", "coordinates": [ [ [ -64.103919398165885, 38.851952637591928 ], [ -64.103919398165885, 38.896743339024269 ], [ -64.178570567219793, 38.896743339024269 ], [ -64.178570567219793, 38.851952637591928 ], [ -64.103919398165885, 38.851952637591928 ] ] ] } },
{ "type": "Feature", "properties": { "row": 70, "col": 15, "mostly_overlap": false, "overlap_ratio": 0.0 }, "geometry": { "type": "Polygon", "coordinates": [ [ [ -64.103919398165885, 38.896743339024269 ], [ -64.103919398165885, 38.941534040456602 ], [ -64.178570567219793, 38.941534040456602 ], [ -64.178570567219793, 38.896743339024269 ], [ -64.103919398165885, 38.896743339024269 ] ] ] } },
{ "type": "Feature", "properties": { "row": 70, "col": 16, "mostly_overlap": false, "overlap_ratio": 0.0 }, "geometry": { "type": "Polygon", "coordinates": [ [ [ -64.103919398165885, 38.941534040456602 ], [ -64.103919398165885, 38.986324741888943 ], [ -64.178570567219793, 38.986324741888943 ], [ -64.178570567219793, 38.941534040456602 ], [ -64.103919398165885, 38.941534040456602 ] ] ] } },
{ "type": "Feature", "properties": { "row": 70, "col": 17, "mostly_overlap": false, "overlap_ratio": 0.0 }, "geometry": { "type": "Polygon", "coordinates": [ [ [ -64.103919398165885, 38.986324741888943 ], [ -64.103919398165885, 39.031115443321283 ], [ -64.178570567219793, 39.031115443321283 ], [ -64.178570567219793, 38.986324741888943 ], [ -64.103919398165885, 38.986324741888943 ] ] ] } },
{ "type": "Feature", "properties": { "row": 70, "col": 18, "mostly_overlap": false, "overlap_ratio": 0.0 }, "geometry": { "type": "Polygon", "coordinates": [ [ [ -64.103919398165885, 39.031115443321283 ], [ -64.103919398165885, 39.075906144753617 ], [ -64.178570567219793, 39.075906144753617 ], [ -64.178570567219793, 39.031115443321283 ], [ -64.103919398165885, 39.031115443321283 ] ] ] } },
{ "type": "Feature", "properties": { "row": 70, "col": 19, "mostly_overlap": false, "overlap_ratio": 0.0 }, "geometry": { "type": "Polygon", "coordinates": [ [ [ -64.103919398165885, 39.075906144753617 ], [ -64.103919398165885, 39.120696846185957 ], [ -64.178570567219793, 39.120696846185957 ], [ -64.178570567219793, 39.075906144753617 ], [ -64.103919398165885, 39.075906144753617 ] ] ] } },
{ "type": "Feature", "properties": { "row": 70, "col": 20, "mostly_overlap": false, "overlap_ratio": 0.0 }, "geometry": { "type": "Polygon", "coordinates": [ [ [ -64.103919398165885, 39.120696846185957 ], [ -64.103919398165885, 39.165487547618298 ], [ -64.178570567219793, 39.165487547618298 ], [ -64.178570567219793, 39.120696846185957 ], [ -64.103919398165885, 39.120696846185957 ] ] ] } },
{ "type": "Feature", "properties": { "row": 71, "col": 1, "mostly_overlap": false, "overlap_ratio": 0.4327 }, "geometry": { "type": "Polygon", "coordinates": [ [ [ -64.178570567219793, 38.269673518971523 ], [ -64.178570567219793, 38.314464220403863 ], [ -64.253221736273687, 38.314464220403863 ], [ -64.253221736273687, 38.269673518971523 ], [ -64.178570567219793, 38.269673518971523 ] ] ] } },
{ "type": "Feature", "properties": { "row": 71, "col": 2, "mostly_overlap": true, "overlap_ratio": 1.0 }, "geometry": { "type": "Polygon", "coordinates": [ [ [ -64.178570567219793, 38.314464220403863 ], [ -64.178570567219793, 38.359254921836197 ], [ -64.253221736273687, 38.359254921836197 ], [ -64.253221736273687, 38.314464220403863 ], [ -64.178570567219793, 38.314464220403863 ] ] ] } },
{ "type": "Feature", "properties": { "row": 71, "col": 3, "mostly_overlap": true, "overlap_ratio": 1.0 }, "geometry": { "type": "Polygon", "coordinates": [ [ [ -64.178570567219793, 38.359254921836197 ], [ -64.178570567219793, 38.404045623268537 ], [ -64.253221736273687, 38.404045623268537 ], [ -64.253221736273687, 38.359254921836197 ], [ -64.178570567219793, 38.359254921836197 ] ] ] } },
{ "type": "Feature", "properties": { "row": 71, "col": 4, "mostly_overlap": true, "overlap_ratio": 1.0 }, "geometry": { "type": "Polygon", "coordinates": [ [ [ -64.178570567219793, 38.404045623268537 ], [ -64.178570567219793, 38.448836324700878 ], [ -64.253221736273687, 38.448836324700878 ], [ -64.253221736273687, 38.404045623268537 ], [ -64.178570567219793, 38.404045623268537 ] ] ] } },
{ "type": "Feature", "properties": { "row": 71, "col": 5, "mostly_overlap": true, "overlap_ratio": 1.0 }, "geometry": { "type": "Polygon", "coordinates": [ [ [ -64.178570567219793, 38.448836324700878 ], [ -64.178570567219793, 38.493627026133218 ], [ -64.253221736273687, 38.493627026133218 ], [ -64.253221736273687, 38.448836324700878 ], [ -64.178570567219793, 38.448836324700878 ] ] ] } },
{ "type": "Feature", "properties": { "row": 71, "col": 6, "mostly_overlap": true, "overlap_ratio": 1.0 }, "geometry": { "type": "Polygon", "coordinates": [ [ [ -64.178570567219793, 38.493627026133218 ], [ -64.178570567219793, 38.538417727565552 ], [ -64.253221736273687, 38.538417727565552 ], [ -64.253221736273687, 38.493627026133218 ], [ -64.178570567219793, 38.493627026133218 ] ] ] } },
{ "type": "Feature", "properties": { "row": 71, "col": 7, "mostly_overlap": true, "overlap_ratio": 1.0 }, "geometry": { "type": "Polygon", "coordinates": [ [ [ -64.178570567219793, 38.538417727565552 ], [ -64.178570567219793, 38.583208428997892 ], [ -64.253221736273687, 38.583208428997892 ], [ -64.253221736273687, 38.538417727565552 ], [ -64.178570567219793, 38.538417727565552 ] ] ] } },
{ "type": "Feature", "properties": { "row": 71, "col": 8, "mostly_overlap": true, "overlap_ratio": 1.0 }, "geometry": { "type": "Polygon", "coordinates": [ [ [ -64.178570567219793, 38.583208428997892 ], [ -64.178570567219793, 38.627999130430233 ], [ -64.253221736273687, 38.627999130430233 ], [ -64.253221736273687, 38.583208428997892 ], [ -64.178570567219793, 38.583208428997892 ] ] ] } },
{ "type": "Feature", "properties": { "row": 71, "col": 9, "mostly_overlap": true, "overlap_ratio": 1.0 }, "geometry": { "type": "Polygon", "coordinates": [ [ [ -64.178570567219793, 38.627999130430233 ], [ -64.178570567219793, 38.672789831862573 ], [ -64.253221736273687, 38.672789831862573 ], [ -64.253221736273687, 38.627999130430233 ], [ -64.178570567219793, 38.627999130430233 ] ] ] } },
{ "type": "Feature", "properties": { "row": 71, "col": 10, "mostly_overlap": true, "overlap_ratio": 1.0 }, "geometry": { "type": "Polygon", "coordinates": [ [ [ -64.178570567219793, 38.672789831862573 ], [ -64.178570567219793, 38.717580533294907 ], [ -64.253221736273687, 38.717580533294907 ], [ -64.253221736273687, 38.672789831862573 ], [ -64.178570567219793, 38.672789831862573 ] ] ] } },
{ "type": "Feature", "properties": { "row": 71, "col": 11, "mostly_overlap": true, "overlap_ratio": 0.7367 }, "geometry": { "type": "Polygon", "coordinates": [ [ [ -64.178570567219793, 38.717580533294907 ], [ -64.178570567219793, 38.762371234727247 ], [ -64.253221736273687, 38.762371234727247 ], [ -64.253221736273687, 38.717580533294907 ], [ -64.178570567219793, 38.717580533294907 ] ] ] } },
{ "type": "Feature", "properties": { "row": 71, "col": 12, "mostly_overlap": false, "overlap_ratio": 0.0 }, "geometry": { "type": "Polygon", "coordinates": [ [ [ -64.178570567219793, 38.762371234727247 ], [ -64.178570567219793, 38.807161936159588 ], [ -64.253221736273687, 38.807161936159588 ], [ -64.253221736273687, 38.762371234727247 ], [ -64.178570567219793, 38.762371234727247 ] ] ] } },
{ "type": "Feature", "properties": { "row": 71, "col": 13, "mostly_overlap": false, "overlap_ratio": 0.0 }, "geometry": { "type": "Polygon", "coordinates": [ [ [ -64.178570567219793, 38.807161936159588 ], [ -64.178570567219793, 38.851952637591928 ], [ -64.253221736273687, 38.851952637591928 ], [ -64.253221736273687, 38.807161936159588 ], [ -64.178570567219793, 38.807161936159588 ] ] ] } },
{ "type": "Feature", "properties": { "row": 71, "col": 14, "mostly_overlap": false, "overlap_ratio": 0.0 }, "geometry": { "type": "Polygon", "coordinates": [ [ [ -64.178570567219793, 38.851952637591928 ], [ -64.178570567219793, 38.896743339024269 ], [ -64.253221736273687, 38.896743339024269 ], [ -64.253221736273687, 38.851952637591928 ], [ -64.178570567219793, 38.851952637591928 ] ] ] } },
{ "type": "Feature", "properties": { "row": 71, "col": 15, "mostly_overlap": false, "overlap_ratio": 0.0 }, "geometry": { "type": "Polygon", "coordinates": [ [ [ -64.178570567219793, 38.896743339024269 ], [ -64.178570567219793, 38.941534040456602 ], [ -64.253221736273687, 38.941534040456602 ], [ -64.253221736273687, 38.896743339024269 ], [ -64.178570567219793, 38.896743339024269 ] ] ] } },
{ "type": "Feature", "properties": { "row": 71, "col": 16, "mostly_overlap": false, "overlap_ratio": 0.0 }, "geometry": { "type": "Polygon", "coordinates": [ [ [ -64.178570567219793, 38.941534040456602 ], [ -64.178570567219793, 38.986324741888943 ], [ -64.253221736273687, 38.986324741888943 ], [ -64.253221736273687, 38.941534040456602 ], [ -64.178570567219793, 38.941534040456602 ] ] ] } },
{ "type": "Feature", "properties": { "row": 71, "col": 17, "mostly_overlap": false, "overlap_ratio": 0.0 }, "geometry": { "type": "Polygon", "coordinates": [ [ [ -64.178570567219793, 38.986324741888943 ], [ -64.178570567219793, 39.031115443321283 ], [ -64.253221736273687, 39.031115443321283 ], [ -64.253221736273687, 38.986324741888943 ], [ -64.178570567219793, 38.986324741888943 ] ] ] } },
{ "type": "Feature", "properties": { "row": 71, "col": 18, "mostly_overlap": false, "overlap_ratio": 0.0 }, "geometry": { "type": "Polygon", "coordinates": [ [ [ -64.178570567219793, 39.031115443321283 ], [ -64.178570567219793, 39.075906144753617 ], [ -64.253221736273687, 39.075906144753617 ], [ -64.253221736273687, 39.031115443321283 ], [ -64.178570567219793, 39.031115443321283 ] ] ] } },
{ "type": "Feature", "properties": { "row": 71, "col": 19, "mostly_overlap": false, "overlap_ratio": 0.0 }, "geometry": { "type": "Polygon", "coordinates": [ [ [ -64.178570567219793, 39.075906144753617 ], [ -64.178570567219793, 39.120696846185957 ], [ -64.253221736273687, 39.120696846185957 ], [ -64.253221736273687, 39.075906144753617 ], [ -64.178570567219793, 39.075906144753617 ] ] ] } },
{ "type": "Feature", "properties": { "row": 71, "col": 20, "mostly_overlap": false, "overlap_ratio": 0.0 }, "geometry": { "type": "Polygon", "coordinates": [ [ [ -64.178570567219793, 39.120696846185957 ], [ -64.178570567219793, 39.165487547618298 ], [ -64.253221736273687, 39.165487547618298 ], [ -64.253221736273687, 39.120696846185957 ], [ -64.178570567219793, 39.120696846185957 ] ] ] } },
{ "type": "Feature", "properties": { "row": 72, "col": 1, "mostly_overlap": false, "overlap_ratio": 0.4288 }, "geometry": { "type": "Polygon", "coordinates": [ [ [ -64.253221736273687, 38.269673518971523 ], [ -64.253221736273687, 38.314464220403863 ], [ -64.327872905327581, 38.314464220403863 ], [ -64.327872905327581, 38.269673518971523 ], [ -64.253221736273687, 38.269673518971523 ] ] ] } },
{ "type": "Feature", "properties": { "row": 72, "col": 2, "mostly_overlap": true, "overlap_ratio": 1.0 }, "geometry": { "type": "Polygon", "coordinates": [ [ [ -64.253221736273687, 38.314464220403863 ], [ -64.253221736273687, 38.359254921836197 ], [ -64.327872905327581, 38.359254921836197 ], [ -64.327872905327581, 38.314464220403863 ], [ -64.253221736273687, 38.314464220403863 ] ] ] } },
{ "type": "Feature", "properties": { "row": 72, "col": 3, "mostly_overlap": true, "overlap_ratio": 1.0 }, "geometry": { "type": "Polygon", "coordinates": [ [ [ -64.253221736273687, 38.359254921836197 ], [ -64.253221736273687, 38.404045623268537 ], [ -64.327872905327581, 38.404045623268537 ], [ -64.327872905327581, 38.359254921836197 ], [ -64.253221736273687, 38.359254921836197 ] ] ] } },
{ "type": "Feature", "properties": { "row": 72, "col": 4, "mostly_overlap": true, "overlap_ratio": 1.0 }, "geometry": { "type": "Polygon", "coordinates": [ [ [ -64.253221736273687, 38.404045623268537 ], [ -64.253221736273687, 38.448836324700878 ], [ -64.327872905327581, 38.448836324700878 ], [ -64.327872905327581, 38.404045623268537 ], [ -64.253221736273687, 38.404045623268537 ] ] ] } },
{ "type": "Feature", "properties": { "row": 72, "col": 5, "mostly_overlap": true, "overlap_ratio": 1.0 }, "geometry": { "type": "Polygon", "coordinates": [ [ [ -64.253221736273687, 38.448836324700878 ], [ -64.253221736273687, 38.493627026133218 ], [ -64.327872905327581, 38.493627026133218 ], [ -64.327872905327581, 38.448836324700878 ], [ -64.253221736273687, 38.448836324700878 ] ] ] } },
{ "type": "Feature", "properties": { "row": 72, "col": 6, "mostly_overlap": true, "overlap_ratio": 1.0 }, "geometry": { "type": "Polygon", "coordinates": [ [ [ -64.253221736273687, 38.493627026133218 ], [ -64.253221736273687, 38.538417727565552 ], [ -64.327872905327581, 38.538417727565552 ], [ -64.327872905327581, 38.493627026133218 ], [ -64.253221736273687, 38.493627026133218 ] ] ] } },
{ "type": "Feature", "properties": { "row": 72, "col": 7, "mostly_overlap": true, "overlap_ratio": 1.0 }, "geometry": { "type": "Polygon", "coordinates": [ [ [ -64.253221736273687, 38.538417727565552 ], [ -64.253221736273687, 38.583208428997892 ], [ -64.327872905327581, 38.583208428997892 ], [ -64.327872905327581, 38.538417727565552 ], [ -64.253221736273687, 38.538417727565552 ] ] ] } },
{ "type": "Feature", "properties": { "row": 72, "col": 8, "mostly_overlap": true, "overlap_ratio": 1.0 }, "geometry": { "type": "Polygon", "coordinates": [ [ [ -64.253221736273687, 38.583208428997892 ], [ -64.253221736273687, 38.627999130430233 ], [ -64.327872905327581, 38.627999130430233 ], [ -64.327872905327581, 38.583208428997892 ], [ -64.253221736273687, 38.583208428997892 ] ] ] } },
{ "type": "Feature", "properties": { "row": 72, "col": 9, "mostly_overlap": true, "overlap_ratio": 1.0 }, "geometry": { "type": "Polygon", "coordinates": [ [ [ -64.253221736273687, 38.627999130430233 ], [ -64.253221736273687, 38.672789831862573 ], [ -64.327872905327581, 38.672789831862573 ], [ -64.327872905327581, 38.627999130430233 ], [ -64.253221736273687, 38.627999130430233 ] ] ] } },
{ "type": "Feature", "properties": { "row": 72, "col": 10, "mostly_overlap": true, "overlap_ratio": 1.0 }, "geometry": { "type": "Polygon", "coordinates": [ [ [ -64.253221736273687, 38.672789831862573 ], [ -64.253221736273687, 38.717580533294907 ], [ -64.327872905327581, 38.717580533294907 ], [ -64.327872905327581, 38.672789831862573 ], [ -64.253221736273687, 38.672789831862573 ] ] ] } },
{ "type": "Feature", "properties": { "row": 72, "col": 11, "mostly_overlap": true, "overlap_ratio": 0.7559 }, "geometry": { "type": "Polygon", "coordinates": [ [ [ -64.253221736273687, 38.717580533294907 ], [ -64.253221736273687, 38.762371234727247 ], [ -64.327872905327581, 38.762371234727247 ], [ -64.327872905327581, 38.717580533294907 ], [ -64.253221736273687, 38.717580533294907 ] ] ] } },
{ "type": "Feature", "properties": { "row": 72, "col": 12, "mostly_overlap": false, "overlap_ratio": 0.0 }, "geometry": { "type": "Polygon", "coordinates": [ [ [ -64.253221736273687, 38.762371234727247 ], [ -64.253221736273687, 38.807161936159588 ], [ -64.327872905327581, 38.807161936159588 ], [ -64.327872905327581, 38.762371234727247 ], [ -64.253221736273687, 38.762371234727247 ] ] ] } },
{ "type": "Feature", "properties": { "row": 72, "col": 13, "mostly_overlap": false, "overlap_ratio": 0.0 }, "geometry": { "type": "Polygon", "coordinates": [ [ [ -64.253221736273687, 38.807161936159588 ], [ -64.253221736273687, 38.851952637591928 ], [ -64.327872905327581, 38.851952637591928 ], [ -64.327872905327581, 38.807161936159588 ], [ -64.253221736273687, 38.807161936159588 ] ] ] } },
{ "type": "Feature", "properties": { "row": 72, "col": 14, "mostly_overlap": false, "overlap_ratio": 0.0 }, "geometry": { "type": "Polygon", "coordinates": [ [ [ -64.253221736273687, 38.851952637591928 ], [ -64.253221736273687, 38.896743339024269 ], [ -64.327872905327581, 38.896743339024269 ], [ -64.327872905327581, 38.851952637591928 ], [ -64.253221736273687, 38.851952637591928 ] ] ] } },
{ "type": "Feature", "properties": { "row": 72, "col": 15, "mostly_overlap": false, "overlap_ratio": 0.0 }, "geometry": { "type": "Polygon", "coordinates": [ [ [ -64.253221736273687, 38.896743339024269 ], [ -64.253221736273687, 38.941534040456602 ], [ -64.327872905327581, 38.941534040456602 ], [ -64.327872905327581, 38.896743339024269 ], [ -64.253221736273687, 38.896743339024269 ] ] ] } },
{ "type": "Feature", "properties": { "row": 72, "col": 16, "mostly_overlap": false, "overlap_ratio": 0.0 }, "geometry": { "type": "Polygon", "coordinates": [ [ [ -64.253221736273687, 38.941534040456602 ], [ -64.253221736273687, 38.986324741888943 ], [ -64.327872905327581, 38.986324741888943 ], [ -64.327872905327581, 38.941534040456602 ], [ -64.253221736273687, 38.941534040456602 ] ] ] } },
{ "type": "Feature", "properties": { "row": 72, "col": 17, "mostly_overlap": false, "overlap_ratio": 0.0 }, "geometry": { "type": "Polygon", "coordinates": [ [ [ -64.253221736273687, 38.986324741888943 ], [ -64.253221736273687, 39.031115443321283 ], [ -64.327872905327581, 39.031115443321283 ], [ -64.327872905327581, 38.986324741888943 ], [ -64.253221736273687, 38.986324741888943 ] ] ] } },
{ "type": "Feature", "properties": { "row": 72, "col": 18, "mostly_overlap": false, "overlap_ratio": 0.0 }, "geometry": { "type": "Polygon", "coordinates": [ [ [ -64.253221736273687, 39.031115443321283 ], [ -64.253221736273687, 39.075906144753617 ], [ -64.327872905327581, 39.075906144753617 ], [ -64.327872905327581, 39.031115443321283 ], [ -64.253221736273687, 39.031115443321283 ] ] ] } },
{ "type": "Feature", "properties": { "row": 72, "col": 19, "mostly_overlap": false, "overlap_ratio": 0.0 }, "geometry": { "type": "Polygon", "coordinates": [ [ [ -64.253221736273687, 39.075906144753617 ], [ -64.253221736273687, 39.120696846185957 ], [ -64.327872905327581, 39.120696846185957 ], [ -64.327872905327581, 39.075906144753617 ], [ -64.253221736273687, 39.075906144753617 ] ] ] } },
{ "type": "Feature", "properties": { "row": 72, "col": 20, "mostly_overlap": false, "overlap_ratio": 0.0 }, "geometry": { "type": "Polygon", "coordinates": [ [ [ -64.253221736273687, 39.120696846185957 ], [ -64.253221736273687, 39.165487547618298 ], [ -64.327872905327581, 39.165487547618298 ], [ -64.327872905327581, 39.120696846185957 ], [ -64.253221736273687, 39.120696846185957 ] ] ] } },
{ "type": "Feature", "properties": { "row": 73, "col": 1, "mostly_overlap": false, "overlap_ratio": 0.4249 }, "geometry": { "type": "Polygon", "coordinates": [ [ [ -64.327872905327581, 38.269673518971523 ], [ -64.327872905327581, 38.314464220403863 ], [ -64.402524074381475, 38.314464220403863 ], [ -64.402524074381475, 38.269673518971523 ], [ -64.327872905327581, 38.269673518971523 ] ] ] } },
{ "type": "Feature", "properties": { "row": 73, "col": 2, "mostly_overlap": true, "overlap_ratio": 1.0 }, "geometry": { "type": "Polygon", "coordinates": [ [ [ -64.327872905327581, 38.314464220403863 ], [ -64.327872905327581, 38.359254921836197 ], [ -64.402524074381475, 38.359254921836197 ], [ -64.402524074381475, 38.314464220403863 ], [ -64.327872905327581, 38.314464220403863 ] ] ] } },
{ "type": "Feature", "properties": { "row": 73, "col": 3, "mostly_overlap": true, "overlap_ratio": 1.0 }, "geometry": { "type": "Polygon", "coordinates": [ [ [ -64.327872905327581, 38.359254921836197 ], [ -64.327872905327581, 38.404045623268537 ], [ -64.402524074381475, 38.404045623268537 ], [ -64.402524074381475, 38.359254921836197 ], [ -64.327872905327581, 38.359254921836197 ] ] ] } },
{ "type": "Feature", "properties": { "row": 73, "col": 4, "mostly_overlap": true, "overlap_ratio": 1.0 }, "geometry": { "type": "Polygon", "coordinates": [ [ [ -64.327872905327581, 38.404045623268537 ], [ -64.327872905327581, 38.448836324700878 ], [ -64.402524074381475, 38.448836324700878 ], [ -64.402524074381475, 38.404045623268537 ], [ -64.327872905327581, 38.404045623268537 ] ] ] } },
{ "type": "Feature", "properties": { "row": 73, "col": 5, "mostly_overlap": true, "overlap_ratio": 1.0 }, "geometry": { "type": "Polygon", "coordinates": [ [ [ -64.327872905327581, 38.448836324700878 ], [ -64.327872905327581, 38.493627026133218 ], [ -64.402524074381475, 38.493627026133218 ], [ -64.402524074381475, 38.448836324700878 ], [ -64.327872905327581, 38.448836324700878 ] ] ] } },
{ "type": "Feature", "properties": { "row": 73, "col": 6, "mostly_overlap": true, "overlap_ratio": 1.0 }, "geometry": { "type": "Polygon", "coordinates": [ [ [ -64.327872905327581, 38.493627026133218 ], [ -64.327872905327581, 38.538417727565552 ], [ -64.402524074381475, 38.538417727565552 ], [ -64.402524074381475, 38.493627026133218 ], [ -64.327872905327581, 38.493627026133218 ] ] ] } },
{ "type": "Feature", "properties": { "row": 73, "col": 7, "mostly_overlap": true, "overlap_ratio": 1.0 }, "geometry": { "type": "Polygon", "coordinates": [ [ [ -64.327872905327581, 38.538417727565552 ], [ -64.327872905327581, 38.583208428997892 ], [ -64.402524074381475, 38.583208428997892 ], [ -64.402524074381475, 38.538417727565552 ], [ -64.327872905327581, 38.538417727565552 ] ] ] } },
{ "type": "Feature", "properties": { "row": 73, "col": 8, "mostly_overlap": true, "overlap_ratio": 1.0 }, "geometry": { "type": "Polygon", "coordinates": [ [ [ -64.327872905327581, 38.583208428997892 ], [ -64.327872905327581, 38.627999130430233 ], [ -64.402524074381475, 38.627999130430233 ], [ -64.402524074381475, 38.583208428997892 ], [ -64.327872905327581, 38.583208428997892 ] ] ] } },
{ "type": "Feature", "properties": { "row": 73, "col": 9, "mostly_overlap": true, "overlap_ratio": 1.0 }, "geometry": { "type": "Polygon", "coordinates": [ [ [ -64.327872905327581, 38.627999130430233 ], [ -64.327872905327581, 38.672789831862573 ], [ -64.402524074381475, 38.672789831862573 ], [ -64.402524074381475, 38.627999130430233 ], [ -64.327872905327581, 38.627999130430233 ] ] ] } },
{ "type": "Feature", "properties": { "row": 73, "col": 10, "mostly_overlap": true, "overlap_ratio": 1.0 }, "geometry": { "type": "Polygon", "coordinates": [ [ [ -64.327872905327581, 38.672789831862573 ], [ -64.327872905327581, 38.717580533294907 ], [ -64.402524074381475, 38.717580533294907 ], [ -64.402524074381475, 38.672789831862573 ], [ -64.327872905327581, 38.672789831862573 ] ] ] } },
{ "type": "Feature", "properties": { "row": 73, "col": 11, "mostly_overlap": true, "overlap_ratio": 0.7751 }, "geometry": { "type": "Polygon", "coordinates": [ [ [ -64.327872905327581, 38.717580533294907 ], [ -64.327872905327581, 38.762371234727247 ], [ -64.402524074381475, 38.762371234727247 ], [ -64.402524074381475, 38.717580533294907 ], [ -64.327872905327581, 38.717580533294907 ] ] ] } },
{ "type": "Feature", "properties": { "row": 73, "col": 12, "mostly_overlap": false, "overlap_ratio": 0.0 }, "geometry": { "type": "Polygon", "coordinates": [ [ [ -64.327872905327581, 38.762371234727247 ], [ -64.327872905327581, 38.807161936159588 ], [ -64.402524074381475, 38.807161936159588 ], [ -64.402524074381475, 38.762371234727247 ], [ -64.327872905327581, 38.762371234727247 ] ] ] } },
{ "type": "Feature", "properties": { "row": 73, "col": 13, "mostly_overlap": false, "overlap_ratio": 0.0 }, "geometry": { "type": "Polygon", "coordinates": [ [ [ -64.327872905327581, 38.807161936159588 ], [ -64.327872905327581, 38.851952637591928 ], [ -64.402524074381475, 38.851952637591928 ], [ -64.402524074381475, 38.807161936159588 ], [ -64.327872905327581, 38.807161936159588 ] ] ] } },
{ "type": "Feature", "properties": { "row": 73, "col": 14, "mostly_overlap": false, "overlap_ratio": 0.0 }, "geometry": { "type": "Polygon", "coordinates": [ [ [ -64.327872905327581, 38.851952637591928 ], [ -64.327872905327581, 38.896743339024269 ], [ -64.402524074381475, 38.896743339024269 ], [ -64.402524074381475, 38.851952637591928 ], [ -64.327872905327581, 38.851952637591928 ] ] ] } },
{ "type": "Feature", "properties": { "row": 73, "col": 15, "mostly_overlap": false, "overlap_ratio": 0.0 }, "geometry": { "type": "Polygon", "coordinates": [ [ [ -64.327872905327581, 38.896743339024269 ], [ -64.327872905327581, 38.941534040456602 ], [ -64.402524074381475, 38.941534040456602 ], [ -64.402524074381475, 38.896743339024269 ], [ -64.327872905327581, 38.896743339024269 ] ] ] } },
{ "type": "Feature", "properties": { "row": 73, "col": 16, "mostly_overlap": false, "overlap_ratio": 0.0 }, "geometry": { "type": "Polygon", "coordinates": [ [ [ -64.327872905327581, 38.941534040456602 ], [ -64.327872905327581, 38.986324741888943 ], [ -64.402524074381475, 38.986324741888943 ], [ -64.402524074381475, 38.941534040456602 ], [ -64.327872905327581, 38.941534040456602 ] ] ] } },
{ "type": "Feature", "properties": { "row": 73, "col": 17, "mostly_overlap": false, "overlap_ratio": 0.0 }, "geometry": { "type": "Polygon", "coordinates": [ [ [ -64.327872905327581, 38.986324741888943 ], [ -64.327872905327581, 39.031115443321283 ], [ -64.402524074381475, 39.031115443321283 ], [ -64.402524074381475, 38.986324741888943 ], [ -64.327872905327581, 38.986324741888943 ] ] ] } },
{ "type": "Feature", "properties": { "row": 73, "col": 18, "mostly_overlap": false, "overlap_ratio": 0.0 }, "geometry": { "type": "Polygon", "coordinates": [ [ [ -64.327872905327581, 39.031115443321283 ], [ -64.327872905327581, 39.075906144753617 ], [ -64.402524074381475, 39.075906144753617 ], [ -64.402524074381475, 39.031115443321283 ], [ -64.327872905327581, 39.031115443321283 ] ] ] } },
{ "type": "Feature", "properties": { "row": 73, "col": 19, "mostly_overlap": false, "overlap_ratio": 0.0 }, "geometry": { "type": "Polygon", "coordinates": [ [ [ -64.327872905327581, 39.075906144753617 ], [ -64.327872905327581, 39.120696846185957 ], [ -64.402524074381475, 39.120696846185957 ], [ -64.402524074381475, 39.075906144753617 ], [ -64.327872905327581, 39.075906144753617 ] ] ] } },
{ "type": "Feature", "properties": { "row": 73, "col": 20, "mostly_overlap": false, "overlap_ratio": 0.0 }, "geometry": { "type": "Polygon", "coordinates": [ [ [ -64.327872905327581, 39.120696846185957 ], [ -64.327872905327581, 39.165487547618298 ], [ -64.402524074381475, 39.165487547618298 ], [ -64.402524074381475, 39.120696846185957 ], [ -64.327872905327581, 39.120696846185957 ] ] ] } },
{ "type": "Feature", "properties": { "row": 74, "col": 1, "mostly_overlap": false, "overlap_ratio": 0.4209 }, "geometry": { "type": "Polygon", "coordinates": [ [ [ -64.402524074381475, 38.269673518971523 ], [ -64.402524074381475, 38.314464220403863 ], [ -64.477175243435383, 38.314464220403863 ], [ -64.477175243435383, 38.269673518971523 ], [ -64.402524074381475, 38.269673518971523 ] ] ] } },
{ "type": "Feature", "properties": { "row": 74, "col": 2, "mostly_overlap": true, "overlap_ratio": 1.0 }, "geometry": { "type": "Polygon", "coordinates": [ [ [ -64.402524074381475, 38.314464220403863 ], [ -64.402524074381475, 38.359254921836197 ], [ -64.477175243435383, 38.359254921836197 ], [ -64.477175243435383, 38.314464220403863 ], [ -64.402524074381475, 38.314464220403863 ] ] ] } },
{ "type": "Feature", "properties": { "row": 74, "col": 3, "mostly_overlap": true, "overlap_ratio": 1.0 }, "geometry": { "type": "Polygon", "coordinates": [ [ [ -64.402524074381475, 38.359254921836197 ], [ -64.402524074381475, 38.404045623268537 ], [ -64.477175243435383, 38.404045623268537 ], [ -64.477175243435383, 38.359254921836197 ], [ -64.402524074381475, 38.359254921836197 ] ] ] } },
{ "type": "Feature", "properties": { "row": 74, "col": 4, "mostly_overlap": true, "overlap_ratio": 1.0 }, "geometry": { "type": "Polygon", "coordinates": [ [ [ -64.402524074381475, 38.404045623268537 ], [ -64.402524074381475, 38.448836324700878 ], [ -64.477175243435383, 38.448836324700878 ], [ -64.477175243435383, 38.404045623268537 ], [ -64.402524074381475, 38.404045623268537 ] ] ] } },
{ "type": "Feature", "properties": { "row": 74, "col": 5, "mostly_overlap": true, "overlap_ratio": 1.0 }, "geometry": { "type": "Polygon", "coordinates": [ [ [ -64.402524074381475, 38.448836324700878 ], [ -64.402524074381475, 38.493627026133218 ], [ -64.477175243435383, 38.493627026133218 ], [ -64.477175243435383, 38.448836324700878 ], [ -64.402524074381475, 38.448836324700878 ] ] ] } },
{ "type": "Feature", "properties": { "row": 74, "col": 6, "mostly_overlap": true, "overlap_ratio": 1.0 }, "geometry": { "type": "Polygon", "coordinates": [ [ [ -64.402524074381475, 38.493627026133218 ], [ -64.402524074381475, 38.538417727565552 ], [ -64.477175243435383, 38.538417727565552 ], [ -64.477175243435383, 38.493627026133218 ], [ -64.402524074381475, 38.493627026133218 ] ] ] } },
{ "type": "Feature", "properties": { "row": 74, "col": 7, "mostly_overlap": true, "overlap_ratio": 1.0 }, "geometry": { "type": "Polygon", "coordinates": [ [ [ -64.402524074381475, 38.538417727565552 ], [ -64.402524074381475, 38.583208428997892 ], [ -64.477175243435383, 38.583208428997892 ], [ -64.477175243435383, 38.538417727565552 ], [ -64.402524074381475, 38.538417727565552 ] ] ] } },
{ "type": "Feature", "properties": { "row": 74, "col": 8, "mostly_overlap": true, "overlap_ratio": 1.0 }, "geometry": { "type": "Polygon", "coordinates": [ [ [ -64.402524074381475, 38.583208428997892 ], [ -64.402524074381475, 38.627999130430233 ], [ -64.477175243435383, 38.627999130430233 ], [ -64.477175243435383, 38.583208428997892 ], [ -64.402524074381475, 38.583208428997892 ] ] ] } },
{ "type": "Feature", "properties": { "row": 74, "col": 9, "mostly_overlap": true, "overlap_ratio": 1.0 }, "geometry": { "type": "Polygon", "coordinates": [ [ [ -64.402524074381475, 38.627999130430233 ], [ -64.402524074381475, 38.672789831862573 ], [ -64.477175243435383, 38.672789831862573 ], [ -64.477175243435383, 38.627999130430233 ], [ -64.402524074381475, 38.627999130430233 ] ] ] } },
{ "type": "Feature", "properties": { "row": 74, "col": 10, "mostly_overlap": true, "overlap_ratio": 1.0 }, "geometry": { "type": "Polygon", "coordinates": [ [ [ -64.402524074381475, 38.672789831862573 ], [ -64.402524074381475, 38.717580533294907 ], [ -64.477175243435383, 38.717580533294907 ], [ -64.477175243435383, 38.672789831862573 ], [ -64.402524074381475, 38.672789831862573 ] ] ] } },
{ "type": "Feature", "properties": { "row": 74, "col": 11, "mostly_overlap": true, "overlap_ratio": 0.7893 }, "geometry": { "type": "Polygon", "coordinates": [ [ [ -64.402524074381475, 38.717580533294907 ], [ -64.402524074381475, 38.762371234727247 ], [ -64.477175243435383, 38.762371234727247 ], [ -64.477175243435383, 38.717580533294907 ], [ -64.402524074381475, 38.717580533294907 ] ] ] } },
{ "type": "Feature", "properties": { "row": 74, "col": 12, "mostly_overlap": false, "overlap_ratio": 0.0 }, "geometry": { "type": "Polygon", "coordinates": [ [ [ -64.402524074381475, 38.762371234727247 ], [ -64.402524074381475, 38.807161936159588 ], [ -64.477175243435383, 38.807161936159588 ], [ -64.477175243435383, 38.762371234727247 ], [ -64.402524074381475, 38.762371234727247 ] ] ] } },
{ "type": "Feature", "properties": { "row": 74, "col": 13, "mostly_overlap": false, "overlap_ratio": 0.0 }, "geometry": { "type": "Polygon", "coordinates": [ [ [ -64.402524074381475, 38.807161936159588 ], [ -64.402524074381475, 38.851952637591928 ], [ -64.477175243435383, 38.851952637591928 ], [ -64.477175243435383, 38.807161936159588 ], [ -64.402524074381475, 38.807161936159588 ] ] ] } },
{ "type": "Feature", "properties": { "row": 74, "col": 14, "mostly_overlap": false, "overlap_ratio": 0.0 }, "geometry": { "type": "Polygon", "coordinates": [ [ [ -64.402524074381475, 38.851952637591928 ], [ -64.402524074381475, 38.896743339024269 ], [ -64.477175243435383, 38.896743339024269 ], [ -64.477175243435383, 38.851952637591928 ], [ -64.402524074381475, 38.851952637591928 ] ] ] } },
{ "type": "Feature", "properties": { "row": 74, "col": 15, "mostly_overlap": false, "overlap_ratio": 0.0 }, "geometry": { "type": "Polygon", "coordinates": [ [ [ -64.402524074381475, 38.896743339024269 ], [ -64.402524074381475, 38.941534040456602 ], [ -64.477175243435383, 38.941534040456602 ], [ -64.477175243435383, 38.896743339024269 ], [ -64.402524074381475, 38.896743339024269 ] ] ] } },
{ "type": "Feature", "properties": { "row": 74, "col": 16, "mostly_overlap": false, "overlap_ratio": 0.0 }, "geometry": { "type": "Polygon", "coordinates": [ [ [ -64.402524074381475, 38.941534040456602 ], [ -64.402524074381475, 38.986324741888943 ], [ -64.477175243435383, 38.986324741888943 ], [ -64.477175243435383, 38.941534040456602 ], [ -64.402524074381475, 38.941534040456602 ] ] ] } },
{ "type": "Feature", "properties": { "row": 74, "col": 17, "mostly_overlap": false, "overlap_ratio": 0.0 }, "geometry": { "type": "Polygon", "coordinates": [ [ [ -64.402524074381475, 38.986324741888943 ], [ -64.402524074381475, 39.031115443321283 ], [ -64.477175243435383, 39.031115443321283 ], [ -64.477175243435383, 38.986324741888943 ], [ -64.402524074381475, 38.986324741888943 ] ] ] } },
{ "type": "Feature", "properties": { "row": 74, "col": 18, "mostly_overlap": false, "overlap_ratio": 0.0 }, "geometry": { "type": "Polygon", "coordinates": [ [ [ -64.402524074381475, 39.031115443321283 ], [ -64.402524074381475, 39.075906144753617 ], [ -64.477175243435383, 39.075906144753617 ], [ -64.477175243435383, 39.031115443321283 ], [ -64.402524074381475, 39.031115443321283 ] ] ] } },
{ "type": "Feature", "properties": { "row": 74, "col": 19, "mostly_overlap": false, "overlap_ratio": 0.0 }, "geometry": { "type": "Polygon", "coordinates": [ [ [ -64.402524074381475, 39.075906144753617 ], [ -64.402524074381475, 39.120696846185957 ], [ -64.477175243435383, 39.120696846185957 ], [ -64.477175243435383, 39.075906144753617 ], [ -64.402524074381475, 39.075906144753617 ] ] ] } },
{ "type": "Feature", "properties": { "row": 74, "col": 20, "mostly_overlap": false, "overlap_ratio": 0.0 }, "geometry": { "type": "Polygon", "coordinates": [ [ [ -64.402524074381475, 39.120696846185957 ], [ -64.402524074381475, 39.165487547618298 ], [ -64.477175243435383, 39.165487547618298 ], [ -64.477175243435383, 39.120696846185957 ], [ -64.402524074381475, 39.120696846185957 ] ] ] } },
{ "type": "Feature", "properties": { "row": 75, "col": 1, "mostly_overlap": false, "overlap_ratio": 0.417 }, "geometry": { "type": "Polygon", "coordinates": [ [ [ -64.477175243435383, 38.269673518971523 ], [ -64.477175243435383, 38.314464220403863 ], [ -64.551826412489277, 38.314464220403863 ], [ -64.551826412489277, 38.269673518971523 ], [ -64.477175243435383, 38.269673518971523 ] ] ] } },
{ "type": "Feature", "properties": { "row": 75, "col": 2, "mostly_overlap": true, "overlap_ratio": 1.0 }, "geometry": { "type": "Polygon", "coordinates": [ [ [ -64.477175243435383, 38.314464220403863 ], [ -64.477175243435383, 38.359254921836197 ], [ -64.551826412489277, 38.359254921836197 ], [ -64.551826412489277, 38.314464220403863 ], [ -64.477175243435383, 38.314464220403863 ] ] ] } },
{ "type": "Feature", "properties": { "row": 75, "col": 3, "mostly_overlap": true, "overlap_ratio": 1.0 }, "geometry": { "type": "Polygon", "coordinates": [ [ [ -64.477175243435383, 38.359254921836197 ], [ -64.477175243435383, 38.404045623268537 ], [ -64.551826412489277, 38.404045623268537 ], [ -64.551826412489277, 38.359254921836197 ], [ -64.477175243435383, 38.359254921836197 ] ] ] } },
{ "type": "Feature", "properties": { "row": 75, "col": 4, "mostly_overlap": true, "overlap_ratio": 1.0 }, "geometry": { "type": "Polygon", "coordinates": [ [ [ -64.477175243435383, 38.404045623268537 ], [ -64.477175243435383, 38.448836324700878 ], [ -64.551826412489277, 38.448836324700878 ], [ -64.551826412489277, 38.404045623268537 ], [ -64.477175243435383, 38.404045623268537 ] ] ] } },
{ "type": "Feature", "properties": { "row": 75, "col": 5, "mostly_overlap": true, "overlap_ratio": 1.0 }, "geometry": { "type": "Polygon", "coordinates": [ [ [ -64.477175243435383, 38.448836324700878 ], [ -64.477175243435383, 38.493627026133218 ], [ -64.551826412489277, 38.493627026133218 ], [ -64.551826412489277, 38.448836324700878 ], [ -64.477175243435383, 38.448836324700878 ] ] ] } },
{ "type": "Feature", "properties": { "row": 75, "col": 6, "mostly_overlap": true, "overlap_ratio": 1.0 }, "geometry": { "type": "Polygon", "coordinates": [ [ [ -64.477175243435383, 38.493627026133218 ], [ -64.477175243435383, 38.538417727565552 ], [ -64.551826412489277, 38.538417727565552 ], [ -64.551826412489277, 38.493627026133218 ], [ -64.477175243435383, 38.493627026133218 ] ] ] } },
{ "type": "Feature", "properties": { "row": 75, "col": 7, "mostly_overlap": true, "overlap_ratio": 1.0 }, "geometry": { "type": "Polygon", "coordinates": [ [ [ -64.477175243435383, 38.538417727565552 ], [ -64.477175243435383, 38.583208428997892 ], [ -64.551826412489277, 38.583208428997892 ], [ -64.551826412489277, 38.538417727565552 ], [ -64.477175243435383, 38.538417727565552 ] ] ] } },
{ "type": "Feature", "properties": { "row": 75, "col": 8, "mostly_overlap": true, "overlap_ratio": 1.0 }, "geometry": { "type": "Polygon", "coordinates": [ [ [ -64.477175243435383, 38.583208428997892 ], [ -64.477175243435383, 38.627999130430233 ], [ -64.551826412489277, 38.627999130430233 ], [ -64.551826412489277, 38.583208428997892 ], [ -64.477175243435383, 38.583208428997892 ] ] ] } },
{ "type": "Feature", "properties": { "row": 75, "col": 9, "mostly_overlap": true, "overlap_ratio": 1.0 }, "geometry": { "type": "Polygon", "coordinates": [ [ [ -64.477175243435383, 38.627999130430233 ], [ -64.477175243435383, 38.672789831862573 ], [ -64.551826412489277, 38.672789831862573 ], [ -64.551826412489277, 38.627999130430233 ], [ -64.477175243435383, 38.627999130430233 ] ] ] } },
{ "type": "Feature", "properties": { "row": 75, "col": 10, "mostly_overlap": true, "overlap_ratio": 1.0 }, "geometry": { "type": "Polygon", "coordinates": [ [ [ -64.477175243435383, 38.672789831862573 ], [ -64.477175243435383, 38.717580533294907 ], [ -64.551826412489277, 38.717580533294907 ], [ -64.551826412489277, 38.672789831862573 ], [ -64.477175243435383, 38.672789831862573 ] ] ] } },
{ "type": "Feature", "properties": { "row": 75, "col": 11, "mostly_overlap": true, "overlap_ratio": 0.7753 }, "geometry": { "type": "Polygon", "coordinates": [ [ [ -64.477175243435383, 38.717580533294907 ], [ -64.477175243435383, 38.762371234727247 ], [ -64.551826412489277, 38.762371234727247 ], [ -64.551826412489277, 38.717580533294907 ], [ -64.477175243435383, 38.717580533294907 ] ] ] } },
{ "type": "Feature", "properties": { "row": 75, "col": 12, "mostly_overlap": false, "overlap_ratio": 0.0 }, "geometry": { "type": "Polygon", "coordinates": [ [ [ -64.477175243435383, 38.762371234727247 ], [ -64.477175243435383, 38.807161936159588 ], [ -64.551826412489277, 38.807161936159588 ], [ -64.551826412489277, 38.762371234727247 ], [ -64.477175243435383, 38.762371234727247 ] ] ] } },
{ "type": "Feature", "properties": { "row": 75, "col": 13, "mostly_overlap": false, "overlap_ratio": 0.0 }, "geometry": { "type": "Polygon", "coordinates": [ [ [ -64.477175243435383, 38.807161936159588 ], [ -64.477175243435383, 38.851952637591928 ], [ -64.551826412489277, 38.851952637591928 ], [ -64.551826412489277, 38.807161936159588 ], [ -64.477175243435383, 38.807161936159588 ] ] ] } },
{ "type": "Feature", "properties": { "row": 75, "col": 14, "mostly_overlap": false, "overlap_ratio": 0.0 }, "geometry": { "type": "Polygon", "coordinates": [ [ [ -64.477175243435383, 38.851952637591928 ], [ -64.477175243435383, 38.896743339024269 ], [ -64.551826412489277, 38.896743339024269 ], [ -64.551826412489277, 38.851952637591928 ], [ -64.477175243435383, 38.851952637591928 ] ] ] } },
{ "type": "Feature", "properties": { "row": 75, "col": 15, "mostly_overlap": false, "overlap_ratio": 0.0 }, "geometry": { "type": "Polygon", "coordinates": [ [ [ -64.477175243435383, 38.896743339024269 ], [ -64.477175243435383, 38.941534040456602 ], [ -64.551826412489277, 38.941534040456602 ], [ -64.551826412489277, 38.896743339024269 ], [ -64.477175243435383, 38.896743339024269 ] ] ] } },
{ "type": "Feature", "properties": { "row": 75, "col": 16, "mostly_overlap": false, "overlap_ratio": 0.0 }, "geometry": { "type": "Polygon", "coordinates": [ [ [ -64.477175243435383, 38.941534040456602 ], [ -64.477175243435383, 38.986324741888943 ], [ -64.551826412489277, 38.986324741888943 ], [ -64.551826412489277, 38.941534040456602 ], [ -64.477175243435383, 38.941534040456602 ] ] ] } },
{ "type": "Feature", "properties": { "row": 75, "col": 17, "mostly_overlap": false, "overlap_ratio": 0.0 }, "geometry": { "type": "Polygon", "coordinates": [ [ [ -64.477175243435383, 38.986324741888943 ], [ -64.477175243435383, 39.031115443321283 ], [ -64.551826412489277, 39.031115443321283 ], [ -64.551826412489277, 38.986324741888943 ], [ -64.477175243435383, 38.986324741888943 ] ] ] } },
{ "type": "Feature", "properties": { "row": 75, "col": 18, "mostly_overlap": false, "overlap_ratio": 0.0 }, "geometry": { "type": "Polygon", "coordinates": [ [ [ -64.477175243435383, 39.031115443321283 ], [ -64.477175243435383, 39.075906144753617 ], [ -64.551826412489277, 39.075906144753617 ], [ -64.551826412489277, 39.031115443321283 ], [ -64.477175243435383, 39.031115443321283 ] ] ] } },
{ "type": "Feature", "properties": { "row": 75, "col": 19, "mostly_overlap": false, "overlap_ratio": 0.0 }, "geometry": { "type": "Polygon", "coordinates": [ [ [ -64.477175243435383, 39.075906144753617 ], [ -64.477175243435383, 39.120696846185957 ], [ -64.551826412489277, 39.120696846185957 ], [ -64.551826412489277, 39.075906144753617 ], [ -64.477175243435383, 39.075906144753617 ] ] ] } },
{ "type": "Feature", "properties": { "row": 75, "col": 20, "mostly_overlap": false, "overlap_ratio": 0.0 }, "geometry": { "type": "Polygon", "coordinates": [ [ [ -64.477175243435383, 39.120696846185957 ], [ -64.477175243435383, 39.165487547618298 ], [ -64.551826412489277, 39.165487547618298 ], [ -64.551826412489277, 39.120696846185957 ], [ -64.477175243435383, 39.120696846185957 ] ] ] } },
{ "type": "Feature", "properties": { "row": 76, "col": 1, "mostly_overlap": false, "overlap_ratio": 0.413 }, "geometry": { "type": "Polygon", "coordinates": [ [ [ -64.551826412489277, 38.269673518971523 ], [ -64.551826412489277, 38.314464220403863 ], [ -64.62647758154317, 38.314464220403863 ], [ -64.62647758154317, 38.269673518971523 ], [ -64.551826412489277, 38.269673518971523 ] ] ] } },
{ "type": "Feature", "properties": { "row": 76, "col": 2, "mostly_overlap": true, "overlap_ratio": 1.0 }, "geometry": { "type": "Polygon", "coordinates": [ [ [ -64.551826412489277, 38.314464220403863 ], [ -64.551826412489277, 38.359254921836197 ], [ -64.62647758154317, 38.359254921836197 ], [ -64.62647758154317, 38.314464220403863 ], [ -64.551826412489277, 38.314464220403863 ] ] ] } },
{ "type": "Feature", "properties": { "row": 76, "col": 3, "mostly_overlap": true, "overlap_ratio": 1.0 }, "geometry": { "type": "Polygon", "coordinates": [ [ [ -64.551826412489277, 38.359254921836197 ], [ -64.551826412489277, 38.404045623268537 ], [ -64.62647758154317, 38.404045623268537 ], [ -64.62647758154317, 38.359254921836197 ], [ -64.551826412489277, 38.359254921836197 ] ] ] } },
{ "type": "Feature", "properties": { "row": 76, "col": 4, "mostly_overlap": true, "overlap_ratio": 1.0 }, "geometry": { "type": "Polygon", "coordinates": [ [ [ -64.551826412489277, 38.404045623268537 ], [ -64.551826412489277, 38.448836324700878 ], [ -64.62647758154317, 38.448836324700878 ], [ -64.62647758154317, 38.404045623268537 ], [ -64.551826412489277, 38.404045623268537 ] ] ] } },
{ "type": "Feature", "properties": { "row": 76, "col": 5, "mostly_overlap": true, "overlap_ratio": 1.0 }, "geometry": { "type": "Polygon", "coordinates": [ [ [ -64.551826412489277, 38.448836324700878 ], [ -64.551826412489277, 38.493627026133218 ], [ -64.62647758154317, 38.493627026133218 ], [ -64.62647758154317, 38.448836324700878 ], [ -64.551826412489277, 38.448836324700878 ] ] ] } },
{ "type": "Feature", "properties": { "row": 76, "col": 6, "mostly_overlap": true, "overlap_ratio": 1.0 }, "geometry": { "type": "Polygon", "coordinates": [ [ [ -64.551826412489277, 38.493627026133218 ], [ -64.551826412489277, 38.538417727565552 ], [ -64.62647758154317, 38.538417727565552 ], [ -64.62647758154317, 38.493627026133218 ], [ -64.551826412489277, 38.493627026133218 ] ] ] } },
{ "type": "Feature", "properties": { "row": 76, "col": 7, "mostly_overlap": true, "overlap_ratio": 1.0 }, "geometry": { "type": "Polygon", "coordinates": [ [ [ -64.551826412489277, 38.538417727565552 ], [ -64.551826412489277, 38.583208428997892 ], [ -64.62647758154317, 38.583208428997892 ], [ -64.62647758154317, 38.538417727565552 ], [ -64.551826412489277, 38.538417727565552 ] ] ] } },
{ "type": "Feature", "properties": { "row": 76, "col": 8, "mostly_overlap": true, "overlap_ratio": 1.0 }, "geometry": { "type": "Polygon", "coordinates": [ [ [ -64.551826412489277, 38.583208428997892 ], [ -64.551826412489277, 38.627999130430233 ], [ -64.62647758154317, 38.627999130430233 ], [ -64.62647758154317, 38.583208428997892 ], [ -64.551826412489277, 38.583208428997892 ] ] ] } },
{ "type": "Feature", "properties": { "row": 76, "col": 9, "mostly_overlap": true, "overlap_ratio": 1.0 }, "geometry": { "type": "Polygon", "coordinates": [ [ [ -64.551826412489277, 38.627999130430233 ], [ -64.551826412489277, 38.672789831862573 ], [ -64.62647758154317, 38.672789831862573 ], [ -64.62647758154317, 38.627999130430233 ], [ -64.551826412489277, 38.627999130430233 ] ] ] } },
{ "type": "Feature", "properties": { "row": 76, "col": 10, "mostly_overlap": true, "overlap_ratio": 1.0 }, "geometry": { "type": "Polygon", "coordinates": [ [ [ -64.551826412489277, 38.672789831862573 ], [ -64.551826412489277, 38.717580533294907 ], [ -64.62647758154317, 38.717580533294907 ], [ -64.62647758154317, 38.672789831862573 ], [ -64.551826412489277, 38.672789831862573 ] ] ] } },
{ "type": "Feature", "properties": { "row": 76, "col": 11, "mostly_overlap": true, "overlap_ratio": 0.757 }, "geometry": { "type": "Polygon", "coordinates": [ [ [ -64.551826412489277, 38.717580533294907 ], [ -64.551826412489277, 38.762371234727247 ], [ -64.62647758154317, 38.762371234727247 ], [ -64.62647758154317, 38.717580533294907 ], [ -64.551826412489277, 38.717580533294907 ] ] ] } },
{ "type": "Feature", "properties": { "row": 76, "col": 12, "mostly_overlap": false, "overlap_ratio": 0.0 }, "geometry": { "type": "Polygon", "coordinates": [ [ [ -64.551826412489277, 38.762371234727247 ], [ -64.551826412489277, 38.807161936159588 ], [ -64.62647758154317, 38.807161936159588 ], [ -64.62647758154317, 38.762371234727247 ], [ -64.551826412489277, 38.762371234727247 ] ] ] } },
{ "type": "Feature", "properties": { "row": 76, "col": 13, "mostly_overlap": false, "overlap_ratio": 0.0 }, "geometry": { "type": "Polygon", "coordinates": [ [ [ -64.551826412489277, 38.807161936159588 ], [ -64.551826412489277, 38.851952637591928 ], [ -64.62647758154317, 38.851952637591928 ], [ -64.62647758154317, 38.807161936159588 ], [ -64.551826412489277, 38.807161936159588 ] ] ] } },
{ "type": "Feature", "properties": { "row": 76, "col": 14, "mostly_overlap": false, "overlap_ratio": 0.0 }, "geometry": { "type": "Polygon", "coordinates": [ [ [ -64.551826412489277, 38.851952637591928 ], [ -64.551826412489277, 38.896743339024269 ], [ -64.62647758154317, 38.896743339024269 ], [ -64.62647758154317, 38.851952637591928 ], [ -64.551826412489277, 38.851952637591928 ] ] ] } },
{ "type": "Feature", "properties": { "row": 76, "col": 15, "mostly_overlap": false, "overlap_ratio": 0.0 }, "geometry": { "type": "Polygon", "coordinates": [ [ [ -64.551826412489277, 38.896743339024269 ], [ -64.551826412489277, 38.941534040456602 ], [ -64.62647758154317, 38.941534040456602 ], [ -64.62647758154317, 38.896743339024269 ], [ -64.551826412489277, 38.896743339024269 ] ] ] } },
{ "type": "Feature", "properties": { "row": 76, "col": 16, "mostly_overlap": false, "overlap_ratio": 0.0 }, "geometry": { "type": "Polygon", "coordinates": [ [ [ -64.551826412489277, 38.941534040456602 ], [ -64.551826412489277, 38.986324741888943 ], [ -64.62647758154317, 38.986324741888943 ], [ -64.62647758154317, 38.941534040456602 ], [ -64.551826412489277, 38.941534040456602 ] ] ] } },
{ "type": "Feature", "properties": { "row": 76, "col": 17, "mostly_overlap": false, "overlap_ratio": 0.0 }, "geometry": { "type": "Polygon", "coordinates": [ [ [ -64.551826412489277, 38.986324741888943 ], [ -64.551826412489277, 39.031115443321283 ], [ -64.62647758154317, 39.031115443321283 ], [ -64.62647758154317, 38.986324741888943 ], [ -64.551826412489277, 38.986324741888943 ] ] ] } },
{ "type": "Feature", "properties": { "row": 76, "col": 18, "mostly_overlap": false, "overlap_ratio": 0.0 }, "geometry": { "type": "Polygon", "coordinates": [ [ [ -64.551826412489277, 39.031115443321283 ], [ -64.551826412489277, 39.075906144753617 ], [ -64.62647758154317, 39.075906144753617 ], [ -64.62647758154317, 39.031115443321283 ], [ -64.551826412489277, 39.031115443321283 ] ] ] } },
{ "type": "Feature", "properties": { "row": 76, "col": 19, "mostly_overlap": false, "overlap_ratio": 0.0 }, "geometry": { "type": "Polygon", "coordinates": [ [ [ -64.551826412489277, 39.075906144753617 ], [ -64.551826412489277, 39.120696846185957 ], [ -64.62647758154317, 39.120696846185957 ], [ -64.62647758154317, 39.075906144753617 ], [ -64.551826412489277, 39.075906144753617 ] ] ] } },
{ "type": "Feature", "properties": { "row": 76, "col": 20, "mostly_overlap": false, "overlap_ratio": 0.0 }, "geometry": { "type": "Polygon", "coordinates": [ [ [ -64.551826412489277, 39.120696846185957 ], [ -64.551826412489277, 39.165487547618298 ], [ -64.62647758154317, 39.165487547618298 ], [ -64.62647758154317, 39.120696846185957 ], [ -64.551826412489277, 39.120696846185957 ] ] ] } },
{ "type": "Feature", "properties": { "row": 77, "col": 1, "mostly_overlap": false, "overlap_ratio": 0.4076 }, "geometry": { "type": "Polygon", "coordinates": [ [ [ -64.62647758154317, 38.269673518971523 ], [ -64.62647758154317, 38.314464220403863 ], [ -64.701128750597078, 38.314464220403863 ], [ -64.701128750597078, 38.269673518971523 ], [ -64.62647758154317, 38.269673518971523 ] ] ] } },
{ "type": "Feature", "properties": { "row": 77, "col": 2, "mostly_overlap": true, "overlap_ratio": 1.0 }, "geometry": { "type": "Polygon", "coordinates": [ [ [ -64.62647758154317, 38.314464220403863 ], [ -64.62647758154317, 38.359254921836197 ], [ -64.701128750597078, 38.359254921836197 ], [ -64.701128750597078, 38.314464220403863 ], [ -64.62647758154317, 38.314464220403863 ] ] ] } },
{ "type": "Feature", "properties": { "row": 77, "col": 3, "mostly_overlap": true, "overlap_ratio": 1.0 }, "geometry": { "type": "Polygon", "coordinates": [ [ [ -64.62647758154317, 38.359254921836197 ], [ -64.62647758154317, 38.404045623268537 ], [ -64.701128750597078, 38.404045623268537 ], [ -64.701128750597078, 38.359254921836197 ], [ -64.62647758154317, 38.359254921836197 ] ] ] } },
{ "type": "Feature", "properties": { "row": 77, "col": 4, "mostly_overlap": true, "overlap_ratio": 1.0 }, "geometry": { "type": "Polygon", "coordinates": [ [ [ -64.62647758154317, 38.404045623268537 ], [ -64.62647758154317, 38.448836324700878 ], [ -64.701128750597078, 38.448836324700878 ], [ -64.701128750597078, 38.404045623268537 ], [ -64.62647758154317, 38.404045623268537 ] ] ] } },
{ "type": "Feature", "properties": { "row": 77, "col": 5, "mostly_overlap": true, "overlap_ratio": 1.0 }, "geometry": { "type": "Polygon", "coordinates": [ [ [ -64.62647758154317, 38.448836324700878 ], [ -64.62647758154317, 38.493627026133218 ], [ -64.701128750597078, 38.493627026133218 ], [ -64.701128750597078, 38.448836324700878 ], [ -64.62647758154317, 38.448836324700878 ] ] ] } },
{ "type": "Feature", "properties": { "row": 77, "col": 6, "mostly_overlap": true, "overlap_ratio": 1.0 }, "geometry": { "type": "Polygon", "coordinates": [ [ [ -64.62647758154317, 38.493627026133218 ], [ -64.62647758154317, 38.538417727565552 ], [ -64.701128750597078, 38.538417727565552 ], [ -64.701128750597078, 38.493627026133218 ], [ -64.62647758154317, 38.493627026133218 ] ] ] } },
{ "type": "Feature", "properties": { "row": 77, "col": 7, "mostly_overlap": true, "overlap_ratio": 1.0 }, "geometry": { "type": "Polygon", "coordinates": [ [ [ -64.62647758154317, 38.538417727565552 ], [ -64.62647758154317, 38.583208428997892 ], [ -64.701128750597078, 38.583208428997892 ], [ -64.701128750597078, 38.538417727565552 ], [ -64.62647758154317, 38.538417727565552 ] ] ] } },
{ "type": "Feature", "properties": { "row": 77, "col": 8, "mostly_overlap": true, "overlap_ratio": 1.0 }, "geometry": { "type": "Polygon", "coordinates": [ [ [ -64.62647758154317, 38.583208428997892 ], [ -64.62647758154317, 38.627999130430233 ], [ -64.701128750597078, 38.627999130430233 ], [ -64.701128750597078, 38.583208428997892 ], [ -64.62647758154317, 38.583208428997892 ] ] ] } },
{ "type": "Feature", "properties": { "row": 77, "col": 9, "mostly_overlap": true, "overlap_ratio": 1.0 }, "geometry": { "type": "Polygon", "coordinates": [ [ [ -64.62647758154317, 38.627999130430233 ], [ -64.62647758154317, 38.672789831862573 ], [ -64.701128750597078, 38.672789831862573 ], [ -64.701128750597078, 38.627999130430233 ], [ -64.62647758154317, 38.627999130430233 ] ] ] } },
{ "type": "Feature", "properties": { "row": 77, "col": 10, "mostly_overlap": true, "overlap_ratio": 1.0 }, "geometry": { "type": "Polygon", "coordinates": [ [ [ -64.62647758154317, 38.672789831862573 ], [ -64.62647758154317, 38.717580533294907 ], [ -64.701128750597078, 38.717580533294907 ], [ -64.701128750597078, 38.672789831862573 ], [ -64.62647758154317, 38.672789831862573 ] ] ] } },
{ "type": "Feature", "properties": { "row": 77, "col": 11, "mostly_overlap": true, "overlap_ratio": 0.7386 }, "geometry": { "type": "Polygon", "coordinates": [ [ [ -64.62647758154317, 38.717580533294907 ], [ -64.62647758154317, 38.762371234727247 ], [ -64.701128750597078, 38.762371234727247 ], [ -64.701128750597078, 38.717580533294907 ], [ -64.62647758154317, 38.717580533294907 ] ] ] } },
{ "type": "Feature", "properties": { "row": 77, "col": 12, "mostly_overlap": false, "overlap_ratio": 0.0 }, "geometry": { "type": "Polygon", "coordinates": [ [ [ -64.62647758154317, 38.762371234727247 ], [ -64.62647758154317, 38.807161936159588 ], [ -64.701128750597078, 38.807161936159588 ], [ -64.701128750597078, 38.762371234727247 ], [ -64.62647758154317, 38.762371234727247 ] ] ] } },
{ "type": "Feature", "properties": { "row": 77, "col": 13, "mostly_overlap": false, "overlap_ratio": 0.0 }, "geometry": { "type": "Polygon", "coordinates": [ [ [ -64.62647758154317, 38.807161936159588 ], [ -64.62647758154317, 38.851952637591928 ], [ -64.701128750597078, 38.851952637591928 ], [ -64.701128750597078, 38.807161936159588 ], [ -64.62647758154317, 38.807161936159588 ] ] ] } },
{ "type": "Feature", "properties": { "row": 77, "col": 14, "mostly_overlap": false, "overlap_ratio": 0.0 }, "geometry": { "type": "Polygon", "coordinates": [ [ [ -64.62647758154317, 38.851952637591928 ], [ -64.62647758154317, 38.896743339024269 ], [ -64.701128750597078, 38.896743339024269 ], [ -64.701128750597078, 38.851952637591928 ], [ -64.62647758154317, 38.851952637591928 ] ] ] } },
{ "type": "Feature", "properties": { "row": 77, "col": 15, "mostly_overlap": false, "overlap_ratio": 0.0 }, "geometry": { "type": "Polygon", "coordinates": [ [ [ -64.62647758154317, 38.896743339024269 ], [ -64.62647758154317, 38.941534040456602 ], [ -64.701128750597078, 38.941534040456602 ], [ -64.701128750597078, 38.896743339024269 ], [ -64.62647758154317, 38.896743339024269 ] ] ] } },
{ "type": "Feature", "properties": { "row": 77, "col": 16, "mostly_overlap": false, "overlap_ratio": 0.0 }, "geometry": { "type": "Polygon", "coordinates": [ [ [ -64.62647758154317, 38.941534040456602 ], [ -64.62647758154317, 38.986324741888943 ], [ -64.701128750597078, 38.986324741888943 ], [ -64.701128750597078, 38.941534040456602 ], [ -64.62647758154317, 38.941534040456602 ] ] ] } },
{ "type": "Feature", "properties": { "row": 77, "col": 17, "mostly_overlap": false, "overlap_ratio": 0.0 }, "geometry": { "type": "Polygon", "coordinates": [ [ [ -64.62647758154317, 38.986324741888943 ], [ -64.62647758154317, 39.031115443321283 ], [ -64.701128750597078, 39.031115443321283 ], [ -64.701128750597078, 38.986324741888943 ], [ -64.62647758154317, 38.986324741888943 ] ] ] } },
{ "type": "Feature", "properties": { "row": 77, "col": 18, "mostly_overlap": false, "overlap_ratio": 0.0 }, "geometry": { "type": "Polygon", "coordinates": [ [ [ -64.62647758154317, 39.031115443321283 ], [ -64.62647758154317, 39.075906144753617 ], [ -64.701128750597078, 39.075906144753617 ], [ -64.701128750597078, 39.031115443321283 ], [ -64.62647758154317, 39.031115443321283 ] ] ] } },
{ "type": "Feature", "properties": { "row": 77, "col": 19, "mostly_overlap": false, "overlap_ratio": 0.0 }, "geometry": { "type": "Polygon", "coordinates": [ [ [ -64.62647758154317, 39.075906144753617 ], [ -64.62647758154317, 39.120696846185957 ], [ -64.701128750597078, 39.120696846185957 ], [ -64.701128750597078, 39.075906144753617 ], [ -64.62647758154317, 39.075906144753617 ] ] ] } },
{ "type": "Feature", "properties": { "row": 77, "col": 20, "mostly_overlap": false, "overlap_ratio": 0.0 }, "geometry": { "type": "Polygon", "coordinates": [ [ [ -64.62647758154317, 39.120696846185957 ], [ -64.62647758154317, 39.165487547618298 ], [ -64.701128750597078, 39.165487547618298 ], [ -64.701128750597078, 39.120696846185957 ], [ -64.62647758154317, 39.120696846185957 ] ] ] } },
{ "type": "Feature", "properties": { "row": 78, "col": 1, "mostly_overlap": false, "overlap_ratio": 0.3805 }, "geometry": { "type": "Polygon", "coordinates": [ [ [ -64.701128750597078, 38.269673518971523 ], [ -64.701128750597078, 38.314464220403863 ], [ -64.775779919650972, 38.314464220403863 ], [ -64.775779919650972, 38.269673518971523 ], [ -64.701128750597078, 38.269673518971523 ] ] ] } },
{ "type": "Feature", "properties": { "row": 78, "col": 2, "mostly_overlap": true, "overlap_ratio": 1.0 }, "geometry": { "type": "Polygon", "coordinates": [ [ [ -64.701128750597078, 38.314464220403863 ], [ -64.701128750597078, 38.359254921836197 ], [ -64.775779919650972, 38.359254921836197 ], [ -64.775779919650972, 38.314464220403863 ], [ -64.701128750597078, 38.314464220403863 ] ] ] } },
{ "type": "Feature", "properties": { "row": 78, "col": 3, "mostly_overlap": true, "overlap_ratio": 1.0 }, "geometry": { "type": "Polygon", "coordinates": [ [ [ -64.701128750597078, 38.359254921836197 ], [ -64.701128750597078, 38.404045623268537 ], [ -64.775779919650972, 38.404045623268537 ], [ -64.775779919650972, 38.359254921836197 ], [ -64.701128750597078, 38.359254921836197 ] ] ] } },
{ "type": "Feature", "properties": { "row": 78, "col": 4, "mostly_overlap": true, "overlap_ratio": 1.0 }, "geometry": { "type": "Polygon", "coordinates": [ [ [ -64.701128750597078, 38.404045623268537 ], [ -64.701128750597078, 38.448836324700878 ], [ -64.775779919650972, 38.448836324700878 ], [ -64.775779919650972, 38.404045623268537 ], [ -64.701128750597078, 38.404045623268537 ] ] ] } },
{ "type": "Feature", "properties": { "row": 78, "col": 5, "mostly_overlap": true, "overlap_ratio": 1.0 }, "geometry": { "type": "Polygon", "coordinates": [ [ [ -64.701128750597078, 38.448836324700878 ], [ -64.701128750597078, 38.493627026133218 ], [ -64.775779919650972, 38.493627026133218 ], [ -64.775779919650972, 38.448836324700878 ], [ -64.701128750597078, 38.448836324700878 ] ] ] } },
{ "type": "Feature", "properties": { "row": 78, "col": 6, "mostly_overlap": true, "overlap_ratio": 1.0 }, "geometry": { "type": "Polygon", "coordinates": [ [ [ -64.701128750597078, 38.493627026133218 ], [ -64.701128750597078, 38.538417727565552 ], [ -64.775779919650972, 38.538417727565552 ], [ -64.775779919650972, 38.493627026133218 ], [ -64.701128750597078, 38.493627026133218 ] ] ] } },
{ "type": "Feature", "properties": { "row": 78, "col": 7, "mostly_overlap": true, "overlap_ratio": 1.0 }, "geometry": { "type": "Polygon", "coordinates": [ [ [ -64.701128750597078, 38.538417727565552 ], [ -64.701128750597078, 38.583208428997892 ], [ -64.775779919650972, 38.583208428997892 ], [ -64.775779919650972, 38.538417727565552 ], [ -64.701128750597078, 38.538417727565552 ] ] ] } },
{ "type": "Feature", "properties": { "row": 78, "col": 8, "mostly_overlap": true, "overlap_ratio": 1.0 }, "geometry": { "type": "Polygon", "coordinates": [ [ [ -64.701128750597078, 38.583208428997892 ], [ -64.701128750597078, 38.627999130430233 ], [ -64.775779919650972, 38.627999130430233 ], [ -64.775779919650972, 38.583208428997892 ], [ -64.701128750597078, 38.583208428997892 ] ] ] } },
{ "type": "Feature", "properties": { "row": 78, "col": 9, "mostly_overlap": true, "overlap_ratio": 1.0 }, "geometry": { "type": "Polygon", "coordinates": [ [ [ -64.701128750597078, 38.627999130430233 ], [ -64.701128750597078, 38.672789831862573 ], [ -64.775779919650972, 38.672789831862573 ], [ -64.775779919650972, 38.627999130430233 ], [ -64.701128750597078, 38.627999130430233 ] ] ] } },
{ "type": "Feature", "properties": { "row": 78, "col": 10, "mostly_overlap": true, "overlap_ratio": 1.0 }, "geometry": { "type": "Polygon", "coordinates": [ [ [ -64.701128750597078, 38.672789831862573 ], [ -64.701128750597078, 38.717580533294907 ], [ -64.775779919650972, 38.717580533294907 ], [ -64.775779919650972, 38.672789831862573 ], [ -64.701128750597078, 38.672789831862573 ] ] ] } },
{ "type": "Feature", "properties": { "row": 78, "col": 11, "mostly_overlap": true, "overlap_ratio": 0.7203 }, "geometry": { "type": "Polygon", "coordinates": [ [ [ -64.701128750597078, 38.717580533294907 ], [ -64.701128750597078, 38.762371234727247 ], [ -64.775779919650972, 38.762371234727247 ], [ -64.775779919650972, 38.717580533294907 ], [ -64.701128750597078, 38.717580533294907 ] ] ] } },
{ "type": "Feature", "properties": { "row": 78, "col": 12, "mostly_overlap": false, "overlap_ratio": 0.0 }, "geometry": { "type": "Polygon", "coordinates": [ [ [ -64.701128750597078, 38.762371234727247 ], [ -64.701128750597078, 38.807161936159588 ], [ -64.775779919650972, 38.807161936159588 ], [ -64.775779919650972, 38.762371234727247 ], [ -64.701128750597078, 38.762371234727247 ] ] ] } },
{ "type": "Feature", "properties": { "row": 78, "col": 13, "mostly_overlap": false, "overlap_ratio": 0.0 }, "geometry": { "type": "Polygon", "coordinates": [ [ [ -64.701128750597078, 38.807161936159588 ], [ -64.701128750597078, 38.851952637591928 ], [ -64.775779919650972, 38.851952637591928 ], [ -64.775779919650972, 38.807161936159588 ], [ -64.701128750597078, 38.807161936159588 ] ] ] } },
{ "type": "Feature", "properties": { "row": 78, "col": 14, "mostly_overlap": false, "overlap_ratio": 0.0 }, "geometry": { "type": "Polygon", "coordinates": [ [ [ -64.701128750597078, 38.851952637591928 ], [ -64.701128750597078, 38.896743339024269 ], [ -64.775779919650972, 38.896743339024269 ], [ -64.775779919650972, 38.851952637591928 ], [ -64.701128750597078, 38.851952637591928 ] ] ] } },
{ "type": "Feature", "properties": { "row": 78, "col": 15, "mostly_overlap": false, "overlap_ratio": 0.0 }, "geometry": { "type": "Polygon", "coordinates": [ [ [ -64.701128750597078, 38.896743339024269 ], [ -64.701128750597078, 38.941534040456602 ], [ -64.775779919650972, 38.941534040456602 ], [ -64.775779919650972, 38.896743339024269 ], [ -64.701128750597078, 38.896743339024269 ] ] ] } },
{ "type": "Feature", "properties": { "row": 78, "col": 16, "mostly_overlap": false, "overlap_ratio": 0.0 }, "geometry": { "type": "Polygon", "coordinates": [ [ [ -64.701128750597078, 38.941534040456602 ], [ -64.701128750597078, 38.986324741888943 ], [ -64.775779919650972, 38.986324741888943 ], [ -64.775779919650972, 38.941534040456602 ], [ -64.701128750597078, 38.941534040456602 ] ] ] } },
{ "type": "Feature", "properties": { "row": 78, "col": 17, "mostly_overlap": false, "overlap_ratio": 0.0 }, "geometry": { "type": "Polygon", "coordinates": [ [ [ -64.701128750597078, 38.986324741888943 ], [ -64.701128750597078, 39.031115443321283 ], [ -64.775779919650972, 39.031115443321283 ], [ -64.775779919650972, 38.986324741888943 ], [ -64.701128750597078, 38.986324741888943 ] ] ] } },
{ "type": "Feature", "properties": { "row": 78, "col": 18, "mostly_overlap": false, "overlap_ratio": 0.0 }, "geometry": { "type": "Polygon", "coordinates": [ [ [ -64.701128750597078, 39.031115443321283 ], [ -64.701128750597078, 39.075906144753617 ], [ -64.775779919650972, 39.075906144753617 ], [ -64.775779919650972, 39.031115443321283 ], [ -64.701128750597078, 39.031115443321283 ] ] ] } },
{ "type": "Feature", "properties": { "row": 78, "col": 19, "mostly_overlap": false, "overlap_ratio": 0.0 }, "geometry": { "type": "Polygon", "coordinates": [ [ [ -64.701128750597078, 39.075906144753617 ], [ -64.701128750597078, 39.120696846185957 ], [ -64.775779919650972, 39.120696846185957 ], [ -64.775779919650972, 39.075906144753617 ], [ -64.701128750597078, 39.075906144753617 ] ] ] } },
{ "type": "Feature", "properties": { "row": 78, "col": 20, "mostly_overlap": false, "overlap_ratio": 0.0 }, "geometry": { "type": "Polygon", "coordinates": [ [ [ -64.701128750597078, 39.120696846185957 ], [ -64.701128750597078, 39.165487547618298 ], [ -64.775779919650972, 39.165487547618298 ], [ -64.775779919650972, 39.120696846185957 ], [ -64.701128750597078, 39.120696846185957 ] ] ] } },
{ "type": "Feature", "properties": { "row": 79, "col": 1, "mostly_overlap": false, "overlap_ratio": 0.3464 }, "geometry": { "type": "Polygon", "coordinates": [ [ [ -64.775779919650972, 38.269673518971523 ], [ -64.775779919650972, 38.314464220403863 ], [ -64.850431088704866, 38.314464220403863 ], [ -64.850431088704866, 38.269673518971523 ], [ -64.775779919650972, 38.269673518971523 ] ] ] } },
{ "type": "Feature", "properties": { "row": 79, "col": 2, "mostly_overlap": true, "overlap_ratio": 1.0 }, "geometry": { "type": "Polygon", "coordinates": [ [ [ -64.775779919650972, 38.314464220403863 ], [ -64.775779919650972, 38.359254921836197 ], [ -64.850431088704866, 38.359254921836197 ], [ -64.850431088704866, 38.314464220403863 ], [ -64.775779919650972, 38.314464220403863 ] ] ] } },
{ "type": "Feature", "properties": { "row": 79, "col": 3, "mostly_overlap": true, "overlap_ratio": 1.0 }, "geometry": { "type": "Polygon", "coordinates": [ [ [ -64.775779919650972, 38.359254921836197 ], [ -64.775779919650972, 38.404045623268537 ], [ -64.850431088704866, 38.404045623268537 ], [ -64.850431088704866, 38.359254921836197 ], [ -64.775779919650972, 38.359254921836197 ] ] ] } },
{ "type": "Feature", "properties": { "row": 79, "col": 4, "mostly_overlap": true, "overlap_ratio": 1.0 }, "geometry": { "type": "Polygon", "coordinates": [ [ [ -64.775779919650972, 38.404045623268537 ], [ -64.775779919650972, 38.448836324700878 ], [ -64.850431088704866, 38.448836324700878 ], [ -64.850431088704866, 38.404045623268537 ], [ -64.775779919650972, 38.404045623268537 ] ] ] } },
{ "type": "Feature", "properties": { "row": 79, "col": 5, "mostly_overlap": true, "overlap_ratio": 1.0 }, "geometry": { "type": "Polygon", "coordinates": [ [ [ -64.775779919650972, 38.448836324700878 ], [ -64.775779919650972, 38.493627026133218 ], [ -64.850431088704866, 38.493627026133218 ], [ -64.850431088704866, 38.448836324700878 ], [ -64.775779919650972, 38.448836324700878 ] ] ] } },
{ "type": "Feature", "properties": { "row": 79, "col": 6, "mostly_overlap": true, "overlap_ratio": 1.0 }, "geometry": { "type": "Polygon", "coordinates": [ [ [ -64.775779919650972, 38.493627026133218 ], [ -64.775779919650972, 38.538417727565552 ], [ -64.850431088704866, 38.538417727565552 ], [ -64.850431088704866, 38.493627026133218 ], [ -64.775779919650972, 38.493627026133218 ] ] ] } },
{ "type": "Feature", "properties": { "row": 79, "col": 7, "mostly_overlap": true, "overlap_ratio": 1.0 }, "geometry": { "type": "Polygon", "coordinates": [ [ [ -64.775779919650972, 38.538417727565552 ], [ -64.775779919650972, 38.583208428997892 ], [ -64.850431088704866, 38.583208428997892 ], [ -64.850431088704866, 38.538417727565552 ], [ -64.775779919650972, 38.538417727565552 ] ] ] } },
{ "type": "Feature", "properties": { "row": 79, "col": 8, "mostly_overlap": true, "overlap_ratio": 1.0 }, "geometry": { "type": "Polygon", "coordinates": [ [ [ -64.775779919650972, 38.583208428997892 ], [ -64.775779919650972, 38.627999130430233 ], [ -64.850431088704866, 38.627999130430233 ], [ -64.850431088704866, 38.583208428997892 ], [ -64.775779919650972, 38.583208428997892 ] ] ] } },
{ "type": "Feature", "properties": { "row": 79, "col": 9, "mostly_overlap": true, "overlap_ratio": 1.0 }, "geometry": { "type": "Polygon", "coordinates": [ [ [ -64.775779919650972, 38.627999130430233 ], [ -64.775779919650972, 38.672789831862573 ], [ -64.850431088704866, 38.672789831862573 ], [ -64.850431088704866, 38.627999130430233 ], [ -64.775779919650972, 38.627999130430233 ] ] ] } },
{ "type": "Feature", "properties": { "row": 79, "col": 10, "mostly_overlap": true, "overlap_ratio": 1.0 }, "geometry": { "type": "Polygon", "coordinates": [ [ [ -64.775779919650972, 38.672789831862573 ], [ -64.775779919650972, 38.717580533294907 ], [ -64.850431088704866, 38.717580533294907 ], [ -64.850431088704866, 38.672789831862573 ], [ -64.775779919650972, 38.672789831862573 ] ] ] } },
{ "type": "Feature", "properties": { "row": 79, "col": 11, "mostly_overlap": true, "overlap_ratio": 0.7019 }, "geometry": { "type": "Polygon", "coordinates": [ [ [ -64.775779919650972, 38.717580533294907 ], [ -64.775779919650972, 38.762371234727247 ], [ -64.850431088704866, 38.762371234727247 ], [ -64.850431088704866, 38.717580533294907 ], [ -64.775779919650972, 38.717580533294907 ] ] ] } },
{ "type": "Feature", "properties": { "row": 79, "col": 12, "mostly_overlap": false, "overlap_ratio": 0.0 }, "geometry": { "type": "Polygon", "coordinates": [ [ [ -64.775779919650972, 38.762371234727247 ], [ -64.775779919650972, 38.807161936159588 ], [ -64.850431088704866, 38.807161936159588 ], [ -64.850431088704866, 38.762371234727247 ], [ -64.775779919650972, 38.762371234727247 ] ] ] } },
{ "type": "Feature", "properties": { "row": 79, "col": 13, "mostly_overlap": false, "overlap_ratio": 0.0 }, "geometry": { "type": "Polygon", "coordinates": [ [ [ -64.775779919650972, 38.807161936159588 ], [ -64.775779919650972, 38.851952637591928 ], [ -64.850431088704866, 38.851952637591928 ], [ -64.850431088704866, 38.807161936159588 ], [ -64.775779919650972, 38.807161936159588 ] ] ] } },
{ "type": "Feature", "properties": { "row": 79, "col": 14, "mostly_overlap": false, "overlap_ratio": 0.0 }, "geometry": { "type": "Polygon", "coordinates": [ [ [ -64.775779919650972, 38.851952637591928 ], [ -64.775779919650972, 38.896743339024269 ], [ -64.850431088704866, 38.896743339024269 ], [ -64.850431088704866, 38.851952637591928 ], [ -64.775779919650972, 38.851952637591928 ] ] ] } },
{ "type": "Feature", "properties": { "row": 79, "col": 15, "mostly_overlap": false, "overlap_ratio": 0.0 }, "geometry": { "type": "Polygon", "coordinates": [ [ [ -64.775779919650972, 38.896743339024269 ], [ -64.775779919650972, 38.941534040456602 ], [ -64.850431088704866, 38.941534040456602 ], [ -64.850431088704866, 38.896743339024269 ], [ -64.775779919650972, 38.896743339024269 ] ] ] } },
{ "type": "Feature", "properties": { "row": 79, "col": 16, "mostly_overlap": false, "overlap_ratio": 0.0 }, "geometry": { "type": "Polygon", "coordinates": [ [ [ -64.775779919650972, 38.941534040456602 ], [ -64.775779919650972, 38.986324741888943 ], [ -64.850431088704866, 38.986324741888943 ], [ -64.850431088704866, 38.941534040456602 ], [ -64.775779919650972, 38.941534040456602 ] ] ] } },
{ "type": "Feature", "properties": { "row": 79, "col": 17, "mostly_overlap": false, "overlap_ratio": 0.0 }, "geometry": { "type": "Polygon", "coordinates": [ [ [ -64.775779919650972, 38.986324741888943 ], [ -64.775779919650972, 39.031115443321283 ], [ -64.850431088704866, 39.031115443321283 ], [ -64.850431088704866, 38.986324741888943 ], [ -64.775779919650972, 38.986324741888943 ] ] ] } },
{ "type": "Feature", "properties": { "row": 79, "col": 18, "mostly_overlap": false, "overlap_ratio": 0.0 }, "geometry": { "type": "Polygon", "coordinates": [ [ [ -64.775779919650972, 39.031115443321283 ], [ -64.775779919650972, 39.075906144753617 ], [ -64.850431088704866, 39.075906144753617 ], [ -64.850431088704866, 39.031115443321283 ], [ -64.775779919650972, 39.031115443321283 ] ] ] } },
{ "type": "Feature", "properties": { "row": 79, "col": 19, "mostly_overlap": false, "overlap_ratio": 0.0 }, "geometry": { "type": "Polygon", "coordinates": [ [ [ -64.775779919650972, 39.075906144753617 ], [ -64.775779919650972, 39.120696846185957 ], [ -64.850431088704866, 39.120696846185957 ], [ -64.850431088704866, 39.075906144753617 ], [ -64.775779919650972, 39.075906144753617 ] ] ] } },
{ "type": "Feature", "properties": { "row": 79, "col": 20, "mostly_overlap": false, "overlap_ratio": 0.0 }, "geometry": { "type": "Polygon", "coordinates": [ [ [ -64.775779919650972, 39.120696846185957 ], [ -64.775779919650972, 39.165487547618298 ], [ -64.850431088704866, 39.165487547618298 ], [ -64.850431088704866, 39.120696846185957 ], [ -64.775779919650972, 39.120696846185957 ] ] ] } },
{ "type": "Feature", "properties": { "row": 80, "col": 1, "mostly_overlap": false, "overlap_ratio": 0.3123 }, "geometry": { "type": "Polygon", "coordinates": [ [ [ -64.850431088704866, 38.269673518971523 ], [ -64.850431088704866, 38.314464220403863 ], [ -64.925082257758774, 38.314464220403863 ], [ -64.925082257758774, 38.269673518971523 ], [ -64.850431088704866, 38.269673518971523 ] ] ] } },
{ "type": "Feature", "properties": { "row": 80, "col": 2, "mostly_overlap": true, "overlap_ratio": 1.0 }, "geometry": { "type": "Polygon", "coordinates": [ [ [ -64.850431088704866, 38.314464220403863 ], [ -64.850431088704866, 38.359254921836197 ], [ -64.925082257758774, 38.359254921836197 ], [ -64.925082257758774, 38.314464220403863 ], [ -64.850431088704866, 38.314464220403863 ] ] ] } },
{ "type": "Feature", "properties": { "row": 80, "col": 3, "mostly_overlap": true, "overlap_ratio": 1.0 }, "geometry": { "type": "Polygon", "coordinates": [ [ [ -64.850431088704866, 38.359254921836197 ], [ -64.850431088704866, 38.404045623268537 ], [ -64.925082257758774, 38.404045623268537 ], [ -64.925082257758774, 38.359254921836197 ], [ -64.850431088704866, 38.359254921836197 ] ] ] } },
{ "type": "Feature", "properties": { "row": 80, "col": 4, "mostly_overlap": true, "overlap_ratio": 1.0 }, "geometry": { "type": "Polygon", "coordinates": [ [ [ -64.850431088704866, 38.404045623268537 ], [ -64.850431088704866, 38.448836324700878 ], [ -64.925082257758774, 38.448836324700878 ], [ -64.925082257758774, 38.404045623268537 ], [ -64.850431088704866, 38.404045623268537 ] ] ] } },
{ "type": "Feature", "properties": { "row": 80, "col": 5, "mostly_overlap": true, "overlap_ratio": 1.0 }, "geometry": { "type": "Polygon", "coordinates": [ [ [ -64.850431088704866, 38.448836324700878 ], [ -64.850431088704866, 38.493627026133218 ], [ -64.925082257758774, 38.493627026133218 ], [ -64.925082257758774, 38.448836324700878 ], [ -64.850431088704866, 38.448836324700878 ] ] ] } },
{ "type": "Feature", "properties": { "row": 80, "col": 6, "mostly_overlap": true, "overlap_ratio": 1.0 }, "geometry": { "type": "Polygon", "coordinates": [ [ [ -64.850431088704866, 38.493627026133218 ], [ -64.850431088704866, 38.538417727565552 ], [ -64.925082257758774, 38.538417727565552 ], [ -64.925082257758774, 38.493627026133218 ], [ -64.850431088704866, 38.493627026133218 ] ] ] } },
{ "type": "Feature", "properties": { "row": 80, "col": 7, "mostly_overlap": true, "overlap_ratio": 1.0 }, "geometry": { "type": "Polygon", "coordinates": [ [ [ -64.850431088704866, 38.538417727565552 ], [ -64.850431088704866, 38.583208428997892 ], [ -64.925082257758774, 38.583208428997892 ], [ -64.925082257758774, 38.538417727565552 ], [ -64.850431088704866, 38.538417727565552 ] ] ] } },
{ "type": "Feature", "properties": { "row": 80, "col": 8, "mostly_overlap": true, "overlap_ratio": 1.0 }, "geometry": { "type": "Polygon", "coordinates": [ [ [ -64.850431088704866, 38.583208428997892 ], [ -64.850431088704866, 38.627999130430233 ], [ -64.925082257758774, 38.627999130430233 ], [ -64.925082257758774, 38.583208428997892 ], [ -64.850431088704866, 38.583208428997892 ] ] ] } },
{ "type": "Feature", "properties": { "row": 80, "col": 9, "mostly_overlap": true, "overlap_ratio": 1.0 }, "geometry": { "type": "Polygon", "coordinates": [ [ [ -64.850431088704866, 38.627999130430233 ], [ -64.850431088704866, 38.672789831862573 ], [ -64.925082257758774, 38.672789831862573 ], [ -64.925082257758774, 38.627999130430233 ], [ -64.850431088704866, 38.627999130430233 ] ] ] } },
{ "type": "Feature", "properties": { "row": 80, "col": 10, "mostly_overlap": true, "overlap_ratio": 1.0 }, "geometry": { "type": "Polygon", "coordinates": [ [ [ -64.850431088704866, 38.672789831862573 ], [ -64.850431088704866, 38.717580533294907 ], [ -64.925082257758774, 38.717580533294907 ], [ -64.925082257758774, 38.672789831862573 ], [ -64.850431088704866, 38.672789831862573 ] ] ] } },
{ "type": "Feature", "properties": { "row": 80, "col": 11, "mostly_overlap": true, "overlap_ratio": 0.6836 }, "geometry": { "type": "Polygon", "coordinates": [ [ [ -64.850431088704866, 38.717580533294907 ], [ -64.850431088704866, 38.762371234727247 ], [ -64.925082257758774, 38.762371234727247 ], [ -64.925082257758774, 38.717580533294907 ], [ -64.850431088704866, 38.717580533294907 ] ] ] } },
{ "type": "Feature", "properties": { "row": 80, "col": 12, "mostly_overlap": false, "overlap_ratio": 0.0 }, "geometry": { "type": "Polygon", "coordinates": [ [ [ -64.850431088704866, 38.762371234727247 ], [ -64.850431088704866, 38.807161936159588 ], [ -64.925082257758774, 38.807161936159588 ], [ -64.925082257758774, 38.762371234727247 ], [ -64.850431088704866, 38.762371234727247 ] ] ] } },
{ "type": "Feature", "properties": { "row": 80, "col": 13, "mostly_overlap": false, "overlap_ratio": 0.0 }, "geometry": { "type": "Polygon", "coordinates": [ [ [ -64.850431088704866, 38.807161936159588 ], [ -64.850431088704866, 38.851952637591928 ], [ -64.925082257758774, 38.851952637591928 ], [ -64.925082257758774, 38.807161936159588 ], [ -64.850431088704866, 38.807161936159588 ] ] ] } },
{ "type": "Feature", "properties": { "row": 80, "col": 14, "mostly_overlap": false, "overlap_ratio": 0.0 }, "geometry": { "type": "Polygon", "coordinates": [ [ [ -64.850431088704866, 38.851952637591928 ], [ -64.850431088704866, 38.896743339024269 ], [ -64.925082257758774, 38.896743339024269 ], [ -64.925082257758774, 38.851952637591928 ], [ -64.850431088704866, 38.851952637591928 ] ] ] } },
{ "type": "Feature", "properties": { "row": 80, "col": 15, "mostly_overlap": false, "overlap_ratio": 0.0 }, "geometry": { "type": "Polygon", "coordinates": [ [ [ -64.850431088704866, 38.896743339024269 ], [ -64.850431088704866, 38.941534040456602 ], [ -64.925082257758774, 38.941534040456602 ], [ -64.925082257758774, 38.896743339024269 ], [ -64.850431088704866, 38.896743339024269 ] ] ] } },
{ "type": "Feature", "properties": { "row": 80, "col": 16, "mostly_overlap": false, "overlap_ratio": 0.0 }, "geometry": { "type": "Polygon", "coordinates": [ [ [ -64.850431088704866, 38.941534040456602 ], [ -64.850431088704866, 38.986324741888943 ], [ -64.925082257758774, 38.986324741888943 ], [ -64.925082257758774, 38.941534040456602 ], [ -64.850431088704866, 38.941534040456602 ] ] ] } },
{ "type": "Feature", "properties": { "row": 80, "col": 17, "mostly_overlap": false, "overlap_ratio": 0.0 }, "geometry": { "type": "Polygon", "coordinates": [ [ [ -64.850431088704866, 38.986324741888943 ], [ -64.850431088704866, 39.031115443321283 ], [ -64.925082257758774, 39.031115443321283 ], [ -64.925082257758774, 38.986324741888943 ], [ -64.850431088704866, 38.986324741888943 ] ] ] } },
{ "type": "Feature", "properties": { "row": 80, "col": 18, "mostly_overlap": false, "overlap_ratio": 0.0 }, "geometry": { "type": "Polygon", "coordinates": [ [ [ -64.850431088704866, 39.031115443321283 ], [ -64.850431088704866, 39.075906144753617 ], [ -64.925082257758774, 39.075906144753617 ], [ -64.925082257758774, 39.031115443321283 ], [ -64.850431088704866, 39.031115443321283 ] ] ] } },
{ "type": "Feature", "properties": { "row": 80, "col": 19, "mostly_overlap": false, "overlap_ratio": 0.0 }, "geometry": { "type": "Polygon", "coordinates": [ [ [ -64.850431088704866, 39.075906144753617 ], [ -64.850431088704866, 39.120696846185957 ], [ -64.925082257758774, 39.120696846185957 ], [ -64.925082257758774, 39.075906144753617 ], [ -64.850431088704866, 39.075906144753617 ] ] ] } },
{ "type": "Feature", "properties": { "row": 80, "col": 20, "mostly_overlap": false, "overlap_ratio": 0.0 }, "geometry": { "type": "Polygon", "coordinates": [ [ [ -64.850431088704866, 39.120696846185957 ], [ -64.850431088704866, 39.165487547618298 ], [ -64.925082257758774, 39.165487547618298 ], [ -64.925082257758774, 39.120696846185957 ], [ -64.850431088704866, 39.120696846185957 ] ] ] } },
{ "type": "Feature", "properties": { "row": 81, "col": 1, "mostly_overlap": false, "overlap_ratio": 0.2781 }, "geometry": { "type": "Polygon", "coordinates": [ [ [ -64.92508225775876, 38.269673518971523 ], [ -64.92508225775876, 38.314464220403863 ], [ -64.999733426812668, 38.314464220403863 ], [ -64.999733426812668, 38.269673518971523 ], [ -64.92508225775876, 38.269673518971523 ] ] ] } },
{ "type": "Feature", "properties": { "row": 81, "col": 2, "mostly_overlap": true, "overlap_ratio": 1.0 }, "geometry": { "type": "Polygon", "coordinates": [ [ [ -64.92508225775876, 38.314464220403863 ], [ -64.92508225775876, 38.359254921836197 ], [ -64.999733426812668, 38.359254921836197 ], [ -64.999733426812668, 38.314464220403863 ], [ -64.92508225775876, 38.314464220403863 ] ] ] } },
{ "type": "Feature", "properties": { "row": 81, "col": 3, "mostly_overlap": true, "overlap_ratio": 1.0 }, "geometry": { "type": "Polygon", "coordinates": [ [ [ -64.92508225775876, 38.359254921836197 ], [ -64.92508225775876, 38.404045623268537 ], [ -64.999733426812668, 38.404045623268537 ], [ -64.999733426812668, 38.359254921836197 ], [ -64.92508225775876, 38.359254921836197 ] ] ] } },
{ "type": "Feature", "properties": { "row": 81, "col": 4, "mostly_overlap": true, "overlap_ratio": 1.0 }, "geometry": { "type": "Polygon", "coordinates": [ [ [ -64.92508225775876, 38.404045623268537 ], [ -64.92508225775876, 38.448836324700878 ], [ -64.999733426812668, 38.448836324700878 ], [ -64.999733426812668, 38.404045623268537 ], [ -64.92508225775876, 38.404045623268537 ] ] ] } },
{ "type": "Feature", "properties": { "row": 81, "col": 5, "mostly_overlap": true, "overlap_ratio": 1.0 }, "geometry": { "type": "Polygon", "coordinates": [ [ [ -64.92508225775876, 38.448836324700878 ], [ -64.92508225775876, 38.493627026133218 ], [ -64.999733426812668, 38.493627026133218 ], [ -64.999733426812668, 38.448836324700878 ], [ -64.92508225775876, 38.448836324700878 ] ] ] } },
{ "type": "Feature", "properties": { "row": 81, "col": 6, "mostly_overlap": true, "overlap_ratio": 1.0 }, "geometry": { "type": "Polygon", "coordinates": [ [ [ -64.92508225775876, 38.493627026133218 ], [ -64.92508225775876, 38.538417727565552 ], [ -64.999733426812668, 38.538417727565552 ], [ -64.999733426812668, 38.493627026133218 ], [ -64.92508225775876, 38.493627026133218 ] ] ] } },
{ "type": "Feature", "properties": { "row": 81, "col": 7, "mostly_overlap": true, "overlap_ratio": 1.0 }, "geometry": { "type": "Polygon", "coordinates": [ [ [ -64.92508225775876, 38.538417727565552 ], [ -64.92508225775876, 38.583208428997892 ], [ -64.999733426812668, 38.583208428997892 ], [ -64.999733426812668, 38.538417727565552 ], [ -64.92508225775876, 38.538417727565552 ] ] ] } },
{ "type": "Feature", "properties": { "row": 81, "col": 8, "mostly_overlap": true, "overlap_ratio": 1.0 }, "geometry": { "type": "Polygon", "coordinates": [ [ [ -64.92508225775876, 38.583208428997892 ], [ -64.92508225775876, 38.627999130430233 ], [ -64.999733426812668, 38.627999130430233 ], [ -64.999733426812668, 38.583208428997892 ], [ -64.92508225775876, 38.583208428997892 ] ] ] } },
{ "type": "Feature", "properties": { "row": 81, "col": 9, "mostly_overlap": true, "overlap_ratio": 1.0 }, "geometry": { "type": "Polygon", "coordinates": [ [ [ -64.92508225775876, 38.627999130430233 ], [ -64.92508225775876, 38.672789831862573 ], [ -64.999733426812668, 38.672789831862573 ], [ -64.999733426812668, 38.627999130430233 ], [ -64.92508225775876, 38.627999130430233 ] ] ] } },
{ "type": "Feature", "properties": { "row": 81, "col": 10, "mostly_overlap": true, "overlap_ratio": 1.0 }, "geometry": { "type": "Polygon", "coordinates": [ [ [ -64.92508225775876, 38.672789831862573 ], [ -64.92508225775876, 38.717580533294907 ], [ -64.999733426812668, 38.717580533294907 ], [ -64.999733426812668, 38.672789831862573 ], [ -64.92508225775876, 38.672789831862573 ] ] ] } },
{ "type": "Feature", "properties": { "row": 81, "col": 11, "mostly_overlap": true, "overlap_ratio": 0.6652 }, "geometry": { "type": "Polygon", "coordinates": [ [ [ -64.92508225775876, 38.717580533294907 ], [ -64.92508225775876, 38.762371234727247 ], [ -64.999733426812668, 38.762371234727247 ], [ -64.999733426812668, 38.717580533294907 ], [ -64.92508225775876, 38.717580533294907 ] ] ] } },
{ "type": "Feature", "properties": { "row": 81, "col": 12, "mostly_overlap": false, "overlap_ratio": 0.0 }, "geometry": { "type": "Polygon", "coordinates": [ [ [ -64.92508225775876, 38.762371234727247 ], [ -64.92508225775876, 38.807161936159588 ], [ -64.999733426812668, 38.807161936159588 ], [ -64.999733426812668, 38.762371234727247 ], [ -64.92508225775876, 38.762371234727247 ] ] ] } },
{ "type": "Feature", "properties": { "row": 81, "col": 13, "mostly_overlap": false, "overlap_ratio": 0.0 }, "geometry": { "type": "Polygon", "coordinates": [ [ [ -64.92508225775876, 38.807161936159588 ], [ -64.92508225775876, 38.851952637591928 ], [ -64.999733426812668, 38.851952637591928 ], [ -64.999733426812668, 38.807161936159588 ], [ -64.92508225775876, 38.807161936159588 ] ] ] } },
{ "type": "Feature", "properties": { "row": 81, "col": 14, "mostly_overlap": false, "overlap_ratio": 0.0 }, "geometry": { "type": "Polygon", "coordinates": [ [ [ -64.92508225775876, 38.851952637591928 ], [ -64.92508225775876, 38.896743339024269 ], [ -64.999733426812668, 38.896743339024269 ], [ -64.999733426812668, 38.851952637591928 ], [ -64.92508225775876, 38.851952637591928 ] ] ] } },
{ "type": "Feature", "properties": { "row": 81, "col": 15, "mostly_overlap": false, "overlap_ratio": 0.0 }, "geometry": { "type": "Polygon", "coordinates": [ [ [ -64.92508225775876, 38.896743339024269 ], [ -64.92508225775876, 38.941534040456602 ], [ -64.999733426812668, 38.941534040456602 ], [ -64.999733426812668, 38.896743339024269 ], [ -64.92508225775876, 38.896743339024269 ] ] ] } },
{ "type": "Feature", "properties": { "row": 81, "col": 16, "mostly_overlap": false, "overlap_ratio": 0.0 }, "geometry": { "type": "Polygon", "coordinates": [ [ [ -64.92508225775876, 38.941534040456602 ], [ -64.92508225775876, 38.986324741888943 ], [ -64.999733426812668, 38.986324741888943 ], [ -64.999733426812668, 38.941534040456602 ], [ -64.92508225775876, 38.941534040456602 ] ] ] } },
{ "type": "Feature", "properties": { "row": 81, "col": 17, "mostly_overlap": false, "overlap_ratio": 0.0 }, "geometry": { "type": "Polygon", "coordinates": [ [ [ -64.92508225775876, 38.986324741888943 ], [ -64.92508225775876, 39.031115443321283 ], [ -64.999733426812668, 39.031115443321283 ], [ -64.999733426812668, 38.986324741888943 ], [ -64.92508225775876, 38.986324741888943 ] ] ] } },
{ "type": "Feature", "properties": { "row": 81, "col": 18, "mostly_overlap": false, "overlap_ratio": 0.0 }, "geometry": { "type": "Polygon", "coordinates": [ [ [ -64.92508225775876, 39.031115443321283 ], [ -64.92508225775876, 39.075906144753617 ], [ -64.999733426812668, 39.075906144753617 ], [ -64.999733426812668, 39.031115443321283 ], [ -64.92508225775876, 39.031115443321283 ] ] ] } },
{ "type": "Feature", "properties": { "row": 81, "col": 19, "mostly_overlap": false, "overlap_ratio": 0.0 }, "geometry": { "type": "Polygon", "coordinates": [ [ [ -64.92508225775876, 39.075906144753617 ], [ -64.92508225775876, 39.120696846185957 ], [ -64.999733426812668, 39.120696846185957 ], [ -64.999733426812668, 39.075906144753617 ], [ -64.92508225775876, 39.075906144753617 ] ] ] } },
{ "type": "Feature", "properties": { "row": 81, "col": 20, "mostly_overlap": false, "overlap_ratio": 0.0 }, "geometry": { "type": "Polygon", "coordinates": [ [ [ -64.92508225775876, 39.120696846185957 ], [ -64.92508225775876, 39.165487547618298 ], [ -64.999733426812668, 39.165487547618298 ], [ -64.999733426812668, 39.120696846185957 ], [ -64.92508225775876, 39.120696846185957 ] ] ] } },
{ "type": "Feature", "properties": { "row": 82, "col": 1, "mostly_overlap": false, "overlap_ratio": 0.2439 }, "geometry": { "type": "Polygon", "coordinates": [ [ [ -64.999733426812668, 38.269673518971523 ], [ -64.999733426812668, 38.314464220403863 ], [ -65.074384595866562, 38.314464220403863 ], [ -65.074384595866562, 38.269673518971523 ], [ -64.999733426812668, 38.269673518971523 ] ] ] } },
{ "type": "Feature", "properties": { "row": 82, "col": 2, "mostly_overlap": true, "overlap_ratio": 1.0 }, "geometry": { "type": "Polygon", "coordinates": [ [ [ -64.999733426812668, 38.314464220403863 ], [ -64.999733426812668, 38.359254921836197 ], [ -65.074384595866562, 38.359254921836197 ], [ -65.074384595866562, 38.314464220403863 ], [ -64.999733426812668, 38.314464220403863 ] ] ] } },
{ "type": "Feature", "properties": { "row": 82, "col": 3, "mostly_overlap": true, "overlap_ratio": 1.0 }, "geometry": { "type": "Polygon", "coordinates": [ [ [ -64.999733426812668, 38.359254921836197 ], [ -64.999733426812668, 38.404045623268537 ], [ -65.074384595866562, 38.404045623268537 ], [ -65.074384595866562, 38.359254921836197 ], [ -64.999733426812668, 38.359254921836197 ] ] ] } },
{ "type": "Feature", "properties": { "row": 82, "col": 4, "mostly_overlap": true, "overlap_ratio": 1.0 }, "geometry": { "type": "Polygon", "coordinates": [ [ [ -64.999733426812668, 38.404045623268537 ], [ -64.999733426812668, 38.448836324700878 ], [ -65.074384595866562, 38.448836324700878 ], [ -65.074384595866562, 38.404045623268537 ], [ -64.999733426812668, 38.404045623268537 ] ] ] } },
{ "type": "Feature", "properties": { "row": 82, "col": 5, "mostly_overlap": true, "overlap_ratio": 1.0 }, "geometry": { "type": "Polygon", "coordinates": [ [ [ -64.999733426812668, 38.448836324700878 ], [ -64.999733426812668, 38.493627026133218 ], [ -65.074384595866562, 38.493627026133218 ], [ -65.074384595866562, 38.448836324700878 ], [ -64.999733426812668, 38.448836324700878 ] ] ] } },
{ "type": "Feature", "properties": { "row": 82, "col": 6, "mostly_overlap": true, "overlap_ratio": 1.0 }, "geometry": { "type": "Polygon", "coordinates": [ [ [ -64.999733426812668, 38.493627026133218 ], [ -64.999733426812668, 38.538417727565552 ], [ -65.074384595866562, 38.538417727565552 ], [ -65.074384595866562, 38.493627026133218 ], [ -64.999733426812668, 38.493627026133218 ] ] ] } },
{ "type": "Feature", "properties": { "row": 82, "col": 7, "mostly_overlap": true, "overlap_ratio": 1.0 }, "geometry": { "type": "Polygon", "coordinates": [ [ [ -64.999733426812668, 38.538417727565552 ], [ -64.999733426812668, 38.583208428997892 ], [ -65.074384595866562, 38.583208428997892 ], [ -65.074384595866562, 38.538417727565552 ], [ -64.999733426812668, 38.538417727565552 ] ] ] } },
{ "type": "Feature", "properties": { "row": 82, "col": 8, "mostly_overlap": true, "overlap_ratio": 1.0 }, "geometry": { "type": "Polygon", "coordinates": [ [ [ -64.999733426812668, 38.583208428997892 ], [ -64.999733426812668, 38.627999130430233 ], [ -65.074384595866562, 38.627999130430233 ], [ -65.074384595866562, 38.583208428997892 ], [ -64.999733426812668, 38.583208428997892 ] ] ] } },
{ "type": "Feature", "properties": { "row": 82, "col": 9, "mostly_overlap": true, "overlap_ratio": 1.0 }, "geometry": { "type": "Polygon", "coordinates": [ [ [ -64.999733426812668, 38.627999130430233 ], [ -64.999733426812668, 38.672789831862573 ], [ -65.074384595866562, 38.672789831862573 ], [ -65.074384595866562, 38.627999130430233 ], [ -64.999733426812668, 38.627999130430233 ] ] ] } },
{ "type": "Feature", "properties": { "row": 82, "col": 10, "mostly_overlap": true, "overlap_ratio": 1.0 }, "geometry": { "type": "Polygon", "coordinates": [ [ [ -64.999733426812668, 38.672789831862573 ], [ -64.999733426812668, 38.717580533294907 ], [ -65.074384595866562, 38.717580533294907 ], [ -65.074384595866562, 38.672789831862573 ], [ -64.999733426812668, 38.672789831862573 ] ] ] } },
{ "type": "Feature", "properties": { "row": 82, "col": 11, "mostly_overlap": true, "overlap_ratio": 0.6421 }, "geometry": { "type": "Polygon", "coordinates": [ [ [ -64.999733426812668, 38.717580533294907 ], [ -64.999733426812668, 38.762371234727247 ], [ -65.074384595866562, 38.762371234727247 ], [ -65.074384595866562, 38.717580533294907 ], [ -64.999733426812668, 38.717580533294907 ] ] ] } },
{ "type": "Feature", "properties": { "row": 82, "col": 12, "mostly_overlap": false, "overlap_ratio": 0.0 }, "geometry": { "type": "Polygon", "coordinates": [ [ [ -64.999733426812668, 38.762371234727247 ], [ -64.999733426812668, 38.807161936159588 ], [ -65.074384595866562, 38.807161936159588 ], [ -65.074384595866562, 38.762371234727247 ], [ -64.999733426812668, 38.762371234727247 ] ] ] } },
{ "type": "Feature", "properties": { "row": 82, "col": 13, "mostly_overlap": false, "overlap_ratio": 0.0 }, "geometry": { "type": "Polygon", "coordinates": [ [ [ -64.999733426812668, 38.807161936159588 ], [ -64.999733426812668, 38.851952637591928 ], [ -65.074384595866562, 38.851952637591928 ], [ -65.074384595866562, 38.807161936159588 ], [ -64.999733426812668, 38.807161936159588 ] ] ] } },
{ "type": "Feature", "properties": { "row": 82, "col": 14, "mostly_overlap": false, "overlap_ratio": 0.0 }, "geometry": { "type": "Polygon", "coordinates": [ [ [ -64.999733426812668, 38.851952637591928 ], [ -64.999733426812668, 38.896743339024269 ], [ -65.074384595866562, 38.896743339024269 ], [ -65.074384595866562, 38.851952637591928 ], [ -64.999733426812668, 38.851952637591928 ] ] ] } },
{ "type": "Feature", "properties": { "row": 82, "col": 15, "mostly_overlap": false, "overlap_ratio": 0.0 }, "geometry": { "type": "Polygon", "coordinates": [ [ [ -64.999733426812668, 38.896743339024269 ], [ -64.999733426812668, 38.941534040456602 ], [ -65.074384595866562, 38.941534040456602 ], [ -65.074384595866562, 38.896743339024269 ], [ -64.999733426812668, 38.896743339024269 ] ] ] } },
{ "type": "Feature", "properties": { "row": 82, "col": 16, "mostly_overlap": false, "overlap_ratio": 0.0 }, "geometry": { "type": "Polygon", "coordinates": [ [ [ -64.999733426812668, 38.941534040456602 ], [ -64.999733426812668, 38.986324741888943 ], [ -65.074384595866562, 38.986324741888943 ], [ -65.074384595866562, 38.941534040456602 ], [ -64.999733426812668, 38.941534040456602 ] ] ] } },
{ "type": "Feature", "properties": { "row": 82, "col": 17, "mostly_overlap": false, "overlap_ratio": 0.0 }, "geometry": { "type": "Polygon", "coordinates": [ [ [ -64.999733426812668, 38.986324741888943 ], [ -64.999733426812668, 39.031115443321283 ], [ -65.074384595866562, 39.031115443321283 ], [ -65.074384595866562, 38.986324741888943 ], [ -64.999733426812668, 38.986324741888943 ] ] ] } },
{ "type": "Feature", "properties": { "row": 82, "col": 18, "mostly_overlap": false, "overlap_ratio": 0.0 }, "geometry": { "type": "Polygon", "coordinates": [ [ [ -64.999733426812668, 39.031115443321283 ], [ -64.999733426812668, 39.075906144753617 ], [ -65.074384595866562, 39.075906144753617 ], [ -65.074384595866562, 39.031115443321283 ], [ -64.999733426812668, 39.031115443321283 ] ] ] } },
{ "type": "Feature", "properties": { "row": 82, "col": 19, "mostly_overlap": false, "overlap_ratio": 0.0 }, "geometry": { "type": "Polygon", "coordinates": [ [ [ -64.999733426812668, 39.075906144753617 ], [ -64.999733426812668, 39.120696846185957 ], [ -65.074384595866562, 39.120696846185957 ], [ -65.074384595866562, 39.075906144753617 ], [ -64.999733426812668, 39.075906144753617 ] ] ] } },
{ "type": "Feature", "properties": { "row": 82, "col": 20, "mostly_overlap": false, "overlap_ratio": 0.0 }, "geometry": { "type": "Polygon", "coordinates": [ [ [ -64.999733426812668, 39.120696846185957 ], [ -64.999733426812668, 39.165487547618298 ], [ -65.074384595866562, 39.165487547618298 ], [ -65.074384595866562, 39.120696846185957 ], [ -64.999733426812668, 39.120696846185957 ] ] ] } },
{ "type": "Feature", "properties": { "row": 83, "col": 1, "mostly_overlap": false, "overlap_ratio": 0.2096 }, "geometry": { "type": "Polygon", "coordinates": [ [ [ -65.074384595866562, 38.269673518971523 ], [ -65.074384595866562, 38.314464220403863 ], [ -65.149035764920455, 38.314464220403863 ], [ -65.149035764920455, 38.269673518971523 ], [ -65.074384595866562, 38.269673518971523 ] ] ] } },
{ "type": "Feature", "properties": { "row": 83, "col": 2, "mostly_overlap": true, "overlap_ratio": 1.0 }, "geometry": { "type": "Polygon", "coordinates": [ [ [ -65.074384595866562, 38.314464220403863 ], [ -65.074384595866562, 38.359254921836197 ], [ -65.149035764920455, 38.359254921836197 ], [ -65.149035764920455, 38.314464220403863 ], [ -65.074384595866562, 38.314464220403863 ] ] ] } },
{ "type": "Feature", "properties": { "row": 83, "col": 3, "mostly_overlap": true, "overlap_ratio": 1.0 }, "geometry": { "type": "Polygon", "coordinates": [ [ [ -65.074384595866562, 38.359254921836197 ], [ -65.074384595866562, 38.404045623268537 ], [ -65.149035764920455, 38.404045623268537 ], [ -65.149035764920455, 38.359254921836197 ], [ -65.074384595866562, 38.359254921836197 ] ] ] } },
{ "type": "Feature", "properties": { "row": 83, "col": 4, "mostly_overlap": true, "overlap_ratio": 1.0 }, "geometry": { "type": "Polygon", "coordinates": [ [ [ -65.074384595866562, 38.404045623268537 ], [ -65.074384595866562, 38.448836324700878 ], [ -65.149035764920455, 38.448836324700878 ], [ -65.149035764920455, 38.404045623268537 ], [ -65.074384595866562, 38.404045623268537 ] ] ] } },
{ "type": "Feature", "properties": { "row": 83, "col": 5, "mostly_overlap": true, "overlap_ratio": 1.0 }, "geometry": { "type": "Polygon", "coordinates": [ [ [ -65.074384595866562, 38.448836324700878 ], [ -65.074384595866562, 38.493627026133218 ], [ -65.149035764920455, 38.493627026133218 ], [ -65.149035764920455, 38.448836324700878 ], [ -65.074384595866562, 38.448836324700878 ] ] ] } },
{ "type": "Feature", "properties": { "row": 83, "col": 6, "mostly_overlap": true, "overlap_ratio": 1.0 }, "geometry": { "type": "Polygon", "coordinates": [ [ [ -65.074384595866562, 38.493627026133218 ], [ -65.074384595866562, 38.538417727565552 ], [ -65.149035764920455, 38.538417727565552 ], [ -65.149035764920455, 38.493627026133218 ], [ -65.074384595866562, 38.493627026133218 ] ] ] } },
{ "type": "Feature", "properties": { "row": 83, "col": 7, "mostly_overlap": true, "overlap_ratio": 1.0 }, "geometry": { "type": "Polygon", "coordinates": [ [ [ -65.074384595866562, 38.538417727565552 ], [ -65.074384595866562, 38.583208428997892 ], [ -65.149035764920455, 38.583208428997892 ], [ -65.149035764920455, 38.538417727565552 ], [ -65.074384595866562, 38.538417727565552 ] ] ] } },
{ "type": "Feature", "properties": { "row": 83, "col": 8, "mostly_overlap": true, "overlap_ratio": 1.0 }, "geometry": { "type": "Polygon", "coordinates": [ [ [ -65.074384595866562, 38.583208428997892 ], [ -65.074384595866562, 38.627999130430233 ], [ -65.149035764920455, 38.627999130430233 ], [ -65.149035764920455, 38.583208428997892 ], [ -65.074384595866562, 38.583208428997892 ] ] ] } },
{ "type": "Feature", "properties": { "row": 83, "col": 9, "mostly_overlap": true, "overlap_ratio": 1.0 }, "geometry": { "type": "Polygon", "coordinates": [ [ [ -65.074384595866562, 38.627999130430233 ], [ -65.074384595866562, 38.672789831862573 ], [ -65.149035764920455, 38.672789831862573 ], [ -65.149035764920455, 38.627999130430233 ], [ -65.074384595866562, 38.627999130430233 ] ] ] } },
{ "type": "Feature", "properties": { "row": 83, "col": 10, "mostly_overlap": true, "overlap_ratio": 1.0 }, "geometry": { "type": "Polygon", "coordinates": [ [ [ -65.074384595866562, 38.672789831862573 ], [ -65.074384595866562, 38.717580533294907 ], [ -65.149035764920455, 38.717580533294907 ], [ -65.149035764920455, 38.672789831862573 ], [ -65.074384595866562, 38.672789831862573 ] ] ] } },
{ "type": "Feature", "properties": { "row": 83, "col": 11, "mostly_overlap": true, "overlap_ratio": 0.5655 }, "geometry": { "type": "Polygon", "coordinates": [ [ [ -65.074384595866562, 38.717580533294907 ], [ -65.074384595866562, 38.762371234727247 ], [ -65.149035764920455, 38.762371234727247 ], [ -65.149035764920455, 38.717580533294907 ], [ -65.074384595866562, 38.717580533294907 ] ] ] } },
{ "type": "Feature", "properties": { "row": 83, "col": 12, "mostly_overlap": false, "overlap_ratio": 0.0 }, "geometry": { "type": "Polygon", "coordinates": [ [ [ -65.074384595866562, 38.762371234727247 ], [ -65.074384595866562, 38.807161936159588 ], [ -65.149035764920455, 38.807161936159588 ], [ -65.149035764920455, 38.762371234727247 ], [ -65.074384595866562, 38.762371234727247 ] ] ] } },
{ "type": "Feature", "properties": { "row": 83, "col": 13, "mostly_overlap": false, "overlap_ratio": 0.0 }, "geometry": { "type": "Polygon", "coordinates": [ [ [ -65.074384595866562, 38.807161936159588 ], [ -65.074384595866562, 38.851952637591928 ], [ -65.149035764920455, 38.851952637591928 ], [ -65.149035764920455, 38.807161936159588 ], [ -65.074384595866562, 38.807161936159588 ] ] ] } },
{ "type": "Feature", "properties": { "row": 83, "col": 14, "mostly_overlap": false, "overlap_ratio": 0.0 }, "geometry": { "type": "Polygon", "coordinates": [ [ [ -65.074384595866562, 38.851952637591928 ], [ -65.074384595866562, 38.896743339024269 ], [ -65.149035764920455, 38.896743339024269 ], [ -65.149035764920455, 38.851952637591928 ], [ -65.074384595866562, 38.851952637591928 ] ] ] } },
{ "type": "Feature", "properties": { "row": 83, "col": 15, "mostly_overlap": false, "overlap_ratio": 0.0 }, "geometry": { "type": "Polygon", "coordinates": [ [ [ -65.074384595866562, 38.896743339024269 ], [ -65.074384595866562, 38.941534040456602 ], [ -65.149035764920455, 38.941534040456602 ], [ -65.149035764920455, 38.896743339024269 ], [ -65.074384595866562, 38.896743339024269 ] ] ] } },
{ "type": "Feature", "properties": { "row": 83, "col": 16, "mostly_overlap": false, "overlap_ratio": 0.0 }, "geometry": { "type": "Polygon", "coordinates": [ [ [ -65.074384595866562, 38.941534040456602 ], [ -65.074384595866562, 38.986324741888943 ], [ -65.149035764920455, 38.986324741888943 ], [ -65.149035764920455, 38.941534040456602 ], [ -65.074384595866562, 38.941534040456602 ] ] ] } },
{ "type": "Feature", "properties": { "row": 83, "col": 17, "mostly_overlap": false, "overlap_ratio": 0.0 }, "geometry": { "type": "Polygon", "coordinates": [ [ [ -65.074384595866562, 38.986324741888943 ], [ -65.074384595866562, 39.031115443321283 ], [ -65.149035764920455, 39.031115443321283 ], [ -65.149035764920455, 38.986324741888943 ], [ -65.074384595866562, 38.986324741888943 ] ] ] } },
{ "type": "Feature", "properties": { "row": 83, "col": 18, "mostly_overlap": false, "overlap_ratio": 0.0 }, "geometry": { "type": "Polygon", "coordinates": [ [ [ -65.074384595866562, 39.031115443321283 ], [ -65.074384595866562, 39.075906144753617 ], [ -65.149035764920455, 39.075906144753617 ], [ -65.149035764920455, 39.031115443321283 ], [ -65.074384595866562, 39.031115443321283 ] ] ] } },
{ "type": "Feature", "properties": { "row": 83, "col": 19, "mostly_overlap": false, "overlap_ratio": 0.0 }, "geometry": { "type": "Polygon", "coordinates": [ [ [ -65.074384595866562, 39.075906144753617 ], [ -65.074384595866562, 39.120696846185957 ], [ -65.149035764920455, 39.120696846185957 ], [ -65.149035764920455, 39.075906144753617 ], [ -65.074384595866562, 39.075906144753617 ] ] ] } },
{ "type": "Feature", "properties": { "row": 83, "col": 20, "mostly_overlap": false, "overlap_ratio": 0.0 }, "geometry": { "type": "Polygon", "coordinates": [ [ [ -65.074384595866562, 39.120696846185957 ], [ -65.074384595866562, 39.165487547618298 ], [ -65.149035764920455, 39.165487547618298 ], [ -65.149035764920455, 39.120696846185957 ], [ -65.074384595866562, 39.120696846185957 ] ] ] } },
{ "type": "Feature", "properties": { "row": 84, "col": 1, "mostly_overlap": false, "overlap_ratio": 0.1754 }, "geometry": { "type": "Polygon", "coordinates": [ [ [ -65.149035764920455, 38.269673518971523 ], [ -65.149035764920455, 38.314464220403863 ], [ -65.223686933974363, 38.314464220403863 ], [ -65.223686933974363, 38.269673518971523 ], [ -65.149035764920455, 38.269673518971523 ] ] ] } },
{ "type": "Feature", "properties": { "row": 84, "col": 2, "mostly_overlap": true, "overlap_ratio": 1.0 }, "geometry": { "type": "Polygon", "coordinates": [ [ [ -65.149035764920455, 38.314464220403863 ], [ -65.149035764920455, 38.359254921836197 ], [ -65.223686933974363, 38.359254921836197 ], [ -65.223686933974363, 38.314464220403863 ], [ -65.149035764920455, 38.314464220403863 ] ] ] } },
{ "type": "Feature", "properties": { "row": 84, "col": 3, "mostly_overlap": true, "overlap_ratio": 1.0 }, "geometry": { "type": "Polygon", "coordinates": [ [ [ -65.149035764920455, 38.359254921836197 ], [ -65.149035764920455, 38.404045623268537 ], [ -65.223686933974363, 38.404045623268537 ], [ -65.223686933974363, 38.359254921836197 ], [ -65.149035764920455, 38.359254921836197 ] ] ] } },
{ "type": "Feature", "properties": { "row": 84, "col": 4, "mostly_overlap": true, "overlap_ratio": 1.0 }, "geometry": { "type": "Polygon", "coordinates": [ [ [ -65.149035764920455, 38.404045623268537 ], [ -65.149035764920455, 38.448836324700878 ], [ -65.223686933974363, 38.448836324700878 ], [ -65.223686933974363, 38.404045623268537 ], [ -65.149035764920455, 38.404045623268537 ] ] ] } },
{ "type": "Feature", "properties": { "row": 84, "col": 5, "mostly_overlap": true, "overlap_ratio": 1.0 }, "geometry": { "type": "Polygon", "coordinates": [ [ [ -65.149035764920455, 38.448836324700878 ], [ -65.149035764920455, 38.493627026133218 ], [ -65.223686933974363, 38.493627026133218 ], [ -65.223686933974363, 38.448836324700878 ], [ -65.149035764920455, 38.448836324700878 ] ] ] } },
{ "type": "Feature", "properties": { "row": 84, "col": 6, "mostly_overlap": true, "overlap_ratio": 1.0 }, "geometry": { "type": "Polygon", "coordinates": [ [ [ -65.149035764920455, 38.493627026133218 ], [ -65.149035764920455, 38.538417727565552 ], [ -65.223686933974363, 38.538417727565552 ], [ -65.223686933974363, 38.493627026133218 ], [ -65.149035764920455, 38.493627026133218 ] ] ] } },
{ "type": "Feature", "properties": { "row": 84, "col": 7, "mostly_overlap": true, "overlap_ratio": 1.0 }, "geometry": { "type": "Polygon", "coordinates": [ [ [ -65.149035764920455, 38.538417727565552 ], [ -65.149035764920455, 38.583208428997892 ], [ -65.223686933974363, 38.583208428997892 ], [ -65.223686933974363, 38.538417727565552 ], [ -65.149035764920455, 38.538417727565552 ] ] ] } },
{ "type": "Feature", "properties": { "row": 84, "col": 8, "mostly_overlap": true, "overlap_ratio": 1.0 }, "geometry": { "type": "Polygon", "coordinates": [ [ [ -65.149035764920455, 38.583208428997892 ], [ -65.149035764920455, 38.627999130430233 ], [ -65.223686933974363, 38.627999130430233 ], [ -65.223686933974363, 38.583208428997892 ], [ -65.149035764920455, 38.583208428997892 ] ] ] } },
{ "type": "Feature", "properties": { "row": 84, "col": 9, "mostly_overlap": true, "overlap_ratio": 1.0 }, "geometry": { "type": "Polygon", "coordinates": [ [ [ -65.149035764920455, 38.627999130430233 ], [ -65.149035764920455, 38.672789831862573 ], [ -65.223686933974363, 38.672789831862573 ], [ -65.223686933974363, 38.627999130430233 ], [ -65.149035764920455, 38.627999130430233 ] ] ] } },
{ "type": "Feature", "properties": { "row": 84, "col": 10, "mostly_overlap": true, "overlap_ratio": 1.0 }, "geometry": { "type": "Polygon", "coordinates": [ [ [ -65.149035764920455, 38.672789831862573 ], [ -65.149035764920455, 38.717580533294907 ], [ -65.223686933974363, 38.717580533294907 ], [ -65.223686933974363, 38.672789831862573 ], [ -65.149035764920455, 38.672789831862573 ] ] ] } },
{ "type": "Feature", "properties": { "row": 84, "col": 11, "mostly_overlap": false, "overlap_ratio": 0.4738 }, "geometry": { "type": "Polygon", "coordinates": [ [ [ -65.149035764920455, 38.717580533294907 ], [ -65.149035764920455, 38.762371234727247 ], [ -65.223686933974363, 38.762371234727247 ], [ -65.223686933974363, 38.717580533294907 ], [ -65.149035764920455, 38.717580533294907 ] ] ] } },
{ "type": "Feature", "properties": { "row": 84, "col": 12, "mostly_overlap": false, "overlap_ratio": 0.0 }, "geometry": { "type": "Polygon", "coordinates": [ [ [ -65.149035764920455, 38.762371234727247 ], [ -65.149035764920455, 38.807161936159588 ], [ -65.223686933974363, 38.807161936159588 ], [ -65.223686933974363, 38.762371234727247 ], [ -65.149035764920455, 38.762371234727247 ] ] ] } },
{ "type": "Feature", "properties": { "row": 84, "col": 13, "mostly_overlap": false, "overlap_ratio": 0.0 }, "geometry": { "type": "Polygon", "coordinates": [ [ [ -65.149035764920455, 38.807161936159588 ], [ -65.149035764920455, 38.851952637591928 ], [ -65.223686933974363, 38.851952637591928 ], [ -65.223686933974363, 38.807161936159588 ], [ -65.149035764920455, 38.807161936159588 ] ] ] } },
{ "type": "Feature", "properties": { "row": 84, "col": 14, "mostly_overlap": false, "overlap_ratio": 0.0 }, "geometry": { "type": "Polygon", "coordinates": [ [ [ -65.149035764920455, 38.851952637591928 ], [ -65.149035764920455, 38.896743339024269 ], [ -65.223686933974363, 38.896743339024269 ], [ -65.223686933974363, 38.851952637591928 ], [ -65.149035764920455, 38.851952637591928 ] ] ] } },
{ "type": "Feature", "properties": { "row": 84, "col": 15, "mostly_overlap": false, "overlap_ratio": 0.0 }, "geometry": { "type": "Polygon", "coordinates": [ [ [ -65.149035764920455, 38.896743339024269 ], [ -65.149035764920455, 38.941534040456602 ], [ -65.223686933974363, 38.941534040456602 ], [ -65.223686933974363, 38.896743339024269 ], [ -65.149035764920455, 38.896743339024269 ] ] ] } },
{ "type": "Feature", "properties": { "row": 84, "col": 16, "mostly_overlap": false, "overlap_ratio": 0.0 }, "geometry": { "type": "Polygon", "coordinates": [ [ [ -65.149035764920455, 38.941534040456602 ], [ -65.149035764920455, 38.986324741888943 ], [ -65.223686933974363, 38.986324741888943 ], [ -65.223686933974363, 38.941534040456602 ], [ -65.149035764920455, 38.941534040456602 ] ] ] } },
{ "type": "Feature", "properties": { "row": 84, "col": 17, "mostly_overlap": false, "overlap_ratio": 0.0 }, "geometry": { "type": "Polygon", "coordinates": [ [ [ -65.149035764920455, 38.986324741888943 ], [ -65.149035764920455, 39.031115443321283 ], [ -65.223686933974363, 39.031115443321283 ], [ -65.223686933974363, 38.986324741888943 ], [ -65.149035764920455, 38.986324741888943 ] ] ] } },
{ "type": "Feature", "properties": { "row": 84, "col": 18, "mostly_overlap": false, "overlap_ratio": 0.0 }, "geometry": { "type": "Polygon", "coordinates": [ [ [ -65.149035764920455, 39.031115443321283 ], [ -65.149035764920455, 39.075906144753617 ], [ -65.223686933974363, 39.075906144753617 ], [ -65.223686933974363, 39.031115443321283 ], [ -65.149035764920455, 39.031115443321283 ] ] ] } },
{ "type": "Feature", "properties": { "row": 84, "col": 19, "mostly_overlap": false, "overlap_ratio": 0.0 }, "geometry": { "type": "Polygon", "coordinates": [ [ [ -65.149035764920455, 39.075906144753617 ], [ -65.149035764920455, 39.120696846185957 ], [ -65.223686933974363, 39.120696846185957 ], [ -65.223686933974363, 39.075906144753617 ], [ -65.149035764920455, 39.075906144753617 ] ] ] } },
{ "type": "Feature", "properties": { "row": 84, "col": 20, "mostly_overlap": false, "overlap_ratio": 0.0 }, "geometry": { "type": "Polygon", "coordinates": [ [ [ -65.149035764920455, 39.120696846185957 ], [ -65.149035764920455, 39.165487547618298 ], [ -65.223686933974363, 39.165487547618298 ], [ -65.223686933974363, 39.120696846185957 ], [ -65.149035764920455, 39.120696846185957 ] ] ] } },
{ "type": "Feature", "properties": { "row": 85, "col": 1, "mostly_overlap": false, "overlap_ratio": 0.1423 }, "geometry": { "type": "Polygon", "coordinates": [ [ [ -65.223686933974363, 38.269673518971523 ], [ -65.223686933974363, 38.314464220403863 ], [ -65.298338103028257, 38.314464220403863 ], [ -65.298338103028257, 38.269673518971523 ], [ -65.223686933974363, 38.269673518971523 ] ] ] } },
{ "type": "Feature", "properties": { "row": 85, "col": 2, "mostly_overlap": true, "overlap_ratio": 1.0 }, "geometry": { "type": "Polygon", "coordinates": [ [ [ -65.223686933974363, 38.314464220403863 ], [ -65.223686933974363, 38.359254921836197 ], [ -65.298338103028257, 38.359254921836197 ], [ -65.298338103028257, 38.314464220403863 ], [ -65.223686933974363, 38.314464220403863 ] ] ] } },
{ "type": "Feature", "properties": { "row": 85, "col": 3, "mostly_overlap": true, "overlap_ratio": 1.0 }, "geometry": { "type": "Polygon", "coordinates": [ [ [ -65.223686933974363, 38.359254921836197 ], [ -65.223686933974363, 38.404045623268537 ], [ -65.298338103028257, 38.404045623268537 ], [ -65.298338103028257, 38.359254921836197 ], [ -65.223686933974363, 38.359254921836197 ] ] ] } },
{ "type": "Feature", "properties": { "row": 85, "col": 4, "mostly_overlap": true, "overlap_ratio": 1.0 }, "geometry": { "type": "Polygon", "coordinates": [ [ [ -65.223686933974363, 38.404045623268537 ], [ -65.223686933974363, 38.448836324700878 ], [ -65.298338103028257, 38.448836324700878 ], [ -65.298338103028257, 38.404045623268537 ], [ -65.223686933974363, 38.404045623268537 ] ] ] } },
{ "type": "Feature", "properties": { "row": 85, "col": 5, "mostly_overlap": true, "overlap_ratio": 1.0 }, "geometry": { "type": "Polygon", "coordinates": [ [ [ -65.223686933974363, 38.448836324700878 ], [ -65.223686933974363, 38.493627026133218 ], [ -65.298338103028257, 38.493627026133218 ], [ -65.298338103028257, 38.448836324700878 ], [ -65.223686933974363, 38.448836324700878 ] ] ] } },
{ "type": "Feature", "properties": { "row": 85, "col": 6, "mostly_overlap": true, "overlap_ratio": 1.0 }, "geometry": { "type": "Polygon", "coordinates": [ [ [ -65.223686933974363, 38.493627026133218 ], [ -65.223686933974363, 38.538417727565552 ], [ -65.298338103028257, 38.538417727565552 ], [ -65.298338103028257, 38.493627026133218 ], [ -65.223686933974363, 38.493627026133218 ] ] ] } },
{ "type": "Feature", "properties": { "row": 85, "col": 7, "mostly_overlap": true, "overlap_ratio": 1.0 }, "geometry": { "type": "Polygon", "coordinates": [ [ [ -65.223686933974363, 38.538417727565552 ], [ -65.223686933974363, 38.583208428997892 ], [ -65.298338103028257, 38.583208428997892 ], [ -65.298338103028257, 38.538417727565552 ], [ -65.223686933974363, 38.538417727565552 ] ] ] } },
{ "type": "Feature", "properties": { "row": 85, "col": 8, "mostly_overlap": true, "overlap_ratio": 1.0 }, "geometry": { "type": "Polygon", "coordinates": [ [ [ -65.223686933974363, 38.583208428997892 ], [ -65.223686933974363, 38.627999130430233 ], [ -65.298338103028257, 38.627999130430233 ], [ -65.298338103028257, 38.583208428997892 ], [ -65.223686933974363, 38.583208428997892 ] ] ] } },
{ "type": "Feature", "properties": { "row": 85, "col": 9, "mostly_overlap": true, "overlap_ratio": 1.0 }, "geometry": { "type": "Polygon", "coordinates": [ [ [ -65.223686933974363, 38.627999130430233 ], [ -65.223686933974363, 38.672789831862573 ], [ -65.298338103028257, 38.672789831862573 ], [ -65.298338103028257, 38.627999130430233 ], [ -65.223686933974363, 38.627999130430233 ] ] ] } },
{ "type": "Feature", "properties": { "row": 85, "col": 10, "mostly_overlap": true, "overlap_ratio": 1.0 }, "geometry": { "type": "Polygon", "coordinates": [ [ [ -65.223686933974363, 38.672789831862573 ], [ -65.223686933974363, 38.717580533294907 ], [ -65.298338103028257, 38.717580533294907 ], [ -65.298338103028257, 38.672789831862573 ], [ -65.223686933974363, 38.672789831862573 ] ] ] } },
{ "type": "Feature", "properties": { "row": 85, "col": 11, "mostly_overlap": false, "overlap_ratio": 0.3864 }, "geometry": { "type": "Polygon", "coordinates": [ [ [ -65.223686933974363, 38.717580533294907 ], [ -65.223686933974363, 38.762371234727247 ], [ -65.298338103028257, 38.762371234727247 ], [ -65.298338103028257, 38.717580533294907 ], [ -65.223686933974363, 38.717580533294907 ] ] ] } },
{ "type": "Feature", "properties": { "row": 85, "col": 12, "mostly_overlap": false, "overlap_ratio": 0.0 }, "geometry": { "type": "Polygon", "coordinates": [ [ [ -65.223686933974363, 38.762371234727247 ], [ -65.223686933974363, 38.807161936159588 ], [ -65.298338103028257, 38.807161936159588 ], [ -65.298338103028257, 38.762371234727247 ], [ -65.223686933974363, 38.762371234727247 ] ] ] } },
{ "type": "Feature", "properties": { "row": 85, "col": 13, "mostly_overlap": false, "overlap_ratio": 0.0 }, "geometry": { "type": "Polygon", "coordinates": [ [ [ -65.223686933974363, 38.807161936159588 ], [ -65.223686933974363, 38.851952637591928 ], [ -65.298338103028257, 38.851952637591928 ], [ -65.298338103028257, 38.807161936159588 ], [ -65.223686933974363, 38.807161936159588 ] ] ] } },
{ "type": "Feature", "properties": { "row": 85, "col": 14, "mostly_overlap": false, "overlap_ratio": 0.0 }, "geometry": { "type": "Polygon", "coordinates": [ [ [ -65.223686933974363, 38.851952637591928 ], [ -65.223686933974363, 38.896743339024269 ], [ -65.298338103028257, 38.896743339024269 ], [ -65.298338103028257, 38.851952637591928 ], [ -65.223686933974363, 38.851952637591928 ] ] ] } },
{ "type": "Feature", "properties": { "row": 85, "col": 15, "mostly_overlap": false, "overlap_ratio": 0.0 }, "geometry": { "type": "Polygon", "coordinates": [ [ [ -65.223686933974363, 38.896743339024269 ], [ -65.223686933974363, 38.941534040456602 ], [ -65.298338103028257, 38.941534040456602 ], [ -65.298338103028257, 38.896743339024269 ], [ -65.223686933974363, 38.896743339024269 ] ] ] } },
{ "type": "Feature", "properties": { "row": 85, "col": 16, "mostly_overlap": false, "overlap_ratio": 0.0 }, "geometry": { "type": "Polygon", "coordinates": [ [ [ -65.223686933974363, 38.941534040456602 ], [ -65.223686933974363, 38.986324741888943 ], [ -65.298338103028257, 38.986324741888943 ], [ -65.298338103028257, 38.941534040456602 ], [ -65.223686933974363, 38.941534040456602 ] ] ] } },
{ "type": "Feature", "properties": { "row": 85, "col": 17, "mostly_overlap": false, "overlap_ratio": 0.0 }, "geometry": { "type": "Polygon", "coordinates": [ [ [ -65.223686933974363, 38.986324741888943 ], [ -65.223686933974363, 39.031115443321283 ], [ -65.298338103028257, 39.031115443321283 ], [ -65.298338103028257, 38.986324741888943 ], [ -65.223686933974363, 38.986324741888943 ] ] ] } },
{ "type": "Feature", "properties": { "row": 85, "col": 18, "mostly_overlap": false, "overlap_ratio": 0.0 }, "geometry": { "type": "Polygon", "coordinates": [ [ [ -65.223686933974363, 39.031115443321283 ], [ -65.223686933974363, 39.075906144753617 ], [ -65.298338103028257, 39.075906144753617 ], [ -65.298338103028257, 39.031115443321283 ], [ -65.223686933974363, 39.031115443321283 ] ] ] } },
{ "type": "Feature", "properties": { "row": 85, "col": 19, "mostly_overlap": false, "overlap_ratio": 0.0 }, "geometry": { "type": "Polygon", "coordinates": [ [ [ -65.223686933974363, 39.075906144753617 ], [ -65.223686933974363, 39.120696846185957 ], [ -65.298338103028257, 39.120696846185957 ], [ -65.298338103028257, 39.075906144753617 ], [ -65.223686933974363, 39.075906144753617 ] ] ] } },
{ "type": "Feature", "properties": { "row": 85, "col": 20, "mostly_overlap": false, "overlap_ratio": 0.0 }, "geometry": { "type": "Polygon", "coordinates": [ [ [ -65.223686933974363, 39.120696846185957 ], [ -65.223686933974363, 39.165487547618298 ], [ -65.298338103028257, 39.165487547618298 ], [ -65.298338103028257, 39.120696846185957 ], [ -65.223686933974363, 39.120696846185957 ] ] ] } },
{ "type": "Feature", "properties": { "row": 86, "col": 1, "mostly_overlap": false, "overlap_ratio": 0.1114 }, "geometry": { "type": "Polygon", "coordinates": [ [ [ -65.298338103028257, 38.269673518971523 ], [ -65.298338103028257, 38.314464220403863 ], [ -65.372989272082151, 38.314464220403863 ], [ -65.372989272082151, 38.269673518971523 ], [ -65.298338103028257, 38.269673518971523 ] ] ] } },
{ "type": "Feature", "properties": { "row": 86, "col": 2, "mostly_overlap": true, "overlap_ratio": 1.0 }, "geometry": { "type": "Polygon", "coordinates": [ [ [ -65.298338103028257, 38.314464220403863 ], [ -65.298338103028257, 38.359254921836197 ], [ -65.372989272082151, 38.359254921836197 ], [ -65.372989272082151, 38.314464220403863 ], [ -65.298338103028257, 38.314464220403863 ] ] ] } },
{ "type": "Feature", "properties": { "row": 86, "col": 3, "mostly_overlap": true, "overlap_ratio": 1.0 }, "geometry": { "type": "Polygon", "coordinates": [ [ [ -65.298338103028257, 38.359254921836197 ], [ -65.298338103028257, 38.404045623268537 ], [ -65.372989272082151, 38.404045623268537 ], [ -65.372989272082151, 38.359254921836197 ], [ -65.298338103028257, 38.359254921836197 ] ] ] } },
{ "type": "Feature", "properties": { "row": 86, "col": 4, "mostly_overlap": true, "overlap_ratio": 1.0 }, "geometry": { "type": "Polygon", "coordinates": [ [ [ -65.298338103028257, 38.404045623268537 ], [ -65.298338103028257, 38.448836324700878 ], [ -65.372989272082151, 38.448836324700878 ], [ -65.372989272082151, 38.404045623268537 ], [ -65.298338103028257, 38.404045623268537 ] ] ] } },
{ "type": "Feature", "properties": { "row": 86, "col": 5, "mostly_overlap": true, "overlap_ratio": 1.0 }, "geometry": { "type": "Polygon", "coordinates": [ [ [ -65.298338103028257, 38.448836324700878 ], [ -65.298338103028257, 38.493627026133218 ], [ -65.372989272082151, 38.493627026133218 ], [ -65.372989272082151, 38.448836324700878 ], [ -65.298338103028257, 38.448836324700878 ] ] ] } },
{ "type": "Feature", "properties": { "row": 86, "col": 6, "mostly_overlap": true, "overlap_ratio": 1.0 }, "geometry": { "type": "Polygon", "coordinates": [ [ [ -65.298338103028257, 38.493627026133218 ], [ -65.298338103028257, 38.538417727565552 ], [ -65.372989272082151, 38.538417727565552 ], [ -65.372989272082151, 38.493627026133218 ], [ -65.298338103028257, 38.493627026133218 ] ] ] } },
{ "type": "Feature", "properties": { "row": 86, "col": 7, "mostly_overlap": true, "overlap_ratio": 1.0 }, "geometry": { "type": "Polygon", "coordinates": [ [ [ -65.298338103028257, 38.538417727565552 ], [ -65.298338103028257, 38.583208428997892 ], [ -65.372989272082151, 38.583208428997892 ], [ -65.372989272082151, 38.538417727565552 ], [ -65.298338103028257, 38.538417727565552 ] ] ] } },
{ "type": "Feature", "properties": { "row": 86, "col": 8, "mostly_overlap": true, "overlap_ratio": 1.0 }, "geometry": { "type": "Polygon", "coordinates": [ [ [ -65.298338103028257, 38.583208428997892 ], [ -65.298338103028257, 38.627999130430233 ], [ -65.372989272082151, 38.627999130430233 ], [ -65.372989272082151, 38.583208428997892 ], [ -65.298338103028257, 38.583208428997892 ] ] ] } },
{ "type": "Feature", "properties": { "row": 86, "col": 9, "mostly_overlap": true, "overlap_ratio": 1.0 }, "geometry": { "type": "Polygon", "coordinates": [ [ [ -65.298338103028257, 38.627999130430233 ], [ -65.298338103028257, 38.672789831862573 ], [ -65.372989272082151, 38.672789831862573 ], [ -65.372989272082151, 38.627999130430233 ], [ -65.298338103028257, 38.627999130430233 ] ] ] } },
{ "type": "Feature", "properties": { "row": 86, "col": 10, "mostly_overlap": true, "overlap_ratio": 1.0 }, "geometry": { "type": "Polygon", "coordinates": [ [ [ -65.298338103028257, 38.672789831862573 ], [ -65.298338103028257, 38.717580533294907 ], [ -65.372989272082151, 38.717580533294907 ], [ -65.372989272082151, 38.672789831862573 ], [ -65.298338103028257, 38.672789831862573 ] ] ] } },
{ "type": "Feature", "properties": { "row": 86, "col": 11, "mostly_overlap": false, "overlap_ratio": 0.3182 }, "geometry": { "type": "Polygon", "coordinates": [ [ [ -65.298338103028257, 38.717580533294907 ], [ -65.298338103028257, 38.762371234727247 ], [ -65.372989272082151, 38.762371234727247 ], [ -65.372989272082151, 38.717580533294907 ], [ -65.298338103028257, 38.717580533294907 ] ] ] } },
{ "type": "Feature", "properties": { "row": 86, "col": 12, "mostly_overlap": false, "overlap_ratio": 0.0 }, "geometry": { "type": "Polygon", "coordinates": [ [ [ -65.298338103028257, 38.762371234727247 ], [ -65.298338103028257, 38.807161936159588 ], [ -65.372989272082151, 38.807161936159588 ], [ -65.372989272082151, 38.762371234727247 ], [ -65.298338103028257, 38.762371234727247 ] ] ] } },
{ "type": "Feature", "properties": { "row": 86, "col": 13, "mostly_overlap": false, "overlap_ratio": 0.0 }, "geometry": { "type": "Polygon", "coordinates": [ [ [ -65.298338103028257, 38.807161936159588 ], [ -65.298338103028257, 38.851952637591928 ], [ -65.372989272082151, 38.851952637591928 ], [ -65.372989272082151, 38.807161936159588 ], [ -65.298338103028257, 38.807161936159588 ] ] ] } },
{ "type": "Feature", "properties": { "row": 86, "col": 14, "mostly_overlap": false, "overlap_ratio": 0.0 }, "geometry": { "type": "Polygon", "coordinates": [ [ [ -65.298338103028257, 38.851952637591928 ], [ -65.298338103028257, 38.896743339024269 ], [ -65.372989272082151, 38.896743339024269 ], [ -65.372989272082151, 38.851952637591928 ], [ -65.298338103028257, 38.851952637591928 ] ] ] } },
{ "type": "Feature", "properties": { "row": 86, "col": 15, "mostly_overlap": false, "overlap_ratio": 0.0 }, "geometry": { "type": "Polygon", "coordinates": [ [ [ -65.298338103028257, 38.896743339024269 ], [ -65.298338103028257, 38.941534040456602 ], [ -65.372989272082151, 38.941534040456602 ], [ -65.372989272082151, 38.896743339024269 ], [ -65.298338103028257, 38.896743339024269 ] ] ] } },
{ "type": "Feature", "properties": { "row": 86, "col": 16, "mostly_overlap": false, "overlap_ratio": 0.0 }, "geometry": { "type": "Polygon", "coordinates": [ [ [ -65.298338103028257, 38.941534040456602 ], [ -65.298338103028257, 38.986324741888943 ], [ -65.372989272082151, 38.986324741888943 ], [ -65.372989272082151, 38.941534040456602 ], [ -65.298338103028257, 38.941534040456602 ] ] ] } },
{ "type": "Feature", "properties": { "row": 86, "col": 17, "mostly_overlap": false, "overlap_ratio": 0.0 }, "geometry": { "type": "Polygon", "coordinates": [ [ [ -65.298338103028257, 38.986324741888943 ], [ -65.298338103028257, 39.031115443321283 ], [ -65.372989272082151, 39.031115443321283 ], [ -65.372989272082151, 38.986324741888943 ], [ -65.298338103028257, 38.986324741888943 ] ] ] } },
{ "type": "Feature", "properties": { "row": 86, "col": 18, "mostly_overlap": false, "overlap_ratio": 0.0 }, "geometry": { "type": "Polygon", "coordinates": [ [ [ -65.298338103028257, 39.031115443321283 ], [ -65.298338103028257, 39.075906144753617 ], [ -65.372989272082151, 39.075906144753617 ], [ -65.372989272082151, 39.031115443321283 ], [ -65.298338103028257, 39.031115443321283 ] ] ] } },
{ "type": "Feature", "properties": { "row": 86, "col": 19, "mostly_overlap": false, "overlap_ratio": 0.0 }, "geometry": { "type": "Polygon", "coordinates": [ [ [ -65.298338103028257, 39.075906144753617 ], [ -65.298338103028257, 39.120696846185957 ], [ -65.372989272082151, 39.120696846185957 ], [ -65.372989272082151, 39.075906144753617 ], [ -65.298338103028257, 39.075906144753617 ] ] ] } },
{ "type": "Feature", "properties": { "row": 86, "col": 20, "mostly_overlap": false, "overlap_ratio": 0.0 }, "geometry": { "type": "Polygon", "coordinates": [ [ [ -65.298338103028257, 39.120696846185957 ], [ -65.298338103028257, 39.165487547618298 ], [ -65.372989272082151, 39.165487547618298 ], [ -65.372989272082151, 39.120696846185957 ], [ -65.298338103028257, 39.120696846185957 ] ] ] } },
{ "type": "Feature", "properties": { "row": 87, "col": 1, "mostly_overlap": false, "overlap_ratio": 0.0606 }, "geometry": { "type": "Polygon", "coordinates": [ [ [ -65.372989272082151, 38.269673518971523 ], [ -65.372989272082151, 38.314464220403863 ], [ -65.447640441136059, 38.314464220403863 ], [ -65.447640441136059, 38.269673518971523 ], [ -65.372989272082151, 38.269673518971523 ] ] ] } },
{ "type": "Feature", "properties": { "row": 87, "col": 2, "mostly_overlap": true, "overlap_ratio": 1.0 }, "geometry": { "type": "Polygon", "coordinates": [ [ [ -65.372989272082151, 38.314464220403863 ], [ -65.372989272082151, 38.359254921836197 ], [ -65.447640441136059, 38.359254921836197 ], [ -65.447640441136059, 38.314464220403863 ], [ -65.372989272082151, 38.314464220403863 ] ] ] } },
{ "type": "Feature", "properties": { "row": 87, "col": 3, "mostly_overlap": true, "overlap_ratio": 1.0 }, "geometry": { "type": "Polygon", "coordinates": [ [ [ -65.372989272082151, 38.359254921836197 ], [ -65.372989272082151, 38.404045623268537 ], [ -65.447640441136059, 38.404045623268537 ], [ -65.447640441136059, 38.359254921836197 ], [ -65.372989272082151, 38.359254921836197 ] ] ] } },
{ "type": "Feature", "properties": { "row": 87, "col": 4, "mostly_overlap": true, "overlap_ratio": 1.0 }, "geometry": { "type": "Polygon", "coordinates": [ [ [ -65.372989272082151, 38.404045623268537 ], [ -65.372989272082151, 38.448836324700878 ], [ -65.447640441136059, 38.448836324700878 ], [ -65.447640441136059, 38.404045623268537 ], [ -65.372989272082151, 38.404045623268537 ] ] ] } },
{ "type": "Feature", "properties": { "row": 87, "col": 5, "mostly_overlap": true, "overlap_ratio": 1.0 }, "geometry": { "type": "Polygon", "coordinates": [ [ [ -65.372989272082151, 38.448836324700878 ], [ -65.372989272082151, 38.493627026133218 ], [ -65.447640441136059, 38.493627026133218 ], [ -65.447640441136059, 38.448836324700878 ], [ -65.372989272082151, 38.448836324700878 ] ] ] } },
{ "type": "Feature", "properties": { "row": 87, "col": 6, "mostly_overlap": true, "overlap_ratio": 1.0 }, "geometry": { "type": "Polygon", "coordinates": [ [ [ -65.372989272082151, 38.493627026133218 ], [ -65.372989272082151, 38.538417727565552 ], [ -65.447640441136059, 38.538417727565552 ], [ -65.447640441136059, 38.493627026133218 ], [ -65.372989272082151, 38.493627026133218 ] ] ] } },
{ "type": "Feature", "properties": { "row": 87, "col": 7, "mostly_overlap": true, "overlap_ratio": 1.0 }, "geometry": { "type": "Polygon", "coordinates": [ [ [ -65.372989272082151, 38.538417727565552 ], [ -65.372989272082151, 38.583208428997892 ], [ -65.447640441136059, 38.583208428997892 ], [ -65.447640441136059, 38.538417727565552 ], [ -65.372989272082151, 38.538417727565552 ] ] ] } },
{ "type": "Feature", "properties": { "row": 87, "col": 8, "mostly_overlap": true, "overlap_ratio": 1.0 }, "geometry": { "type": "Polygon", "coordinates": [ [ [ -65.372989272082151, 38.583208428997892 ], [ -65.372989272082151, 38.627999130430233 ], [ -65.447640441136059, 38.627999130430233 ], [ -65.447640441136059, 38.583208428997892 ], [ -65.372989272082151, 38.583208428997892 ] ] ] } },
{ "type": "Feature", "properties": { "row": 87, "col": 9, "mostly_overlap": true, "overlap_ratio": 1.0 }, "geometry": { "type": "Polygon", "coordinates": [ [ [ -65.372989272082151, 38.627999130430233 ], [ -65.372989272082151, 38.672789831862573 ], [ -65.447640441136059, 38.672789831862573 ], [ -65.447640441136059, 38.627999130430233 ], [ -65.372989272082151, 38.627999130430233 ] ] ] } },
{ "type": "Feature", "properties": { "row": 87, "col": 10, "mostly_overlap": true, "overlap_ratio": 1.0 }, "geometry": { "type": "Polygon", "coordinates": [ [ [ -65.372989272082151, 38.672789831862573 ], [ -65.372989272082151, 38.717580533294907 ], [ -65.447640441136059, 38.717580533294907 ], [ -65.447640441136059, 38.672789831862573 ], [ -65.372989272082151, 38.672789831862573 ] ] ] } },
{ "type": "Feature", "properties": { "row": 87, "col": 11, "mostly_overlap": false, "overlap_ratio": 0.252 }, "geometry": { "type": "Polygon", "coordinates": [ [ [ -65.372989272082151, 38.717580533294907 ], [ -65.372989272082151, 38.762371234727247 ], [ -65.447640441136059, 38.762371234727247 ], [ -65.447640441136059, 38.717580533294907 ], [ -65.372989272082151, 38.717580533294907 ] ] ] } },
{ "type": "Feature", "properties": { "row": 87, "col": 12, "mostly_overlap": false, "overlap_ratio": 0.0 }, "geometry": { "type": "Polygon", "coordinates": [ [ [ -65.372989272082151, 38.762371234727247 ], [ -65.372989272082151, 38.807161936159588 ], [ -65.447640441136059, 38.807161936159588 ], [ -65.447640441136059, 38.762371234727247 ], [ -65.372989272082151, 38.762371234727247 ] ] ] } },
{ "type": "Feature", "properties": { "row": 87, "col": 13, "mostly_overlap": false, "overlap_ratio": 0.0 }, "geometry": { "type": "Polygon", "coordinates": [ [ [ -65.372989272082151, 38.807161936159588 ], [ -65.372989272082151, 38.851952637591928 ], [ -65.447640441136059, 38.851952637591928 ], [ -65.447640441136059, 38.807161936159588 ], [ -65.372989272082151, 38.807161936159588 ] ] ] } },
{ "type": "Feature", "properties": { "row": 87, "col": 14, "mostly_overlap": false, "overlap_ratio": 0.0 }, "geometry": { "type": "Polygon", "coordinates": [ [ [ -65.372989272082151, 38.851952637591928 ], [ -65.372989272082151, 38.896743339024269 ], [ -65.447640441136059, 38.896743339024269 ], [ -65.447640441136059, 38.851952637591928 ], [ -65.372989272082151, 38.851952637591928 ] ] ] } },
{ "type": "Feature", "properties": { "row": 87, "col": 15, "mostly_overlap": false, "overlap_ratio": 0.0 }, "geometry": { "type": "Polygon", "coordinates": [ [ [ -65.372989272082151, 38.896743339024269 ], [ -65.372989272082151, 38.941534040456602 ], [ -65.447640441136059, 38.941534040456602 ], [ -65.447640441136059, 38.896743339024269 ], [ -65.372989272082151, 38.896743339024269 ] ] ] } },
{ "type": "Feature", "properties": { "row": 87, "col": 16, "mostly_overlap": false, "overlap_ratio": 0.0 }, "geometry": { "type": "Polygon", "coordinates": [ [ [ -65.372989272082151, 38.941534040456602 ], [ -65.372989272082151, 38.986324741888943 ], [ -65.447640441136059, 38.986324741888943 ], [ -65.447640441136059, 38.941534040456602 ], [ -65.372989272082151, 38.941534040456602 ] ] ] } },
{ "type": "Feature", "properties": { "row": 87, "col": 17, "mostly_overlap": false, "overlap_ratio": 0.0 }, "geometry": { "type": "Polygon", "coordinates": [ [ [ -65.372989272082151, 38.986324741888943 ], [ -65.372989272082151, 39.031115443321283 ], [ -65.447640441136059, 39.031115443321283 ], [ -65.447640441136059, 38.986324741888943 ], [ -65.372989272082151, 38.986324741888943 ] ] ] } },
{ "type": "Feature", "properties": { "row": 87, "col": 18, "mostly_overlap": false, "overlap_ratio": 0.0 }, "geometry": { "type": "Polygon", "coordinates": [ [ [ -65.372989272082151, 39.031115443321283 ], [ -65.372989272082151, 39.075906144753617 ], [ -65.447640441136059, 39.075906144753617 ], [ -65.447640441136059, 39.031115443321283 ], [ -65.372989272082151, 39.031115443321283 ] ] ] } },
{ "type": "Feature", "properties": { "row": 87, "col": 19, "mostly_overlap": false, "overlap_ratio": 0.0 }, "geometry": { "type": "Polygon", "coordinates": [ [ [ -65.372989272082151, 39.075906144753617 ], [ -65.372989272082151, 39.120696846185957 ], [ -65.447640441136059, 39.120696846185957 ], [ -65.447640441136059, 39.075906144753617 ], [ -65.372989272082151, 39.075906144753617 ] ] ] } },
{ "type": "Feature", "properties": { "row": 87, "col": 20, "mostly_overlap": false, "overlap_ratio": 0.0 }, "geometry": { "type": "Polygon", "coordinates": [ [ [ -65.372989272082151, 39.120696846185957 ], [ -65.372989272082151, 39.165487547618298 ], [ -65.447640441136059, 39.165487547618298 ], [ -65.447640441136059, 39.120696846185957 ], [ -65.372989272082151, 39.120696846185957 ] ] ] } },
{ "type": "Feature", "properties": { "row": 88, "col": 1, "mostly_overlap": false, "overlap_ratio": 0.0 }, "geometry": { "type": "Polygon", "coordinates": [ [ [ -65.447640441136059, 38.269673518971523 ], [ -65.447640441136059, 38.314464220403863 ], [ -65.522291610189953, 38.314464220403863 ], [ -65.522291610189953, 38.269673518971523 ], [ -65.447640441136059, 38.269673518971523 ] ] ] } },
{ "type": "Feature", "properties": { "row": 88, "col": 2, "mostly_overlap": true, "overlap_ratio": 0.936 }, "geometry": { "type": "Polygon", "coordinates": [ [ [ -65.447640441136059, 38.314464220403863 ], [ -65.447640441136059, 38.359254921836197 ], [ -65.522291610189953, 38.359254921836197 ], [ -65.522291610189953, 38.314464220403863 ], [ -65.447640441136059, 38.314464220403863 ] ] ] } },
{ "type": "Feature", "properties": { "row": 88, "col": 3, "mostly_overlap": true, "overlap_ratio": 1.0 }, "geometry": { "type": "Polygon", "coordinates": [ [ [ -65.447640441136059, 38.359254921836197 ], [ -65.447640441136059, 38.404045623268537 ], [ -65.522291610189953, 38.404045623268537 ], [ -65.522291610189953, 38.359254921836197 ], [ -65.447640441136059, 38.359254921836197 ] ] ] } },
{ "type": "Feature", "properties": { "row": 88, "col": 4, "mostly_overlap": true, "overlap_ratio": 1.0 }, "geometry": { "type": "Polygon", "coordinates": [ [ [ -65.447640441136059, 38.404045623268537 ], [ -65.447640441136059, 38.448836324700878 ], [ -65.522291610189953, 38.448836324700878 ], [ -65.522291610189953, 38.404045623268537 ], [ -65.447640441136059, 38.404045623268537 ] ] ] } },
{ "type": "Feature", "properties": { "row": 88, "col": 5, "mostly_overlap": true, "overlap_ratio": 1.0 }, "geometry": { "type": "Polygon", "coordinates": [ [ [ -65.447640441136059, 38.448836324700878 ], [ -65.447640441136059, 38.493627026133218 ], [ -65.522291610189953, 38.493627026133218 ], [ -65.522291610189953, 38.448836324700878 ], [ -65.447640441136059, 38.448836324700878 ] ] ] } },
{ "type": "Feature", "properties": { "row": 88, "col": 6, "mostly_overlap": true, "overlap_ratio": 1.0 }, "geometry": { "type": "Polygon", "coordinates": [ [ [ -65.447640441136059, 38.493627026133218 ], [ -65.447640441136059, 38.538417727565552 ], [ -65.522291610189953, 38.538417727565552 ], [ -65.522291610189953, 38.493627026133218 ], [ -65.447640441136059, 38.493627026133218 ] ] ] } },
{ "type": "Feature", "properties": { "row": 88, "col": 7, "mostly_overlap": true, "overlap_ratio": 1.0 }, "geometry": { "type": "Polygon", "coordinates": [ [ [ -65.447640441136059, 38.538417727565552 ], [ -65.447640441136059, 38.583208428997892 ], [ -65.522291610189953, 38.583208428997892 ], [ -65.522291610189953, 38.538417727565552 ], [ -65.447640441136059, 38.538417727565552 ] ] ] } },
{ "type": "Feature", "properties": { "row": 88, "col": 8, "mostly_overlap": true, "overlap_ratio": 1.0 }, "geometry": { "type": "Polygon", "coordinates": [ [ [ -65.447640441136059, 38.583208428997892 ], [ -65.447640441136059, 38.627999130430233 ], [ -65.522291610189953, 38.627999130430233 ], [ -65.522291610189953, 38.583208428997892 ], [ -65.447640441136059, 38.583208428997892 ] ] ] } },
{ "type": "Feature", "properties": { "row": 88, "col": 9, "mostly_overlap": true, "overlap_ratio": 1.0 }, "geometry": { "type": "Polygon", "coordinates": [ [ [ -65.447640441136059, 38.627999130430233 ], [ -65.447640441136059, 38.672789831862573 ], [ -65.522291610189953, 38.672789831862573 ], [ -65.522291610189953, 38.627999130430233 ], [ -65.447640441136059, 38.627999130430233 ] ] ] } },
{ "type": "Feature", "properties": { "row": 88, "col": 10, "mostly_overlap": true, "overlap_ratio": 1.0 }, "geometry": { "type": "Polygon", "coordinates": [ [ [ -65.447640441136059, 38.672789831862573 ], [ -65.447640441136059, 38.717580533294907 ], [ -65.522291610189953, 38.717580533294907 ], [ -65.522291610189953, 38.672789831862573 ], [ -65.447640441136059, 38.672789831862573 ] ] ] } },
{ "type": "Feature", "properties": { "row": 88, "col": 11, "mostly_overlap": false, "overlap_ratio": 0.1824 }, "geometry": { "type": "Polygon", "coordinates": [ [ [ -65.447640441136059, 38.717580533294907 ], [ -65.447640441136059, 38.762371234727247 ], [ -65.522291610189953, 38.762371234727247 ], [ -65.522291610189953, 38.717580533294907 ], [ -65.447640441136059, 38.717580533294907 ] ] ] } },
{ "type": "Feature", "properties": { "row": 88, "col": 12, "mostly_overlap": false, "overlap_ratio": 0.0 }, "geometry": { "type": "Polygon", "coordinates": [ [ [ -65.447640441136059, 38.762371234727247 ], [ -65.447640441136059, 38.807161936159588 ], [ -65.522291610189953, 38.807161936159588 ], [ -65.522291610189953, 38.762371234727247 ], [ -65.447640441136059, 38.762371234727247 ] ] ] } },
{ "type": "Feature", "properties": { "row": 88, "col": 13, "mostly_overlap": false, "overlap_ratio": 0.0 }, "geometry": { "type": "Polygon", "coordinates": [ [ [ -65.447640441136059, 38.807161936159588 ], [ -65.447640441136059, 38.851952637591928 ], [ -65.522291610189953, 38.851952637591928 ], [ -65.522291610189953, 38.807161936159588 ], [ -65.447640441136059, 38.807161936159588 ] ] ] } },
{ "type": "Feature", "properties": { "row": 88, "col": 14, "mostly_overlap": false, "overlap_ratio": 0.0 }, "geometry": { "type": "Polygon", "coordinates": [ [ [ -65.447640441136059, 38.851952637591928 ], [ -65.447640441136059, 38.896743339024269 ], [ -65.522291610189953, 38.896743339024269 ], [ -65.522291610189953, 38.851952637591928 ], [ -65.447640441136059, 38.851952637591928 ] ] ] } },
{ "type": "Feature", "properties": { "row": 88, "col": 15, "mostly_overlap": false, "overlap_ratio": 0.0 }, "geometry": { "type": "Polygon", "coordinates": [ [ [ -65.447640441136059, 38.896743339024269 ], [ -65.447640441136059, 38.941534040456602 ], [ -65.522291610189953, 38.941534040456602 ], [ -65.522291610189953, 38.896743339024269 ], [ -65.447640441136059, 38.896743339024269 ] ] ] } },
{ "type": "Feature", "properties": { "row": 88, "col": 16, "mostly_overlap": false, "overlap_ratio": 0.0 }, "geometry": { "type": "Polygon", "coordinates": [ [ [ -65.447640441136059, 38.941534040456602 ], [ -65.447640441136059, 38.986324741888943 ], [ -65.522291610189953, 38.986324741888943 ], [ -65.522291610189953, 38.941534040456602 ], [ -65.447640441136059, 38.941534040456602 ] ] ] } },
{ "type": "Feature", "properties": { "row": 88, "col": 17, "mostly_overlap": false, "overlap_ratio": 0.0 }, "geometry": { "type": "Polygon", "coordinates": [ [ [ -65.447640441136059, 38.986324741888943 ], [ -65.447640441136059, 39.031115443321283 ], [ -65.522291610189953, 39.031115443321283 ], [ -65.522291610189953, 38.986324741888943 ], [ -65.447640441136059, 38.986324741888943 ] ] ] } },
{ "type": "Feature", "properties": { "row": 88, "col": 18, "mostly_overlap": false, "overlap_ratio": 0.0 }, "geometry": { "type": "Polygon", "coordinates": [ [ [ -65.447640441136059, 39.031115443321283 ], [ -65.447640441136059, 39.075906144753617 ], [ -65.522291610189953, 39.075906144753617 ], [ -65.522291610189953, 39.031115443321283 ], [ -65.447640441136059, 39.031115443321283 ] ] ] } },
{ "type": "Feature", "properties": { "row": 88, "col": 19, "mostly_overlap": false, "overlap_ratio": 0.0 }, "geometry": { "type": "Polygon", "coordinates": [ [ [ -65.447640441136059, 39.075906144753617 ], [ -65.447640441136059, 39.120696846185957 ], [ -65.522291610189953, 39.120696846185957 ], [ -65.522291610189953, 39.075906144753617 ], [ -65.447640441136059, 39.075906144753617 ] ] ] } },
{ "type": "Feature", "properties": { "row": 88, "col": 20, "mostly_overlap": false, "overlap_ratio": 0.0 }, "geometry": { "type": "Polygon", "coordinates": [ [ [ -65.447640441136059, 39.120696846185957 ], [ -65.447640441136059, 39.165487547618298 ], [ -65.522291610189953, 39.165487547618298 ], [ -65.522291610189953, 39.120696846185957 ], [ -65.447640441136059, 39.120696846185957 ] ] ] } },
{ "type": "Feature", "properties": { "row": 89, "col": 1, "mostly_overlap": false, "overlap_ratio": 0.0 }, "geometry": { "type": "Polygon", "coordinates": [ [ [ -65.522291610189953, 38.269673518971523 ], [ -65.522291610189953, 38.314464220403863 ], [ -65.596942779243847, 38.314464220403863 ], [ -65.596942779243847, 38.269673518971523 ], [ -65.522291610189953, 38.269673518971523 ] ] ] } },
{ "type": "Feature", "properties": { "row": 89, "col": 2, "mostly_overlap": true, "overlap_ratio": 0.7841 }, "geometry": { "type": "Polygon", "coordinates": [ [ [ -65.522291610189953, 38.314464220403863 ], [ -65.522291610189953, 38.359254921836197 ], [ -65.596942779243847, 38.359254921836197 ], [ -65.596942779243847, 38.314464220403863 ], [ -65.522291610189953, 38.314464220403863 ] ] ] } },
{ "type": "Feature", "properties": { "row": 89, "col": 3, "mostly_overlap": true, "overlap_ratio": 1.0 }, "geometry": { "type": "Polygon", "coordinates": [ [ [ -65.522291610189953, 38.359254921836197 ], [ -65.522291610189953, 38.404045623268537 ], [ -65.596942779243847, 38.404045623268537 ], [ -65.596942779243847, 38.359254921836197 ], [ -65.522291610189953, 38.359254921836197 ] ] ] } },
{ "type": "Feature", "properties": { "row": 89, "col": 4, "mostly_overlap": true, "overlap_ratio": 1.0 }, "geometry": { "type": "Polygon", "coordinates": [ [ [ -65.522291610189953, 38.404045623268537 ], [ -65.522291610189953, 38.448836324700878 ], [ -65.596942779243847, 38.448836324700878 ], [ -65.596942779243847, 38.404045623268537 ], [ -65.522291610189953, 38.404045623268537 ] ] ] } },
{ "type": "Feature", "properties": { "row": 89, "col": 5, "mostly_overlap": true, "overlap_ratio": 1.0 }, "geometry": { "type": "Polygon", "coordinates": [ [ [ -65.522291610189953, 38.448836324700878 ], [ -65.522291610189953, 38.493627026133218 ], [ -65.596942779243847, 38.493627026133218 ], [ -65.596942779243847, 38.448836324700878 ], [ -65.522291610189953, 38.448836324700878 ] ] ] } },
{ "type": "Feature", "properties": { "row": 89, "col": 6, "mostly_overlap": true, "overlap_ratio": 1.0 }, "geometry": { "type": "Polygon", "coordinates": [ [ [ -65.522291610189953, 38.493627026133218 ], [ -65.522291610189953, 38.538417727565552 ], [ -65.596942779243847, 38.538417727565552 ], [ -65.596942779243847, 38.493627026133218 ], [ -65.522291610189953, 38.493627026133218 ] ] ] } },
{ "type": "Feature", "properties": { "row": 89, "col": 7, "mostly_overlap": true, "overlap_ratio": 1.0 }, "geometry": { "type": "Polygon", "coordinates": [ [ [ -65.522291610189953, 38.538417727565552 ], [ -65.522291610189953, 38.583208428997892 ], [ -65.596942779243847, 38.583208428997892 ], [ -65.596942779243847, 38.538417727565552 ], [ -65.522291610189953, 38.538417727565552 ] ] ] } },
{ "type": "Feature", "properties": { "row": 89, "col": 8, "mostly_overlap": true, "overlap_ratio": 1.0 }, "geometry": { "type": "Polygon", "coordinates": [ [ [ -65.522291610189953, 38.583208428997892 ], [ -65.522291610189953, 38.627999130430233 ], [ -65.596942779243847, 38.627999130430233 ], [ -65.596942779243847, 38.583208428997892 ], [ -65.522291610189953, 38.583208428997892 ] ] ] } },
{ "type": "Feature", "properties": { "row": 89, "col": 9, "mostly_overlap": true, "overlap_ratio": 1.0 }, "geometry": { "type": "Polygon", "coordinates": [ [ [ -65.522291610189953, 38.627999130430233 ], [ -65.522291610189953, 38.672789831862573 ], [ -65.596942779243847, 38.672789831862573 ], [ -65.596942779243847, 38.627999130430233 ], [ -65.522291610189953, 38.627999130430233 ] ] ] } },
{ "type": "Feature", "properties": { "row": 89, "col": 10, "mostly_overlap": true, "overlap_ratio": 1.0 }, "geometry": { "type": "Polygon", "coordinates": [ [ [ -65.522291610189953, 38.672789831862573 ], [ -65.522291610189953, 38.717580533294907 ], [ -65.596942779243847, 38.717580533294907 ], [ -65.596942779243847, 38.672789831862573 ], [ -65.522291610189953, 38.672789831862573 ] ] ] } },
{ "type": "Feature", "properties": { "row": 89, "col": 11, "mostly_overlap": false, "overlap_ratio": 0.1034 }, "geometry": { "type": "Polygon", "coordinates": [ [ [ -65.522291610189953, 38.717580533294907 ], [ -65.522291610189953, 38.762371234727247 ], [ -65.596942779243847, 38.762371234727247 ], [ -65.596942779243847, 38.717580533294907 ], [ -65.522291610189953, 38.717580533294907 ] ] ] } },
{ "type": "Feature", "properties": { "row": 89, "col": 12, "mostly_overlap": false, "overlap_ratio": 0.0 }, "geometry": { "type": "Polygon", "coordinates": [ [ [ -65.522291610189953, 38.762371234727247 ], [ -65.522291610189953, 38.807161936159588 ], [ -65.596942779243847, 38.807161936159588 ], [ -65.596942779243847, 38.762371234727247 ], [ -65.522291610189953, 38.762371234727247 ] ] ] } },
{ "type": "Feature", "properties": { "row": 89, "col": 13, "mostly_overlap": false, "overlap_ratio": 0.0 }, "geometry": { "type": "Polygon", "coordinates": [ [ [ -65.522291610189953, 38.807161936159588 ], [ -65.522291610189953, 38.851952637591928 ], [ -65.596942779243847, 38.851952637591928 ], [ -65.596942779243847, 38.807161936159588 ], [ -65.522291610189953, 38.807161936159588 ] ] ] } },
{ "type": "Feature", "properties": { "row": 89, "col": 14, "mostly_overlap": false, "overlap_ratio": 0.0 }, "geometry": { "type": "Polygon", "coordinates": [ [ [ -65.522291610189953, 38.851952637591928 ], [ -65.522291610189953, 38.896743339024269 ], [ -65.596942779243847, 38.896743339024269 ], [ -65.596942779243847, 38.851952637591928 ], [ -65.522291610189953, 38.851952637591928 ] ] ] } },
{ "type": "Feature", "properties": { "row": 89, "col": 15, "mostly_overlap": false, "overlap_ratio": 0.0 }, "geometry": { "type": "Polygon", "coordinates": [ [ [ -65.522291610189953, 38.896743339024269 ], [ -65.522291610189953, 38.941534040456602 ], [ -65.596942779243847, 38.941534040456602 ], [ -65.596942779243847, 38.896743339024269 ], [ -65.522291610189953, 38.896743339024269 ] ] ] } },
{ "type": "Feature", "properties": { "row": 89, "col": 16, "mostly_overlap": false, "overlap_ratio": 0.0 }, "geometry": { "type": "Polygon", "coordinates": [ [ [ -65.522291610189953, 38.941534040456602 ], [ -65.522291610189953, 38.986324741888943 ], [ -65.596942779243847, 38.986324741888943 ], [ -65.596942779243847, 38.941534040456602 ], [ -65.522291610189953, 38.941534040456602 ] ] ] } },
{ "type": "Feature", "properties": { "row": 89, "col": 17, "mostly_overlap": false, "overlap_ratio": 0.0 }, "geometry": { "type": "Polygon", "coordinates": [ [ [ -65.522291610189953, 38.986324741888943 ], [ -65.522291610189953, 39.031115443321283 ], [ -65.596942779243847, 39.031115443321283 ], [ -65.596942779243847, 38.986324741888943 ], [ -65.522291610189953, 38.986324741888943 ] ] ] } },
{ "type": "Feature", "properties": { "row": 89, "col": 18, "mostly_overlap": false, "overlap_ratio": 0.0 }, "geometry": { "type": "Polygon", "coordinates": [ [ [ -65.522291610189953, 39.031115443321283 ], [ -65.522291610189953, 39.075906144753617 ], [ -65.596942779243847, 39.075906144753617 ], [ -65.596942779243847, 39.031115443321283 ], [ -65.522291610189953, 39.031115443321283 ] ] ] } },
{ "type": "Feature", "properties": { "row": 89, "col": 19, "mostly_overlap": false, "overlap_ratio": 0.0 }, "geometry": { "type": "Polygon", "coordinates": [ [ [ -65.522291610189953, 39.075906144753617 ], [ -65.522291610189953, 39.120696846185957 ], [ -65.596942779243847, 39.120696846185957 ], [ -65.596942779243847, 39.075906144753617 ], [ -65.522291610189953, 39.075906144753617 ] ] ] } },
{ "type": "Feature", "properties": { "row": 89, "col": 20, "mostly_overlap": false, "overlap_ratio": 0.0 }, "geometry": { "type": "Polygon", "coordinates": [ [ [ -65.522291610189953, 39.120696846185957 ], [ -65.522291610189953, 39.165487547618298 ], [ -65.596942779243847, 39.165487547618298 ], [ -65.596942779243847, 39.120696846185957 ], [ -65.522291610189953, 39.120696846185957 ] ] ] } },
{ "type": "Feature", "properties": { "row": 90, "col": 1, "mostly_overlap": false, "overlap_ratio": 0.0 }, "geometry": { "type": "Polygon", "coordinates": [ [ [ -65.596942779243847, 38.269673518971523 ], [ -65.596942779243847, 38.314464220403863 ], [ -65.67159394829774, 38.314464220403863 ], [ -65.67159394829774, 38.269673518971523 ], [ -65.596942779243847, 38.269673518971523 ] ] ] } },
{ "type": "Feature", "properties": { "row": 90, "col": 2, "mostly_overlap": true, "overlap_ratio": 0.6175 }, "geometry": { "type": "Polygon", "coordinates": [ [ [ -65.596942779243847, 38.314464220403863 ], [ -65.596942779243847, 38.359254921836197 ], [ -65.67159394829774, 38.359254921836197 ], [ -65.67159394829774, 38.314464220403863 ], [ -65.596942779243847, 38.314464220403863 ] ] ] } },
{ "type": "Feature", "properties": { "row": 90, "col": 3, "mostly_overlap": true, "overlap_ratio": 1.0 }, "geometry": { "type": "Polygon", "coordinates": [ [ [ -65.596942779243847, 38.359254921836197 ], [ -65.596942779243847, 38.404045623268537 ], [ -65.67159394829774, 38.404045623268537 ], [ -65.67159394829774, 38.359254921836197 ], [ -65.596942779243847, 38.359254921836197 ] ] ] } },
{ "type": "Feature", "properties": { "row": 90, "col": 4, "mostly_overlap": true, "overlap_ratio": 1.0 }, "geometry": { "type": "Polygon", "coordinates": [ [ [ -65.596942779243847, 38.404045623268537 ], [ -65.596942779243847, 38.448836324700878 ], [ -65.67159394829774, 38.448836324700878 ], [ -65.67159394829774, 38.404045623268537 ], [ -65.596942779243847, 38.404045623268537 ] ] ] } },
{ "type": "Feature", "properties": { "row": 90, "col": 5, "mostly_overlap": true, "overlap_ratio": 1.0 }, "geometry": { "type": "Polygon", "coordinates": [ [ [ -65.596942779243847, 38.448836324700878 ], [ -65.596942779243847, 38.493627026133218 ], [ -65.67159394829774, 38.493627026133218 ], [ -65.67159394829774, 38.448836324700878 ], [ -65.596942779243847, 38.448836324700878 ] ] ] } },
{ "type": "Feature", "properties": { "row": 90, "col": 6, "mostly_overlap": true, "overlap_ratio": 1.0 }, "geometry": { "type": "Polygon", "coordinates": [ [ [ -65.596942779243847, 38.493627026133218 ], [ -65.596942779243847, 38.538417727565552 ], [ -65.67159394829774, 38.538417727565552 ], [ -65.67159394829774, 38.493627026133218 ], [ -65.596942779243847, 38.493627026133218 ] ] ] } },
{ "type": "Feature", "properties": { "row": 90, "col": 7, "mostly_overlap": true, "overlap_ratio": 1.0 }, "geometry": { "type": "Polygon", "coordinates": [ [ [ -65.596942779243847, 38.538417727565552 ], [ -65.596942779243847, 38.583208428997892 ], [ -65.67159394829774, 38.583208428997892 ], [ -65.67159394829774, 38.538417727565552 ], [ -65.596942779243847, 38.538417727565552 ] ] ] } },
{ "type": "Feature", "properties": { "row": 90, "col": 8, "mostly_overlap": true, "overlap_ratio": 1.0 }, "geometry": { "type": "Polygon", "coordinates": [ [ [ -65.596942779243847, 38.583208428997892 ], [ -65.596942779243847, 38.627999130430233 ], [ -65.67159394829774, 38.627999130430233 ], [ -65.67159394829774, 38.583208428997892 ], [ -65.596942779243847, 38.583208428997892 ] ] ] } },
{ "type": "Feature", "properties": { "row": 90, "col": 9, "mostly_overlap": true, "overlap_ratio": 1.0 }, "geometry": { "type": "Polygon", "coordinates": [ [ [ -65.596942779243847, 38.627999130430233 ], [ -65.596942779243847, 38.672789831862573 ], [ -65.67159394829774, 38.672789831862573 ], [ -65.67159394829774, 38.627999130430233 ], [ -65.596942779243847, 38.627999130430233 ] ] ] } },
{ "type": "Feature", "properties": { "row": 90, "col": 10, "mostly_overlap": true, "overlap_ratio": 0.9848 }, "geometry": { "type": "Polygon", "coordinates": [ [ [ -65.596942779243847, 38.672789831862573 ], [ -65.596942779243847, 38.717580533294907 ], [ -65.67159394829774, 38.717580533294907 ], [ -65.67159394829774, 38.672789831862573 ], [ -65.596942779243847, 38.672789831862573 ] ] ] } },
{ "type": "Feature", "properties": { "row": 90, "col": 11, "mostly_overlap": false, "overlap_ratio": 0.0169 }, "geometry": { "type": "Polygon", "coordinates": [ [ [ -65.596942779243847, 38.717580533294907 ], [ -65.596942779243847, 38.762371234727247 ], [ -65.67159394829774, 38.762371234727247 ], [ -65.67159394829774, 38.717580533294907 ], [ -65.596942779243847, 38.717580533294907 ] ] ] } },
{ "type": "Feature", "properties": { "row": 90, "col": 12, "mostly_overlap": false, "overlap_ratio": 0.0 }, "geometry": { "type": "Polygon", "coordinates": [ [ [ -65.596942779243847, 38.762371234727247 ], [ -65.596942779243847, 38.807161936159588 ], [ -65.67159394829774, 38.807161936159588 ], [ -65.67159394829774, 38.762371234727247 ], [ -65.596942779243847, 38.762371234727247 ] ] ] } },
{ "type": "Feature", "properties": { "row": 90, "col": 13, "mostly_overlap": false, "overlap_ratio": 0.0 }, "geometry": { "type": "Polygon", "coordinates": [ [ [ -65.596942779243847, 38.807161936159588 ], [ -65.596942779243847, 38.851952637591928 ], [ -65.67159394829774, 38.851952637591928 ], [ -65.67159394829774, 38.807161936159588 ], [ -65.596942779243847, 38.807161936159588 ] ] ] } },
{ "type": "Feature", "properties": { "row": 90, "col": 14, "mostly_overlap": false, "overlap_ratio": 0.0 }, "geometry": { "type": "Polygon", "coordinates": [ [ [ -65.596942779243847, 38.851952637591928 ], [ -65.596942779243847, 38.896743339024269 ], [ -65.67159394829774, 38.896743339024269 ], [ -65.67159394829774, 38.851952637591928 ], [ -65.596942779243847, 38.851952637591928 ] ] ] } },
{ "type": "Feature", "properties": { "row": 90, "col": 15, "mostly_overlap": false, "overlap_ratio": 0.0 }, "geometry": { "type": "Polygon", "coordinates": [ [ [ -65.596942779243847, 38.896743339024269 ], [ -65.596942779243847, 38.941534040456602 ], [ -65.67159394829774, 38.941534040456602 ], [ -65.67159394829774, 38.896743339024269 ], [ -65.596942779243847, 38.896743339024269 ] ] ] } },
{ "type": "Feature", "properties": { "row": 90, "col": 16, "mostly_overlap": false, "overlap_ratio": 0.0 }, "geometry": { "type": "Polygon", "coordinates": [ [ [ -65.596942779243847, 38.941534040456602 ], [ -65.596942779243847, 38.986324741888943 ], [ -65.67159394829774, 38.986324741888943 ], [ -65.67159394829774, 38.941534040456602 ], [ -65.596942779243847, 38.941534040456602 ] ] ] } },
{ "type": "Feature", "properties": { "row": 90, "col": 17, "mostly_overlap": false, "overlap_ratio": 0.0 }, "geometry": { "type": "Polygon", "coordinates": [ [ [ -65.596942779243847, 38.986324741888943 ], [ -65.596942779243847, 39.031115443321283 ], [ -65.67159394829774, 39.031115443321283 ], [ -65.67159394829774, 38.986324741888943 ], [ -65.596942779243847, 38.986324741888943 ] ] ] } },
{ "type": "Feature", "properties": { "row": 90, "col": 18, "mostly_overlap": false, "overlap_ratio": 0.0 }, "geometry": { "type": "Polygon", "coordinates": [ [ [ -65.596942779243847, 39.031115443321283 ], [ -65.596942779243847, 39.075906144753617 ], [ -65.67159394829774, 39.075906144753617 ], [ -65.67159394829774, 39.031115443321283 ], [ -65.596942779243847, 39.031115443321283 ] ] ] } },
{ "type": "Feature", "properties": { "row": 90, "col": 19, "mostly_overlap": false, "overlap_ratio": 0.0 }, "geometry": { "type": "Polygon", "coordinates": [ [ [ -65.596942779243847, 39.075906144753617 ], [ -65.596942779243847, 39.120696846185957 ], [ -65.67159394829774, 39.120696846185957 ], [ -65.67159394829774, 39.075906144753617 ], [ -65.596942779243847, 39.075906144753617 ] ] ] } },
{ "type": "Feature", "properties": { "row": 90, "col": 20, "mostly_overlap": false, "overlap_ratio": 0.0 }, "geometry": { "type": "Polygon", "coordinates": [ [ [ -65.596942779243847, 39.120696846185957 ], [ -65.596942779243847, 39.165487547618298 ], [ -65.67159394829774, 39.165487547618298 ], [ -65.67159394829774, 39.120696846185957 ], [ -65.596942779243847, 39.120696846185957 ] ] ] } },
{ "type": "Feature", "properties": { "row": 91, "col": 1, "mostly_overlap": false, "overlap_ratio": 0.0 }, "geometry": { "type": "Polygon", "coordinates": [ [ [ -65.67159394829774, 38.269673518971523 ], [ -65.67159394829774, 38.314464220403863 ], [ -65.746245117351648, 38.314464220403863 ], [ -65.746245117351648, 38.269673518971523 ], [ -65.67159394829774, 38.269673518971523 ] ] ] } },
{ "type": "Feature", "properties": { "row": 91, "col": 2, "mostly_overlap": false, "overlap_ratio": 0.4879 }, "geometry": { "type": "Polygon", "coordinates": [ [ [ -65.67159394829774, 38.314464220403863 ], [ -65.67159394829774, 38.359254921836197 ], [ -65.746245117351648, 38.359254921836197 ], [ -65.746245117351648, 38.314464220403863 ], [ -65.67159394829774, 38.314464220403863 ] ] ] } },
{ "type": "Feature", "properties": { "row": 91, "col": 3, "mostly_overlap": true, "overlap_ratio": 1.0 }, "geometry": { "type": "Polygon", "coordinates": [ [ [ -65.67159394829774, 38.359254921836197 ], [ -65.67159394829774, 38.404045623268537 ], [ -65.746245117351648, 38.404045623268537 ], [ -65.746245117351648, 38.359254921836197 ], [ -65.67159394829774, 38.359254921836197 ] ] ] } },
{ "type": "Feature", "properties": { "row": 91, "col": 4, "mostly_overlap": true, "overlap_ratio": 1.0 }, "geometry": { "type": "Polygon", "coordinates": [ [ [ -65.67159394829774, 38.404045623268537 ], [ -65.67159394829774, 38.448836324700878 ], [ -65.746245117351648, 38.448836324700878 ], [ -65.746245117351648, 38.404045623268537 ], [ -65.67159394829774, 38.404045623268537 ] ] ] } },
{ "type": "Feature", "properties": { "row": 91, "col": 5, "mostly_overlap": true, "overlap_ratio": 1.0 }, "geometry": { "type": "Polygon", "coordinates": [ [ [ -65.67159394829774, 38.448836324700878 ], [ -65.67159394829774, 38.493627026133218 ], [ -65.746245117351648, 38.493627026133218 ], [ -65.746245117351648, 38.448836324700878 ], [ -65.67159394829774, 38.448836324700878 ] ] ] } },
{ "type": "Feature", "properties": { "row": 91, "col": 6, "mostly_overlap": true, "overlap_ratio": 1.0 }, "geometry": { "type": "Polygon", "coordinates": [ [ [ -65.67159394829774, 38.493627026133218 ], [ -65.67159394829774, 38.538417727565552 ], [ -65.746245117351648, 38.538417727565552 ], [ -65.746245117351648, 38.493627026133218 ], [ -65.67159394829774, 38.493627026133218 ] ] ] } },
{ "type": "Feature", "properties": { "row": 91, "col": 7, "mostly_overlap": true, "overlap_ratio": 1.0 }, "geometry": { "type": "Polygon", "coordinates": [ [ [ -65.67159394829774, 38.538417727565552 ], [ -65.67159394829774, 38.583208428997892 ], [ -65.746245117351648, 38.583208428997892 ], [ -65.746245117351648, 38.538417727565552 ], [ -65.67159394829774, 38.538417727565552 ] ] ] } },
{ "type": "Feature", "properties": { "row": 91, "col": 8, "mostly_overlap": true, "overlap_ratio": 1.0 }, "geometry": { "type": "Polygon", "coordinates": [ [ [ -65.67159394829774, 38.583208428997892 ], [ -65.67159394829774, 38.627999130430233 ], [ -65.746245117351648, 38.627999130430233 ], [ -65.746245117351648, 38.583208428997892 ], [ -65.67159394829774, 38.583208428997892 ] ] ] } },
{ "type": "Feature", "properties": { "row": 91, "col": 9, "mostly_overlap": true, "overlap_ratio": 1.0 }, "geometry": { "type": "Polygon", "coordinates": [ [ [ -65.67159394829774, 38.627999130430233 ], [ -65.67159394829774, 38.672789831862573 ], [ -65.746245117351648, 38.672789831862573 ], [ -65.746245117351648, 38.627999130430233 ], [ -65.67159394829774, 38.627999130430233 ] ] ] } },
{ "type": "Feature", "properties": { "row": 91, "col": 10, "mostly_overlap": true, "overlap_ratio": 0.8736 }, "geometry": { "type": "Polygon", "coordinates": [ [ [ -65.67159394829774, 38.672789831862573 ], [ -65.67159394829774, 38.717580533294907 ], [ -65.746245117351648, 38.717580533294907 ], [ -65.746245117351648, 38.672789831862573 ], [ -65.67159394829774, 38.672789831862573 ] ] ] } },
{ "type": "Feature", "properties": { "row": 91, "col": 11, "mostly_overlap": false, "overlap_ratio": 0.0 }, "geometry": { "type": "Polygon", "coordinates": [ [ [ -65.67159394829774, 38.717580533294907 ], [ -65.67159394829774, 38.762371234727247 ], [ -65.746245117351648, 38.762371234727247 ], [ -65.746245117351648, 38.717580533294907 ], [ -65.67159394829774, 38.717580533294907 ] ] ] } },
{ "type": "Feature", "properties": { "row": 91, "col": 12, "mostly_overlap": false, "overlap_ratio": 0.0 }, "geometry": { "type": "Polygon", "coordinates": [ [ [ -65.67159394829774, 38.762371234727247 ], [ -65.67159394829774, 38.807161936159588 ], [ -65.746245117351648, 38.807161936159588 ], [ -65.746245117351648, 38.762371234727247 ], [ -65.67159394829774, 38.762371234727247 ] ] ] } },
{ "type": "Feature", "properties": { "row": 91, "col": 13, "mostly_overlap": false, "overlap_ratio": 0.0 }, "geometry": { "type": "Polygon", "coordinates": [ [ [ -65.67159394829774, 38.807161936159588 ], [ -65.67159394829774, 38.851952637591928 ], [ -65.746245117351648, 38.851952637591928 ], [ -65.746245117351648, 38.807161936159588 ], [ -65.67159394829774, 38.807161936159588 ] ] ] } },
{ "type": "Feature", "properties": { "row": 91, "col": 14, "mostly_overlap": false, "overlap_ratio": 0.0 }, "geometry": { "type": "Polygon", "coordinates": [ [ [ -65.67159394829774, 38.851952637591928 ], [ -65.67159394829774, 38.896743339024269 ], [ -65.746245117351648, 38.896743339024269 ], [ -65.746245117351648, 38.851952637591928 ], [ -65.67159394829774, 38.851952637591928 ] ] ] } },
{ "type": "Feature", "properties": { "row": 91, "col": 15, "mostly_overlap": false, "overlap_ratio": 0.0 }, "geometry": { "type": "Polygon", "coordinates": [ [ [ -65.67159394829774, 38.896743339024269 ], [ -65.67159394829774, 38.941534040456602 ], [ -65.746245117351648, 38.941534040456602 ], [ -65.746245117351648, 38.896743339024269 ], [ -65.67159394829774, 38.896743339024269 ] ] ] } },
{ "type": "Feature", "properties": { "row": 91, "col": 16, "mostly_overlap": false, "overlap_ratio": 0.0 }, "geometry": { "type": "Polygon", "coordinates": [ [ [ -65.67159394829774, 38.941534040456602 ], [ -65.67159394829774, 38.986324741888943 ], [ -65.746245117351648, 38.986324741888943 ], [ -65.746245117351648, 38.941534040456602 ], [ -65.67159394829774, 38.941534040456602 ] ] ] } },
{ "type": "Feature", "properties": { "row": 91, "col": 17, "mostly_overlap": false, "overlap_ratio": 0.0 }, "geometry": { "type": "Polygon", "coordinates": [ [ [ -65.67159394829774, 38.986324741888943 ], [ -65.67159394829774, 39.031115443321283 ], [ -65.746245117351648, 39.031115443321283 ], [ -65.746245117351648, 38.986324741888943 ], [ -65.67159394829774, 38.986324741888943 ] ] ] } },
{ "type": "Feature", "properties": { "row": 91, "col": 18, "mostly_overlap": false, "overlap_ratio": 0.0 }, "geometry": { "type": "Polygon", "coordinates": [ [ [ -65.67159394829774, 39.031115443321283 ], [ -65.67159394829774, 39.075906144753617 ], [ -65.746245117351648, 39.075906144753617 ], [ -65.746245117351648, 39.031115443321283 ], [ -65.67159394829774, 39.031115443321283 ] ] ] } },
{ "type": "Feature", "properties": { "row": 91, "col": 19, "mostly_overlap": false, "overlap_ratio": 0.0 }, "geometry": { "type": "Polygon", "coordinates": [ [ [ -65.67159394829774, 39.075906144753617 ], [ -65.67159394829774, 39.120696846185957 ], [ -65.746245117351648, 39.120696846185957 ], [ -65.746245117351648, 39.075906144753617 ], [ -65.67159394829774, 39.075906144753617 ] ] ] } },
{ "type": "Feature", "properties": { "row": 91, "col": 20, "mostly_overlap": false, "overlap_ratio": 0.0 }, "geometry": { "type": "Polygon", "coordinates": [ [ [ -65.67159394829774, 39.120696846185957 ], [ -65.67159394829774, 39.165487547618298 ], [ -65.746245117351648, 39.165487547618298 ], [ -65.746245117351648, 39.120696846185957 ], [ -65.67159394829774, 39.120696846185957 ] ] ] } },
{ "type": "Feature", "properties": { "row": 92, "col": 1, "mostly_overlap": false, "overlap_ratio": 0.0 }, "geometry": { "type": "Polygon", "coordinates": [ [ [ -65.746245117351648, 38.269673518971523 ], [ -65.746245117351648, 38.314464220403863 ], [ -65.820896286405542, 38.314464220403863 ], [ -65.820896286405542, 38.269673518971523 ], [ -65.746245117351648, 38.269673518971523 ] ] ] } },
{ "type": "Feature", "properties": { "row": 92, "col": 2, "mostly_overlap": false, "overlap_ratio": 0.3734 }, "geometry": { "type": "Polygon", "coordinates": [ [ [ -65.746245117351648, 38.314464220403863 ], [ -65.746245117351648, 38.359254921836197 ], [ -65.820896286405542, 38.359254921836197 ], [ -65.820896286405542, 38.314464220403863 ], [ -65.746245117351648, 38.314464220403863 ] ] ] } },
{ "type": "Feature", "properties": { "row": 92, "col": 3, "mostly_overlap": true, "overlap_ratio": 1.0 }, "geometry": { "type": "Polygon", "coordinates": [ [ [ -65.746245117351648, 38.359254921836197 ], [ -65.746245117351648, 38.404045623268537 ], [ -65.820896286405542, 38.404045623268537 ], [ -65.820896286405542, 38.359254921836197 ], [ -65.746245117351648, 38.359254921836197 ] ] ] } },
{ "type": "Feature", "properties": { "row": 92, "col": 4, "mostly_overlap": true, "overlap_ratio": 1.0 }, "geometry": { "type": "Polygon", "coordinates": [ [ [ -65.746245117351648, 38.404045623268537 ], [ -65.746245117351648, 38.448836324700878 ], [ -65.820896286405542, 38.448836324700878 ], [ -65.820896286405542, 38.404045623268537 ], [ -65.746245117351648, 38.404045623268537 ] ] ] } },
{ "type": "Feature", "properties": { "row": 92, "col": 5, "mostly_overlap": true, "overlap_ratio": 1.0 }, "geometry": { "type": "Polygon", "coordinates": [ [ [ -65.746245117351648, 38.448836324700878 ], [ -65.746245117351648, 38.493627026133218 ], [ -65.820896286405542, 38.493627026133218 ], [ -65.820896286405542, 38.448836324700878 ], [ -65.746245117351648, 38.448836324700878 ] ] ] } },
{ "type": "Feature", "properties": { "row": 92, "col": 6, "mostly_overlap": true, "overlap_ratio": 1.0 }, "geometry": { "type": "Polygon", "coordinates": [ [ [ -65.746245117351648, 38.493627026133218 ], [ -65.746245117351648, 38.538417727565552 ], [ -65.820896286405542, 38.538417727565552 ], [ -65.820896286405542, 38.493627026133218 ], [ -65.746245117351648, 38.493627026133218 ] ] ] } },
{ "type": "Feature", "properties": { "row": 92, "col": 7, "mostly_overlap": true, "overlap_ratio": 1.0 }, "geometry": { "type": "Polygon", "coordinates": [ [ [ -65.746245117351648, 38.538417727565552 ], [ -65.746245117351648, 38.583208428997892 ], [ -65.820896286405542, 38.583208428997892 ], [ -65.820896286405542, 38.538417727565552 ], [ -65.746245117351648, 38.538417727565552 ] ] ] } },
{ "type": "Feature", "properties": { "row": 92, "col": 8, "mostly_overlap": true, "overlap_ratio": 1.0 }, "geometry": { "type": "Polygon", "coordinates": [ [ [ -65.746245117351648, 38.583208428997892 ], [ -65.746245117351648, 38.627999130430233 ], [ -65.820896286405542, 38.627999130430233 ], [ -65.820896286405542, 38.583208428997892 ], [ -65.746245117351648, 38.583208428997892 ] ] ] } },
{ "type": "Feature", "properties": { "row": 92, "col": 9, "mostly_overlap": true, "overlap_ratio": 1.0 }, "geometry": { "type": "Polygon", "coordinates": [ [ [ -65.746245117351648, 38.627999130430233 ], [ -65.746245117351648, 38.672789831862573 ], [ -65.820896286405542, 38.672789831862573 ], [ -65.820896286405542, 38.627999130430233 ], [ -65.746245117351648, 38.627999130430233 ] ] ] } },
{ "type": "Feature", "properties": { "row": 92, "col": 10, "mostly_overlap": true, "overlap_ratio": 0.7456 }, "geometry": { "type": "Polygon", "coordinates": [ [ [ -65.746245117351648, 38.672789831862573 ], [ -65.746245117351648, 38.717580533294907 ], [ -65.820896286405542, 38.717580533294907 ], [ -65.820896286405542, 38.672789831862573 ], [ -65.746245117351648, 38.672789831862573 ] ] ] } },
{ "type": "Feature", "properties": { "row": 92, "col": 11, "mostly_overlap": false, "overlap_ratio": 0.0 }, "geometry": { "type": "Polygon", "coordinates": [ [ [ -65.746245117351648, 38.717580533294907 ], [ -65.746245117351648, 38.762371234727247 ], [ -65.820896286405542, 38.762371234727247 ], [ -65.820896286405542, 38.717580533294907 ], [ -65.746245117351648, 38.717580533294907 ] ] ] } },
{ "type": "Feature", "properties": { "row": 92, "col": 12, "mostly_overlap": false, "overlap_ratio": 0.0 }, "geometry": { "type": "Polygon", "coordinates": [ [ [ -65.746245117351648, 38.762371234727247 ], [ -65.746245117351648, 38.807161936159588 ], [ -65.820896286405542, 38.807161936159588 ], [ -65.820896286405542, 38.762371234727247 ], [ -65.746245117351648, 38.762371234727247 ] ] ] } },
{ "type": "Feature", "properties": { "row": 92, "col": 13, "mostly_overlap": false, "overlap_ratio": 0.0 }, "geometry": { "type": "Polygon", "coordinates": [ [ [ -65.746245117351648, 38.807161936159588 ], [ -65.746245117351648, 38.851952637591928 ], [ -65.820896286405542, 38.851952637591928 ], [ -65.820896286405542, 38.807161936159588 ], [ -65.746245117351648, 38.807161936159588 ] ] ] } },
{ "type": "Feature", "properties": { "row": 92, "col": 14, "mostly_overlap": false, "overlap_ratio": 0.0 }, "geometry": { "type": "Polygon", "coordinates": [ [ [ -65.746245117351648, 38.851952637591928 ], [ -65.746245117351648, 38.896743339024269 ], [ -65.820896286405542, 38.896743339024269 ], [ -65.820896286405542, 38.851952637591928 ], [ -65.746245117351648, 38.851952637591928 ] ] ] } },
{ "type": "Feature", "properties": { "row": 92, "col": 15, "mostly_overlap": false, "overlap_ratio": 0.0 }, "geometry": { "type": "Polygon", "coordinates": [ [ [ -65.746245117351648, 38.896743339024269 ], [ -65.746245117351648, 38.941534040456602 ], [ -65.820896286405542, 38.941534040456602 ], [ -65.820896286405542, 38.896743339024269 ], [ -65.746245117351648, 38.896743339024269 ] ] ] } },
{ "type": "Feature", "properties": { "row": 92, "col": 16, "mostly_overlap": false, "overlap_ratio": 0.0 }, "geometry": { "type": "Polygon", "coordinates": [ [ [ -65.746245117351648, 38.941534040456602 ], [ -65.746245117351648, 38.986324741888943 ], [ -65.820896286405542, 38.986324741888943 ], [ -65.820896286405542, 38.941534040456602 ], [ -65.746245117351648, 38.941534040456602 ] ] ] } },
{ "type": "Feature", "properties": { "row": 92, "col": 17, "mostly_overlap": false, "overlap_ratio": 0.0 }, "geometry": { "type": "Polygon", "coordinates": [ [ [ -65.746245117351648, 38.986324741888943 ], [ -65.746245117351648, 39.031115443321283 ], [ -65.820896286405542, 39.031115443321283 ], [ -65.820896286405542, 38.986324741888943 ], [ -65.746245117351648, 38.986324741888943 ] ] ] } },
{ "type": "Feature", "properties": { "row": 92, "col": 18, "mostly_overlap": false, "overlap_ratio": 0.0 }, "geometry": { "type": "Polygon", "coordinates": [ [ [ -65.746245117351648, 39.031115443321283 ], [ -65.746245117351648, 39.075906144753617 ], [ -65.820896286405542, 39.075906144753617 ], [ -65.820896286405542, 39.031115443321283 ], [ -65.746245117351648, 39.031115443321283 ] ] ] } },
{ "type": "Feature", "properties": { "row": 92, "col": 19, "mostly_overlap": false, "overlap_ratio": 0.0 }, "geometry": { "type": "Polygon", "coordinates": [ [ [ -65.746245117351648, 39.075906144753617 ], [ -65.746245117351648, 39.120696846185957 ], [ -65.820896286405542, 39.120696846185957 ], [ -65.820896286405542, 39.075906144753617 ], [ -65.746245117351648, 39.075906144753617 ] ] ] } },
{ "type": "Feature", "properties": { "row": 92, "col": 20, "mostly_overlap": false, "overlap_ratio": 0.0 }, "geometry": { "type": "Polygon", "coordinates": [ [ [ -65.746245117351648, 39.120696846185957 ], [ -65.746245117351648, 39.165487547618298 ], [ -65.820896286405542, 39.165487547618298 ], [ -65.820896286405542, 39.120696846185957 ], [ -65.746245117351648, 39.120696846185957 ] ] ] } },
{ "type": "Feature", "properties": { "row": 93, "col": 1, "mostly_overlap": false, "overlap_ratio": 0.0 }, "geometry": { "type": "Polygon", "coordinates": [ [ [ -65.820896286405542, 38.269673518971523 ], [ -65.820896286405542, 38.314464220403863 ], [ -65.895547455459436, 38.314464220403863 ], [ -65.895547455459436, 38.269673518971523 ], [ -65.820896286405542, 38.269673518971523 ] ] ] } },
{ "type": "Feature", "properties": { "row": 93, "col": 2, "mostly_overlap": false, "overlap_ratio": 0.2703 }, "geometry": { "type": "Polygon", "coordinates": [ [ [ -65.820896286405542, 38.314464220403863 ], [ -65.820896286405542, 38.359254921836197 ], [ -65.895547455459436, 38.359254921836197 ], [ -65.895547455459436, 38.314464220403863 ], [ -65.820896286405542, 38.314464220403863 ] ] ] } },
{ "type": "Feature", "properties": { "row": 93, "col": 3, "mostly_overlap": true, "overlap_ratio": 1.0 }, "geometry": { "type": "Polygon", "coordinates": [ [ [ -65.820896286405542, 38.359254921836197 ], [ -65.820896286405542, 38.404045623268537 ], [ -65.895547455459436, 38.404045623268537 ], [ -65.895547455459436, 38.359254921836197 ], [ -65.820896286405542, 38.359254921836197 ] ] ] } },
{ "type": "Feature", "properties": { "row": 93, "col": 4, "mostly_overlap": true, "overlap_ratio": 1.0 }, "geometry": { "type": "Polygon", "coordinates": [ [ [ -65.820896286405542, 38.404045623268537 ], [ -65.820896286405542, 38.448836324700878 ], [ -65.895547455459436, 38.448836324700878 ], [ -65.895547455459436, 38.404045623268537 ], [ -65.820896286405542, 38.404045623268537 ] ] ] } },
{ "type": "Feature", "properties": { "row": 93, "col": 5, "mostly_overlap": true, "overlap_ratio": 1.0 }, "geometry": { "type": "Polygon", "coordinates": [ [ [ -65.820896286405542, 38.448836324700878 ], [ -65.820896286405542, 38.493627026133218 ], [ -65.895547455459436, 38.493627026133218 ], [ -65.895547455459436, 38.448836324700878 ], [ -65.820896286405542, 38.448836324700878 ] ] ] } },
{ "type": "Feature", "properties": { "row": 93, "col": 6, "mostly_overlap": true, "overlap_ratio": 1.0 }, "geometry": { "type": "Polygon", "coordinates": [ [ [ -65.820896286405542, 38.493627026133218 ], [ -65.820896286405542, 38.538417727565552 ], [ -65.895547455459436, 38.538417727565552 ], [ -65.895547455459436, 38.493627026133218 ], [ -65.820896286405542, 38.493627026133218 ] ] ] } },
{ "type": "Feature", "properties": { "row": 93, "col": 7, "mostly_overlap": true, "overlap_ratio": 1.0 }, "geometry": { "type": "Polygon", "coordinates": [ [ [ -65.820896286405542, 38.538417727565552 ], [ -65.820896286405542, 38.583208428997892 ], [ -65.895547455459436, 38.583208428997892 ], [ -65.895547455459436, 38.538417727565552 ], [ -65.820896286405542, 38.538417727565552 ] ] ] } },
{ "type": "Feature", "properties": { "row": 93, "col": 8, "mostly_overlap": true, "overlap_ratio": 1.0 }, "geometry": { "type": "Polygon", "coordinates": [ [ [ -65.820896286405542, 38.583208428997892 ], [ -65.820896286405542, 38.627999130430233 ], [ -65.895547455459436, 38.627999130430233 ], [ -65.895547455459436, 38.583208428997892 ], [ -65.820896286405542, 38.583208428997892 ] ] ] } },
{ "type": "Feature", "properties": { "row": 93, "col": 9, "mostly_overlap": true, "overlap_ratio": 1.0 }, "geometry": { "type": "Polygon", "coordinates": [ [ [ -65.820896286405542, 38.627999130430233 ], [ -65.820896286405542, 38.672789831862573 ], [ -65.895547455459436, 38.672789831862573 ], [ -65.895547455459436, 38.627999130430233 ], [ -65.820896286405542, 38.627999130430233 ] ] ] } },
{ "type": "Feature", "properties": { "row": 93, "col": 10, "mostly_overlap": true, "overlap_ratio": 0.6056 }, "geometry": { "type": "Polygon", "coordinates": [ [ [ -65.820896286405542, 38.672789831862573 ], [ -65.820896286405542, 38.717580533294907 ], [ -65.895547455459436, 38.717580533294907 ], [ -65.895547455459436, 38.672789831862573 ], [ -65.820896286405542, 38.672789831862573 ] ] ] } },
{ "type": "Feature", "properties": { "row": 93, "col": 11, "mostly_overlap": false, "overlap_ratio": 0.0 }, "geometry": { "type": "Polygon", "coordinates": [ [ [ -65.820896286405542, 38.717580533294907 ], [ -65.820896286405542, 38.762371234727247 ], [ -65.895547455459436, 38.762371234727247 ], [ -65.895547455459436, 38.717580533294907 ], [ -65.820896286405542, 38.717580533294907 ] ] ] } },
{ "type": "Feature", "properties": { "row": 93, "col": 12, "mostly_overlap": false, "overlap_ratio": 0.0 }, "geometry": { "type": "Polygon", "coordinates": [ [ [ -65.820896286405542, 38.762371234727247 ], [ -65.820896286405542, 38.807161936159588 ], [ -65.895547455459436, 38.807161936159588 ], [ -65.895547455459436, 38.762371234727247 ], [ -65.820896286405542, 38.762371234727247 ] ] ] } },
{ "type": "Feature", "properties": { "row": 93, "col": 13, "mostly_overlap": false, "overlap_ratio": 0.0 }, "geometry": { "type": "Polygon", "coordinates": [ [ [ -65.820896286405542, 38.807161936159588 ], [ -65.820896286405542, 38.851952637591928 ], [ -65.895547455459436, 38.851952637591928 ], [ -65.895547455459436, 38.807161936159588 ], [ -65.820896286405542, 38.807161936159588 ] ] ] } },
{ "type": "Feature", "properties": { "row": 93, "col": 14, "mostly_overlap": false, "overlap_ratio": 0.0 }, "geometry": { "type": "Polygon", "coordinates": [ [ [ -65.820896286405542, 38.851952637591928 ], [ -65.820896286405542, 38.896743339024269 ], [ -65.895547455459436, 38.896743339024269 ], [ -65.895547455459436, 38.851952637591928 ], [ -65.820896286405542, 38.851952637591928 ] ] ] } },
{ "type": "Feature", "properties": { "row": 93, "col": 15, "mostly_overlap": false, "overlap_ratio": 0.0 }, "geometry": { "type": "Polygon", "coordinates": [ [ [ -65.820896286405542, 38.896743339024269 ], [ -65.820896286405542, 38.941534040456602 ], [ -65.895547455459436, 38.941534040456602 ], [ -65.895547455459436, 38.896743339024269 ], [ -65.820896286405542, 38.896743339024269 ] ] ] } },
{ "type": "Feature", "properties": { "row": 93, "col": 16, "mostly_overlap": false, "overlap_ratio": 0.0 }, "geometry": { "type": "Polygon", "coordinates": [ [ [ -65.820896286405542, 38.941534040456602 ], [ -65.820896286405542, 38.986324741888943 ], [ -65.895547455459436, 38.986324741888943 ], [ -65.895547455459436, 38.941534040456602 ], [ -65.820896286405542, 38.941534040456602 ] ] ] } },
{ "type": "Feature", "properties": { "row": 93, "col": 17, "mostly_overlap": false, "overlap_ratio": 0.0 }, "geometry": { "type": "Polygon", "coordinates": [ [ [ -65.820896286405542, 38.986324741888943 ], [ -65.820896286405542, 39.031115443321283 ], [ -65.895547455459436, 39.031115443321283 ], [ -65.895547455459436, 38.986324741888943 ], [ -65.820896286405542, 38.986324741888943 ] ] ] } },
{ "type": "Feature", "properties": { "row": 93, "col": 18, "mostly_overlap": false, "overlap_ratio": 0.0 }, "geometry": { "type": "Polygon", "coordinates": [ [ [ -65.820896286405542, 39.031115443321283 ], [ -65.820896286405542, 39.075906144753617 ], [ -65.895547455459436, 39.075906144753617 ], [ -65.895547455459436, 39.031115443321283 ], [ -65.820896286405542, 39.031115443321283 ] ] ] } },
{ "type": "Feature", "properties": { "row": 93, "col": 19, "mostly_overlap": false, "overlap_ratio": 0.0 }, "geometry": { "type": "Polygon", "coordinates": [ [ [ -65.820896286405542, 39.075906144753617 ], [ -65.820896286405542, 39.120696846185957 ], [ -65.895547455459436, 39.120696846185957 ], [ -65.895547455459436, 39.075906144753617 ], [ -65.820896286405542, 39.075906144753617 ] ] ] } },
{ "type": "Feature", "properties": { "row": 93, "col": 20, "mostly_overlap": false, "overlap_ratio": 0.0 }, "geometry": { "type": "Polygon", "coordinates": [ [ [ -65.820896286405542, 39.120696846185957 ], [ -65.820896286405542, 39.165487547618298 ], [ -65.895547455459436, 39.165487547618298 ], [ -65.895547455459436, 39.120696846185957 ], [ -65.820896286405542, 39.120696846185957 ] ] ] } },
{ "type": "Feature", "properties": { "row": 94, "col": 1, "mostly_overlap": false, "overlap_ratio": 0.0 }, "geometry": { "type": "Polygon", "coordinates": [ [ [ -65.895547455459436, 38.269673518971523 ], [ -65.895547455459436, 38.314464220403863 ], [ -65.970198624513344, 38.314464220403863 ], [ -65.970198624513344, 38.269673518971523 ], [ -65.895547455459436, 38.269673518971523 ] ] ] } },
{ "type": "Feature", "properties": { "row": 94, "col": 2, "mostly_overlap": false, "overlap_ratio": 0.1137 }, "geometry": { "type": "Polygon", "coordinates": [ [ [ -65.895547455459436, 38.314464220403863 ], [ -65.895547455459436, 38.359254921836197 ], [ -65.970198624513344, 38.359254921836197 ], [ -65.970198624513344, 38.314464220403863 ], [ -65.895547455459436, 38.314464220403863 ] ] ] } },
{ "type": "Feature", "properties": { "row": 94, "col": 3, "mostly_overlap": true, "overlap_ratio": 1.0 }, "geometry": { "type": "Polygon", "coordinates": [ [ [ -65.895547455459436, 38.359254921836197 ], [ -65.895547455459436, 38.404045623268537 ], [ -65.970198624513344, 38.404045623268537 ], [ -65.970198624513344, 38.359254921836197 ], [ -65.895547455459436, 38.359254921836197 ] ] ] } },
{ "type": "Feature", "properties": { "row": 94, "col": 4, "mostly_overlap": true, "overlap_ratio": 1.0 }, "geometry": { "type": "Polygon", "coordinates": [ [ [ -65.895547455459436, 38.404045623268537 ], [ -65.895547455459436, 38.448836324700878 ], [ -65.970198624513344, 38.448836324700878 ], [ -65.970198624513344, 38.404045623268537 ], [ -65.895547455459436, 38.404045623268537 ] ] ] } },
{ "type": "Feature", "properties": { "row": 94, "col": 5, "mostly_overlap": true, "overlap_ratio": 1.0 }, "geometry": { "type": "Polygon", "coordinates": [ [ [ -65.895547455459436, 38.448836324700878 ], [ -65.895547455459436, 38.493627026133218 ], [ -65.970198624513344, 38.493627026133218 ], [ -65.970198624513344, 38.448836324700878 ], [ -65.895547455459436, 38.448836324700878 ] ] ] } },
{ "type": "Feature", "properties": { "row": 94, "col": 6, "mostly_overlap": true, "overlap_ratio": 1.0 }, "geometry": { "type": "Polygon", "coordinates": [ [ [ -65.895547455459436, 38.493627026133218 ], [ -65.895547455459436, 38.538417727565552 ], [ -65.970198624513344, 38.538417727565552 ], [ -65.970198624513344, 38.493627026133218 ], [ -65.895547455459436, 38.493627026133218 ] ] ] } },
{ "type": "Feature", "properties": { "row": 94, "col": 7, "mostly_overlap": true, "overlap_ratio": 1.0 }, "geometry": { "type": "Polygon", "coordinates": [ [ [ -65.895547455459436, 38.538417727565552 ], [ -65.895547455459436, 38.583208428997892 ], [ -65.970198624513344, 38.583208428997892 ], [ -65.970198624513344, 38.538417727565552 ], [ -65.895547455459436, 38.538417727565552 ] ] ] } },
{ "type": "Feature", "properties": { "row": 94, "col": 8, "mostly_overlap": true, "overlap_ratio": 1.0 }, "geometry": { "type": "Polygon", "coordinates": [ [ [ -65.895547455459436, 38.583208428997892 ], [ -65.895547455459436, 38.627999130430233 ], [ -65.970198624513344, 38.627999130430233 ], [ -65.970198624513344, 38.583208428997892 ], [ -65.895547455459436, 38.583208428997892 ] ] ] } },
{ "type": "Feature", "properties": { "row": 94, "col": 9, "mostly_overlap": true, "overlap_ratio": 1.0 }, "geometry": { "type": "Polygon", "coordinates": [ [ [ -65.895547455459436, 38.627999130430233 ], [ -65.895547455459436, 38.672789831862573 ], [ -65.970198624513344, 38.672789831862573 ], [ -65.970198624513344, 38.627999130430233 ], [ -65.895547455459436, 38.627999130430233 ] ] ] } },
{ "type": "Feature", "properties": { "row": 94, "col": 10, "mostly_overlap": false, "overlap_ratio": 0.4714 }, "geometry": { "type": "Polygon", "coordinates": [ [ [ -65.895547455459436, 38.672789831862573 ], [ -65.895547455459436, 38.717580533294907 ], [ -65.970198624513344, 38.717580533294907 ], [ -65.970198624513344, 38.672789831862573 ], [ -65.895547455459436, 38.672789831862573 ] ] ] } },
{ "type": "Feature", "properties": { "row": 94, "col": 11, "mostly_overlap": false, "overlap_ratio": 0.0 }, "geometry": { "type": "Polygon", "coordinates": [ [ [ -65.895547455459436, 38.717580533294907 ], [ -65.895547455459436, 38.762371234727247 ], [ -65.970198624513344, 38.762371234727247 ], [ -65.970198624513344, 38.717580533294907 ], [ -65.895547455459436, 38.717580533294907 ] ] ] } },
{ "type": "Feature", "properties": { "row": 94, "col": 12, "mostly_overlap": false, "overlap_ratio": 0.0 }, "geometry": { "type": "Polygon", "coordinates": [ [ [ -65.895547455459436, 38.762371234727247 ], [ -65.895547455459436, 38.807161936159588 ], [ -65.970198624513344, 38.807161936159588 ], [ -65.970198624513344, 38.762371234727247 ], [ -65.895547455459436, 38.762371234727247 ] ] ] } },
{ "type": "Feature", "properties": { "row": 94, "col": 13, "mostly_overlap": false, "overlap_ratio": 0.0 }, "geometry": { "type": "Polygon", "coordinates": [ [ [ -65.895547455459436, 38.807161936159588 ], [ -65.895547455459436, 38.851952637591928 ], [ -65.970198624513344, 38.851952637591928 ], [ -65.970198624513344, 38.807161936159588 ], [ -65.895547455459436, 38.807161936159588 ] ] ] } },
{ "type": "Feature", "properties": { "row": 94, "col": 14, "mostly_overlap": false, "overlap_ratio": 0.0 }, "geometry": { "type": "Polygon", "coordinates": [ [ [ -65.895547455459436, 38.851952637591928 ], [ -65.895547455459436, 38.896743339024269 ], [ -65.970198624513344, 38.896743339024269 ], [ -65.970198624513344, 38.851952637591928 ], [ -65.895547455459436, 38.851952637591928 ] ] ] } },
{ "type": "Feature", "properties": { "row": 94, "col": 15, "mostly_overlap": false, "overlap_ratio": 0.0 }, "geometry": { "type": "Polygon", "coordinates": [ [ [ -65.895547455459436, 38.896743339024269 ], [ -65.895547455459436, 38.941534040456602 ], [ -65.970198624513344, 38.941534040456602 ], [ -65.970198624513344, 38.896743339024269 ], [ -65.895547455459436, 38.896743339024269 ] ] ] } },
{ "type": "Feature", "properties": { "row": 94, "col": 16, "mostly_overlap": false, "overlap_ratio": 0.0 }, "geometry": { "type": "Polygon", "coordinates": [ [ [ -65.895547455459436, 38.941534040456602 ], [ -65.895547455459436, 38.986324741888943 ], [ -65.970198624513344, 38.986324741888943 ], [ -65.970198624513344, 38.941534040456602 ], [ -65.895547455459436, 38.941534040456602 ] ] ] } },
{ "type": "Feature", "properties": { "row": 94, "col": 17, "mostly_overlap": false, "overlap_ratio": 0.0 }, "geometry": { "type": "Polygon", "coordinates": [ [ [ -65.895547455459436, 38.986324741888943 ], [ -65.895547455459436, 39.031115443321283 ], [ -65.970198624513344, 39.031115443321283 ], [ -65.970198624513344, 38.986324741888943 ], [ -65.895547455459436, 38.986324741888943 ] ] ] } },
{ "type": "Feature", "properties": { "row": 94, "col": 18, "mostly_overlap": false, "overlap_ratio": 0.0 }, "geometry": { "type": "Polygon", "coordinates": [ [ [ -65.895547455459436, 39.031115443321283 ], [ -65.895547455459436, 39.075906144753617 ], [ -65.970198624513344, 39.075906144753617 ], [ -65.970198624513344, 39.031115443321283 ], [ -65.895547455459436, 39.031115443321283 ] ] ] } },
{ "type": "Feature", "properties": { "row": 94, "col": 19, "mostly_overlap": false, "overlap_ratio": 0.0 }, "geometry": { "type": "Polygon", "coordinates": [ [ [ -65.895547455459436, 39.075906144753617 ], [ -65.895547455459436, 39.120696846185957 ], [ -65.970198624513344, 39.120696846185957 ], [ -65.970198624513344, 39.075906144753617 ], [ -65.895547455459436, 39.075906144753617 ] ] ] } },
{ "type": "Feature", "properties": { "row": 94, "col": 20, "mostly_overlap": false, "overlap_ratio": 0.0 }, "geometry": { "type": "Polygon", "coordinates": [ [ [ -65.895547455459436, 39.120696846185957 ], [ -65.895547455459436, 39.165487547618298 ], [ -65.970198624513344, 39.165487547618298 ], [ -65.970198624513344, 39.120696846185957 ], [ -65.895547455459436, 39.120696846185957 ] ] ] } },
{ "type": "Feature", "properties": { "row": 95, "col": 1, "mostly_overlap": false, "overlap_ratio": 0.0 }, "geometry": { "type": "Polygon", "coordinates": [ [ [ -65.970198624513344, 38.269673518971523 ], [ -65.970198624513344, 38.314464220403863 ], [ -66.044849793567238, 38.314464220403863 ], [ -66.044849793567238, 38.269673518971523 ], [ -65.970198624513344, 38.269673518971523 ] ] ] } },
{ "type": "Feature", "properties": { "row": 95, "col": 2, "mostly_overlap": false, "overlap_ratio": 0.0987 }, "geometry": { "type": "Polygon", "coordinates": [ [ [ -65.970198624513344, 38.314464220403863 ], [ -65.970198624513344, 38.359254921836197 ], [ -66.044849793567238, 38.359254921836197 ], [ -66.044849793567238, 38.314464220403863 ], [ -65.970198624513344, 38.314464220403863 ] ] ] } },
{ "type": "Feature", "properties": { "row": 95, "col": 3, "mostly_overlap": true, "overlap_ratio": 1.0 }, "geometry": { "type": "Polygon", "coordinates": [ [ [ -65.970198624513344, 38.359254921836197 ], [ -65.970198624513344, 38.404045623268537 ], [ -66.044849793567238, 38.404045623268537 ], [ -66.044849793567238, 38.359254921836197 ], [ -65.970198624513344, 38.359254921836197 ] ] ] } },
{ "type": "Feature", "properties": { "row": 95, "col": 4, "mostly_overlap": true, "overlap_ratio": 1.0 }, "geometry": { "type": "Polygon", "coordinates": [ [ [ -65.970198624513344, 38.404045623268537 ], [ -65.970198624513344, 38.448836324700878 ], [ -66.044849793567238, 38.448836324700878 ], [ -66.044849793567238, 38.404045623268537 ], [ -65.970198624513344, 38.404045623268537 ] ] ] } },
{ "type": "Feature", "properties": { "row": 95, "col": 5, "mostly_overlap": true, "overlap_ratio": 1.0 }, "geometry": { "type": "Polygon", "coordinates": [ [ [ -65.970198624513344, 38.448836324700878 ], [ -65.970198624513344, 38.493627026133218 ], [ -66.044849793567238, 38.493627026133218 ], [ -66.044849793567238, 38.448836324700878 ], [ -65.970198624513344, 38.448836324700878 ] ] ] } },
{ "type": "Feature", "properties": { "row": 95, "col": 6, "mostly_overlap": true, "overlap_ratio": 1.0 }, "geometry": { "type": "Polygon", "coordinates": [ [ [ -65.970198624513344, 38.493627026133218 ], [ -65.970198624513344, 38.538417727565552 ], [ -66.044849793567238, 38.538417727565552 ], [ -66.044849793567238, 38.493627026133218 ], [ -65.970198624513344, 38.493627026133218 ] ] ] } },
{ "type": "Feature", "properties": { "row": 95, "col": 7, "mostly_overlap": true, "overlap_ratio": 1.0 }, "geometry": { "type": "Polygon", "coordinates": [ [ [ -65.970198624513344, 38.538417727565552 ], [ -65.970198624513344, 38.583208428997892 ], [ -66.044849793567238, 38.583208428997892 ], [ -66.044849793567238, 38.538417727565552 ], [ -65.970198624513344, 38.538417727565552 ] ] ] } },
{ "type": "Feature", "properties": { "row": 95, "col": 8, "mostly_overlap": true, "overlap_ratio": 1.0 }, "geometry": { "type": "Polygon", "coordinates": [ [ [ -65.970198624513344, 38.583208428997892 ], [ -65.970198624513344, 38.627999130430233 ], [ -66.044849793567238, 38.627999130430233 ], [ -66.044849793567238, 38.583208428997892 ], [ -65.970198624513344, 38.583208428997892 ] ] ] } },
{ "type": "Feature", "properties": { "row": 95, "col": 9, "mostly_overlap": true, "overlap_ratio": 1.0 }, "geometry": { "type": "Polygon", "coordinates": [ [ [ -65.970198624513344, 38.627999130430233 ], [ -65.970198624513344, 38.672789831862573 ], [ -66.044849793567238, 38.672789831862573 ], [ -66.044849793567238, 38.627999130430233 ], [ -65.970198624513344, 38.627999130430233 ] ] ] } },
{ "type": "Feature", "properties": { "row": 95, "col": 10, "mostly_overlap": false, "overlap_ratio": 0.3253 }, "geometry": { "type": "Polygon", "coordinates": [ [ [ -65.970198624513344, 38.672789831862573 ], [ -65.970198624513344, 38.717580533294907 ], [ -66.044849793567238, 38.717580533294907 ], [ -66.044849793567238, 38.672789831862573 ], [ -65.970198624513344, 38.672789831862573 ] ] ] } },
{ "type": "Feature", "properties": { "row": 95, "col": 11, "mostly_overlap": false, "overlap_ratio": 0.0 }, "geometry": { "type": "Polygon", "coordinates": [ [ [ -65.970198624513344, 38.717580533294907 ], [ -65.970198624513344, 38.762371234727247 ], [ -66.044849793567238, 38.762371234727247 ], [ -66.044849793567238, 38.717580533294907 ], [ -65.970198624513344, 38.717580533294907 ] ] ] } },
{ "type": "Feature", "properties": { "row": 95, "col": 12, "mostly_overlap": false, "overlap_ratio": 0.0 }, "geometry": { "type": "Polygon", "coordinates": [ [ [ -65.970198624513344, 38.762371234727247 ], [ -65.970198624513344, 38.807161936159588 ], [ -66.044849793567238, 38.807161936159588 ], [ -66.044849793567238, 38.762371234727247 ], [ -65.970198624513344, 38.762371234727247 ] ] ] } },
{ "type": "Feature", "properties": { "row": 95, "col": 13, "mostly_overlap": false, "overlap_ratio": 0.0 }, "geometry": { "type": "Polygon", "coordinates": [ [ [ -65.970198624513344, 38.807161936159588 ], [ -65.970198624513344, 38.851952637591928 ], [ -66.044849793567238, 38.851952637591928 ], [ -66.044849793567238, 38.807161936159588 ], [ -65.970198624513344, 38.807161936159588 ] ] ] } },
{ "type": "Feature", "properties": { "row": 95, "col": 14, "mostly_overlap": false, "overlap_ratio": 0.0 }, "geometry": { "type": "Polygon", "coordinates": [ [ [ -65.970198624513344, 38.851952637591928 ], [ -65.970198624513344, 38.896743339024269 ], [ -66.044849793567238, 38.896743339024269 ], [ -66.044849793567238, 38.851952637591928 ], [ -65.970198624513344, 38.851952637591928 ] ] ] } },
{ "type": "Feature", "properties": { "row": 95, "col": 15, "mostly_overlap": false, "overlap_ratio": 0.0 }, "geometry": { "type": "Polygon", "coordinates": [ [ [ -65.970198624513344, 38.896743339024269 ], [ -65.970198624513344, 38.941534040456602 ], [ -66.044849793567238, 38.941534040456602 ], [ -66.044849793567238, 38.896743339024269 ], [ -65.970198624513344, 38.896743339024269 ] ] ] } },
{ "type": "Feature", "properties": { "row": 95, "col": 16, "mostly_overlap": false, "overlap_ratio": 0.0 }, "geometry": { "type": "Polygon", "coordinates": [ [ [ -65.970198624513344, 38.941534040456602 ], [ -65.970198624513344, 38.986324741888943 ], [ -66.044849793567238, 38.986324741888943 ], [ -66.044849793567238, 38.941534040456602 ], [ -65.970198624513344, 38.941534040456602 ] ] ] } },
{ "type": "Feature", "properties": { "row": 95, "col": 17, "mostly_overlap": false, "overlap_ratio": 0.0 }, "geometry": { "type": "Polygon", "coordinates": [ [ [ -65.970198624513344, 38.986324741888943 ], [ -65.970198624513344, 39.031115443321283 ], [ -66.044849793567238, 39.031115443321283 ], [ -66.044849793567238, 38.986324741888943 ], [ -65.970198624513344, 38.986324741888943 ] ] ] } },
{ "type": "Feature", "properties": { "row": 95, "col": 18, "mostly_overlap": false, "overlap_ratio": 0.0 }, "geometry": { "type": "Polygon", "coordinates": [ [ [ -65.970198624513344, 39.031115443321283 ], [ -65.970198624513344, 39.075906144753617 ], [ -66.044849793567238, 39.075906144753617 ], [ -66.044849793567238, 39.031115443321283 ], [ -65.970198624513344, 39.031115443321283 ] ] ] } },
{ "type": "Feature", "properties": { "row": 95, "col": 19, "mostly_overlap": false, "overlap_ratio": 0.0 }, "geometry": { "type": "Polygon", "coordinates": [ [ [ -65.970198624513344, 39.075906144753617 ], [ -65.970198624513344, 39.120696846185957 ], [ -66.044849793567238, 39.120696846185957 ], [ -66.044849793567238, 39.075906144753617 ], [ -65.970198624513344, 39.075906144753617 ] ] ] } },
{ "type": "Feature", "properties": { "row": 95, "col": 20, "mostly_overlap": false, "overlap_ratio": 0.0 }, "geometry": { "type": "Polygon", "coordinates": [ [ [ -65.970198624513344, 39.120696846185957 ], [ -65.970198624513344, 39.165487547618298 ], [ -66.044849793567238, 39.165487547618298 ], [ -66.044849793567238, 39.120696846185957 ], [ -65.970198624513344, 39.120696846185957 ] ] ] } },
{ "type": "Feature", "properties": { "row": 96, "col": 1, "mostly_overlap": false, "overlap_ratio": 0.0012 }, "geometry": { "type": "Polygon", "coordinates": [ [ [ -66.044849793567238, 38.269673518971523 ], [ -66.044849793567238, 38.314464220403863 ], [ -66.119500962621132, 38.314464220403863 ], [ -66.119500962621132, 38.269673518971523 ], [ -66.044849793567238, 38.269673518971523 ] ] ] } },
{ "type": "Feature", "properties": { "row": 96, "col": 2, "mostly_overlap": true, "overlap_ratio": 0.7852 }, "geometry": { "type": "Polygon", "coordinates": [ [ [ -66.044849793567238, 38.314464220403863 ], [ -66.044849793567238, 38.359254921836197 ], [ -66.119500962621132, 38.359254921836197 ], [ -66.119500962621132, 38.314464220403863 ], [ -66.044849793567238, 38.314464220403863 ] ] ] } },
{ "type": "Feature", "properties": { "row": 96, "col": 3, "mostly_overlap": true, "overlap_ratio": 1.0 }, "geometry": { "type": "Polygon", "coordinates": [ [ [ -66.044849793567238, 38.359254921836197 ], [ -66.044849793567238, 38.404045623268537 ], [ -66.119500962621132, 38.404045623268537 ], [ -66.119500962621132, 38.359254921836197 ], [ -66.044849793567238, 38.359254921836197 ] ] ] } },
{ "type": "Feature", "properties": { "row": 96, "col": 4, "mostly_overlap": true, "overlap_ratio": 1.0 }, "geometry": { "type": "Polygon", "coordinates": [ [ [ -66.044849793567238, 38.404045623268537 ], [ -66.044849793567238, 38.448836324700878 ], [ -66.119500962621132, 38.448836324700878 ], [ -66.119500962621132, 38.404045623268537 ], [ -66.044849793567238, 38.404045623268537 ] ] ] } },
{ "type": "Feature", "properties": { "row": 96, "col": 5, "mostly_overlap": true, "overlap_ratio": 1.0 }, "geometry": { "type": "Polygon", "coordinates": [ [ [ -66.044849793567238, 38.448836324700878 ], [ -66.044849793567238, 38.493627026133218 ], [ -66.119500962621132, 38.493627026133218 ], [ -66.119500962621132, 38.448836324700878 ], [ -66.044849793567238, 38.448836324700878 ] ] ] } },
{ "type": "Feature", "properties": { "row": 96, "col": 6, "mostly_overlap": true, "overlap_ratio": 1.0 }, "geometry": { "type": "Polygon", "coordinates": [ [ [ -66.044849793567238, 38.493627026133218 ], [ -66.044849793567238, 38.538417727565552 ], [ -66.119500962621132, 38.538417727565552 ], [ -66.119500962621132, 38.493627026133218 ], [ -66.044849793567238, 38.493627026133218 ] ] ] } },
{ "type": "Feature", "properties": { "row": 96, "col": 7, "mostly_overlap": true, "overlap_ratio": 1.0 }, "geometry": { "type": "Polygon", "coordinates": [ [ [ -66.044849793567238, 38.538417727565552 ], [ -66.044849793567238, 38.583208428997892 ], [ -66.119500962621132, 38.583208428997892 ], [ -66.119500962621132, 38.538417727565552 ], [ -66.044849793567238, 38.538417727565552 ] ] ] } },
{ "type": "Feature", "properties": { "row": 96, "col": 8, "mostly_overlap": true, "overlap_ratio": 1.0 }, "geometry": { "type": "Polygon", "coordinates": [ [ [ -66.044849793567238, 38.583208428997892 ], [ -66.044849793567238, 38.627999130430233 ], [ -66.119500962621132, 38.627999130430233 ], [ -66.119500962621132, 38.583208428997892 ], [ -66.044849793567238, 38.583208428997892 ] ] ] } },
{ "type": "Feature", "properties": { "row": 96, "col": 9, "mostly_overlap": true, "overlap_ratio": 1.0 }, "geometry": { "type": "Polygon", "coordinates": [ [ [ -66.044849793567238, 38.627999130430233 ], [ -66.044849793567238, 38.672789831862573 ], [ -66.119500962621132, 38.672789831862573 ], [ -66.119500962621132, 38.627999130430233 ], [ -66.044849793567238, 38.627999130430233 ] ] ] } },
{ "type": "Feature", "properties": { "row": 96, "col": 10, "mostly_overlap": false, "overlap_ratio": 0.1568 }, "geometry": { "type": "Polygon", "coordinates": [ [ [ -66.044849793567238, 38.672789831862573 ], [ -66.044849793567238, 38.717580533294907 ], [ -66.119500962621132, 38.717580533294907 ], [ -66.119500962621132, 38.672789831862573 ], [ -66.044849793567238, 38.672789831862573 ] ] ] } },
{ "type": "Feature", "properties": { "row": 96, "col": 11, "mostly_overlap": false, "overlap_ratio": 0.0 }, "geometry": { "type": "Polygon", "coordinates": [ [ [ -66.044849793567238, 38.717580533294907 ], [ -66.044849793567238, 38.762371234727247 ], [ -66.119500962621132, 38.762371234727247 ], [ -66.119500962621132, 38.717580533294907 ], [ -66.044849793567238, 38.717580533294907 ] ] ] } },
{ "type": "Feature", "properties": { "row": 96, "col": 12, "mostly_overlap": false, "overlap_ratio": 0.0 }, "geometry": { "type": "Polygon", "coordinates": [ [ [ -66.044849793567238, 38.762371234727247 ], [ -66.044849793567238, 38.807161936159588 ], [ -66.119500962621132, 38.807161936159588 ], [ -66.119500962621132, 38.762371234727247 ], [ -66.044849793567238, 38.762371234727247 ] ] ] } },
{ "type": "Feature", "properties": { "row": 96, "col": 13, "mostly_overlap": false, "overlap_ratio": 0.0 }, "geometry": { "type": "Polygon", "coordinates": [ [ [ -66.044849793567238, 38.807161936159588 ], [ -66.044849793567238, 38.851952637591928 ], [ -66.119500962621132, 38.851952637591928 ], [ -66.119500962621132, 38.807161936159588 ], [ -66.044849793567238, 38.807161936159588 ] ] ] } },
{ "type": "Feature", "properties": { "row": 96, "col": 14, "mostly_overlap": false, "overlap_ratio": 0.0 }, "geometry": { "type": "Polygon", "coordinates": [ [ [ -66.044849793567238, 38.851952637591928 ], [ -66.044849793567238, 38.896743339024269 ], [ -66.119500962621132, 38.896743339024269 ], [ -66.119500962621132, 38.851952637591928 ], [ -66.044849793567238, 38.851952637591928 ] ] ] } },
{ "type": "Feature", "properties": { "row": 96, "col": 15, "mostly_overlap": false, "overlap_ratio": 0.0 }, "geometry": { "type": "Polygon", "coordinates": [ [ [ -66.044849793567238, 38.896743339024269 ], [ -66.044849793567238, 38.941534040456602 ], [ -66.119500962621132, 38.941534040456602 ], [ -66.119500962621132, 38.896743339024269 ], [ -66.044849793567238, 38.896743339024269 ] ] ] } },
{ "type": "Feature", "properties": { "row": 96, "col": 16, "mostly_overlap": false, "overlap_ratio": 0.0 }, "geometry": { "type": "Polygon", "coordinates": [ [ [ -66.044849793567238, 38.941534040456602 ], [ -66.044849793567238, 38.986324741888943 ], [ -66.119500962621132, 38.986324741888943 ], [ -66.119500962621132, 38.941534040456602 ], [ -66.044849793567238, 38.941534040456602 ] ] ] } },
{ "type": "Feature", "properties": { "row": 96, "col": 17, "mostly_overlap": false, "overlap_ratio": 0.0 }, "geometry": { "type": "Polygon", "coordinates": [ [ [ -66.044849793567238, 38.986324741888943 ], [ -66.044849793567238, 39.031115443321283 ], [ -66.119500962621132, 39.031115443321283 ], [ -66.119500962621132, 38.986324741888943 ], [ -66.044849793567238, 38.986324741888943 ] ] ] } },
{ "type": "Feature", "properties": { "row": 96, "col": 18, "mostly_overlap": false, "overlap_ratio": 0.0 }, "geometry": { "type": "Polygon", "coordinates": [ [ [ -66.044849793567238, 39.031115443321283 ], [ -66.044849793567238, 39.075906144753617 ], [ -66.119500962621132, 39.075906144753617 ], [ -66.119500962621132, 39.031115443321283 ], [ -66.044849793567238, 39.031115443321283 ] ] ] } },
{ "type": "Feature", "properties": { "row": 96, "col": 19, "mostly_overlap": false, "overlap_ratio": 0.0 }, "geometry": { "type": "Polygon", "coordinates": [ [ [ -66.044849793567238, 39.075906144753617 ], [ -66.044849793567238, 39.120696846185957 ], [ -66.119500962621132, 39.120696846185957 ], [ -66.119500962621132, 39.075906144753617 ], [ -66.044849793567238, 39.075906144753617 ] ] ] } },
{ "type": "Feature", "properties": { "row": 96, "col": 20, "mostly_overlap": false, "overlap_ratio": 0.0 }, "geometry": { "type": "Polygon", "coordinates": [ [ [ -66.044849793567238, 39.120696846185957 ], [ -66.044849793567238, 39.165487547618298 ], [ -66.119500962621132, 39.165487547618298 ], [ -66.119500962621132, 39.120696846185957 ], [ -66.044849793567238, 39.120696846185957 ] ] ] } },
{ "type": "Feature", "properties": { "row": 97, "col": 1, "mostly_overlap": false, "overlap_ratio": 0.0122 }, "geometry": { "type": "Polygon", "coordinates": [ [ [ -66.119500962621132, 38.269673518971523 ], [ -66.119500962621132, 38.314464220403863 ], [ -66.19415213167504, 38.314464220403863 ], [ -66.19415213167504, 38.269673518971523 ], [ -66.119500962621132, 38.269673518971523 ] ] ] } },
{ "type": "Feature", "properties": { "row": 97, "col": 2, "mostly_overlap": true, "overlap_ratio": 1.0 }, "geometry": { "type": "Polygon", "coordinates": [ [ [ -66.119500962621132, 38.314464220403863 ], [ -66.119500962621132, 38.359254921836197 ], [ -66.19415213167504, 38.359254921836197 ], [ -66.19415213167504, 38.314464220403863 ], [ -66.119500962621132, 38.314464220403863 ] ] ] } },
{ "type": "Feature", "properties": { "row": 97, "col": 3, "mostly_overlap": true, "overlap_ratio": 1.0 }, "geometry": { "type": "Polygon", "coordinates": [ [ [ -66.119500962621132, 38.359254921836197 ], [ -66.119500962621132, 38.404045623268537 ], [ -66.19415213167504, 38.404045623268537 ], [ -66.19415213167504, 38.359254921836197 ], [ -66.119500962621132, 38.359254921836197 ] ] ] } },
{ "type": "Feature", "properties": { "row": 97, "col": 4, "mostly_overlap": true, "overlap_ratio": 1.0 }, "geometry": { "type": "Polygon", "coordinates": [ [ [ -66.119500962621132, 38.404045623268537 ], [ -66.119500962621132, 38.448836324700878 ], [ -66.19415213167504, 38.448836324700878 ], [ -66.19415213167504, 38.404045623268537 ], [ -66.119500962621132, 38.404045623268537 ] ] ] } },
{ "type": "Feature", "properties": { "row": 97, "col": 5, "mostly_overlap": true, "overlap_ratio": 1.0 }, "geometry": { "type": "Polygon", "coordinates": [ [ [ -66.119500962621132, 38.448836324700878 ], [ -66.119500962621132, 38.493627026133218 ], [ -66.19415213167504, 38.493627026133218 ], [ -66.19415213167504, 38.448836324700878 ], [ -66.119500962621132, 38.448836324700878 ] ] ] } },
{ "type": "Feature", "properties": { "row": 97, "col": 6, "mostly_overlap": true, "overlap_ratio": 1.0 }, "geometry": { "type": "Polygon", "coordinates": [ [ [ -66.119500962621132, 38.493627026133218 ], [ -66.119500962621132, 38.538417727565552 ], [ -66.19415213167504, 38.538417727565552 ], [ -66.19415213167504, 38.493627026133218 ], [ -66.119500962621132, 38.493627026133218 ] ] ] } },
{ "type": "Feature", "properties": { "row": 97, "col": 7, "mostly_overlap": true, "overlap_ratio": 1.0 }, "geometry": { "type": "Polygon", "coordinates": [ [ [ -66.119500962621132, 38.538417727565552 ], [ -66.119500962621132, 38.583208428997892 ], [ -66.19415213167504, 38.583208428997892 ], [ -66.19415213167504, 38.538417727565552 ], [ -66.119500962621132, 38.538417727565552 ] ] ] } },
{ "type": "Feature", "properties": { "row": 97, "col": 8, "mostly_overlap": true, "overlap_ratio": 1.0 }, "geometry": { "type": "Polygon", "coordinates": [ [ [ -66.119500962621132, 38.583208428997892 ], [ -66.119500962621132, 38.627999130430233 ], [ -66.19415213167504, 38.627999130430233 ], [ -66.19415213167504, 38.583208428997892 ], [ -66.119500962621132, 38.583208428997892 ] ] ] } },
{ "type": "Feature", "properties": { "row": 97, "col": 9, "mostly_overlap": true, "overlap_ratio": 0.9401 }, "geometry": { "type": "Polygon", "coordinates": [ [ [ -66.119500962621132, 38.627999130430233 ], [ -66.119500962621132, 38.672789831862573 ], [ -66.19415213167504, 38.672789831862573 ], [ -66.19415213167504, 38.627999130430233 ], [ -66.119500962621132, 38.627999130430233 ] ] ] } },
{ "type": "Feature", "properties": { "row": 97, "col": 10, "mostly_overlap": false, "overlap_ratio": 0.0074 }, "geometry": { "type": "Polygon", "coordinates": [ [ [ -66.119500962621132, 38.672789831862573 ], [ -66.119500962621132, 38.717580533294907 ], [ -66.19415213167504, 38.717580533294907 ], [ -66.19415213167504, 38.672789831862573 ], [ -66.119500962621132, 38.672789831862573 ] ] ] } },
{ "type": "Feature", "properties": { "row": 97, "col": 11, "mostly_overlap": false, "overlap_ratio": 0.0 }, "geometry": { "type": "Polygon", "coordinates": [ [ [ -66.119500962621132, 38.717580533294907 ], [ -66.119500962621132, 38.762371234727247 ], [ -66.19415213167504, 38.762371234727247 ], [ -66.19415213167504, 38.717580533294907 ], [ -66.119500962621132, 38.717580533294907 ] ] ] } },
{ "type": "Feature", "properties": { "row": 97, "col": 12, "mostly_overlap": false, "overlap_ratio": 0.0 }, "geometry": { "type": "Polygon", "coordinates": [ [ [ -66.119500962621132, 38.762371234727247 ], [ -66.119500962621132, 38.807161936159588 ], [ -66.19415213167504, 38.807161936159588 ], [ -66.19415213167504, 38.762371234727247 ], [ -66.119500962621132, 38.762371234727247 ] ] ] } },
{ "type": "Feature", "properties": { "row": 97, "col": 13, "mostly_overlap": false, "overlap_ratio": 0.0 }, "geometry": { "type": "Polygon", "coordinates": [ [ [ -66.119500962621132, 38.807161936159588 ], [ -66.119500962621132, 38.851952637591928 ], [ -66.19415213167504, 38.851952637591928 ], [ -66.19415213167504, 38.807161936159588 ], [ -66.119500962621132, 38.807161936159588 ] ] ] } },
{ "type": "Feature", "properties": { "row": 97, "col": 14, "mostly_overlap": false, "overlap_ratio": 0.0 }, "geometry": { "type": "Polygon", "coordinates": [ [ [ -66.119500962621132, 38.851952637591928 ], [ -66.119500962621132, 38.896743339024269 ], [ -66.19415213167504, 38.896743339024269 ], [ -66.19415213167504, 38.851952637591928 ], [ -66.119500962621132, 38.851952637591928 ] ] ] } },
{ "type": "Feature", "properties": { "row": 97, "col": 15, "mostly_overlap": false, "overlap_ratio": 0.0 }, "geometry": { "type": "Polygon", "coordinates": [ [ [ -66.119500962621132, 38.896743339024269 ], [ -66.119500962621132, 38.941534040456602 ], [ -66.19415213167504, 38.941534040456602 ], [ -66.19415213167504, 38.896743339024269 ], [ -66.119500962621132, 38.896743339024269 ] ] ] } },
{ "type": "Feature", "properties": { "row": 97, "col": 16, "mostly_overlap": false, "overlap_ratio": 0.0 }, "geometry": { "type": "Polygon", "coordinates": [ [ [ -66.119500962621132, 38.941534040456602 ], [ -66.119500962621132, 38.986324741888943 ], [ -66.19415213167504, 38.986324741888943 ], [ -66.19415213167504, 38.941534040456602 ], [ -66.119500962621132, 38.941534040456602 ] ] ] } },
{ "type": "Feature", "properties": { "row": 97, "col": 17, "mostly_overlap": false, "overlap_ratio": 0.0 }, "geometry": { "type": "Polygon", "coordinates": [ [ [ -66.119500962621132, 38.986324741888943 ], [ -66.119500962621132, 39.031115443321283 ], [ -66.19415213167504, 39.031115443321283 ], [ -66.19415213167504, 38.986324741888943 ], [ -66.119500962621132, 38.986324741888943 ] ] ] } },
{ "type": "Feature", "properties": { "row": 97, "col": 18, "mostly_overlap": false, "overlap_ratio": 0.0 }, "geometry": { "type": "Polygon", "coordinates": [ [ [ -66.119500962621132, 39.031115443321283 ], [ -66.119500962621132, 39.075906144753617 ], [ -66.19415213167504, 39.075906144753617 ], [ -66.19415213167504, 39.031115443321283 ], [ -66.119500962621132, 39.031115443321283 ] ] ] } },
{ "type": "Feature", "properties": { "row": 97, "col": 19, "mostly_overlap": false, "overlap_ratio": 0.0 }, "geometry": { "type": "Polygon", "coordinates": [ [ [ -66.119500962621132, 39.075906144753617 ], [ -66.119500962621132, 39.120696846185957 ], [ -66.19415213167504, 39.120696846185957 ], [ -66.19415213167504, 39.075906144753617 ], [ -66.119500962621132, 39.075906144753617 ] ] ] } },
{ "type": "Feature", "properties": { "row": 97, "col": 20, "mostly_overlap": false, "overlap_ratio": 0.0 }, "geometry": { "type": "Polygon", "coordinates": [ [ [ -66.119500962621132, 39.120696846185957 ], [ -66.119500962621132, 39.165487547618298 ], [ -66.19415213167504, 39.165487547618298 ], [ -66.19415213167504, 39.120696846185957 ], [ -66.119500962621132, 39.120696846185957 ] ] ] } },
{ "type": "Feature", "properties": { "row": 98, "col": 1, "mostly_overlap": false, "overlap_ratio": 0.0206 }, "geometry": { "type": "Polygon", "coordinates": [ [ [ -66.194152131675025, 38.269673518971523 ], [ -66.194152131675025, 38.314464220403863 ], [ -66.268803300728933, 38.314464220403863 ], [ -66.268803300728933, 38.269673518971523 ], [ -66.194152131675025, 38.269673518971523 ] ] ] } },
{ "type": "Feature", "properties": { "row": 98, "col": 2, "mostly_overlap": true, "overlap_ratio": 1.0 }, "geometry": { "type": "Polygon", "coordinates": [ [ [ -66.194152131675025, 38.314464220403863 ], [ -66.194152131675025, 38.359254921836197 ], [ -66.268803300728933, 38.359254921836197 ], [ -66.268803300728933, 38.314464220403863 ], [ -66.194152131675025, 38.314464220403863 ] ] ] } },
{ "type": "Feature", "properties": { "row": 98, "col": 3, "mostly_overlap": true, "overlap_ratio": 1.0 }, "geometry": { "type": "Polygon", "coordinates": [ [ [ -66.194152131675025, 38.359254921836197 ], [ -66.194152131675025, 38.404045623268537 ], [ -66.268803300728933, 38.404045623268537 ], [ -66.268803300728933, 38.359254921836197 ], [ -66.194152131675025, 38.359254921836197 ] ] ] } },
{ "type": "Feature", "properties": { "row": 98, "col": 4, "mostly_overlap": true, "overlap_ratio": 1.0 }, "geometry": { "type": "Polygon", "coordinates": [ [ [ -66.194152131675025, 38.404045623268537 ], [ -66.194152131675025, 38.448836324700878 ], [ -66.268803300728933, 38.448836324700878 ], [ -66.268803300728933, 38.404045623268537 ], [ -66.194152131675025, 38.404045623268537 ] ] ] } },
{ "type": "Feature", "properties": { "row": 98, "col": 5, "mostly_overlap": true, "overlap_ratio": 1.0 }, "geometry": { "type": "Polygon", "coordinates": [ [ [ -66.194152131675025, 38.448836324700878 ], [ -66.194152131675025, 38.493627026133218 ], [ -66.268803300728933, 38.493627026133218 ], [ -66.268803300728933, 38.448836324700878 ], [ -66.194152131675025, 38.448836324700878 ] ] ] } },
{ "type": "Feature", "properties": { "row": 98, "col": 6, "mostly_overlap": true, "overlap_ratio": 1.0 }, "geometry": { "type": "Polygon", "coordinates": [ [ [ -66.194152131675025, 38.493627026133218 ], [ -66.194152131675025, 38.538417727565552 ], [ -66.268803300728933, 38.538417727565552 ], [ -66.268803300728933, 38.493627026133218 ], [ -66.194152131675025, 38.493627026133218 ] ] ] } },
{ "type": "Feature", "properties": { "row": 98, "col": 7, "mostly_overlap": true, "overlap_ratio": 1.0 }, "geometry": { "type": "Polygon", "coordinates": [ [ [ -66.194152131675025, 38.538417727565552 ], [ -66.194152131675025, 38.583208428997892 ], [ -66.268803300728933, 38.583208428997892 ], [ -66.268803300728933, 38.538417727565552 ], [ -66.194152131675025, 38.538417727565552 ] ] ] } },
{ "type": "Feature", "properties": { "row": 98, "col": 8, "mostly_overlap": true, "overlap_ratio": 1.0 }, "geometry": { "type": "Polygon", "coordinates": [ [ [ -66.194152131675025, 38.583208428997892 ], [ -66.194152131675025, 38.627999130430233 ], [ -66.268803300728933, 38.627999130430233 ], [ -66.268803300728933, 38.583208428997892 ], [ -66.194152131675025, 38.583208428997892 ] ] ] } },
{ "type": "Feature", "properties": { "row": 98, "col": 9, "mostly_overlap": true, "overlap_ratio": 0.7507 }, "geometry": { "type": "Polygon", "coordinates": [ [ [ -66.194152131675025, 38.627999130430233 ], [ -66.194152131675025, 38.672789831862573 ], [ -66.268803300728933, 38.672789831862573 ], [ -66.268803300728933, 38.627999130430233 ], [ -66.194152131675025, 38.627999130430233 ] ] ] } },
{ "type": "Feature", "properties": { "row": 98, "col": 10, "mostly_overlap": false, "overlap_ratio": 0.0108 }, "geometry": { "type": "Polygon", "coordinates": [ [ [ -66.194152131675025, 38.672789831862573 ], [ -66.194152131675025, 38.717580533294907 ], [ -66.268803300728933, 38.717580533294907 ], [ -66.268803300728933, 38.672789831862573 ], [ -66.194152131675025, 38.672789831862573 ] ] ] } },
{ "type": "Feature", "properties": { "row": 98, "col": 11, "mostly_overlap": false, "overlap_ratio": 0.0 }, "geometry": { "type": "Polygon", "coordinates": [ [ [ -66.194152131675025, 38.717580533294907 ], [ -66.194152131675025, 38.762371234727247 ], [ -66.268803300728933, 38.762371234727247 ], [ -66.268803300728933, 38.717580533294907 ], [ -66.194152131675025, 38.717580533294907 ] ] ] } },
{ "type": "Feature", "properties": { "row": 98, "col": 12, "mostly_overlap": false, "overlap_ratio": 0.0 }, "geometry": { "type": "Polygon", "coordinates": [ [ [ -66.194152131675025, 38.762371234727247 ], [ -66.194152131675025, 38.807161936159588 ], [ -66.268803300728933, 38.807161936159588 ], [ -66.268803300728933, 38.762371234727247 ], [ -66.194152131675025, 38.762371234727247 ] ] ] } },
{ "type": "Feature", "properties": { "row": 98, "col": 13, "mostly_overlap": false, "overlap_ratio": 0.0 }, "geometry": { "type": "Polygon", "coordinates": [ [ [ -66.194152131675025, 38.807161936159588 ], [ -66.194152131675025, 38.851952637591928 ], [ -66.268803300728933, 38.851952637591928 ], [ -66.268803300728933, 38.807161936159588 ], [ -66.194152131675025, 38.807161936159588 ] ] ] } },
{ "type": "Feature", "properties": { "row": 98, "col": 14, "mostly_overlap": false, "overlap_ratio": 0.0 }, "geometry": { "type": "Polygon", "coordinates": [ [ [ -66.194152131675025, 38.851952637591928 ], [ -66.194152131675025, 38.896743339024269 ], [ -66.268803300728933, 38.896743339024269 ], [ -66.268803300728933, 38.851952637591928 ], [ -66.194152131675025, 38.851952637591928 ] ] ] } },
{ "type": "Feature", "properties": { "row": 98, "col": 15, "mostly_overlap": false, "overlap_ratio": 0.0 }, "geometry": { "type": "Polygon", "coordinates": [ [ [ -66.194152131675025, 38.896743339024269 ], [ -66.194152131675025, 38.941534040456602 ], [ -66.268803300728933, 38.941534040456602 ], [ -66.268803300728933, 38.896743339024269 ], [ -66.194152131675025, 38.896743339024269 ] ] ] } },
{ "type": "Feature", "properties": { "row": 98, "col": 16, "mostly_overlap": false, "overlap_ratio": 0.0 }, "geometry": { "type": "Polygon", "coordinates": [ [ [ -66.194152131675025, 38.941534040456602 ], [ -66.194152131675025, 38.986324741888943 ], [ -66.268803300728933, 38.986324741888943 ], [ -66.268803300728933, 38.941534040456602 ], [ -66.194152131675025, 38.941534040456602 ] ] ] } },
{ "type": "Feature", "properties": { "row": 98, "col": 17, "mostly_overlap": false, "overlap_ratio": 0.0 }, "geometry": { "type": "Polygon", "coordinates": [ [ [ -66.194152131675025, 38.986324741888943 ], [ -66.194152131675025, 39.031115443321283 ], [ -66.268803300728933, 39.031115443321283 ], [ -66.268803300728933, 38.986324741888943 ], [ -66.194152131675025, 38.986324741888943 ] ] ] } },
{ "type": "Feature", "properties": { "row": 98, "col": 18, "mostly_overlap": false, "overlap_ratio": 0.0 }, "geometry": { "type": "Polygon", "coordinates": [ [ [ -66.194152131675025, 39.031115443321283 ], [ -66.194152131675025, 39.075906144753617 ], [ -66.268803300728933, 39.075906144753617 ], [ -66.268803300728933, 39.031115443321283 ], [ -66.194152131675025, 39.031115443321283 ] ] ] } },
{ "type": "Feature", "properties": { "row": 98, "col": 19, "mostly_overlap": false, "overlap_ratio": 0.0 }, "geometry": { "type": "Polygon", "coordinates": [ [ [ -66.194152131675025, 39.075906144753617 ], [ -66.194152131675025, 39.120696846185957 ], [ -66.268803300728933, 39.120696846185957 ], [ -66.268803300728933, 39.075906144753617 ], [ -66.194152131675025, 39.075906144753617 ] ] ] } },
{ "type": "Feature", "properties": { "row": 98, "col": 20, "mostly_overlap": false, "overlap_ratio": 0.0 }, "geometry": { "type": "Polygon", "coordinates": [ [ [ -66.194152131675025, 39.120696846185957 ], [ -66.194152131675025, 39.165487547618298 ], [ -66.268803300728933, 39.165487547618298 ], [ -66.268803300728933, 39.120696846185957 ], [ -66.194152131675025, 39.120696846185957 ] ] ] } },
{ "type": "Feature", "properties": { "row": 99, "col": 1, "mostly_overlap": true, "overlap_ratio": 0.5173 }, "geometry": { "type": "Polygon", "coordinates": [ [ [ -66.268803300728933, 38.269673518971523 ], [ -66.268803300728933, 38.314464220403863 ], [ -66.343454469782827, 38.314464220403863 ], [ -66.343454469782827, 38.269673518971523 ], [ -66.268803300728933, 38.269673518971523 ] ] ] } },
{ "type": "Feature", "properties": { "row": 99, "col": 2, "mostly_overlap": true, "overlap_ratio": 1.0 }, "geometry": { "type": "Polygon", "coordinates": [ [ [ -66.268803300728933, 38.314464220403863 ], [ -66.268803300728933, 38.359254921836197 ], [ -66.343454469782827, 38.359254921836197 ], [ -66.343454469782827, 38.314464220403863 ], [ -66.268803300728933, 38.314464220403863 ] ] ] } },
{ "type": "Feature", "properties": { "row": 99, "col": 3, "mostly_overlap": true, "overlap_ratio": 1.0 }, "geometry": { "type": "Polygon", "coordinates": [ [ [ -66.268803300728933, 38.359254921836197 ], [ -66.268803300728933, 38.404045623268537 ], [ -66.343454469782827, 38.404045623268537 ], [ -66.343454469782827, 38.359254921836197 ], [ -66.268803300728933, 38.359254921836197 ] ] ] } },
{ "type": "Feature", "properties": { "row": 99, "col": 4, "mostly_overlap": true, "overlap_ratio": 1.0 }, "geometry": { "type": "Polygon", "coordinates": [ [ [ -66.268803300728933, 38.404045623268537 ], [ -66.268803300728933, 38.448836324700878 ], [ -66.343454469782827, 38.448836324700878 ], [ -66.343454469782827, 38.404045623268537 ], [ -66.268803300728933, 38.404045623268537 ] ] ] } },
{ "type": "Feature", "properties": { "row": 99, "col": 5, "mostly_overlap": true, "overlap_ratio": 1.0 }, "geometry": { "type": "Polygon", "coordinates": [ [ [ -66.268803300728933, 38.448836324700878 ], [ -66.268803300728933, 38.493627026133218 ], [ -66.343454469782827, 38.493627026133218 ], [ -66.343454469782827, 38.448836324700878 ], [ -66.268803300728933, 38.448836324700878 ] ] ] } },
{ "type": "Feature", "properties": { "row": 99, "col": 6, "mostly_overlap": true, "overlap_ratio": 1.0 }, "geometry": { "type": "Polygon", "coordinates": [ [ [ -66.268803300728933, 38.493627026133218 ], [ -66.268803300728933, 38.538417727565552 ], [ -66.343454469782827, 38.538417727565552 ], [ -66.343454469782827, 38.493627026133218 ], [ -66.268803300728933, 38.493627026133218 ] ] ] } },
{ "type": "Feature", "properties": { "row": 99, "col": 7, "mostly_overlap": true, "overlap_ratio": 1.0 }, "geometry": { "type": "Polygon", "coordinates": [ [ [ -66.268803300728933, 38.538417727565552 ], [ -66.268803300728933, 38.583208428997892 ], [ -66.343454469782827, 38.583208428997892 ], [ -66.343454469782827, 38.538417727565552 ], [ -66.268803300728933, 38.538417727565552 ] ] ] } },
{ "type": "Feature", "properties": { "row": 99, "col": 8, "mostly_overlap": true, "overlap_ratio": 1.0 }, "geometry": { "type": "Polygon", "coordinates": [ [ [ -66.268803300728933, 38.583208428997892 ], [ -66.268803300728933, 38.627999130430233 ], [ -66.343454469782827, 38.627999130430233 ], [ -66.343454469782827, 38.583208428997892 ], [ -66.268803300728933, 38.583208428997892 ] ] ] } },
{ "type": "Feature", "properties": { "row": 99, "col": 9, "mostly_overlap": true, "overlap_ratio": 1.0 }, "geometry": { "type": "Polygon", "coordinates": [ [ [ -66.268803300728933, 38.627999130430233 ], [ -66.268803300728933, 38.672789831862573 ], [ -66.343454469782827, 38.672789831862573 ], [ -66.343454469782827, 38.627999130430233 ], [ -66.268803300728933, 38.627999130430233 ] ] ] } },
{ "type": "Feature", "properties": { "row": 99, "col": 10, "mostly_overlap": true, "overlap_ratio": 0.9819 }, "geometry": { "type": "Polygon", "coordinates": [ [ [ -66.268803300728933, 38.672789831862573 ], [ -66.268803300728933, 38.717580533294907 ], [ -66.343454469782827, 38.717580533294907 ], [ -66.343454469782827, 38.672789831862573 ], [ -66.268803300728933, 38.672789831862573 ] ] ] } },
{ "type": "Feature", "properties": { "row": 99, "col": 11, "mostly_overlap": true, "overlap_ratio": 0.8716 }, "geometry": { "type": "Polygon", "coordinates": [ [ [ -66.268803300728933, 38.717580533294907 ], [ -66.268803300728933, 38.762371234727247 ], [ -66.343454469782827, 38.762371234727247 ], [ -66.343454469782827, 38.717580533294907 ], [ -66.268803300728933, 38.717580533294907 ] ] ] } },
{ "type": "Feature", "properties": { "row": 99, "col": 12, "mostly_overlap": true, "overlap_ratio": 0.6783 }, "geometry": { "type": "Polygon", "coordinates": [ [ [ -66.268803300728933, 38.762371234727247 ], [ -66.268803300728933, 38.807161936159588 ], [ -66.343454469782827, 38.807161936159588 ], [ -66.343454469782827, 38.762371234727247 ], [ -66.268803300728933, 38.762371234727247 ] ] ] } },
{ "type": "Feature", "properties": { "row": 99, "col": 13, "mostly_overlap": false, "overlap_ratio": 0.4939 }, "geometry": { "type": "Polygon", "coordinates": [ [ [ -66.268803300728933, 38.807161936159588 ], [ -66.268803300728933, 38.851952637591928 ], [ -66.343454469782827, 38.851952637591928 ], [ -66.343454469782827, 38.807161936159588 ], [ -66.268803300728933, 38.807161936159588 ] ] ] } },
{ "type": "Feature", "properties": { "row": 99, "col": 14, "mostly_overlap": false, "overlap_ratio": 0.0358 }, "geometry": { "type": "Polygon", "coordinates": [ [ [ -66.268803300728933, 38.851952637591928 ], [ -66.268803300728933, 38.896743339024269 ], [ -66.343454469782827, 38.896743339024269 ], [ -66.343454469782827, 38.851952637591928 ], [ -66.268803300728933, 38.851952637591928 ] ] ] } },
{ "type": "Feature", "properties": { "row": 99, "col": 15, "mostly_overlap": false, "overlap_ratio": 0.0 }, "geometry": { "type": "Polygon", "coordinates": [ [ [ -66.268803300728933, 38.896743339024269 ], [ -66.268803300728933, 38.941534040456602 ], [ -66.343454469782827, 38.941534040456602 ], [ -66.343454469782827, 38.896743339024269 ], [ -66.268803300728933, 38.896743339024269 ] ] ] } },
{ "type": "Feature", "properties": { "row": 99, "col": 16, "mostly_overlap": false, "overlap_ratio": 0.0 }, "geometry": { "type": "Polygon", "coordinates": [ [ [ -66.268803300728933, 38.941534040456602 ], [ -66.268803300728933, 38.986324741888943 ], [ -66.343454469782827, 38.986324741888943 ], [ -66.343454469782827, 38.941534040456602 ], [ -66.268803300728933, 38.941534040456602 ] ] ] } },
{ "type": "Feature", "properties": { "row": 99, "col": 17, "mostly_overlap": false, "overlap_ratio": 0.0 }, "geometry": { "type": "Polygon", "coordinates": [ [ [ -66.268803300728933, 38.986324741888943 ], [ -66.268803300728933, 39.031115443321283 ], [ -66.343454469782827, 39.031115443321283 ], [ -66.343454469782827, 38.986324741888943 ], [ -66.268803300728933, 38.986324741888943 ] ] ] } },
{ "type": "Feature", "properties": { "row": 99, "col": 18, "mostly_overlap": false, "overlap_ratio": 0.0 }, "geometry": { "type": "Polygon", "coordinates": [ [ [ -66.268803300728933, 39.031115443321283 ], [ -66.268803300728933, 39.075906144753617 ], [ -66.343454469782827, 39.075906144753617 ], [ -66.343454469782827, 39.031115443321283 ], [ -66.268803300728933, 39.031115443321283 ] ] ] } },
{ "type": "Feature", "properties": { "row": 99, "col": 19, "mostly_overlap": false, "overlap_ratio": 0.0 }, "geometry": { "type": "Polygon", "coordinates": [ [ [ -66.268803300728933, 39.075906144753617 ], [ -66.268803300728933, 39.120696846185957 ], [ -66.343454469782827, 39.120696846185957 ], [ -66.343454469782827, 39.075906144753617 ], [ -66.268803300728933, 39.075906144753617 ] ] ] } },
{ "type": "Feature", "properties": { "row": 99, "col": 20, "mostly_overlap": false, "overlap_ratio": 0.0 }, "geometry": { "type": "Polygon", "coordinates": [ [ [ -66.268803300728933, 39.120696846185957 ], [ -66.268803300728933, 39.165487547618298 ], [ -66.343454469782827, 39.165487547618298 ], [ -66.343454469782827, 39.120696846185957 ], [ -66.268803300728933, 39.120696846185957 ] ] ] } },
{ "type": "Feature", "properties": { "row": 100, "col": 1, "mostly_overlap": true, "overlap_ratio": 0.98 }, "geometry": { "type": "Polygon", "coordinates": [ [ [ -66.343454469782827, 38.269673518971523 ], [ -66.343454469782827, 38.314464220403863 ], [ -66.418105638836721, 38.314464220403863 ], [ -66.418105638836721, 38.269673518971523 ], [ -66.343454469782827, 38.269673518971523 ] ] ] } },
{ "type": "Feature", "properties": { "row": 100, "col": 2, "mostly_overlap": true, "overlap_ratio": 1.0 }, "geometry": { "type": "Polygon", "coordinates": [ [ [ -66.343454469782827, 38.314464220403863 ], [ -66.343454469782827, 38.359254921836197 ], [ -66.418105638836721, 38.359254921836197 ], [ -66.418105638836721, 38.314464220403863 ], [ -66.343454469782827, 38.314464220403863 ] ] ] } },
{ "type": "Feature", "properties": { "row": 100, "col": 3, "mostly_overlap": true, "overlap_ratio": 1.0 }, "geometry": { "type": "Polygon", "coordinates": [ [ [ -66.343454469782827, 38.359254921836197 ], [ -66.343454469782827, 38.404045623268537 ], [ -66.418105638836721, 38.404045623268537 ], [ -66.418105638836721, 38.359254921836197 ], [ -66.343454469782827, 38.359254921836197 ] ] ] } },
{ "type": "Feature", "properties": { "row": 100, "col": 4, "mostly_overlap": true, "overlap_ratio": 1.0 }, "geometry": { "type": "Polygon", "coordinates": [ [ [ -66.343454469782827, 38.404045623268537 ], [ -66.343454469782827, 38.448836324700878 ], [ -66.418105638836721, 38.448836324700878 ], [ -66.418105638836721, 38.404045623268537 ], [ -66.343454469782827, 38.404045623268537 ] ] ] } },
{ "type": "Feature", "properties": { "row": 100, "col": 5, "mostly_overlap": true, "overlap_ratio": 1.0 }, "geometry": { "type": "Polygon", "coordinates": [ [ [ -66.343454469782827, 38.448836324700878 ], [ -66.343454469782827, 38.493627026133218 ], [ -66.418105638836721, 38.493627026133218 ], [ -66.418105638836721, 38.448836324700878 ], [ -66.343454469782827, 38.448836324700878 ] ] ] } },
{ "type": "Feature", "properties": { "row": 100, "col": 6, "mostly_overlap": true, "overlap_ratio": 1.0 }, "geometry": { "type": "Polygon", "coordinates": [ [ [ -66.343454469782827, 38.493627026133218 ], [ -66.343454469782827, 38.538417727565552 ], [ -66.418105638836721, 38.538417727565552 ], [ -66.418105638836721, 38.493627026133218 ], [ -66.343454469782827, 38.493627026133218 ] ] ] } },
{ "type": "Feature", "properties": { "row": 100, "col": 7, "mostly_overlap": true, "overlap_ratio": 1.0 }, "geometry": { "type": "Polygon", "coordinates": [ [ [ -66.343454469782827, 38.538417727565552 ], [ -66.343454469782827, 38.583208428997892 ], [ -66.418105638836721, 38.583208428997892 ], [ -66.418105638836721, 38.538417727565552 ], [ -66.343454469782827, 38.538417727565552 ] ] ] } },
{ "type": "Feature", "properties": { "row": 100, "col": 8, "mostly_overlap": true, "overlap_ratio": 1.0 }, "geometry": { "type": "Polygon", "coordinates": [ [ [ -66.343454469782827, 38.583208428997892 ], [ -66.343454469782827, 38.627999130430233 ], [ -66.418105638836721, 38.627999130430233 ], [ -66.418105638836721, 38.583208428997892 ], [ -66.343454469782827, 38.583208428997892 ] ] ] } },
{ "type": "Feature", "properties": { "row": 100, "col": 9, "mostly_overlap": true, "overlap_ratio": 1.0 }, "geometry": { "type": "Polygon", "coordinates": [ [ [ -66.343454469782827, 38.627999130430233 ], [ -66.343454469782827, 38.672789831862573 ], [ -66.418105638836721, 38.672789831862573 ], [ -66.418105638836721, 38.627999130430233 ], [ -66.343454469782827, 38.627999130430233 ] ] ] } },
{ "type": "Feature", "properties": { "row": 100, "col": 10, "mostly_overlap": true, "overlap_ratio": 1.0 }, "geometry": { "type": "Polygon", "coordinates": [ [ [ -66.343454469782827, 38.672789831862573 ], [ -66.343454469782827, 38.717580533294907 ], [ -66.418105638836721, 38.717580533294907 ], [ -66.418105638836721, 38.672789831862573 ], [ -66.343454469782827, 38.672789831862573 ] ] ] } },
{ "type": "Feature", "properties": { "row": 100, "col": 11, "mostly_overlap": true, "overlap_ratio": 1.0 }, "geometry": { "type": "Polygon", "coordinates": [ [ [ -66.343454469782827, 38.717580533294907 ], [ -66.343454469782827, 38.762371234727247 ], [ -66.418105638836721, 38.762371234727247 ], [ -66.418105638836721, 38.717580533294907 ], [ -66.343454469782827, 38.717580533294907 ] ] ] } },
{ "type": "Feature", "properties": { "row": 100, "col": 12, "mostly_overlap": true, "overlap_ratio": 1.0 }, "geometry": { "type": "Polygon", "coordinates": [ [ [ -66.343454469782827, 38.762371234727247 ], [ -66.343454469782827, 38.807161936159588 ], [ -66.418105638836721, 38.807161936159588 ], [ -66.418105638836721, 38.762371234727247 ], [ -66.343454469782827, 38.762371234727247 ] ] ] } },
{ "type": "Feature", "properties": { "row": 100, "col": 13, "mostly_overlap": true, "overlap_ratio": 1.0 }, "geometry": { "type": "Polygon", "coordinates": [ [ [ -66.343454469782827, 38.807161936159588 ], [ -66.343454469782827, 38.851952637591928 ], [ -66.418105638836721, 38.851952637591928 ], [ -66.418105638836721, 38.807161936159588 ], [ -66.343454469782827, 38.807161936159588 ] ] ] } },
{ "type": "Feature", "properties": { "row": 100, "col": 14, "mostly_overlap": false, "overlap_ratio": 0.1027 }, "geometry": { "type": "Polygon", "coordinates": [ [ [ -66.343454469782827, 38.851952637591928 ], [ -66.343454469782827, 38.896743339024269 ], [ -66.418105638836721, 38.896743339024269 ], [ -66.418105638836721, 38.851952637591928 ], [ -66.343454469782827, 38.851952637591928 ] ] ] } },
{ "type": "Feature", "properties": { "row": 100, "col": 15, "mostly_overlap": false, "overlap_ratio": 0.0 }, "geometry": { "type": "Polygon", "coordinates": [ [ [ -66.343454469782827, 38.896743339024269 ], [ -66.343454469782827, 38.941534040456602 ], [ -66.418105638836721, 38.941534040456602 ], [ -66.418105638836721, 38.896743339024269 ], [ -66.343454469782827, 38.896743339024269 ] ] ] } },
{ "type": "Feature", "properties": { "row": 100, "col": 16, "mostly_overlap": false, "overlap_ratio": 0.0 }, "geometry": { "type": "Polygon", "coordinates": [ [ [ -66.343454469782827, 38.941534040456602 ], [ -66.343454469782827, 38.986324741888943 ], [ -66.418105638836721, 38.986324741888943 ], [ -66.418105638836721, 38.941534040456602 ], [ -66.343454469782827, 38.941534040456602 ] ] ] } },
{ "type": "Feature", "properties": { "row": 100, "col": 17, "mostly_overlap": false, "overlap_ratio": 0.0 }, "geometry": { "type": "Polygon", "coordinates": [ [ [ -66.343454469782827, 38.986324741888943 ], [ -66.343454469782827, 39.031115443321283 ], [ -66.418105638836721, 39.031115443321283 ], [ -66.418105638836721, 38.986324741888943 ], [ -66.343454469782827, 38.986324741888943 ] ] ] } },
{ "type": "Feature", "properties": { "row": 100, "col": 18, "mostly_overlap": false, "overlap_ratio": 0.0 }, "geometry": { "type": "Polygon", "coordinates": [ [ [ -66.343454469782827, 39.031115443321283 ], [ -66.343454469782827, 39.075906144753617 ], [ -66.418105638836721, 39.075906144753617 ], [ -66.418105638836721, 39.031115443321283 ], [ -66.343454469782827, 39.031115443321283 ] ] ] } },
{ "type": "Feature", "properties": { "row": 100, "col": 19, "mostly_overlap": false, "overlap_ratio": 0.0 }, "geometry": { "type": "Polygon", "coordinates": [ [ [ -66.343454469782827, 39.075906144753617 ], [ -66.343454469782827, 39.120696846185957 ], [ -66.418105638836721, 39.120696846185957 ], [ -66.418105638836721, 39.075906144753617 ], [ -66.343454469782827, 39.075906144753617 ] ] ] } },
{ "type": "Feature", "properties": { "row": 100, "col": 20, "mostly_overlap": false, "overlap_ratio": 0.0 }, "geometry": { "type": "Polygon", "coordinates": [ [ [ -66.343454469782827, 39.120696846185957 ], [ -66.343454469782827, 39.165487547618298 ], [ -66.418105638836721, 39.165487547618298 ], [ -66.418105638836721, 39.120696846185957 ], [ -66.343454469782827, 39.120696846185957 ] ] ] } },
{ "type": "Feature", "properties": { "row": 101, "col": 1, "mostly_overlap": true, "overlap_ratio": 0.9601 }, "geometry": { "type": "Polygon", "coordinates": [ [ [ -66.418105638836721, 38.269673518971523 ], [ -66.418105638836721, 38.314464220403863 ], [ -66.492756807890629, 38.314464220403863 ], [ -66.492756807890629, 38.269673518971523 ], [ -66.418105638836721, 38.269673518971523 ] ] ] } },
{ "type": "Feature", "properties": { "row": 101, "col": 2, "mostly_overlap": true, "overlap_ratio": 1.0 }, "geometry": { "type": "Polygon", "coordinates": [ [ [ -66.418105638836721, 38.314464220403863 ], [ -66.418105638836721, 38.359254921836197 ], [ -66.492756807890629, 38.359254921836197 ], [ -66.492756807890629, 38.314464220403863 ], [ -66.418105638836721, 38.314464220403863 ] ] ] } },
{ "type": "Feature", "properties": { "row": 101, "col": 3, "mostly_overlap": true, "overlap_ratio": 1.0 }, "geometry": { "type": "Polygon", "coordinates": [ [ [ -66.418105638836721, 38.359254921836197 ], [ -66.418105638836721, 38.404045623268537 ], [ -66.492756807890629, 38.404045623268537 ], [ -66.492756807890629, 38.359254921836197 ], [ -66.418105638836721, 38.359254921836197 ] ] ] } },
{ "type": "Feature", "properties": { "row": 101, "col": 4, "mostly_overlap": true, "overlap_ratio": 1.0 }, "geometry": { "type": "Polygon", "coordinates": [ [ [ -66.418105638836721, 38.404045623268537 ], [ -66.418105638836721, 38.448836324700878 ], [ -66.492756807890629, 38.448836324700878 ], [ -66.492756807890629, 38.404045623268537 ], [ -66.418105638836721, 38.404045623268537 ] ] ] } },
{ "type": "Feature", "properties": { "row": 101, "col": 5, "mostly_overlap": true, "overlap_ratio": 1.0 }, "geometry": { "type": "Polygon", "coordinates": [ [ [ -66.418105638836721, 38.448836324700878 ], [ -66.418105638836721, 38.493627026133218 ], [ -66.492756807890629, 38.493627026133218 ], [ -66.492756807890629, 38.448836324700878 ], [ -66.418105638836721, 38.448836324700878 ] ] ] } },
{ "type": "Feature", "properties": { "row": 101, "col": 6, "mostly_overlap": true, "overlap_ratio": 1.0 }, "geometry": { "type": "Polygon", "coordinates": [ [ [ -66.418105638836721, 38.493627026133218 ], [ -66.418105638836721, 38.538417727565552 ], [ -66.492756807890629, 38.538417727565552 ], [ -66.492756807890629, 38.493627026133218 ], [ -66.418105638836721, 38.493627026133218 ] ] ] } },
{ "type": "Feature", "properties": { "row": 101, "col": 7, "mostly_overlap": true, "overlap_ratio": 1.0 }, "geometry": { "type": "Polygon", "coordinates": [ [ [ -66.418105638836721, 38.538417727565552 ], [ -66.418105638836721, 38.583208428997892 ], [ -66.492756807890629, 38.583208428997892 ], [ -66.492756807890629, 38.538417727565552 ], [ -66.418105638836721, 38.538417727565552 ] ] ] } },
{ "type": "Feature", "properties": { "row": 101, "col": 8, "mostly_overlap": true, "overlap_ratio": 1.0 }, "geometry": { "type": "Polygon", "coordinates": [ [ [ -66.418105638836721, 38.583208428997892 ], [ -66.418105638836721, 38.627999130430233 ], [ -66.492756807890629, 38.627999130430233 ], [ -66.492756807890629, 38.583208428997892 ], [ -66.418105638836721, 38.583208428997892 ] ] ] } },
{ "type": "Feature", "properties": { "row": 101, "col": 9, "mostly_overlap": true, "overlap_ratio": 1.0 }, "geometry": { "type": "Polygon", "coordinates": [ [ [ -66.418105638836721, 38.627999130430233 ], [ -66.418105638836721, 38.672789831862573 ], [ -66.492756807890629, 38.672789831862573 ], [ -66.492756807890629, 38.627999130430233 ], [ -66.418105638836721, 38.627999130430233 ] ] ] } },
{ "type": "Feature", "properties": { "row": 101, "col": 10, "mostly_overlap": true, "overlap_ratio": 1.0 }, "geometry": { "type": "Polygon", "coordinates": [ [ [ -66.418105638836721, 38.672789831862573 ], [ -66.418105638836721, 38.717580533294907 ], [ -66.492756807890629, 38.717580533294907 ], [ -66.492756807890629, 38.672789831862573 ], [ -66.418105638836721, 38.672789831862573 ] ] ] } },
{ "type": "Feature", "properties": { "row": 101, "col": 11, "mostly_overlap": true, "overlap_ratio": 1.0 }, "geometry": { "type": "Polygon", "coordinates": [ [ [ -66.418105638836721, 38.717580533294907 ], [ -66.418105638836721, 38.762371234727247 ], [ -66.492756807890629, 38.762371234727247 ], [ -66.492756807890629, 38.717580533294907 ], [ -66.418105638836721, 38.717580533294907 ] ] ] } },
{ "type": "Feature", "properties": { "row": 101, "col": 12, "mostly_overlap": true, "overlap_ratio": 1.0 }, "geometry": { "type": "Polygon", "coordinates": [ [ [ -66.418105638836721, 38.762371234727247 ], [ -66.418105638836721, 38.807161936159588 ], [ -66.492756807890629, 38.807161936159588 ], [ -66.492756807890629, 38.762371234727247 ], [ -66.418105638836721, 38.762371234727247 ] ] ] } },
{ "type": "Feature", "properties": { "row": 101, "col": 13, "mostly_overlap": true, "overlap_ratio": 1.0 }, "geometry": { "type": "Polygon", "coordinates": [ [ [ -66.418105638836721, 38.807161936159588 ], [ -66.418105638836721, 38.851952637591928 ], [ -66.492756807890629, 38.851952637591928 ], [ -66.492756807890629, 38.807161936159588 ], [ -66.418105638836721, 38.807161936159588 ] ] ] } },
{ "type": "Feature", "properties": { "row": 101, "col": 14, "mostly_overlap": false, "overlap_ratio": 0.107 }, "geometry": { "type": "Polygon", "coordinates": [ [ [ -66.418105638836721, 38.851952637591928 ], [ -66.418105638836721, 38.896743339024269 ], [ -66.492756807890629, 38.896743339024269 ], [ -66.492756807890629, 38.851952637591928 ], [ -66.418105638836721, 38.851952637591928 ] ] ] } },
{ "type": "Feature", "properties": { "row": 101, "col": 15, "mostly_overlap": false, "overlap_ratio": 0.0 }, "geometry": { "type": "Polygon", "coordinates": [ [ [ -66.418105638836721, 38.896743339024269 ], [ -66.418105638836721, 38.941534040456602 ], [ -66.492756807890629, 38.941534040456602 ], [ -66.492756807890629, 38.896743339024269 ], [ -66.418105638836721, 38.896743339024269 ] ] ] } },
{ "type": "Feature", "properties": { "row": 101, "col": 16, "mostly_overlap": false, "overlap_ratio": 0.0 }, "geometry": { "type": "Polygon", "coordinates": [ [ [ -66.418105638836721, 38.941534040456602 ], [ -66.418105638836721, 38.986324741888943 ], [ -66.492756807890629, 38.986324741888943 ], [ -66.492756807890629, 38.941534040456602 ], [ -66.418105638836721, 38.941534040456602 ] ] ] } },
{ "type": "Feature", "properties": { "row": 101, "col": 17, "mostly_overlap": false, "overlap_ratio": 0.0 }, "geometry": { "type": "Polygon", "coordinates": [ [ [ -66.418105638836721, 38.986324741888943 ], [ -66.418105638836721, 39.031115443321283 ], [ -66.492756807890629, 39.031115443321283 ], [ -66.492756807890629, 38.986324741888943 ], [ -66.418105638836721, 38.986324741888943 ] ] ] } },
{ "type": "Feature", "properties": { "row": 101, "col": 18, "mostly_overlap": false, "overlap_ratio": 0.0 }, "geometry": { "type": "Polygon", "coordinates": [ [ [ -66.418105638836721, 39.031115443321283 ], [ -66.418105638836721, 39.075906144753617 ], [ -66.492756807890629, 39.075906144753617 ], [ -66.492756807890629, 39.031115443321283 ], [ -66.418105638836721, 39.031115443321283 ] ] ] } },
{ "type": "Feature", "properties": { "row": 101, "col": 19, "mostly_overlap": false, "overlap_ratio": 0.0 }, "geometry": { "type": "Polygon", "coordinates": [ [ [ -66.418105638836721, 39.075906144753617 ], [ -66.418105638836721, 39.120696846185957 ], [ -66.492756807890629, 39.120696846185957 ], [ -66.492756807890629, 39.075906144753617 ], [ -66.418105638836721, 39.075906144753617 ] ] ] } },
{ "type": "Feature", "properties": { "row": 101, "col": 20, "mostly_overlap": false, "overlap_ratio": 0.0 }, "geometry": { "type": "Polygon", "coordinates": [ [ [ -66.418105638836721, 39.120696846185957 ], [ -66.418105638836721, 39.165487547618298 ], [ -66.492756807890629, 39.165487547618298 ], [ -66.492756807890629, 39.120696846185957 ], [ -66.418105638836721, 39.120696846185957 ] ] ] } },
{ "type": "Feature", "properties": { "row": 102, "col": 1, "mostly_overlap": false, "overlap_ratio": 0.282 }, "geometry": { "type": "Polygon", "coordinates": [ [ [ -66.492756807890629, 38.269673518971523 ], [ -66.492756807890629, 38.314464220403863 ], [ -66.567407976944523, 38.314464220403863 ], [ -66.567407976944523, 38.269673518971523 ], [ -66.492756807890629, 38.269673518971523 ] ] ] } },
{ "type": "Feature", "properties": { "row": 102, "col": 2, "mostly_overlap": false, "overlap_ratio": 0.3003 }, "geometry": { "type": "Polygon", "coordinates": [ [ [ -66.492756807890629, 38.314464220403863 ], [ -66.492756807890629, 38.359254921836197 ], [ -66.567407976944523, 38.359254921836197 ], [ -66.567407976944523, 38.314464220403863 ], [ -66.492756807890629, 38.314464220403863 ] ] ] } },
{ "type": "Feature", "properties": { "row": 102, "col": 3, "mostly_overlap": false, "overlap_ratio": 0.3029 }, "geometry": { "type": "Polygon", "coordinates": [ [ [ -66.492756807890629, 38.359254921836197 ], [ -66.492756807890629, 38.404045623268537 ], [ -66.567407976944523, 38.404045623268537 ], [ -66.567407976944523, 38.359254921836197 ], [ -66.492756807890629, 38.359254921836197 ] ] ] } },
{ "type": "Feature", "properties": { "row": 102, "col": 4, "mostly_overlap": true, "overlap_ratio": 0.7317 }, "geometry": { "type": "Polygon", "coordinates": [ [ [ -66.492756807890629, 38.404045623268537 ], [ -66.492756807890629, 38.448836324700878 ], [ -66.567407976944523, 38.448836324700878 ], [ -66.567407976944523, 38.404045623268537 ], [ -66.492756807890629, 38.404045623268537 ] ] ] } },
{ "type": "Feature", "properties": { "row": 102, "col": 5, "mostly_overlap": true, "overlap_ratio": 1.0 }, "geometry": { "type": "Polygon", "coordinates": [ [ [ -66.492756807890629, 38.448836324700878 ], [ -66.492756807890629, 38.493627026133218 ], [ -66.567407976944523, 38.493627026133218 ], [ -66.567407976944523, 38.448836324700878 ], [ -66.492756807890629, 38.448836324700878 ] ] ] } },
{ "type": "Feature", "properties": { "row": 102, "col": 6, "mostly_overlap": true, "overlap_ratio": 1.0 }, "geometry": { "type": "Polygon", "coordinates": [ [ [ -66.492756807890629, 38.493627026133218 ], [ -66.492756807890629, 38.538417727565552 ], [ -66.567407976944523, 38.538417727565552 ], [ -66.567407976944523, 38.493627026133218 ], [ -66.492756807890629, 38.493627026133218 ] ] ] } },
{ "type": "Feature", "properties": { "row": 102, "col": 7, "mostly_overlap": true, "overlap_ratio": 1.0 }, "geometry": { "type": "Polygon", "coordinates": [ [ [ -66.492756807890629, 38.538417727565552 ], [ -66.492756807890629, 38.583208428997892 ], [ -66.567407976944523, 38.583208428997892 ], [ -66.567407976944523, 38.538417727565552 ], [ -66.492756807890629, 38.538417727565552 ] ] ] } },
{ "type": "Feature", "properties": { "row": 102, "col": 8, "mostly_overlap": true, "overlap_ratio": 0.9692 }, "geometry": { "type": "Polygon", "coordinates": [ [ [ -66.492756807890629, 38.583208428997892 ], [ -66.492756807890629, 38.627999130430233 ], [ -66.567407976944523, 38.627999130430233 ], [ -66.567407976944523, 38.583208428997892 ], [ -66.492756807890629, 38.583208428997892 ] ] ] } },
{ "type": "Feature", "properties": { "row": 102, "col": 9, "mostly_overlap": false, "overlap_ratio": 0.2498 }, "geometry": { "type": "Polygon", "coordinates": [ [ [ -66.492756807890629, 38.627999130430233 ], [ -66.492756807890629, 38.672789831862573 ], [ -66.567407976944523, 38.672789831862573 ], [ -66.567407976944523, 38.627999130430233 ], [ -66.492756807890629, 38.627999130430233 ] ] ] } },
{ "type": "Feature", "properties": { "row": 102, "col": 10, "mostly_overlap": false, "overlap_ratio": 0.2465 }, "geometry": { "type": "Polygon", "coordinates": [ [ [ -66.492756807890629, 38.672789831862573 ], [ -66.492756807890629, 38.717580533294907 ], [ -66.567407976944523, 38.717580533294907 ], [ -66.567407976944523, 38.672789831862573 ], [ -66.492756807890629, 38.672789831862573 ] ] ] } },
{ "type": "Feature", "properties": { "row": 102, "col": 11, "mostly_overlap": false, "overlap_ratio": 0.2473 }, "geometry": { "type": "Polygon", "coordinates": [ [ [ -66.492756807890629, 38.717580533294907 ], [ -66.492756807890629, 38.762371234727247 ], [ -66.567407976944523, 38.762371234727247 ], [ -66.567407976944523, 38.717580533294907 ], [ -66.492756807890629, 38.717580533294907 ] ] ] } },
{ "type": "Feature", "properties": { "row": 102, "col": 12, "mostly_overlap": false, "overlap_ratio": 0.2482 }, "geometry": { "type": "Polygon", "coordinates": [ [ [ -66.492756807890629, 38.762371234727247 ], [ -66.492756807890629, 38.807161936159588 ], [ -66.567407976944523, 38.807161936159588 ], [ -66.567407976944523, 38.762371234727247 ], [ -66.492756807890629, 38.762371234727247 ] ] ] } },
{ "type": "Feature", "properties": { "row": 102, "col": 13, "mostly_overlap": false, "overlap_ratio": 0.249 }, "geometry": { "type": "Polygon", "coordinates": [ [ [ -66.492756807890629, 38.807161936159588 ], [ -66.492756807890629, 38.851952637591928 ], [ -66.567407976944523, 38.851952637591928 ], [ -66.567407976944523, 38.807161936159588 ], [ -66.492756807890629, 38.807161936159588 ] ] ] } },
{ "type": "Feature", "properties": { "row": 102, "col": 14, "mostly_overlap": false, "overlap_ratio": 0.0274 }, "geometry": { "type": "Polygon", "coordinates": [ [ [ -66.492756807890629, 38.851952637591928 ], [ -66.492756807890629, 38.896743339024269 ], [ -66.567407976944523, 38.896743339024269 ], [ -66.567407976944523, 38.851952637591928 ], [ -66.492756807890629, 38.851952637591928 ] ] ] } },
{ "type": "Feature", "properties": { "row": 102, "col": 15, "mostly_overlap": false, "overlap_ratio": 0.0 }, "geometry": { "type": "Polygon", "coordinates": [ [ [ -66.492756807890629, 38.896743339024269 ], [ -66.492756807890629, 38.941534040456602 ], [ -66.567407976944523, 38.941534040456602 ], [ -66.567407976944523, 38.896743339024269 ], [ -66.492756807890629, 38.896743339024269 ] ] ] } },
{ "type": "Feature", "properties": { "row": 102, "col": 16, "mostly_overlap": false, "overlap_ratio": 0.0 }, "geometry": { "type": "Polygon", "coordinates": [ [ [ -66.492756807890629, 38.941534040456602 ], [ -66.492756807890629, 38.986324741888943 ], [ -66.567407976944523, 38.986324741888943 ], [ -66.567407976944523, 38.941534040456602 ], [ -66.492756807890629, 38.941534040456602 ] ] ] } },
{ "type": "Feature", "properties": { "row": 102, "col": 17, "mostly_overlap": false, "overlap_ratio": 0.0 }, "geometry": { "type": "Polygon", "coordinates": [ [ [ -66.492756807890629, 38.986324741888943 ], [ -66.492756807890629, 39.031115443321283 ], [ -66.567407976944523, 39.031115443321283 ], [ -66.567407976944523, 38.986324741888943 ], [ -66.492756807890629, 38.986324741888943 ] ] ] } },
{ "type": "Feature", "properties": { "row": 102, "col": 18, "mostly_overlap": false, "overlap_ratio": 0.0 }, "geometry": { "type": "Polygon", "coordinates": [ [ [ -66.492756807890629, 39.031115443321283 ], [ -66.492756807890629, 39.075906144753617 ], [ -66.567407976944523, 39.075906144753617 ], [ -66.567407976944523, 39.031115443321283 ], [ -66.492756807890629, 39.031115443321283 ] ] ] } },
{ "type": "Feature", "properties": { "row": 102, "col": 19, "mostly_overlap": false, "overlap_ratio": 0.0 }, "geometry": { "type": "Polygon", "coordinates": [ [ [ -66.492756807890629, 39.075906144753617 ], [ -66.492756807890629, 39.120696846185957 ], [ -66.567407976944523, 39.120696846185957 ], [ -66.567407976944523, 39.075906144753617 ], [ -66.492756807890629, 39.075906144753617 ] ] ] } },
{ "type": "Feature", "properties": { "row": 102, "col": 20, "mostly_overlap": false, "overlap_ratio": 0.0 }, "geometry": { "type": "Polygon", "coordinates": [ [ [ -66.492756807890629, 39.120696846185957 ], [ -66.492756807890629, 39.165487547618298 ], [ -66.567407976944523, 39.165487547618298 ], [ -66.567407976944523, 39.120696846185957 ], [ -66.492756807890629, 39.120696846185957 ] ] ] } },
{ "type": "Feature", "properties": { "row": 103, "col": 1, "mostly_overlap": false, "overlap_ratio": 0.0 }, "geometry": { "type": "Polygon", "coordinates": [ [ [ -66.567407976944523, 38.269673518971523 ], [ -66.567407976944523, 38.314464220403863 ], [ -66.642059145998417, 38.314464220403863 ], [ -66.642059145998417, 38.269673518971523 ], [ -66.567407976944523, 38.269673518971523 ] ] ] } },
{ "type": "Feature", "properties": { "row": 103, "col": 2, "mostly_overlap": false, "overlap_ratio": 0.0 }, "geometry": { "type": "Polygon", "coordinates": [ [ [ -66.567407976944523, 38.314464220403863 ], [ -66.567407976944523, 38.359254921836197 ], [ -66.642059145998417, 38.359254921836197 ], [ -66.642059145998417, 38.314464220403863 ], [ -66.567407976944523, 38.314464220403863 ] ] ] } },
{ "type": "Feature", "properties": { "row": 103, "col": 3, "mostly_overlap": false, "overlap_ratio": 0.0 }, "geometry": { "type": "Polygon", "coordinates": [ [ [ -66.567407976944523, 38.359254921836197 ], [ -66.567407976944523, 38.404045623268537 ], [ -66.642059145998417, 38.404045623268537 ], [ -66.642059145998417, 38.359254921836197 ], [ -66.567407976944523, 38.359254921836197 ] ] ] } },
{ "type": "Feature", "properties": { "row": 103, "col": 4, "mostly_overlap": false, "overlap_ratio": 0.4085 }, "geometry": { "type": "Polygon", "coordinates": [ [ [ -66.567407976944523, 38.404045623268537 ], [ -66.567407976944523, 38.448836324700878 ], [ -66.642059145998417, 38.448836324700878 ], [ -66.642059145998417, 38.404045623268537 ], [ -66.567407976944523, 38.404045623268537 ] ] ] } },
{ "type": "Feature", "properties": { "row": 103, "col": 5, "mostly_overlap": true, "overlap_ratio": 1.0 }, "geometry": { "type": "Polygon", "coordinates": [ [ [ -66.567407976944523, 38.448836324700878 ], [ -66.567407976944523, 38.493627026133218 ], [ -66.642059145998417, 38.493627026133218 ], [ -66.642059145998417, 38.448836324700878 ], [ -66.567407976944523, 38.448836324700878 ] ] ] } },
{ "type": "Feature", "properties": { "row": 103, "col": 6, "mostly_overlap": true, "overlap_ratio": 1.0 }, "geometry": { "type": "Polygon", "coordinates": [ [ [ -66.567407976944523, 38.493627026133218 ], [ -66.567407976944523, 38.538417727565552 ], [ -66.642059145998417, 38.538417727565552 ], [ -66.642059145998417, 38.493627026133218 ], [ -66.567407976944523, 38.493627026133218 ] ] ] } },
{ "type": "Feature", "properties": { "row": 103, "col": 7, "mostly_overlap": true, "overlap_ratio": 1.0 }, "geometry": { "type": "Polygon", "coordinates": [ [ [ -66.567407976944523, 38.538417727565552 ], [ -66.567407976944523, 38.583208428997892 ], [ -66.642059145998417, 38.583208428997892 ], [ -66.642059145998417, 38.538417727565552 ], [ -66.567407976944523, 38.538417727565552 ] ] ] } },
{ "type": "Feature", "properties": { "row": 103, "col": 8, "mostly_overlap": true, "overlap_ratio": 0.7869 }, "geometry": { "type": "Polygon", "coordinates": [ [ [ -66.567407976944523, 38.583208428997892 ], [ -66.567407976944523, 38.627999130430233 ], [ -66.642059145998417, 38.627999130430233 ], [ -66.642059145998417, 38.583208428997892 ], [ -66.567407976944523, 38.583208428997892 ] ] ] } },
{ "type": "Feature", "properties": { "row": 103, "col": 9, "mostly_overlap": false, "overlap_ratio": 0.0 }, "geometry": { "type": "Polygon", "coordinates": [ [ [ -66.567407976944523, 38.627999130430233 ], [ -66.567407976944523, 38.672789831862573 ], [ -66.642059145998417, 38.672789831862573 ], [ -66.642059145998417, 38.627999130430233 ], [ -66.567407976944523, 38.627999130430233 ] ] ] } },
{ "type": "Feature", "properties": { "row": 103, "col": 10, "mostly_overlap": false, "overlap_ratio": 0.0 }, "geometry": { "type": "Polygon", "coordinates": [ [ [ -66.567407976944523, 38.672789831862573 ], [ -66.567407976944523, 38.717580533294907 ], [ -66.642059145998417, 38.717580533294907 ], [ -66.642059145998417, 38.672789831862573 ], [ -66.567407976944523, 38.672789831862573 ] ] ] } },
{ "type": "Feature", "properties": { "row": 103, "col": 11, "mostly_overlap": false, "overlap_ratio": 0.0 }, "geometry": { "type": "Polygon", "coordinates": [ [ [ -66.567407976944523, 38.717580533294907 ], [ -66.567407976944523, 38.762371234727247 ], [ -66.642059145998417, 38.762371234727247 ], [ -66.642059145998417, 38.717580533294907 ], [ -66.567407976944523, 38.717580533294907 ] ] ] } },
{ "type": "Feature", "properties": { "row": 103, "col": 12, "mostly_overlap": false, "overlap_ratio": 0.0 }, "geometry": { "type": "Polygon", "coordinates": [ [ [ -66.567407976944523, 38.762371234727247 ], [ -66.567407976944523, 38.807161936159588 ], [ -66.642059145998417, 38.807161936159588 ], [ -66.642059145998417, 38.762371234727247 ], [ -66.567407976944523, 38.762371234727247 ] ] ] } },
{ "type": "Feature", "properties": { "row": 103, "col": 13, "mostly_overlap": false, "overlap_ratio": 0.0 }, "geometry": { "type": "Polygon", "coordinates": [ [ [ -66.567407976944523, 38.807161936159588 ], [ -66.567407976944523, 38.851952637591928 ], [ -66.642059145998417, 38.851952637591928 ], [ -66.642059145998417, 38.807161936159588 ], [ -66.567407976944523, 38.807161936159588 ] ] ] } },
{ "type": "Feature", "properties": { "row": 103, "col": 14, "mostly_overlap": false, "overlap_ratio": 0.0 }, "geometry": { "type": "Polygon", "coordinates": [ [ [ -66.567407976944523, 38.851952637591928 ], [ -66.567407976944523, 38.896743339024269 ], [ -66.642059145998417, 38.896743339024269 ], [ -66.642059145998417, 38.851952637591928 ], [ -66.567407976944523, 38.851952637591928 ] ] ] } },
{ "type": "Feature", "properties": { "row": 103, "col": 15, "mostly_overlap": false, "overlap_ratio": 0.0 }, "geometry": { "type": "Polygon", "coordinates": [ [ [ -66.567407976944523, 38.896743339024269 ], [ -66.567407976944523, 38.941534040456602 ], [ -66.642059145998417, 38.941534040456602 ], [ -66.642059145998417, 38.896743339024269 ], [ -66.567407976944523, 38.896743339024269 ] ] ] } },
{ "type": "Feature", "properties": { "row": 103, "col": 16, "mostly_overlap": false, "overlap_ratio": 0.0 }, "geometry": { "type": "Polygon", "coordinates": [ [ [ -66.567407976944523, 38.941534040456602 ], [ -66.567407976944523, 38.986324741888943 ], [ -66.642059145998417, 38.986324741888943 ], [ -66.642059145998417, 38.941534040456602 ], [ -66.567407976944523, 38.941534040456602 ] ] ] } },
{ "type": "Feature", "properties": { "row": 103, "col": 17, "mostly_overlap": false, "overlap_ratio": 0.0 }, "geometry": { "type": "Polygon", "coordinates": [ [ [ -66.567407976944523, 38.986324741888943 ], [ -66.567407976944523, 39.031115443321283 ], [ -66.642059145998417, 39.031115443321283 ], [ -66.642059145998417, 38.986324741888943 ], [ -66.567407976944523, 38.986324741888943 ] ] ] } },
{ "type": "Feature", "properties": { "row": 103, "col": 18, "mostly_overlap": false, "overlap_ratio": 0.0 }, "geometry": { "type": "Polygon", "coordinates": [ [ [ -66.567407976944523, 39.031115443321283 ], [ -66.567407976944523, 39.075906144753617 ], [ -66.642059145998417, 39.075906144753617 ], [ -66.642059145998417, 39.031115443321283 ], [ -66.567407976944523, 39.031115443321283 ] ] ] } },
{ "type": "Feature", "properties": { "row": 103, "col": 19, "mostly_overlap": false, "overlap_ratio": 0.0 }, "geometry": { "type": "Polygon", "coordinates": [ [ [ -66.567407976944523, 39.075906144753617 ], [ -66.567407976944523, 39.120696846185957 ], [ -66.642059145998417, 39.120696846185957 ], [ -66.642059145998417, 39.075906144753617 ], [ -66.567407976944523, 39.075906144753617 ] ] ] } },
{ "type": "Feature", "properties": { "row": 103, "col": 20, "mostly_overlap": false, "overlap_ratio": 0.0 }, "geometry": { "type": "Polygon", "coordinates": [ [ [ -66.567407976944523, 39.120696846185957 ], [ -66.567407976944523, 39.165487547618298 ], [ -66.642059145998417, 39.165487547618298 ], [ -66.642059145998417, 39.120696846185957 ], [ -66.567407976944523, 39.120696846185957 ] ] ] } },
{ "type": "Feature", "properties": { "row": 104, "col": 1, "mostly_overlap": false, "overlap_ratio": 0.0 }, "geometry": { "type": "Polygon", "coordinates": [ [ [ -66.642059145998417, 38.269673518971523 ], [ -66.642059145998417, 38.314464220403863 ], [ -66.716710315052325, 38.314464220403863 ], [ -66.716710315052325, 38.269673518971523 ], [ -66.642059145998417, 38.269673518971523 ] ] ] } },
{ "type": "Feature", "properties": { "row": 104, "col": 2, "mostly_overlap": false, "overlap_ratio": 0.0 }, "geometry": { "type": "Polygon", "coordinates": [ [ [ -66.642059145998417, 38.314464220403863 ], [ -66.642059145998417, 38.359254921836197 ], [ -66.716710315052325, 38.359254921836197 ], [ -66.716710315052325, 38.314464220403863 ], [ -66.642059145998417, 38.314464220403863 ] ] ] } },
{ "type": "Feature", "properties": { "row": 104, "col": 3, "mostly_overlap": false, "overlap_ratio": 0.0302 }, "geometry": { "type": "Polygon", "coordinates": [ [ [ -66.642059145998417, 38.359254921836197 ], [ -66.642059145998417, 38.404045623268537 ], [ -66.716710315052325, 38.404045623268537 ], [ -66.716710315052325, 38.359254921836197 ], [ -66.642059145998417, 38.359254921836197 ] ] ] } },
{ "type": "Feature", "properties": { "row": 104, "col": 4, "mostly_overlap": false, "overlap_ratio": 0.3201 }, "geometry": { "type": "Polygon", "coordinates": [ [ [ -66.642059145998417, 38.404045623268537 ], [ -66.642059145998417, 38.448836324700878 ], [ -66.716710315052325, 38.448836324700878 ], [ -66.716710315052325, 38.404045623268537 ], [ -66.642059145998417, 38.404045623268537 ] ] ] } },
{ "type": "Feature", "properties": { "row": 104, "col": 5, "mostly_overlap": true, "overlap_ratio": 1.0 }, "geometry": { "type": "Polygon", "coordinates": [ [ [ -66.642059145998417, 38.448836324700878 ], [ -66.642059145998417, 38.493627026133218 ], [ -66.716710315052325, 38.493627026133218 ], [ -66.716710315052325, 38.448836324700878 ], [ -66.642059145998417, 38.448836324700878 ] ] ] } },
{ "type": "Feature", "properties": { "row": 104, "col": 6, "mostly_overlap": true, "overlap_ratio": 1.0 }, "geometry": { "type": "Polygon", "coordinates": [ [ [ -66.642059145998417, 38.493627026133218 ], [ -66.642059145998417, 38.538417727565552 ], [ -66.716710315052325, 38.538417727565552 ], [ -66.716710315052325, 38.493627026133218 ], [ -66.642059145998417, 38.493627026133218 ] ] ] } },
{ "type": "Feature", "properties": { "row": 104, "col": 7, "mostly_overlap": true, "overlap_ratio": 1.0 }, "geometry": { "type": "Polygon", "coordinates": [ [ [ -66.642059145998417, 38.538417727565552 ], [ -66.642059145998417, 38.583208428997892 ], [ -66.716710315052325, 38.583208428997892 ], [ -66.716710315052325, 38.538417727565552 ], [ -66.642059145998417, 38.538417727565552 ] ] ] } },
{ "type": "Feature", "properties": { "row": 104, "col": 8, "mostly_overlap": true, "overlap_ratio": 0.6686 }, "geometry": { "type": "Polygon", "coordinates": [ [ [ -66.642059145998417, 38.583208428997892 ], [ -66.642059145998417, 38.627999130430233 ], [ -66.716710315052325, 38.627999130430233 ], [ -66.716710315052325, 38.583208428997892 ], [ -66.642059145998417, 38.583208428997892 ] ] ] } },
{ "type": "Feature", "properties": { "row": 104, "col": 9, "mostly_overlap": false, "overlap_ratio": 0.0727 }, "geometry": { "type": "Polygon", "coordinates": [ [ [ -66.642059145998417, 38.627999130430233 ], [ -66.642059145998417, 38.672789831862573 ], [ -66.716710315052325, 38.672789831862573 ], [ -66.716710315052325, 38.627999130430233 ], [ -66.642059145998417, 38.627999130430233 ] ] ] } },
{ "type": "Feature", "properties": { "row": 104, "col": 10, "mostly_overlap": false, "overlap_ratio": 0.0 }, "geometry": { "type": "Polygon", "coordinates": [ [ [ -66.642059145998417, 38.672789831862573 ], [ -66.642059145998417, 38.717580533294907 ], [ -66.716710315052325, 38.717580533294907 ], [ -66.716710315052325, 38.672789831862573 ], [ -66.642059145998417, 38.672789831862573 ] ] ] } },
{ "type": "Feature", "properties": { "row": 104, "col": 11, "mostly_overlap": false, "overlap_ratio": 0.0 }, "geometry": { "type": "Polygon", "coordinates": [ [ [ -66.642059145998417, 38.717580533294907 ], [ -66.642059145998417, 38.762371234727247 ], [ -66.716710315052325, 38.762371234727247 ], [ -66.716710315052325, 38.717580533294907 ], [ -66.642059145998417, 38.717580533294907 ] ] ] } },
{ "type": "Feature", "properties": { "row": 104, "col": 12, "mostly_overlap": false, "overlap_ratio": 0.0 }, "geometry": { "type": "Polygon", "coordinates": [ [ [ -66.642059145998417, 38.762371234727247 ], [ -66.642059145998417, 38.807161936159588 ], [ -66.716710315052325, 38.807161936159588 ], [ -66.716710315052325, 38.762371234727247 ], [ -66.642059145998417, 38.762371234727247 ] ] ] } },
{ "type": "Feature", "properties": { "row": 104, "col": 13, "mostly_overlap": false, "overlap_ratio": 0.0 }, "geometry": { "type": "Polygon", "coordinates": [ [ [ -66.642059145998417, 38.807161936159588 ], [ -66.642059145998417, 38.851952637591928 ], [ -66.716710315052325, 38.851952637591928 ], [ -66.716710315052325, 38.807161936159588 ], [ -66.642059145998417, 38.807161936159588 ] ] ] } },
{ "type": "Feature", "properties": { "row": 104, "col": 14, "mostly_overlap": false, "overlap_ratio": 0.0 }, "geometry": { "type": "Polygon", "coordinates": [ [ [ -66.642059145998417, 38.851952637591928 ], [ -66.642059145998417, 38.896743339024269 ], [ -66.716710315052325, 38.896743339024269 ], [ -66.716710315052325, 38.851952637591928 ], [ -66.642059145998417, 38.851952637591928 ] ] ] } },
{ "type": "Feature", "properties": { "row": 104, "col": 15, "mostly_overlap": false, "overlap_ratio": 0.0 }, "geometry": { "type": "Polygon", "coordinates": [ [ [ -66.642059145998417, 38.896743339024269 ], [ -66.642059145998417, 38.941534040456602 ], [ -66.716710315052325, 38.941534040456602 ], [ -66.716710315052325, 38.896743339024269 ], [ -66.642059145998417, 38.896743339024269 ] ] ] } },
{ "type": "Feature", "properties": { "row": 104, "col": 16, "mostly_overlap": false, "overlap_ratio": 0.0 }, "geometry": { "type": "Polygon", "coordinates": [ [ [ -66.642059145998417, 38.941534040456602 ], [ -66.642059145998417, 38.986324741888943 ], [ -66.716710315052325, 38.986324741888943 ], [ -66.716710315052325, 38.941534040456602 ], [ -66.642059145998417, 38.941534040456602 ] ] ] } },
{ "type": "Feature", "properties": { "row": 104, "col": 17, "mostly_overlap": false, "overlap_ratio": 0.0 }, "geometry": { "type": "Polygon", "coordinates": [ [ [ -66.642059145998417, 38.986324741888943 ], [ -66.642059145998417, 39.031115443321283 ], [ -66.716710315052325, 39.031115443321283 ], [ -66.716710315052325, 38.986324741888943 ], [ -66.642059145998417, 38.986324741888943 ] ] ] } },
{ "type": "Feature", "properties": { "row": 104, "col": 18, "mostly_overlap": false, "overlap_ratio": 0.0 }, "geometry": { "type": "Polygon", "coordinates": [ [ [ -66.642059145998417, 39.031115443321283 ], [ -66.642059145998417, 39.075906144753617 ], [ -66.716710315052325, 39.075906144753617 ], [ -66.716710315052325, 39.031115443321283 ], [ -66.642059145998417, 39.031115443321283 ] ] ] } },
{ "type": "Feature", "properties": { "row": 104, "col": 19, "mostly_overlap": false, "overlap_ratio": 0.0 }, "geometry": { "type": "Polygon", "coordinates": [ [ [ -66.642059145998417, 39.075906144753617 ], [ -66.642059145998417, 39.120696846185957 ], [ -66.716710315052325, 39.120696846185957 ], [ -66.716710315052325, 39.075906144753617 ], [ -66.642059145998417, 39.075906144753617 ] ] ] } },
{ "type": "Feature", "properties": { "row": 104, "col": 20, "mostly_overlap": false, "overlap_ratio": 0.0 }, "geometry": { "type": "Polygon", "coordinates": [ [ [ -66.642059145998417, 39.120696846185957 ], [ -66.642059145998417, 39.165487547618298 ], [ -66.716710315052325, 39.165487547618298 ], [ -66.716710315052325, 39.120696846185957 ], [ -66.642059145998417, 39.120696846185957 ] ] ] } },
{ "type": "Feature", "properties": { "row": 105, "col": 1, "mostly_overlap": false, "overlap_ratio": 0.0 }, "geometry": { "type": "Polygon", "coordinates": [ [ [ -66.716710315052325, 38.269673518971523 ], [ -66.716710315052325, 38.314464220403863 ], [ -66.791361484106218, 38.314464220403863 ], [ -66.791361484106218, 38.269673518971523 ], [ -66.716710315052325, 38.269673518971523 ] ] ] } },
{ "type": "Feature", "properties": { "row": 105, "col": 2, "mostly_overlap": false, "overlap_ratio": 0.0 }, "geometry": { "type": "Polygon", "coordinates": [ [ [ -66.716710315052325, 38.314464220403863 ], [ -66.716710315052325, 38.359254921836197 ], [ -66.791361484106218, 38.359254921836197 ], [ -66.791361484106218, 38.314464220403863 ], [ -66.716710315052325, 38.314464220403863 ] ] ] } },
{ "type": "Feature", "properties": { "row": 105, "col": 3, "mostly_overlap": false, "overlap_ratio": 0.4048 }, "geometry": { "type": "Polygon", "coordinates": [ [ [ -66.716710315052325, 38.359254921836197 ], [ -66.716710315052325, 38.404045623268537 ], [ -66.791361484106218, 38.404045623268537 ], [ -66.791361484106218, 38.359254921836197 ], [ -66.716710315052325, 38.359254921836197 ] ] ] } },
{ "type": "Feature", "properties": { "row": 105, "col": 4, "mostly_overlap": true, "overlap_ratio": 1.0 }, "geometry": { "type": "Polygon", "coordinates": [ [ [ -66.716710315052325, 38.404045623268537 ], [ -66.716710315052325, 38.448836324700878 ], [ -66.791361484106218, 38.448836324700878 ], [ -66.791361484106218, 38.404045623268537 ], [ -66.716710315052325, 38.404045623268537 ] ] ] } },
{ "type": "Feature", "properties": { "row": 105, "col": 5, "mostly_overlap": true, "overlap_ratio": 1.0 }, "geometry": { "type": "Polygon", "coordinates": [ [ [ -66.716710315052325, 38.448836324700878 ], [ -66.716710315052325, 38.493627026133218 ], [ -66.791361484106218, 38.493627026133218 ], [ -66.791361484106218, 38.448836324700878 ], [ -66.716710315052325, 38.448836324700878 ] ] ] } },
{ "type": "Feature", "properties": { "row": 105, "col": 6, "mostly_overlap": true, "overlap_ratio": 1.0 }, "geometry": { "type": "Polygon", "coordinates": [ [ [ -66.716710315052325, 38.493627026133218 ], [ -66.716710315052325, 38.538417727565552 ], [ -66.791361484106218, 38.538417727565552 ], [ -66.791361484106218, 38.493627026133218 ], [ -66.716710315052325, 38.493627026133218 ] ] ] } },
{ "type": "Feature", "properties": { "row": 105, "col": 7, "mostly_overlap": true, "overlap_ratio": 1.0 }, "geometry": { "type": "Polygon", "coordinates": [ [ [ -66.716710315052325, 38.538417727565552 ], [ -66.716710315052325, 38.583208428997892 ], [ -66.791361484106218, 38.583208428997892 ], [ -66.791361484106218, 38.538417727565552 ], [ -66.716710315052325, 38.538417727565552 ] ] ] } },
{ "type": "Feature", "properties": { "row": 105, "col": 8, "mostly_overlap": true, "overlap_ratio": 1.0 }, "geometry": { "type": "Polygon", "coordinates": [ [ [ -66.716710315052325, 38.583208428997892 ], [ -66.716710315052325, 38.627999130430233 ], [ -66.791361484106218, 38.627999130430233 ], [ -66.791361484106218, 38.583208428997892 ], [ -66.716710315052325, 38.583208428997892 ] ] ] } },
{ "type": "Feature", "properties": { "row": 105, "col": 9, "mostly_overlap": true, "overlap_ratio": 0.7835 }, "geometry": { "type": "Polygon", "coordinates": [ [ [ -66.716710315052325, 38.627999130430233 ], [ -66.716710315052325, 38.672789831862573 ], [ -66.791361484106218, 38.672789831862573 ], [ -66.791361484106218, 38.627999130430233 ], [ -66.716710315052325, 38.627999130430233 ] ] ] } },
{ "type": "Feature", "properties": { "row": 105, "col": 10, "mostly_overlap": false, "overlap_ratio": 0.0 }, "geometry": { "type": "Polygon", "coordinates": [ [ [ -66.716710315052325, 38.672789831862573 ], [ -66.716710315052325, 38.717580533294907 ], [ -66.791361484106218, 38.717580533294907 ], [ -66.791361484106218, 38.672789831862573 ], [ -66.716710315052325, 38.672789831862573 ] ] ] } },
{ "type": "Feature", "properties": { "row": 105, "col": 11, "mostly_overlap": false, "overlap_ratio": 0.0 }, "geometry": { "type": "Polygon", "coordinates": [ [ [ -66.716710315052325, 38.717580533294907 ], [ -66.716710315052325, 38.762371234727247 ], [ -66.791361484106218, 38.762371234727247 ], [ -66.791361484106218, 38.717580533294907 ], [ -66.716710315052325, 38.717580533294907 ] ] ] } },
{ "type": "Feature", "properties": { "row": 105, "col": 12, "mostly_overlap": false, "overlap_ratio": 0.0 }, "geometry": { "type": "Polygon", "coordinates": [ [ [ -66.716710315052325, 38.762371234727247 ], [ -66.716710315052325, 38.807161936159588 ], [ -66.791361484106218, 38.807161936159588 ], [ -66.791361484106218, 38.762371234727247 ], [ -66.716710315052325, 38.762371234727247 ] ] ] } },
{ "type": "Feature", "properties": { "row": 105, "col": 13, "mostly_overlap": false, "overlap_ratio": 0.0 }, "geometry": { "type": "Polygon", "coordinates": [ [ [ -66.716710315052325, 38.807161936159588 ], [ -66.716710315052325, 38.851952637591928 ], [ -66.791361484106218, 38.851952637591928 ], [ -66.791361484106218, 38.807161936159588 ], [ -66.716710315052325, 38.807161936159588 ] ] ] } },
{ "type": "Feature", "properties": { "row": 105, "col": 14, "mostly_overlap": false, "overlap_ratio": 0.0 }, "geometry": { "type": "Polygon", "coordinates": [ [ [ -66.716710315052325, 38.851952637591928 ], [ -66.716710315052325, 38.896743339024269 ], [ -66.791361484106218, 38.896743339024269 ], [ -66.791361484106218, 38.851952637591928 ], [ -66.716710315052325, 38.851952637591928 ] ] ] } },
{ "type": "Feature", "properties": { "row": 105, "col": 15, "mostly_overlap": false, "overlap_ratio": 0.0 }, "geometry": { "type": "Polygon", "coordinates": [ [ [ -66.716710315052325, 38.896743339024269 ], [ -66.716710315052325, 38.941534040456602 ], [ -66.791361484106218, 38.941534040456602 ], [ -66.791361484106218, 38.896743339024269 ], [ -66.716710315052325, 38.896743339024269 ] ] ] } },
{ "type": "Feature", "properties": { "row": 105, "col": 16, "mostly_overlap": false, "overlap_ratio": 0.0 }, "geometry": { "type": "Polygon", "coordinates": [ [ [ -66.716710315052325, 38.941534040456602 ], [ -66.716710315052325, 38.986324741888943 ], [ -66.791361484106218, 38.986324741888943 ], [ -66.791361484106218, 38.941534040456602 ], [ -66.716710315052325, 38.941534040456602 ] ] ] } },
{ "type": "Feature", "properties": { "row": 105, "col": 17, "mostly_overlap": false, "overlap_ratio": 0.0 }, "geometry": { "type": "Polygon", "coordinates": [ [ [ -66.716710315052325, 38.986324741888943 ], [ -66.716710315052325, 39.031115443321283 ], [ -66.791361484106218, 39.031115443321283 ], [ -66.791361484106218, 38.986324741888943 ], [ -66.716710315052325, 38.986324741888943 ] ] ] } },
{ "type": "Feature", "properties": { "row": 105, "col": 18, "mostly_overlap": false, "overlap_ratio": 0.0 }, "geometry": { "type": "Polygon", "coordinates": [ [ [ -66.716710315052325, 39.031115443321283 ], [ -66.716710315052325, 39.075906144753617 ], [ -66.791361484106218, 39.075906144753617 ], [ -66.791361484106218, 39.031115443321283 ], [ -66.716710315052325, 39.031115443321283 ] ] ] } },
{ "type": "Feature", "properties": { "row": 105, "col": 19, "mostly_overlap": false, "overlap_ratio": 0.0 }, "geometry": { "type": "Polygon", "coordinates": [ [ [ -66.716710315052325, 39.075906144753617 ], [ -66.716710315052325, 39.120696846185957 ], [ -66.791361484106218, 39.120696846185957 ], [ -66.791361484106218, 39.075906144753617 ], [ -66.716710315052325, 39.075906144753617 ] ] ] } },
{ "type": "Feature", "properties": { "row": 105, "col": 20, "mostly_overlap": false, "overlap_ratio": 0.0 }, "geometry": { "type": "Polygon", "coordinates": [ [ [ -66.716710315052325, 39.120696846185957 ], [ -66.716710315052325, 39.165487547618298 ], [ -66.791361484106218, 39.165487547618298 ], [ -66.791361484106218, 39.120696846185957 ], [ -66.716710315052325, 39.120696846185957 ] ] ] } },
{ "type": "Feature", "properties": { "row": 106, "col": 1, "mostly_overlap": false, "overlap_ratio": 0.0 }, "geometry": { "type": "Polygon", "coordinates": [ [ [ -66.791361484106218, 38.269673518971523 ], [ -66.791361484106218, 38.314464220403863 ], [ -66.866012653160112, 38.314464220403863 ], [ -66.866012653160112, 38.269673518971523 ], [ -66.791361484106218, 38.269673518971523 ] ] ] } },
{ "type": "Feature", "properties": { "row": 106, "col": 2, "mostly_overlap": false, "overlap_ratio": 0.0 }, "geometry": { "type": "Polygon", "coordinates": [ [ [ -66.791361484106218, 38.314464220403863 ], [ -66.791361484106218, 38.359254921836197 ], [ -66.866012653160112, 38.359254921836197 ], [ -66.866012653160112, 38.314464220403863 ], [ -66.791361484106218, 38.314464220403863 ] ] ] } },
{ "type": "Feature", "properties": { "row": 106, "col": 3, "mostly_overlap": false, "overlap_ratio": 0.4452 }, "geometry": { "type": "Polygon", "coordinates": [ [ [ -66.791361484106218, 38.359254921836197 ], [ -66.791361484106218, 38.404045623268537 ], [ -66.866012653160112, 38.404045623268537 ], [ -66.866012653160112, 38.359254921836197 ], [ -66.791361484106218, 38.359254921836197 ] ] ] } },
{ "type": "Feature", "properties": { "row": 106, "col": 4, "mostly_overlap": true, "overlap_ratio": 1.0 }, "geometry": { "type": "Polygon", "coordinates": [ [ [ -66.791361484106218, 38.404045623268537 ], [ -66.791361484106218, 38.448836324700878 ], [ -66.866012653160112, 38.448836324700878 ], [ -66.866012653160112, 38.404045623268537 ], [ -66.791361484106218, 38.404045623268537 ] ] ] } },
{ "type": "Feature", "properties": { "row": 106, "col": 5, "mostly_overlap": true, "overlap_ratio": 1.0 }, "geometry": { "type": "Polygon", "coordinates": [ [ [ -66.791361484106218, 38.448836324700878 ], [ -66.791361484106218, 38.493627026133218 ], [ -66.866012653160112, 38.493627026133218 ], [ -66.866012653160112, 38.448836324700878 ], [ -66.791361484106218, 38.448836324700878 ] ] ] } },
{ "type": "Feature", "properties": { "row": 106, "col": 6, "mostly_overlap": true, "overlap_ratio": 1.0 }, "geometry": { "type": "Polygon", "coordinates": [ [ [ -66.791361484106218, 38.493627026133218 ], [ -66.791361484106218, 38.538417727565552 ], [ -66.866012653160112, 38.538417727565552 ], [ -66.866012653160112, 38.493627026133218 ], [ -66.791361484106218, 38.493627026133218 ] ] ] } },
{ "type": "Feature", "properties": { "row": 106, "col": 7, "mostly_overlap": true, "overlap_ratio": 1.0 }, "geometry": { "type": "Polygon", "coordinates": [ [ [ -66.791361484106218, 38.538417727565552 ], [ -66.791361484106218, 38.583208428997892 ], [ -66.866012653160112, 38.583208428997892 ], [ -66.866012653160112, 38.538417727565552 ], [ -66.791361484106218, 38.538417727565552 ] ] ] } },
{ "type": "Feature", "properties": { "row": 106, "col": 8, "mostly_overlap": true, "overlap_ratio": 1.0 }, "geometry": { "type": "Polygon", "coordinates": [ [ [ -66.791361484106218, 38.583208428997892 ], [ -66.791361484106218, 38.627999130430233 ], [ -66.866012653160112, 38.627999130430233 ], [ -66.866012653160112, 38.583208428997892 ], [ -66.791361484106218, 38.583208428997892 ] ] ] } },
{ "type": "Feature", "properties": { "row": 106, "col": 9, "mostly_overlap": true, "overlap_ratio": 0.7673 }, "geometry": { "type": "Polygon", "coordinates": [ [ [ -66.791361484106218, 38.627999130430233 ], [ -66.791361484106218, 38.672789831862573 ], [ -66.866012653160112, 38.672789831862573 ], [ -66.866012653160112, 38.627999130430233 ], [ -66.791361484106218, 38.627999130430233 ] ] ] } },
{ "type": "Feature", "properties": { "row": 106, "col": 10, "mostly_overlap": false, "overlap_ratio": 0.0 }, "geometry": { "type": "Polygon", "coordinates": [ [ [ -66.791361484106218, 38.672789831862573 ], [ -66.791361484106218, 38.717580533294907 ], [ -66.866012653160112, 38.717580533294907 ], [ -66.866012653160112, 38.672789831862573 ], [ -66.791361484106218, 38.672789831862573 ] ] ] } },
{ "type": "Feature", "properties": { "row": 106, "col": 11, "mostly_overlap": false, "overlap_ratio": 0.0 }, "geometry": { "type": "Polygon", "coordinates": [ [ [ -66.791361484106218, 38.717580533294907 ], [ -66.791361484106218, 38.762371234727247 ], [ -66.866012653160112, 38.762371234727247 ], [ -66.866012653160112, 38.717580533294907 ], [ -66.791361484106218, 38.717580533294907 ] ] ] } },
{ "type": "Feature", "properties": { "row": 106, "col": 12, "mostly_overlap": false, "overlap_ratio": 0.0 }, "geometry": { "type": "Polygon", "coordinates": [ [ [ -66.791361484106218, 38.762371234727247 ], [ -66.791361484106218, 38.807161936159588 ], [ -66.866012653160112, 38.807161936159588 ], [ -66.866012653160112, 38.762371234727247 ], [ -66.791361484106218, 38.762371234727247 ] ] ] } },
{ "type": "Feature", "properties": { "row": 106, "col": 13, "mostly_overlap": false, "overlap_ratio": 0.0 }, "geometry": { "type": "Polygon", "coordinates": [ [ [ -66.791361484106218, 38.807161936159588 ], [ -66.791361484106218, 38.851952637591928 ], [ -66.866012653160112, 38.851952637591928 ], [ -66.866012653160112, 38.807161936159588 ], [ -66.791361484106218, 38.807161936159588 ] ] ] } },
{ "type": "Feature", "properties": { "row": 106, "col": 14, "mostly_overlap": false, "overlap_ratio": 0.0 }, "geometry": { "type": "Polygon", "coordinates": [ [ [ -66.791361484106218, 38.851952637591928 ], [ -66.791361484106218, 38.896743339024269 ], [ -66.866012653160112, 38.896743339024269 ], [ -66.866012653160112, 38.851952637591928 ], [ -66.791361484106218, 38.851952637591928 ] ] ] } },
{ "type": "Feature", "properties": { "row": 106, "col": 15, "mostly_overlap": false, "overlap_ratio": 0.0 }, "geometry": { "type": "Polygon", "coordinates": [ [ [ -66.791361484106218, 38.896743339024269 ], [ -66.791361484106218, 38.941534040456602 ], [ -66.866012653160112, 38.941534040456602 ], [ -66.866012653160112, 38.896743339024269 ], [ -66.791361484106218, 38.896743339024269 ] ] ] } },
{ "type": "Feature", "properties": { "row": 106, "col": 16, "mostly_overlap": false, "overlap_ratio": 0.0 }, "geometry": { "type": "Polygon", "coordinates": [ [ [ -66.791361484106218, 38.941534040456602 ], [ -66.791361484106218, 38.986324741888943 ], [ -66.866012653160112, 38.986324741888943 ], [ -66.866012653160112, 38.941534040456602 ], [ -66.791361484106218, 38.941534040456602 ] ] ] } },
{ "type": "Feature", "properties": { "row": 106, "col": 17, "mostly_overlap": false, "overlap_ratio": 0.0 }, "geometry": { "type": "Polygon", "coordinates": [ [ [ -66.791361484106218, 38.986324741888943 ], [ -66.791361484106218, 39.031115443321283 ], [ -66.866012653160112, 39.031115443321283 ], [ -66.866012653160112, 38.986324741888943 ], [ -66.791361484106218, 38.986324741888943 ] ] ] } },
{ "type": "Feature", "properties": { "row": 106, "col": 18, "mostly_overlap": false, "overlap_ratio": 0.0 }, "geometry": { "type": "Polygon", "coordinates": [ [ [ -66.791361484106218, 39.031115443321283 ], [ -66.791361484106218, 39.075906144753617 ], [ -66.866012653160112, 39.075906144753617 ], [ -66.866012653160112, 39.031115443321283 ], [ -66.791361484106218, 39.031115443321283 ] ] ] } },
{ "type": "Feature", "properties": { "row": 106, "col": 19, "mostly_overlap": false, "overlap_ratio": 0.0 }, "geometry": { "type": "Polygon", "coordinates": [ [ [ -66.791361484106218, 39.075906144753617 ], [ -66.791361484106218, 39.120696846185957 ], [ -66.866012653160112, 39.120696846185957 ], [ -66.866012653160112, 39.075906144753617 ], [ -66.791361484106218, 39.075906144753617 ] ] ] } },
{ "type": "Feature", "properties": { "row": 106, "col": 20, "mostly_overlap": false, "overlap_ratio": 0.0 }, "geometry": { "type": "Polygon", "coordinates": [ [ [ -66.791361484106218, 39.120696846185957 ], [ -66.791361484106218, 39.165487547618298 ], [ -66.866012653160112, 39.165487547618298 ], [ -66.866012653160112, 39.120696846185957 ], [ -66.791361484106218, 39.120696846185957 ] ] ] } },
{ "type": "Feature", "properties": { "row": 107, "col": 1, "mostly_overlap": false, "overlap_ratio": 0.0 }, "geometry": { "type": "Polygon", "coordinates": [ [ [ -66.866012653160112, 38.269673518971523 ], [ -66.866012653160112, 38.314464220403863 ], [ -66.940663822214006, 38.314464220403863 ], [ -66.940663822214006, 38.269673518971523 ], [ -66.866012653160112, 38.269673518971523 ] ] ] } },
{ "type": "Feature", "properties": { "row": 107, "col": 2, "mostly_overlap": false, "overlap_ratio": 0.0 }, "geometry": { "type": "Polygon", "coordinates": [ [ [ -66.866012653160112, 38.314464220403863 ], [ -66.866012653160112, 38.359254921836197 ], [ -66.940663822214006, 38.359254921836197 ], [ -66.940663822214006, 38.314464220403863 ], [ -66.866012653160112, 38.314464220403863 ] ] ] } },
{ "type": "Feature", "properties": { "row": 107, "col": 3, "mostly_overlap": false, "overlap_ratio": 0.3441 }, "geometry": { "type": "Polygon", "coordinates": [ [ [ -66.866012653160112, 38.359254921836197 ], [ -66.866012653160112, 38.404045623268537 ], [ -66.940663822214006, 38.404045623268537 ], [ -66.940663822214006, 38.359254921836197 ], [ -66.866012653160112, 38.359254921836197 ] ] ] } },
{ "type": "Feature", "properties": { "row": 107, "col": 4, "mostly_overlap": true, "overlap_ratio": 1.0 }, "geometry": { "type": "Polygon", "coordinates": [ [ [ -66.866012653160112, 38.404045623268537 ], [ -66.866012653160112, 38.448836324700878 ], [ -66.940663822214006, 38.448836324700878 ], [ -66.940663822214006, 38.404045623268537 ], [ -66.866012653160112, 38.404045623268537 ] ] ] } },
{ "type": "Feature", "properties": { "row": 107, "col": 5, "mostly_overlap": true, "overlap_ratio": 1.0 }, "geometry": { "type": "Polygon", "coordinates": [ [ [ -66.866012653160112, 38.448836324700878 ], [ -66.866012653160112, 38.493627026133218 ], [ -66.940663822214006, 38.493627026133218 ], [ -66.940663822214006, 38.448836324700878 ], [ -66.866012653160112, 38.448836324700878 ] ] ] } },
{ "type": "Feature", "properties": { "row": 107, "col": 6, "mostly_overlap": true, "overlap_ratio": 1.0 }, "geometry": { "type": "Polygon", "coordinates": [ [ [ -66.866012653160112, 38.493627026133218 ], [ -66.866012653160112, 38.538417727565552 ], [ -66.940663822214006, 38.538417727565552 ], [ -66.940663822214006, 38.493627026133218 ], [ -66.866012653160112, 38.493627026133218 ] ] ] } },
{ "type": "Feature", "properties": { "row": 107, "col": 7, "mostly_overlap": true, "overlap_ratio": 1.0 }, "geometry": { "type": "Polygon", "coordinates": [ [ [ -66.866012653160112, 38.538417727565552 ], [ -66.866012653160112, 38.583208428997892 ], [ -66.940663822214006, 38.583208428997892 ], [ -66.940663822214006, 38.538417727565552 ], [ -66.866012653160112, 38.538417727565552 ] ] ] } },
{ "type": "Feature", "properties": { "row": 107, "col": 8, "mostly_overlap": true, "overlap_ratio": 1.0 }, "geometry": { "type": "Polygon", "coordinates": [ [ [ -66.866012653160112, 38.583208428997892 ], [ -66.866012653160112, 38.627999130430233 ], [ -66.940663822214006, 38.627999130430233 ], [ -66.940663822214006, 38.583208428997892 ], [ -66.866012653160112, 38.583208428997892 ] ] ] } },
{ "type": "Feature", "properties": { "row": 107, "col": 9, "mostly_overlap": true, "overlap_ratio": 0.6762 }, "geometry": { "type": "Polygon", "coordinates": [ [ [ -66.866012653160112, 38.627999130430233 ], [ -66.866012653160112, 38.672789831862573 ], [ -66.940663822214006, 38.672789831862573 ], [ -66.940663822214006, 38.627999130430233 ], [ -66.866012653160112, 38.627999130430233 ] ] ] } },
{ "type": "Feature", "properties": { "row": 107, "col": 10, "mostly_overlap": false, "overlap_ratio": 0.0 }, "geometry": { "type": "Polygon", "coordinates": [ [ [ -66.866012653160112, 38.672789831862573 ], [ -66.866012653160112, 38.717580533294907 ], [ -66.940663822214006, 38.717580533294907 ], [ -66.940663822214006, 38.672789831862573 ], [ -66.866012653160112, 38.672789831862573 ] ] ] } },
{ "type": "Feature", "properties": { "row": 107, "col": 11, "mostly_overlap": false, "overlap_ratio": 0.0 }, "geometry": { "type": "Polygon", "coordinates": [ [ [ -66.866012653160112, 38.717580533294907 ], [ -66.866012653160112, 38.762371234727247 ], [ -66.940663822214006, 38.762371234727247 ], [ -66.940663822214006, 38.717580533294907 ], [ -66.866012653160112, 38.717580533294907 ] ] ] } },
{ "type": "Feature", "properties": { "row": 107, "col": 12, "mostly_overlap": false, "overlap_ratio": 0.0 }, "geometry": { "type": "Polygon", "coordinates": [ [ [ -66.866012653160112, 38.762371234727247 ], [ -66.866012653160112, 38.807161936159588 ], [ -66.940663822214006, 38.807161936159588 ], [ -66.940663822214006, 38.762371234727247 ], [ -66.866012653160112, 38.762371234727247 ] ] ] } },
{ "type": "Feature", "properties": { "row": 107, "col": 13, "mostly_overlap": false, "overlap_ratio": 0.0 }, "geometry": { "type": "Polygon", "coordinates": [ [ [ -66.866012653160112, 38.807161936159588 ], [ -66.866012653160112, 38.851952637591928 ], [ -66.940663822214006, 38.851952637591928 ], [ -66.940663822214006, 38.807161936159588 ], [ -66.866012653160112, 38.807161936159588 ] ] ] } },
{ "type": "Feature", "properties": { "row": 107, "col": 14, "mostly_overlap": false, "overlap_ratio": 0.0 }, "geometry": { "type": "Polygon", "coordinates": [ [ [ -66.866012653160112, 38.851952637591928 ], [ -66.866012653160112, 38.896743339024269 ], [ -66.940663822214006, 38.896743339024269 ], [ -66.940663822214006, 38.851952637591928 ], [ -66.866012653160112, 38.851952637591928 ] ] ] } },
{ "type": "Feature", "properties": { "row": 107, "col": 15, "mostly_overlap": false, "overlap_ratio": 0.0 }, "geometry": { "type": "Polygon", "coordinates": [ [ [ -66.866012653160112, 38.896743339024269 ], [ -66.866012653160112, 38.941534040456602 ], [ -66.940663822214006, 38.941534040456602 ], [ -66.940663822214006, 38.896743339024269 ], [ -66.866012653160112, 38.896743339024269 ] ] ] } },
{ "type": "Feature", "properties": { "row": 107, "col": 16, "mostly_overlap": false, "overlap_ratio": 0.0 }, "geometry": { "type": "Polygon", "coordinates": [ [ [ -66.866012653160112, 38.941534040456602 ], [ -66.866012653160112, 38.986324741888943 ], [ -66.940663822214006, 38.986324741888943 ], [ -66.940663822214006, 38.941534040456602 ], [ -66.866012653160112, 38.941534040456602 ] ] ] } },
{ "type": "Feature", "properties": { "row": 107, "col": 17, "mostly_overlap": false, "overlap_ratio": 0.0 }, "geometry": { "type": "Polygon", "coordinates": [ [ [ -66.866012653160112, 38.986324741888943 ], [ -66.866012653160112, 39.031115443321283 ], [ -66.940663822214006, 39.031115443321283 ], [ -66.940663822214006, 38.986324741888943 ], [ -66.866012653160112, 38.986324741888943 ] ] ] } },
{ "type": "Feature", "properties": { "row": 107, "col": 18, "mostly_overlap": false, "overlap_ratio": 0.0 }, "geometry": { "type": "Polygon", "coordinates": [ [ [ -66.866012653160112, 39.031115443321283 ], [ -66.866012653160112, 39.075906144753617 ], [ -66.940663822214006, 39.075906144753617 ], [ -66.940663822214006, 39.031115443321283 ], [ -66.866012653160112, 39.031115443321283 ] ] ] } },
{ "type": "Feature", "properties": { "row": 107, "col": 19, "mostly_overlap": false, "overlap_ratio": 0.0 }, "geometry": { "type": "Polygon", "coordinates": [ [ [ -66.866012653160112, 39.075906144753617 ], [ -66.866012653160112, 39.120696846185957 ], [ -66.940663822214006, 39.120696846185957 ], [ -66.940663822214006, 39.075906144753617 ], [ -66.866012653160112, 39.075906144753617 ] ] ] } },
{ "type": "Feature", "properties": { "row": 107, "col": 20, "mostly_overlap": false, "overlap_ratio": 0.0 }, "geometry": { "type": "Polygon", "coordinates": [ [ [ -66.866012653160112, 39.120696846185957 ], [ -66.866012653160112, 39.165487547618298 ], [ -66.940663822214006, 39.165487547618298 ], [ -66.940663822214006, 39.120696846185957 ], [ -66.866012653160112, 39.120696846185957 ] ] ] } },
{ "type": "Feature", "properties": { "row": 108, "col": 1, "mostly_overlap": false, "overlap_ratio": 0.0 }, "geometry": { "type": "Polygon", "coordinates": [ [ [ -66.940663822214006, 38.269673518971523 ], [ -66.940663822214006, 38.314464220403863 ], [ -67.015314991267914, 38.314464220403863 ], [ -67.015314991267914, 38.269673518971523 ], [ -66.940663822214006, 38.269673518971523 ] ] ] } },
{ "type": "Feature", "properties": { "row": 108, "col": 2, "mostly_overlap": false, "overlap_ratio": 0.0 }, "geometry": { "type": "Polygon", "coordinates": [ [ [ -66.940663822214006, 38.314464220403863 ], [ -66.940663822214006, 38.359254921836197 ], [ -67.015314991267914, 38.359254921836197 ], [ -67.015314991267914, 38.314464220403863 ], [ -66.940663822214006, 38.314464220403863 ] ] ] } },
{ "type": "Feature", "properties": { "row": 108, "col": 3, "mostly_overlap": false, "overlap_ratio": 0.1346 }, "geometry": { "type": "Polygon", "coordinates": [ [ [ -66.940663822214006, 38.359254921836197 ], [ -66.940663822214006, 38.404045623268537 ], [ -67.015314991267914, 38.404045623268537 ], [ -67.015314991267914, 38.359254921836197 ], [ -66.940663822214006, 38.359254921836197 ] ] ] } },
{ "type": "Feature", "properties": { "row": 108, "col": 4, "mostly_overlap": true, "overlap_ratio": 1.0 }, "geometry": { "type": "Polygon", "coordinates": [ [ [ -66.940663822214006, 38.404045623268537 ], [ -66.940663822214006, 38.448836324700878 ], [ -67.015314991267914, 38.448836324700878 ], [ -67.015314991267914, 38.404045623268537 ], [ -66.940663822214006, 38.404045623268537 ] ] ] } },
{ "type": "Feature", "properties": { "row": 108, "col": 5, "mostly_overlap": true, "overlap_ratio": 1.0 }, "geometry": { "type": "Polygon", "coordinates": [ [ [ -66.940663822214006, 38.448836324700878 ], [ -66.940663822214006, 38.493627026133218 ], [ -67.015314991267914, 38.493627026133218 ], [ -67.015314991267914, 38.448836324700878 ], [ -66.940663822214006, 38.448836324700878 ] ] ] } },
{ "type": "Feature", "properties": { "row": 108, "col": 6, "mostly_overlap": true, "overlap_ratio": 1.0 }, "geometry": { "type": "Polygon", "coordinates": [ [ [ -66.940663822214006, 38.493627026133218 ], [ -66.940663822214006, 38.538417727565552 ], [ -67.015314991267914, 38.538417727565552 ], [ -67.015314991267914, 38.493627026133218 ], [ -66.940663822214006, 38.493627026133218 ] ] ] } },
{ "type": "Feature", "properties": { "row": 108, "col": 7, "mostly_overlap": true, "overlap_ratio": 1.0 }, "geometry": { "type": "Polygon", "coordinates": [ [ [ -66.940663822214006, 38.538417727565552 ], [ -66.940663822214006, 38.583208428997892 ], [ -67.015314991267914, 38.583208428997892 ], [ -67.015314991267914, 38.538417727565552 ], [ -66.940663822214006, 38.538417727565552 ] ] ] } },
{ "type": "Feature", "properties": { "row": 108, "col": 8, "mostly_overlap": true, "overlap_ratio": 1.0 }, "geometry": { "type": "Polygon", "coordinates": [ [ [ -66.940663822214006, 38.583208428997892 ], [ -66.940663822214006, 38.627999130430233 ], [ -67.015314991267914, 38.627999130430233 ], [ -67.015314991267914, 38.583208428997892 ], [ -66.940663822214006, 38.583208428997892 ] ] ] } },
{ "type": "Feature", "properties": { "row": 108, "col": 9, "mostly_overlap": true, "overlap_ratio": 0.5189 }, "geometry": { "type": "Polygon", "coordinates": [ [ [ -66.940663822214006, 38.627999130430233 ], [ -66.940663822214006, 38.672789831862573 ], [ -67.015314991267914, 38.672789831862573 ], [ -67.015314991267914, 38.627999130430233 ], [ -66.940663822214006, 38.627999130430233 ] ] ] } },
{ "type": "Feature", "properties": { "row": 108, "col": 10, "mostly_overlap": false, "overlap_ratio": 0.0 }, "geometry": { "type": "Polygon", "coordinates": [ [ [ -66.940663822214006, 38.672789831862573 ], [ -66.940663822214006, 38.717580533294907 ], [ -67.015314991267914, 38.717580533294907 ], [ -67.015314991267914, 38.672789831862573 ], [ -66.940663822214006, 38.672789831862573 ] ] ] } },
{ "type": "Feature", "properties": { "row": 108, "col": 11, "mostly_overlap": false, "overlap_ratio": 0.0 }, "geometry": { "type": "Polygon", "coordinates": [ [ [ -66.940663822214006, 38.717580533294907 ], [ -66.940663822214006, 38.762371234727247 ], [ -67.015314991267914, 38.762371234727247 ], [ -67.015314991267914, 38.717580533294907 ], [ -66.940663822214006, 38.717580533294907 ] ] ] } },
{ "type": "Feature", "properties": { "row": 108, "col": 12, "mostly_overlap": false, "overlap_ratio": 0.0 }, "geometry": { "type": "Polygon", "coordinates": [ [ [ -66.940663822214006, 38.762371234727247 ], [ -66.940663822214006, 38.807161936159588 ], [ -67.015314991267914, 38.807161936159588 ], [ -67.015314991267914, 38.762371234727247 ], [ -66.940663822214006, 38.762371234727247 ] ] ] } },
{ "type": "Feature", "properties": { "row": 108, "col": 13, "mostly_overlap": false, "overlap_ratio": 0.0 }, "geometry": { "type": "Polygon", "coordinates": [ [ [ -66.940663822214006, 38.807161936159588 ], [ -66.940663822214006, 38.851952637591928 ], [ -67.015314991267914, 38.851952637591928 ], [ -67.015314991267914, 38.807161936159588 ], [ -66.940663822214006, 38.807161936159588 ] ] ] } },
{ "type": "Feature", "properties": { "row": 108, "col": 14, "mostly_overlap": false, "overlap_ratio": 0.0 }, "geometry": { "type": "Polygon", "coordinates": [ [ [ -66.940663822214006, 38.851952637591928 ], [ -66.940663822214006, 38.896743339024269 ], [ -67.015314991267914, 38.896743339024269 ], [ -67.015314991267914, 38.851952637591928 ], [ -66.940663822214006, 38.851952637591928 ] ] ] } },
{ "type": "Feature", "properties": { "row": 108, "col": 15, "mostly_overlap": false, "overlap_ratio": 0.0 }, "geometry": { "type": "Polygon", "coordinates": [ [ [ -66.940663822214006, 38.896743339024269 ], [ -66.940663822214006, 38.941534040456602 ], [ -67.015314991267914, 38.941534040456602 ], [ -67.015314991267914, 38.896743339024269 ], [ -66.940663822214006, 38.896743339024269 ] ] ] } },
{ "type": "Feature", "properties": { "row": 108, "col": 16, "mostly_overlap": false, "overlap_ratio": 0.0 }, "geometry": { "type": "Polygon", "coordinates": [ [ [ -66.940663822214006, 38.941534040456602 ], [ -66.940663822214006, 38.986324741888943 ], [ -67.015314991267914, 38.986324741888943 ], [ -67.015314991267914, 38.941534040456602 ], [ -66.940663822214006, 38.941534040456602 ] ] ] } },
{ "type": "Feature", "properties": { "row": 108, "col": 17, "mostly_overlap": false, "overlap_ratio": 0.0 }, "geometry": { "type": "Polygon", "coordinates": [ [ [ -66.940663822214006, 38.986324741888943 ], [ -66.940663822214006, 39.031115443321283 ], [ -67.015314991267914, 39.031115443321283 ], [ -67.015314991267914, 38.986324741888943 ], [ -66.940663822214006, 38.986324741888943 ] ] ] } },
{ "type": "Feature", "properties": { "row": 108, "col": 18, "mostly_overlap": false, "overlap_ratio": 0.0 }, "geometry": { "type": "Polygon", "coordinates": [ [ [ -66.940663822214006, 39.031115443321283 ], [ -66.940663822214006, 39.075906144753617 ], [ -67.015314991267914, 39.075906144753617 ], [ -67.015314991267914, 39.031115443321283 ], [ -66.940663822214006, 39.031115443321283 ] ] ] } },
{ "type": "Feature", "properties": { "row": 108, "col": 19, "mostly_overlap": false, "overlap_ratio": 0.0 }, "geometry": { "type": "Polygon", "coordinates": [ [ [ -66.940663822214006, 39.075906144753617 ], [ -66.940663822214006, 39.120696846185957 ], [ -67.015314991267914, 39.120696846185957 ], [ -67.015314991267914, 39.075906144753617 ], [ -66.940663822214006, 39.075906144753617 ] ] ] } },
{ "type": "Feature", "properties": { "row": 108, "col": 20, "mostly_overlap": false, "overlap_ratio": 0.0 }, "geometry": { "type": "Polygon", "coordinates": [ [ [ -66.940663822214006, 39.120696846185957 ], [ -66.940663822214006, 39.165487547618298 ], [ -67.015314991267914, 39.165487547618298 ], [ -67.015314991267914, 39.120696846185957 ], [ -66.940663822214006, 39.120696846185957 ] ] ] } },
{ "type": "Feature", "properties": { "row": 109, "col": 1, "mostly_overlap": false, "overlap_ratio": 0.0 }, "geometry": { "type": "Polygon", "coordinates": [ [ [ -67.015314991267914, 38.269673518971523 ], [ -67.015314991267914, 38.314464220403863 ], [ -67.089966160321808, 38.314464220403863 ], [ -67.089966160321808, 38.269673518971523 ], [ -67.015314991267914, 38.269673518971523 ] ] ] } },
{ "type": "Feature", "properties": { "row": 109, "col": 2, "mostly_overlap": false, "overlap_ratio": 0.0 }, "geometry": { "type": "Polygon", "coordinates": [ [ [ -67.015314991267914, 38.314464220403863 ], [ -67.015314991267914, 38.359254921836197 ], [ -67.089966160321808, 38.359254921836197 ], [ -67.089966160321808, 38.314464220403863 ], [ -67.015314991267914, 38.314464220403863 ] ] ] } },
{ "type": "Feature", "properties": { "row": 109, "col": 3, "mostly_overlap": false, "overlap_ratio": 0.0061 }, "geometry": { "type": "Polygon", "coordinates": [ [ [ -67.015314991267914, 38.359254921836197 ], [ -67.015314991267914, 38.404045623268537 ], [ -67.089966160321808, 38.404045623268537 ], [ -67.089966160321808, 38.359254921836197 ], [ -67.015314991267914, 38.359254921836197 ] ] ] } },
{ "type": "Feature", "properties": { "row": 109, "col": 4, "mostly_overlap": true, "overlap_ratio": 0.9359 }, "geometry": { "type": "Polygon", "coordinates": [ [ [ -67.015314991267914, 38.404045623268537 ], [ -67.015314991267914, 38.448836324700878 ], [ -67.089966160321808, 38.448836324700878 ], [ -67.089966160321808, 38.404045623268537 ], [ -67.015314991267914, 38.404045623268537 ] ] ] } },
{ "type": "Feature", "properties": { "row": 109, "col": 5, "mostly_overlap": true, "overlap_ratio": 1.0 }, "geometry": { "type": "Polygon", "coordinates": [ [ [ -67.015314991267914, 38.448836324700878 ], [ -67.015314991267914, 38.493627026133218 ], [ -67.089966160321808, 38.493627026133218 ], [ -67.089966160321808, 38.448836324700878 ], [ -67.015314991267914, 38.448836324700878 ] ] ] } },
{ "type": "Feature", "properties": { "row": 109, "col": 6, "mostly_overlap": true, "overlap_ratio": 1.0 }, "geometry": { "type": "Polygon", "coordinates": [ [ [ -67.015314991267914, 38.493627026133218 ], [ -67.015314991267914, 38.538417727565552 ], [ -67.089966160321808, 38.538417727565552 ], [ -67.089966160321808, 38.493627026133218 ], [ -67.015314991267914, 38.493627026133218 ] ] ] } },
{ "type": "Feature", "properties": { "row": 109, "col": 7, "mostly_overlap": true, "overlap_ratio": 1.0 }, "geometry": { "type": "Polygon", "coordinates": [ [ [ -67.015314991267914, 38.538417727565552 ], [ -67.015314991267914, 38.583208428997892 ], [ -67.089966160321808, 38.583208428997892 ], [ -67.089966160321808, 38.538417727565552 ], [ -67.015314991267914, 38.538417727565552 ] ] ] } },
{ "type": "Feature", "properties": { "row": 109, "col": 8, "mostly_overlap": true, "overlap_ratio": 1.0 }, "geometry": { "type": "Polygon", "coordinates": [ [ [ -67.015314991267914, 38.583208428997892 ], [ -67.015314991267914, 38.627999130430233 ], [ -67.089966160321808, 38.627999130430233 ], [ -67.089966160321808, 38.583208428997892 ], [ -67.015314991267914, 38.583208428997892 ] ] ] } },
{ "type": "Feature", "properties": { "row": 109, "col": 9, "mostly_overlap": false, "overlap_ratio": 0.3079 }, "geometry": { "type": "Polygon", "coordinates": [ [ [ -67.015314991267914, 38.627999130430233 ], [ -67.015314991267914, 38.672789831862573 ], [ -67.089966160321808, 38.672789831862573 ], [ -67.089966160321808, 38.627999130430233 ], [ -67.015314991267914, 38.627999130430233 ] ] ] } },
{ "type": "Feature", "properties": { "row": 109, "col": 10, "mostly_overlap": false, "overlap_ratio": 0.0 }, "geometry": { "type": "Polygon", "coordinates": [ [ [ -67.015314991267914, 38.672789831862573 ], [ -67.015314991267914, 38.717580533294907 ], [ -67.089966160321808, 38.717580533294907 ], [ -67.089966160321808, 38.672789831862573 ], [ -67.015314991267914, 38.672789831862573 ] ] ] } },
{ "type": "Feature", "properties": { "row": 109, "col": 11, "mostly_overlap": false, "overlap_ratio": 0.0 }, "geometry": { "type": "Polygon", "coordinates": [ [ [ -67.015314991267914, 38.717580533294907 ], [ -67.015314991267914, 38.762371234727247 ], [ -67.089966160321808, 38.762371234727247 ], [ -67.089966160321808, 38.717580533294907 ], [ -67.015314991267914, 38.717580533294907 ] ] ] } },
{ "type": "Feature", "properties": { "row": 109, "col": 12, "mostly_overlap": false, "overlap_ratio": 0.0 }, "geometry": { "type": "Polygon", "coordinates": [ [ [ -67.015314991267914, 38.762371234727247 ], [ -67.015314991267914, 38.807161936159588 ], [ -67.089966160321808, 38.807161936159588 ], [ -67.089966160321808, 38.762371234727247 ], [ -67.015314991267914, 38.762371234727247 ] ] ] } },
{ "type": "Feature", "properties": { "row": 109, "col": 13, "mostly_overlap": false, "overlap_ratio": 0.0 }, "geometry": { "type": "Polygon", "coordinates": [ [ [ -67.015314991267914, 38.807161936159588 ], [ -67.015314991267914, 38.851952637591928 ], [ -67.089966160321808, 38.851952637591928 ], [ -67.089966160321808, 38.807161936159588 ], [ -67.015314991267914, 38.807161936159588 ] ] ] } },
{ "type": "Feature", "properties": { "row": 109, "col": 14, "mostly_overlap": false, "overlap_ratio": 0.0 }, "geometry": { "type": "Polygon", "coordinates": [ [ [ -67.015314991267914, 38.851952637591928 ], [ -67.015314991267914, 38.896743339024269 ], [ -67.089966160321808, 38.896743339024269 ], [ -67.089966160321808, 38.851952637591928 ], [ -67.015314991267914, 38.851952637591928 ] ] ] } },
{ "type": "Feature", "properties": { "row": 109, "col": 15, "mostly_overlap": false, "overlap_ratio": 0.0 }, "geometry": { "type": "Polygon", "coordinates": [ [ [ -67.015314991267914, 38.896743339024269 ], [ -67.015314991267914, 38.941534040456602 ], [ -67.089966160321808, 38.941534040456602 ], [ -67.089966160321808, 38.896743339024269 ], [ -67.015314991267914, 38.896743339024269 ] ] ] } },
{ "type": "Feature", "properties": { "row": 109, "col": 16, "mostly_overlap": false, "overlap_ratio": 0.0 }, "geometry": { "type": "Polygon", "coordinates": [ [ [ -67.015314991267914, 38.941534040456602 ], [ -67.015314991267914, 38.986324741888943 ], [ -67.089966160321808, 38.986324741888943 ], [ -67.089966160321808, 38.941534040456602 ], [ -67.015314991267914, 38.941534040456602 ] ] ] } },
{ "type": "Feature", "properties": { "row": 109, "col": 17, "mostly_overlap": false, "overlap_ratio": 0.0 }, "geometry": { "type": "Polygon", "coordinates": [ [ [ -67.015314991267914, 38.986324741888943 ], [ -67.015314991267914, 39.031115443321283 ], [ -67.089966160321808, 39.031115443321283 ], [ -67.089966160321808, 38.986324741888943 ], [ -67.015314991267914, 38.986324741888943 ] ] ] } },
{ "type": "Feature", "properties": { "row": 109, "col": 18, "mostly_overlap": false, "overlap_ratio": 0.0 }, "geometry": { "type": "Polygon", "coordinates": [ [ [ -67.015314991267914, 39.031115443321283 ], [ -67.015314991267914, 39.075906144753617 ], [ -67.089966160321808, 39.075906144753617 ], [ -67.089966160321808, 39.031115443321283 ], [ -67.015314991267914, 39.031115443321283 ] ] ] } },
{ "type": "Feature", "properties": { "row": 109, "col": 19, "mostly_overlap": false, "overlap_ratio": 0.0 }, "geometry": { "type": "Polygon", "coordinates": [ [ [ -67.015314991267914, 39.075906144753617 ], [ -67.015314991267914, 39.120696846185957 ], [ -67.089966160321808, 39.120696846185957 ], [ -67.089966160321808, 39.075906144753617 ], [ -67.015314991267914, 39.075906144753617 ] ] ] } },
{ "type": "Feature", "properties": { "row": 109, "col": 20, "mostly_overlap": false, "overlap_ratio": 0.0 }, "geometry": { "type": "Polygon", "coordinates": [ [ [ -67.015314991267914, 39.120696846185957 ], [ -67.015314991267914, 39.165487547618298 ], [ -67.089966160321808, 39.165487547618298 ], [ -67.089966160321808, 39.120696846185957 ], [ -67.015314991267914, 39.120696846185957 ] ] ] } },
{ "type": "Feature", "properties": { "row": 110, "col": 1, "mostly_overlap": false, "overlap_ratio": 0.0 }, "geometry": { "type": "Polygon", "coordinates": [ [ [ -67.089966160321808, 38.269673518971523 ], [ -67.089966160321808, 38.314464220403863 ], [ -67.164617329375702, 38.314464220403863 ], [ -67.164617329375702, 38.269673518971523 ], [ -67.089966160321808, 38.269673518971523 ] ] ] } },
{ "type": "Feature", "properties": { "row": 110, "col": 2, "mostly_overlap": false, "overlap_ratio": 0.0 }, "geometry": { "type": "Polygon", "coordinates": [ [ [ -67.089966160321808, 38.314464220403863 ], [ -67.089966160321808, 38.359254921836197 ], [ -67.164617329375702, 38.359254921836197 ], [ -67.164617329375702, 38.314464220403863 ], [ -67.089966160321808, 38.314464220403863 ] ] ] } },
{ "type": "Feature", "properties": { "row": 110, "col": 3, "mostly_overlap": false, "overlap_ratio": 0.0 }, "geometry": { "type": "Polygon", "coordinates": [ [ [ -67.089966160321808, 38.359254921836197 ], [ -67.089966160321808, 38.404045623268537 ], [ -67.164617329375702, 38.404045623268537 ], [ -67.164617329375702, 38.359254921836197 ], [ -67.089966160321808, 38.359254921836197 ] ] ] } },
{ "type": "Feature", "properties": { "row": 110, "col": 4, "mostly_overlap": false, "overlap_ratio": 0.1911 }, "geometry": { "type": "Polygon", "coordinates": [ [ [ -67.089966160321808, 38.404045623268537 ], [ -67.089966160321808, 38.448836324700878 ], [ -67.164617329375702, 38.448836324700878 ], [ -67.164617329375702, 38.404045623268537 ], [ -67.089966160321808, 38.404045623268537 ] ] ] } },
{ "type": "Feature", "properties": { "row": 110, "col": 5, "mostly_overlap": false, "overlap_ratio": 0.2718 }, "geometry": { "type": "Polygon", "coordinates": [ [ [ -67.089966160321808, 38.448836324700878 ], [ -67.089966160321808, 38.493627026133218 ], [ -67.164617329375702, 38.493627026133218 ], [ -67.164617329375702, 38.448836324700878 ], [ -67.089966160321808, 38.448836324700878 ] ] ] } },
{ "type": "Feature", "properties": { "row": 110, "col": 6, "mostly_overlap": true, "overlap_ratio": 0.8487 }, "geometry": { "type": "Polygon", "coordinates": [ [ [ -67.089966160321808, 38.493627026133218 ], [ -67.089966160321808, 38.538417727565552 ], [ -67.164617329375702, 38.538417727565552 ], [ -67.164617329375702, 38.493627026133218 ], [ -67.089966160321808, 38.493627026133218 ] ] ] } },
{ "type": "Feature", "properties": { "row": 110, "col": 7, "mostly_overlap": false, "overlap_ratio": 0.4599 }, "geometry": { "type": "Polygon", "coordinates": [ [ [ -67.089966160321808, 38.538417727565552 ], [ -67.089966160321808, 38.583208428997892 ], [ -67.164617329375702, 38.583208428997892 ], [ -67.164617329375702, 38.538417727565552 ], [ -67.089966160321808, 38.538417727565552 ] ] ] } },
{ "type": "Feature", "properties": { "row": 110, "col": 8, "mostly_overlap": false, "overlap_ratio": 0.3565 }, "geometry": { "type": "Polygon", "coordinates": [ [ [ -67.089966160321808, 38.583208428997892 ], [ -67.089966160321808, 38.627999130430233 ], [ -67.164617329375702, 38.627999130430233 ], [ -67.164617329375702, 38.583208428997892 ], [ -67.089966160321808, 38.583208428997892 ] ] ] } },
{ "type": "Feature", "properties": { "row": 110, "col": 9, "mostly_overlap": false, "overlap_ratio": 0.0333 }, "geometry": { "type": "Polygon", "coordinates": [ [ [ -67.089966160321808, 38.627999130430233 ], [ -67.089966160321808, 38.672789831862573 ], [ -67.164617329375702, 38.672789831862573 ], [ -67.164617329375702, 38.627999130430233 ], [ -67.089966160321808, 38.627999130430233 ] ] ] } },
{ "type": "Feature", "properties": { "row": 110, "col": 10, "mostly_overlap": false, "overlap_ratio": 0.0 }, "geometry": { "type": "Polygon", "coordinates": [ [ [ -67.089966160321808, 38.672789831862573 ], [ -67.089966160321808, 38.717580533294907 ], [ -67.164617329375702, 38.717580533294907 ], [ -67.164617329375702, 38.672789831862573 ], [ -67.089966160321808, 38.672789831862573 ] ] ] } },
{ "type": "Feature", "properties": { "row": 110, "col": 11, "mostly_overlap": false, "overlap_ratio": 0.0 }, "geometry": { "type": "Polygon", "coordinates": [ [ [ -67.089966160321808, 38.717580533294907 ], [ -67.089966160321808, 38.762371234727247 ], [ -67.164617329375702, 38.762371234727247 ], [ -67.164617329375702, 38.717580533294907 ], [ -67.089966160321808, 38.717580533294907 ] ] ] } },
{ "type": "Feature", "properties": { "row": 110, "col": 12, "mostly_overlap": false, "overlap_ratio": 0.0 }, "geometry": { "type": "Polygon", "coordinates": [ [ [ -67.089966160321808, 38.762371234727247 ], [ -67.089966160321808, 38.807161936159588 ], [ -67.164617329375702, 38.807161936159588 ], [ -67.164617329375702, 38.762371234727247 ], [ -67.089966160321808, 38.762371234727247 ] ] ] } },
{ "type": "Feature", "properties": { "row": 110, "col": 13, "mostly_overlap": false, "overlap_ratio": 0.0 }, "geometry": { "type": "Polygon", "coordinates": [ [ [ -67.089966160321808, 38.807161936159588 ], [ -67.089966160321808, 38.851952637591928 ], [ -67.164617329375702, 38.851952637591928 ], [ -67.164617329375702, 38.807161936159588 ], [ -67.089966160321808, 38.807161936159588 ] ] ] } },
{ "type": "Feature", "properties": { "row": 110, "col": 14, "mostly_overlap": false, "overlap_ratio": 0.0 }, "geometry": { "type": "Polygon", "coordinates": [ [ [ -67.089966160321808, 38.851952637591928 ], [ -67.089966160321808, 38.896743339024269 ], [ -67.164617329375702, 38.896743339024269 ], [ -67.164617329375702, 38.851952637591928 ], [ -67.089966160321808, 38.851952637591928 ] ] ] } },
{ "type": "Feature", "properties": { "row": 110, "col": 15, "mostly_overlap": false, "overlap_ratio": 0.0 }, "geometry": { "type": "Polygon", "coordinates": [ [ [ -67.089966160321808, 38.896743339024269 ], [ -67.089966160321808, 38.941534040456602 ], [ -67.164617329375702, 38.941534040456602 ], [ -67.164617329375702, 38.896743339024269 ], [ -67.089966160321808, 38.896743339024269 ] ] ] } },
{ "type": "Feature", "properties": { "row": 110, "col": 16, "mostly_overlap": false, "overlap_ratio": 0.0 }, "geometry": { "type": "Polygon", "coordinates": [ [ [ -67.089966160321808, 38.941534040456602 ], [ -67.089966160321808, 38.986324741888943 ], [ -67.164617329375702, 38.986324741888943 ], [ -67.164617329375702, 38.941534040456602 ], [ -67.089966160321808, 38.941534040456602 ] ] ] } },
{ "type": "Feature", "properties": { "row": 110, "col": 17, "mostly_overlap": false, "overlap_ratio": 0.0 }, "geometry": { "type": "Polygon", "coordinates": [ [ [ -67.089966160321808, 38.986324741888943 ], [ -67.089966160321808, 39.031115443321283 ], [ -67.164617329375702, 39.031115443321283 ], [ -67.164617329375702, 38.986324741888943 ], [ -67.089966160321808, 38.986324741888943 ] ] ] } },
{ "type": "Feature", "properties": { "row": 110, "col": 18, "mostly_overlap": false, "overlap_ratio": 0.0 }, "geometry": { "type": "Polygon", "coordinates": [ [ [ -67.089966160321808, 39.031115443321283 ], [ -67.089966160321808, 39.075906144753617 ], [ -67.164617329375702, 39.075906144753617 ], [ -67.164617329375702, 39.031115443321283 ], [ -67.089966160321808, 39.031115443321283 ] ] ] } },
{ "type": "Feature", "properties": { "row": 110, "col": 19, "mostly_overlap": false, "overlap_ratio": 0.0 }, "geometry": { "type": "Polygon", "coordinates": [ [ [ -67.089966160321808, 39.075906144753617 ], [ -67.089966160321808, 39.120696846185957 ], [ -67.164617329375702, 39.120696846185957 ], [ -67.164617329375702, 39.075906144753617 ], [ -67.089966160321808, 39.075906144753617 ] ] ] } },
{ "type": "Feature", "properties": { "row": 110, "col": 20, "mostly_overlap": false, "overlap_ratio": 0.0 }, "geometry": { "type": "Polygon", "coordinates": [ [ [ -67.089966160321808, 39.120696846185957 ], [ -67.089966160321808, 39.165487547618298 ], [ -67.164617329375702, 39.165487547618298 ], [ -67.164617329375702, 39.120696846185957 ], [ -67.089966160321808, 39.120696846185957 ] ] ] } }
]
}
